image_name,image_id
750_6829.JPG,12iISsFGyyIDAgnZQq8tfhvVEtaLTVBOQ
750_6830.JPG,1kp3oxgOjFdWLkYvuR3Lj6ON308gM7DnP
750_6831.JPG,10gnBAJKT_M_e40-CYVGCGS2cnehEUbMh
750_6832.JPG,1EWKKyBPPaDy_M8-0r6LifC9HmCKwk-Cq
750_6833.JPG,1jpmhTqlX9Ns7EKMkcisUjW5aR5mUgCUK
750_6835.JPG,1ONyDCiI24Hl3RZySACqbcqh2RTxGAh8d
750_6834.JPG,1tBYO1uYDxUSKU51PK6qXGFPWLCXE23gy
750_6837.JPG,1Qch9yJMWXUuQdQ0Z6bD7DjNboAtJZNG-
750_6836.JPG,1mVGp5EpY-HsgJwh6yTEoTJ2R3WNInIDZ
750_6838.JPG,1XsRtD0HEm0rmuv-KURS5dLvZyHOX9549
750_6839.JPG,1ZljcnX_3-AeIj1P6iowN9Qk2-A5LXEPY
750_6840.JPG,1v9t329pwN3Da3CoPswuzaPuakbZVtuWq
750_6846.JPG,1LXmCW3alW2cG8cTqRisl3jsiAgEYRKPf
750_6847.JPG,19mHUvcHgqhaLGZ4Hh-oamNx_1s_LiIMR
750_6848.JPG,1F-1XV_tUbvBlPDu_pPQchdmDErSSL1BJ
750_6849.JPG,1JIoY3RgPvj2P2310Q9eYa57Z-0q0_bw-
750_6850.JPG,18qfxXFGH63O98pztDAleZEAiXnLt5YzQ
750_6895.JPG,1OsDK-kx-ECvUFEZA0MZhNdseoQqoKf5A
750_6896.JPG,1fth8o8PWaLainjzl-NGKzSV6w033YeCK
750_6897.JPG,1uFRq269hCo5XrEtDKb0Pg9GbjdjDt1ED
750_6898.JPG,11XZ1uwTBB_UCwh-fLfGg1clxZ9UDtC1R
750_6899.JPG,1vPwk_5WVA53b6g0HzHcb2znfpcfKDPJN
750_6900.JPG,13npCywjRZSR_YVrCn8yM0WhLx0Pvvj_U
750_6901.JPG,12hQj1u1kBt-R6pUk8qPR_niGRmJL1ZJB
750_6902.JPG,1v56hKQeOF14_VXdX1ulggba7gG79i0ET
750_6903.JPG,13pZ1g1Vg1EUFuFHbUx7OPr_ppyplrmrO
750_6931.JPG,14_j2VAjBg_3C-m2HLvfrXDll8_fu3sRs
750_6932.JPG,1IiyHGMfq6W8hei6FkjaJV0klyRlLpgS3
750_6938.JPG,1l2mJsAatK-aJ4JG9TtjRQASYliZydzKT
750_6939.JPG,1bd0aqqU2Eo3x57cLnMh4-pjeqRJzmr8M
750_6940.JPG,1hvMvJ9WSpdXnZhGMjR2CpWwgkF_t0zDC
750_6941.JPG,13HJnwixGtx7Phuq2pIch2kKuuGVrPazY
750_6942.JPG,1p7Kww0xJdPAK-MfHRCl5Au00JXdM4jf3
750_6943.JPG,15kCCsPdEbvuj-DTA42jXSa-IEpN6sBhT
750_6947.JPG,1vg-5TiOAczDt19p32YzokIQdOrd54KEX
750_6948.JPG,1TXkdBSpT2SqoSX5w-4Q9gjdZVHDW6Pt7
750_6949.JPG,1l4j1_yiQxa8p8giTUMRTWEyy1jPLTjgh
750_6950.JPG,15pcgoW8c8tnrjxsmHV_JOOq1gr15WZr2
750_6951.JPG,1pYIdrvaI9EfhKK17hiitf-QjO-NgTbRo
750_6952.JPG,155gK49Xm9eu5KrqIJscVX8Ycw_MynwAH
750_6953.JPG,1eg0egIBUeJSX09OMoS0oOJxbXhQNayy_
750_6954.JPG,1rHBVZh0CL9KTq6kI8KtXfPLJx9l9_F0T
750_6955.JPG,1B7EtYONXvXtpen60mros9_QFymlXFqDK
750_6956.JPG,1x74HpnrlA0Rnrd57T7m9BDG6pEC1LxO4
750_6957.JPG,19byi0nKDGpWQb4F6CJVMcgvP4FcHvP8C
750_6958.JPG,1t3OjVThpm0OIUC_7Yrl4Tq03ejYRPu0D
750_6967.JPG,1blWtUhHk2p6ND33r_rLQkxiwbkmb0mPU
750_6968.JPG,1xP4bW8VEwUiIYPUvePeH9XOqoQzelPQs
750_6969.JPG,1em5TIsE-cYANGyjPE6RD0KlXAkAz4pKh
750_6970.JPG,1Hyp5pwQCkODphIrIhsSq_mpPPAR7FXh9
750_6971.JPG,1otFRwHE8QQWTq9ejr8LBEWNF_jBqCkR_
AA3_4033.JPG,1kScJBPYnyrLMAxjj8GbkFjBwnqD31_a3
AA3_4034.JPG,1pxsE-Q-y9uiHo7jj07JWN0myXtf43uUD
AA3_4035.JPG,1RS-yTzbz5aj8kNAkydx0G9Ak2yX6MsfI
AA3_4037.JPG,127Bz1sr3H1Er0IZH279bbP9DBXD7ne2A
AA3_4036.JPG,1-KlcAKx-66DlpyDfPBv3ueWaxOqnIXII
AA3_4038.JPG,1HOI55TzQu2KPdPYToy-OMTYQjORa-gqZ
AA3_4040.JPG,17ggjRwgSQ7774JkooFHKMeDOHtJ3Pkij
AA3_4039.JPG,1H2NL8Q26SjNljKjz6Tc8Gs8oH_WK9vHf
AA3_4041.JPG,1_h9-4J9zmmDdnMC_8K5DEJU9mVFKd0bn
AA3_4042.JPG,1IG7x9bQ0URnXyrrh1u9fnVMsTh9Ik-PA
AA3_4043.JPG,1OR88cYdZhSbsIyZAX_fShtb52ciVZBT7
AA3_4044.JPG,1m2v4GZW4aa9Gg65w2GQA3t5Vx-LVM3Wi
AA3_4045.JPG,1ZuVloWdqs2d-3Q274xUX57hxjog6j2yg
AA3_4047.JPG,1TPfDDYmCAJ7OoN6i8UDVty7DfOC48Q75
AA3_4046.JPG,1eedr4UPY2j2Sum3_nh55uI_PtdbhWAMP
AA3_4049.JPG,1f0BGzag9cPSKK4w5825eIyCLT9GjBDtK
AA3_4048.JPG,1Pq1iWqXG5zuT82EreHtI0bUwP-q2S8We
AA3_4050.JPG,1F7W-n_3jGYyoiyRZuIYasqqRmfBlEjli
AA3_4051.JPG,1bDps3BFYQ8j-UhFr9xk7keBtQaJN1VrY
AA3_4052.JPG,13H7fKRGB0gtDtZ-yhm5Na_QiMyx1P9ma
AA3_4053.JPG,1Sd0zzFiWVUDY92wq6Fbzo54NvRbOGlsd
AA3_4054.JPG,1GqVKD4tVHSBnE87fCSbQDaSd7oRng4U1
AA3_4055.JPG,1KZcW_L57QlkFl1IZITQfOEmEFN6cxzDU
AA3_4056.JPG,1WBnPAYqJiLdVMWzxAEe86v1ky24XfJBf
AA3_4057.JPG,16acTLFm6q-aP4S8tpByIKQRSTxg-AuQ1
AA3_4058.JPG,1v5_xOatZpj1dCXM8wewYg9zY0oJv4Nz2
AA3_4059.JPG,128Wzp74_57TLHxKL0EGq2sJI2F5vZhfq
AA3_4060.JPG,1Qzl_ROwUActEpnmRjJnc7XwjzgItzJCt
AA3_4062.JPG,1ESDj2yDi1FcMyP1BQLBJ5PklUSO_J-bN
AA3_4061.JPG,137LB9I_B7JkqowGQWvQwO15jxMJY_UzM
AA3_4063.JPG,1sr5KdFht2kNBvkrZeeMGx-U7b4EcDSHH
AA3_4064.JPG,1kUfAaFbkXI9VBsrGQt9k8v-O1zPX93Kx
AA3_4065.JPG,1E_r9Yhc9S7xRwCVRpvPRUkQFGF80qcV6
AA3_4066.JPG,17BsG4atK6FRsU1DWPEHLsNTHRe4uUW5m
AA3_4067.JPG,1KtsTi2Jv21ebie1kZts0pEFrOx5xDNX6
AA3_4068.JPG,1jjC7ICfRQy2iVz4rnlB39inZ3oY_RKE-
AA3_4069.JPG,1ysJNlzYmAbTM_ma9Xq67_QehNqANRx8s
AA3_4070.JPG,1AB9exrftj4GpZSrpnimEYQi2CTGPMibb
AA3_4071.JPG,1Bww87IyYUTkl6LD7gN_fWrSq0WEj-u_q
AA3_4072.JPG,1MY0R87ybKufkYRPld72D5yEkF96wOoHR
AA3_4074.JPG,1AYErd-2Yoq1VvZEgkH5xJLx2DZTm2UvN
AA3_4073.JPG,14YpFnfUZ1t2H4wxr8c_9b4vEr4bkklfw
AA3_4075.JPG,156_pBuZZnBfSjqfEMFKGgh2BeNzQiY7P
AA3_4076.JPG,12R7CYjq8YCaBEHChUio1Fz0fmvvEN8sm
AA3_4077.JPG,1aOvvrtOcGMZMSZk916jVsYSOATl5czPW
AA3_4078.JPG,14AFZUvoBf0UAuchldMA0LZgbjv4N2oH4
AA3_4079.JPG,1WhflgGdkI9ahRo6B75TpipOGoFCcPeDr
AA3_4080.JPG,1a6INmn-hPA4mIbb3BKjiFUoP_6ahTqO2
AA3_4081.JPG,1Mgk9DY_LyeVmnnxmNXiVAGd7Ua_mIzzV
AA3_4082.JPG,1pskrf7t6WpLPVIWy59qmTzQAByvcVJBk
AA3_4083.JPG,13-UbwrcfMC6Y3ek8RTX9ZODW52own0tJ
AA3_4084.JPG,1eng54fq2CqH6kugfszQUnA0FBUhfh1Dc
AA3_4085.JPG,1EkCi49b1Xl0TPsgftZEstw_o6znD8KXl
AA3_4086.JPG,1N6JveNwuKRMADee5uvdkNA7Ii17w-FPR
AA3_4087.JPG,1igznNWOaR_KfltVBv8nUgmviwNbWbutA
AA3_4088.JPG,1LaNvP8TNJ8iQWdoYIf7McGXTwGtHVLoo
AA3_4089.JPG,1QPPPu8dyffJ9mOxvlI7q8tEhnTeJzp0v
AA3_4090.JPG,1GnOZvbTUoGrFo7gStdrcYQ4bGL_cJZ-B
AA3_4093.JPG,1nJFenTuc5ckkepclMyspU-rv-jG9KY5D
AA3_4094.JPG,1AtmAfY3yFgmSi59-brlHcjN_5s9sVCC7
AA3_4095.JPG,1VrMznC6xLknkrEiUoTt09ci-mbqjqM0L
AA3_4096.JPG,1ian32uJwtUcjkvvTcIefjIOh3rjoQ3sM
AA3_4097.JPG,10rd2INWD0MSIkejz-WMNGLPRmm3U4tyq
AA3_4098.JPG,1oPt2vKntTL9bs8vq7p5OjS23LzN412lr
AA3_4099.JPG,1958ZsMXO8ieudoqN_xoAEYD3TKLA7B8T
AA3_4100.JPG,1L2fEHmm-mRBRtlPm4-Vn_P4Luw_NSDSN
AA3_4104.JPG,1I0OFtXnnEH-_cDHZPny5MTy8g72bCJ97
AA3_4105.JPG,1nCNjPnG3nPuLmwNQWyk62Vbisj5RPt0G
AA3_4110.JPG,1wwUTpGbgkYqB2uqjQJjVr7WC1fg6bHEO
AA3_4111.JPG,1BcQ9_RmPOaE1RO1aXX1qjmS3_vzTq2qp
AA3_4112.JPG,1p7bzN_Gu20DO6ISG4H4MhBwmi7RwuQP9
AA3_4113.JPG,1tIX7_ACzjfjStQrZ88YobTcdKsQD27YS
AA3_4114.JPG,13ehC86W670O_FsBuswfpoEgBcqRgxYsq
AA3_4115.JPG,14gfKHlBRQGVZt3GZR4nMxhNjDAg4RpFp
AA3_4116.JPG,1btOBoMv-Qjbg1pHh5mstgq7pv4s4IwX5
AA3_4117.JPG,1OUgt0s12yi28rF8IXKQkNaJYA4GdVR3J
AA3_4118.JPG,1xioV1J-vcq1bFence6xgI9Zmr5r4sKbz
AA3_4119.JPG,1BuvlCLxDsPRGLvxtK_OliWe-HEwQnla6
AA3_4120.JPG,1t35e32jyFCFYVQ1lVxFFuPMWcK2Dh8_r
AA3_4121.JPG,1ysyEQPH6YKSF2o3m2ePC7QtLAuPf4yJw
AA3_4122.JPG,1Z_8tmRz9g3OSmp7xMamNxYdcRatdIqgh
AA3_4123.JPG,1TrF_08So5YRubPKI_Vpm1Q17i13Foyk5
AA3_4124.JPG,1UKuVXs0GmEy1frdmS1N_gTyCEzcXjbSJ
AA3_4125.JPG,1U6Wf3_y0q_lHbgBLw6CR8Ba2CTlscS-1
AA3_4127.JPG,1TMzsD-7nHxd9eBZx8_ztz6YEjNQBgrp-
AA3_4126.JPG,1J_IQASjzMlb9nRdS0elmoF39-piLNPM0
AA3_4129.JPG,1ujj8fFFTMLVMes2rSlemOAimHlQapvvt
AA3_4128.JPG,1zqaZI8eDKdJggDLpnzXxqck-CXvH2X8G
AA3_4130.JPG,1U1uFs7M96oRfptp7zpTrx2Rv1DDbKnW6
AA3_4132.JPG,12YA62ytc0J1KL7rwQQE-azcfrHrcT5Sw
AA3_4131.JPG,1Ab8ol9RxrLPIvbYb79YTI3FYbeDjmkEU
AA3_4133.JPG,1Jnv94HNUNjwc0EbdiEbxFOOQcu-4o_P_
AA3_4136.JPG,1ahcSbkkEhXjBEFk_EGwKXVYH3F-Wl5pa
AA3_4135.JPG,1MloIbo4QXbNwAzoycRuYi42xD1t8_Ry-
AA3_4134.JPG,1sXoWXkyjpwRuNBzdiidgqG6QXSq2k4bb
AA3_4137.JPG,11Ct_ahR4yEBS8p_BLtaoTr4nGFweNuvE
AA3_4138.JPG,1GjNISqKCK8kXUb94dA_hvSAzwhqDKyNR
AA3_4140.JPG,12iDvltojCSevPjBEKa3hF-a869dNzDQG
AA3_4139.JPG,1Mfmwq8qSXlwehyBgQBRS3jEt4Vlwyj6o
AA3_4141.JPG,1vnhIT63WkU1ltAbC2YXXpSaeLUwOGgsg
A7C05751.JPG,11g3nQeiuEWg20ffSGfqfBg1yzlA4baYu
A7C05752.JPG,1wA-mDpK4-0_OKBK0nuYWsq4iO3nHsp1j
A7C05753.JPG,1oBDJVNCsv1GPkthLHptUMJvOfuGu-uOt
A7C05754.JPG,1X8nAveCytPeeVeeHP4xfIkDAzkE5jC76
A7C05755.JPG,1j77Tp8zkL9cb3nrltIxcfYK51PwirFCA
A7C05756.JPG,1KY6u-n-XnzqC1q9nUeRZEo5EeVTM8WmC
A7C05758.JPG,1n8wn8Tf6TNQHkn7NoChmCTIn-XaRx4h7
A7C05757.JPG,1GwKNodvTb3bCxg9igERqBQQ4_obdenC1
A7C05759.JPG,1zeOzYCRl4_SmHcZBvhcyS1Uhm4Bj5HVG
A7C05760.JPG,1frESChckhWp4ASHoXm-NJ2hkBuK9v0_a
A7C05761.JPG,1dkakNDUeK0eWPSN97uG9IKD-iOisV-ES
A7C05762.JPG,1k19fh5b8Uoz2mXTKfzqr1dVKe7eVJJWf
A7C05763.JPG,1fHXF806ekc0YIEzLjnEG6hzKHX8m9ND7
A7C05764.JPG,147kk3Fb88rXz4Sv2t8IMsrBaszf-2EGD
A7C05765.JPG,131zq_b6OKxaCJUYUxcH1CCAyHcG03vHJ
A7C05766.JPG,1VTTK10wmmY1DVfG0bFWfQq65FQDiQGH0
A7C05767.JPG,1hucgcYIhBEG8h7xXc3kAgyTOmWXyBFlP
A7C05768.JPG,14r5wtD1GBFc4T4MdEwCqZWS8kwgDbSra
A7C05769.JPG,1__7zS_TtxKeR2uKgMId3YJ-Ofjeol1Cw
A7C05770.JPG,1-VVEJcJf9h74GR0lnHySFRx56x6PVS4I
A7C05771.JPG,1ceQb7sb3QuDMomhkN9G72D-m3vMivM5v
A7C05772.JPG,1c1WV7TDND33I3HgplRq9kFX347Bidvrq
A7C05774.JPG,1Fa3V55A9_EPJpW177tbmMvIUQIXlRNZj
A7C05773.JPG,1glFzrXpA6u7EAMSqRev4q3VbG2LAbOOV
A7C05775.JPG,1CmfuG78PZ_dXoI0iLbz3M0w-xX8UuYsm
A7C05776.JPG,1OpP0AEiqoVpP81smLfdxNjTTmslP0ZeB
A7C05777.JPG,1AD1hFbBkajIJhrarFhsIXXwKsYAbZdud
A7C05778.JPG,1cRNaPRZlUi1_RK44OjObWwmm73OhJ4hp
A7C05779.JPG,1j4tGuadGhIq-YQTNlTNJfWgpMcRYwKqJ
A7C05780.JPG,1spjDvKKXIr5DSFnshoMmw89FzgRqt1O0
A7C05781.JPG,1Ys3xfttblUfphH3QwFiHofnbObtX1HV-
A7C05782.JPG,1WyhvCmmnOi1ZjSH1DsfJQDlrjgXT2iuB
A7C05783.JPG,1747zgGLkezqJ8ZZale-ahQe3ASw-hKxs
A7C05784.JPG,19cNOcitY5300T7ugZu67xbUNzTDMPnbs
A7C05785.JPG,1Ep7hTcZlmhei3njDyo5Yq15DVWX_uff2
A7C05786.JPG,1HOHckoqqhVT6kj7fRSb7JBSspyJFGcC0
A7C05787.JPG,1dyP4ATrD-4cOOWazwhVL5b3xMjlUBtwS
A7C05788.JPG,1RC5EpbEizM0MXmmMhjM7XhPeheTcqV5W
A7C05789.JPG,1xWv7_j2qbcv-ekkU3kvfYEd7Lu7npng8
A7C05790.JPG,1LqtEhK98heH7vXGP5Ul75NXvHxVN1XA_
A7C05791.JPG,1OI1piot-gzb2nj3IwR6nQoOkfHH0VDyJ
A7C05792.JPG,1XMPrMGJnVWNGabdUm4CsQ85S9geiu2El
A7C05793.JPG,156pWlrz3FCQi49j0uCgz--oo5IwldhTY
A7C05794.JPG,10V71JOwSzMx3RvF0RrzOfhycQW2tXSGZ
A7C05795.JPG,1xd-jH5QYCNT4X4OW8eLm4cQRt_xOJEOC
A7C05796.JPG,1_1D2ODmOhpyHY5_wYbm6q-oX1c3X1mHO
A7C05797.JPG,157kHcJMQjxSjhjcbyThAIfOa02jst3R3
A7C05798.JPG,1iIQ75H2QxJSD3HlL759pM3dWiHOBVf16
A7C05799.JPG,1_YGdXrUVUSrVV_BaKo5s8HNWsDcL_SmG
A7C05800.JPG,1x_JEjCQw5DpaQJcCu8zfCBRyzd5_ejGc
A7C05801.JPG,1N5F0sYWhDDWyh8NGnUYv-25mSwatI_4U
A7C05803.JPG,1HLBJZr9wd0LoYSiov38U1BP-wBZdPTDH
A7C05802.JPG,1AAf0R5z0WELfYuitBbVT0_016i6PFZwi
A7C05804.JPG,1bgruTDRJOIxixHDi6J-F1z_U9mM2Tnok
A7C05805.JPG,1Prha2I87aKRvQLfvpOk7f5T2sLZj6daS
A7C05806.JPG,1Mjo1VXJAW40JpehI1233bU5fuLRL2rjJ
A7C05810.JPG,1JJHXcoAGu9mjzYxU2nnDh6D-5ySH4W8i
A7C05808.JPG,1stwhA_EFT6mNmeNgXUeRf7CtXhlh2ni6
A7C05809.JPG,1RQy9BL_1Ug8Q-6Edynzv6kAOeb6uz9Re
A7C05807.JPG,1-KjIUozxBnJhAgM96s34rvZEnZDyI9gv
A7C05811.JPG,1aQSNIyZ5527GFxgh3eVLGpGn1Tg1gozB
A7C05812.JPG,1NIAWZgqWf9nyGfOK1iBtoRrOyjzCTkIG
A7C05813.JPG,14jn8KPYrPKnGvcf1E9cml1NvFxvgZDjV
A7C05815.JPG,1Vi1JLKu1gb2NY_TML003FvY1RPfsn2iw
A7C05814.JPG,1XLQZclpMM-x44UttvlK4n-1CLHjpwApm
A7C05816.JPG,1y6nMePRmI3p6Qk05A9OekzTlfZueYmcY
A7C05817.JPG,1BL5GX83vqUsw9wIvXISvXPpz4d2cILG-
A7C05819.JPG,17xWwoX6thxB4lCNQKd7R80SEbj5skYkp
A7C05820.JPG,14-9jEzMbbWARlfpcen0vF6BsX2VfAT9K
A7C05818.JPG,1UNSPioZY3aE8tn2EYTB5SLjpyKd3a5B3
A7C05821.JPG,1UlJIoPHl1oq2QtBJn76dQkSfOmYuVQqc
A7C05822.JPG,1BPhlkIWVCj8-4r1gAHlJA8Dofi1wbs4z
A7C05823.JPG,1VGHucZ2MiWcxyGdTSyKo1vVYOW4zF2yZ
A7C05824.JPG,1rPUb6WhF3Lm6y36CHLPX1KgyERhvqM8P
A7C05825.JPG,1kXZFNQ_uU0bnMvHFEjCatiGsSLnFhA0u
A7C05826.JPG,10pTWJWjpJI8gterHx8j8ztwp_G1CHw9-
A7C05827.JPG,14zlVmFu0tZbEAmC3v_qPidFIx9zV9eI3
A7C05828.JPG,1KhRmYzkdUUwl6TWTQpimfD-uknh8a665
A7C05829.JPG,1irmhoyS_eu7kT_EScJRVEx25YRmOfsZw
A7C05830.JPG,1xs1j5vGcXZox96OlP0JEzi6GIWiK_RtW
A7C05832.JPG,1MWYhFeUKty6mCOY2TobYYSYu8oJzUey_
A7C05833.JPG,1G4hgR3s6yeGHNp2oVpOjsE3kaY20P0vn
A7C05831.JPG,1u0QUkQyvceYWtZAN-FrefQnYJQuwfJGy
A7C05835.JPG,1t3eTVzVE5uKDDBbsGy2SVnqF2mCr9KYZ
A7C05834.JPG,1iUXjPtiS4ubQlIvR3FxskEgiLdhSg0kW
A7C05836.JPG,1sXiCd3z1jYGnlb0rugHHhRjuVVUadwY9
A7C05837.JPG,1d2WpiVrIUb6vNub3TmtDFw7Dj0uxiPT9
A7C05839.JPG,1YX1xM2C75W308eA1_nFf7MFboO_y4zek
A7C05838.JPG,1lRWFcaNDNCR_ibbtmvYH2LfHwqQ-JVtT
A7C05842.JPG,1hVBa8fdOTjVFdBuk13hGwQjJMxUsNPcW
A7C05841.JPG,1bpazob20AE3dPzPOPWrLxi0GOuPD5Sfz
A7C05840.JPG,1czI2cDP7AHi0vKESITdOQ2c92HgERRUB
A7C05847.JPG,1LIP9o6rNQQNJ3hnI4TI7ovK70GHUDiJq
A7C05846.JPG,1BGuuXGoq2loVc-6tvJtJ5_EtTrrOj6yJ
A7C05843.JPG,19xxyoBIJ_W7_lMIw5ZUCU6tIWTn85hsU
A7C05844.JPG,1nSWjQd724DjT3EB6n5XHSFYuUw6UGQxj
A7C05845.JPG,1tVQQ1pEu4rwMeVjg36Uk53MRw2NNZBN9
A7C05849.JPG,12WX9QHf18tH45a6JB9XC1ZQn2wYJ_MZ_
A7C05850.JPG,1VXpTawtTrHd3xmKenEPy5E2GFwaNBAUY
A7C05848.JPG,1WSPyqKpRViSOUKFrWyMlDn_lVhhITKh6
A7C05851.JPG,1hEkcMjKhCNgfD6CXch_uTUYv_-ltOTut
A7C05853.JPG,1klg46XVxdYHnhg3bUZ3QNG9ApsW7ytn1
A7C05852.JPG,1BBFd8ii8kb7QD4YDs5YWL6b0H_Zd7SH3
A7C05854.JPG,1avI9maGmymrYzInpXnwQqApFgXl5f5Rb
A7C05855.JPG,1plAPE2lLzcGdDw-2xbzt093lUV2kLY54
A7C05857.JPG,1jVe8AWg9b2AiQtK-EmNQn6QoDIs1nlHK
A7C05856.JPG,1HGuqJ7ooifii8Prk6QOe9PmqxZzX-GVt
A7C05858.JPG,1sxZQCnU0oCZzbzmmnwMlGsQsGzs-EyOP
A7C05859.JPG,1LvOgq54XXdRQW5mApEulsPhaGGCPdodP
A7C05860.JPG,1K4Pqffipl5274GS7k7HbCaQU-Gqeucrx
A7C05861.JPG,1BUPpGKQVYqb1mAY7u28frbu0hEKomV7Y
A7C05863.JPG,1WkGDpl4C9QvdMUATWR7fSDIw4ytGwzlH
A7C05862.JPG,1pPjsVrz2rrbM_IpFsOEdQatzPvYTkgjW
A7C05864.JPG,1gOe4u1mpSwqlf7zAStQqYw10ky6po2li
A7C05865.JPG,183ZebEqGD6KGuuZrWBhz_c9ogLmsBjqt
A7C05866.JPG,1ur58Za_lsgLZuelQCEqv8TqctHiSL5jv
A7C05867.JPG,1lhDYnAZ-gRDQvGI1b0vwFzWqRBUs1Wx9
A7C05868.JPG,1_cCPcC-GyLRRHdF6KSf-7cJ5pMGOicdY
A7C05869.JPG,1rYYnzfBG9uBK646qzLay-J7jIGdaSE36
A7C05870.JPG,1NNksSIP_ON_2oI7SE86Loh3_aaiVkUpS
A7C05871.JPG,1JJm5pZuOh6S2pE9yypU3TOgMh0cHVgHN
A7C05872.JPG,1UewETYYsW44B8P8uQzdJqBmnoow53MYQ
A7C05873.JPG,1thl_g9oTncMKyb_Y8NExdaJy7478EETa
A7C05875.JPG,1D3AX9gwdGLdZpI1ruEh2mb3CwHPwtXEF
A7C05874.JPG,1LOmNe6ZITDT1qTYYtLOR18PdlrKnDkWv
A7C05877.JPG,19jWHTgfD-QMTVNZg1rHa8eoOcdMtdvTt
A7C05876.JPG,19Yu5eYHb4AUA-yA_r0ueHQ7i1CDrWcqI
A7C05878.JPG,1U2RFRN1jWfnBkFKGi_DWHWWdGLWniiqV
A7C05880.JPG,1RrSiN3sNKdLXzGIlNxZazAmXCdEBtZ0B
A7C05881.JPG,1-Wj61I8PVMzJE0zkm-IvX-98YP-yJrrQ
A7C05879.JPG,175h_n7-3yJnp5va5VMpe2Gwm-AJlV6bp
A7C05882.JPG,1oKrHl2sueWH6PStmtOf1fQ2al4sXGIUj
A7C05883.JPG,1BPvqKoHBYFOWubwBakSVYTv5-BjR1oHo
A7C05884.JPG,10g6VW_3_cHj-YqELFXDlC5y_5xq4ONv2
A7C05885.JPG,1GtGSajnQZw3WUrp41I6BALSu9rSnqi7O
A7C05886.JPG,1KnOacMAtCVhUA-vjYZ0QoeL1655MXbqq
A7C05888.JPG,1zoRaPU_2gxMlC_08rq6J4PgR-ZIIieqw
A7C05889.JPG,1-teEHkA5CzMS6206GawQdQr-DEdizvXH
A7C05887.JPG,1R8M19hJ6mlO4bDKAFRSCSCA5ssjH5wa6
A7C05890.JPG,1ZaQK1swQnafjG0oEkefZSyPy8uxsApr1
A7C05891.JPG,1dup5W1rvGUuToxWSlmJK2x0J_rDG6SLy
A7C05892.JPG,1AD2y4knNFEJHbWnwuCkaEmCGanNmWUCU
A7C05894.JPG,1FSg_8hJZLWVIrufF0uo2zmWB8d5vk51y
A7C05893.JPG,1CqXA2CgoAAOoiwSrKvxC-oF11VbLisED
A7C05895.JPG,1qb35kEdH5z89GLPRwuLc8jhUqsmUE1ys
A7C05896.JPG,1VlK2-nOj4O9AFl_mOG32zSXQlXUYc44I
A7C05897.JPG,13VT-M3MvnrRY6dKbMgVrQpKBsQz5Oeum
A7C05899.JPG,1YSVWg1eGWh0AWDOCEp8I144M3YZ1_Ajq
A7C05898.JPG,11RVymjBMxIDU2QqtThApUpWKPGdRNF3F
A7C05900.JPG,1ZkuxBL2T9cTvIA5Qwtm8lxgBfCI2n0LA
A7C05902.JPG,18c0lcUDfYKeH3NsokZXux7JriAf30fLT
A7C05901.JPG,14Dp5SOz2sV276GCA3jFDxgA2gKk5zlIm
A7C05903.JPG,1cIBdh220G6hM7nBaa-XPRfroDs3X1Rdj
A7C05904.JPG,1rOMSdtzGMLIcUgtPGaJNg1TxM2P7WHhh
A7C05905.JPG,1qp5cNqipFLIGrBPUvAGRMa1tMFER1dK8
A7C05906.JPG,1UloFTtkfsBKPC0q_hp9G2ytcaB3Kxqnm
A7C05907.JPG,1y9rFz_Fj2COYWoCEtxyOUvNoQj1St_zC
A7C05908.JPG,1oiolpxKWs7oxWvQHhaxWYSdvl1PR313Y
A7C05909.JPG,1AqYcf8ld1a40SVI6vjjn1HSBLbKDUt7g
A7C05910.JPG,12agHtnHVK6yW_2JZt8Q0Oozr1lGWcg2e
A7C05911.JPG,1gKFl2-XyRNIy29PnEZdeL_-68yKEuZBN
A7C05912.JPG,1ECVDjXZXHYTY7t5fOC0k2JK6la6h8T52
A7C05913.JPG,14ZJD9ZUM8yyTnNILkt7CLqNRj9F5FKuT
A7C05914.JPG,1s8fqSTfpCBfHH3ZwnH9hc0k242dYY61Z
A7C05915.JPG,1rWIiSQc1U3nBOTABPIEYSUTzBIJYE1Ob
A7C05916.JPG,1Zo2bAxOLJVGYbooOXGUuqcaWIZlYuda0
A7C05917.JPG,1Sw2Ql2r5LDd8YntUPQnX97hU0YdxsJEq
A7C05918.JPG,1a7KO4KbSHSesodq6AfF_Ki66hVAqtbYJ
A7C05919.JPG,1wuLLGIfwHFKlr58mQAF_XQ7YO7lvuKJR
A7C05920.JPG,1xiaXEUoEo7JMwN0EfZwp6GLM4cVZFkxy
A7C05922.JPG,1tSUr_cjEjn19TbW7Y_VGo8ulP7ha_tMO
A7C05921.JPG,10uPCoxtgrM9z5KNUyiTTQiwYBq1P3UFI
A7C05924.JPG,1cIz1G60m-OD2WRy5IBVkeKYT5ugowKcW
A7C05923.JPG,1un4l_71-ZsPePuzbliZeZYUkkV89PDf_
A7C05925.JPG,1U0xaNxSBJCK_FIYp-QQSyEtYGAGNO0L7
A7C05926.JPG,18RAuK9Z114gJI--te2fe7Fe_s-tDNYNe
A7C05927.JPG,14lvP-hCcLJXsDdlupzCrJLRscNYSU26o
A7C05928.JPG,1daEQWO2w4u1L06MEUJL8yx1p-QwIr-Cu
A7C05929.JPG,18afiGQ_3jlaapCcWnTViC2BuQd-lum3Q
A7C05930.JPG,1ZurVnIna_GyvDp0NtLeTDkge_Dtg2UJb
A7C05931.JPG,1Y-d1eiuLjgLB6fzPOw7pgHdCR346AIgV
A7C05932.JPG,1QCHqJQ4_XLQifP1QP72nJp7isACH1MWx
A7C05933.JPG,1xnVWL2h0DKASJQldS9QnWlNmvfMNRT2B
A7C05934.JPG,1nJxMnTODYJSh9xmdbhujLLoqZv4RXF3P
A7C05935.JPG,1lKsM0KZb6SKUUQsxxLMP4NT1ZisgkY1x
A7C05936.JPG,1XLE667M-Ms3wigwFAcCKXjslH77Y8Ena
A7C05937.JPG,1FCFuvJpqdtqulPetphTRGSrAUqBiHVp5
A7C05939.JPG,19DPPwopLcR2_15ILyY6yUjwulmY0AgEO
A7C05938.JPG,1s9vQkE3aDKpKa73e5eT2tfzq6eNNmlBM
A7C05940.JPG,1nBPBS82RXH-Vpj1EjhUjnilS-eO52B97
A7C05942.JPG,1GCKWo452Pf7fEyHrgawYLmOAiuzqmQtK
A7C05941.JPG,1uLLMC0h4gHZPZKJ75hOGM4OnWiADAN5R
A7C05943.JPG,1dk-eplMmW7brssPs4XipcV8m0A3rEBYd
A7C05944.JPG,1lCN3At5NsotVIzYPul8HQZ98cPuH_1gK
A7C05945.JPG,1-jT5lIOHl7FpCTTWzDhpvQTrm7AJfKCP
A7C05946.JPG,1ZT4RGRPsmmWnWy8rZiA07479bL768UyY
A7C05947.JPG,10zPbSEp6QIgTQNHBf-h5XsxPkNWd6zrn
A7C05948.JPG,14a5X8nYDpIB4iGazvn0Vbu27j2imIl7n
A7C05949.JPG,1Aa-fVaKsXasfCBi1IFiXMwbRPnkYfmTz
A7C05951.JPG,1HV7SFi7rSrEcu1GdCKVVDYvCqpT1DXW7
A7C05950.JPG,1WmR8YyXELdVtmYPiyoRuXtqm_UW8i3q3
A7C05953.JPG,1AEaGmqQeZdQYNXz7g-k0Anw-gkSYax5Z
A7C05952.JPG,1af4Fw_B6mTVPvc5pvVQKw2uJrTLJ7x5i
A7C05955.JPG,1n6TZYeeWapU9IcdjTHD4B6SkgjitN4ca
A7C05954.JPG,1nd4rBAnhTyXNc4HPf8OtUZuhXikyIwBN
A7C05956.JPG,1iPFikOYeRGs-j0Sw3O6GbMFZJyXO1ife
A7C05958.JPG,1pKbQv9vkTVXVhJZ5ynQsh3aL3bk4aCf0
A7C05957.JPG,1y6k3uq5w32N2ia6vIvo3-Ri_iVB41QZe
A7C05959.JPG,1zNwm3KCBNjv1C5uhmRURoYpXTkflhvzB
A7C05960.JPG,1oG3U_hbFLvE2HQnYYebfNhxkKVPhvrW8
A7C05962.JPG,1e0jNPyUxOxC0fBcANmEC17MA-aWdM061
A7C05961.JPG,15C6R9evysa0CwXr45ocQH-WGjvF52Dsg
A7C05963.JPG,14jyuB0kQd6-UPr663FtpHabDpWEHJWaH
A7C05964.JPG,1JE-6T3L4wAtQW4wW3bDu-zqswt4V-ecB
A7C05965.JPG,1d5ETYSDQ-4Vw-Ifguvf_tYngWKmIDk0r
A7C05967.JPG,1auGY7EXEgUcJeV7X7nGORGnLtrhnT82w
A7C05966.JPG,1gtaZ7-5km03J4c-bI1URvv4yyLbZM-FL
A7C05969.JPG,1Q5kE664pR4c8XoBy8u8onDhe5WWTZSkO
A7C05968.JPG,1qi_BRVkIEn23Ds434PQfDgZYIUnmGqN0
A7C05970.JPG,1bkkw01MfdaDWYhEnfUQvAvTdtJQOhOzY
A7C05971.JPG,16ubaQht9uxwp7UeDJ9iqEb0wQeixFhfU
A7C05973.JPG,1618mLxnbSnLesGma00amBKmRd0LqjLGm
A7C05972.JPG,1RZqejZ7ng2TIGM7ftsLYQJMV6GBUr72w
A7C05975.JPG,1KMePVok3d_HMpEojeqsYRL7I9BM8LFzB
A7C05974.JPG,1a62e5PDFTeoLRNECZwrN9rWokAqT4M7E
A7C05976.JPG,1pFtLlGSFFNLwlNB33F3kfQ1u_P3uRH_4
A7C05977.JPG,15I0iAZuIeoO738R8SQJ-B3jqfe2Qm0E0
A7C05978.JPG,10Rr5_tikFVc5IbNFcv4hBg7GTHXCyO2C
A7C05979.JPG,1fiR_gVEj8Rg8_QLa3NsUNP3FpkDeHUkV
A7C05980.JPG,1rYYQKNY1v9igbIJ1mAKrgRFaKEZCq53i
A7C05981.JPG,11hyGrhv9dxXlvLS_IdS7LhxiBCsf4FVK
A7C05982.JPG,1CTY0vFovrvU_fjRETHvw89KUovdpBjEN
A7C05983.JPG,1HXlL5RUsFHaEpfcJWJwxdzfl7-h0IPpX
A7C05984.JPG,1ZHs-roOBg1rUAGnfpev4aJLO_HiPsOl6
A7C05988.JPG,1Sv7PSgnEFkCACTKcqw-yxuZQsnclGgi9
A7C05985.JPG,1GjUj04TjkHAcpn6_ZTBoXGS2BDi6tmNu
A7C05986.JPG,1gFcC9EziIiD8ygdSUKbxazMTkprN7siK
A7C05987.JPG,16cHm4gq4qDqw6kvp1__Uatwywy2uNMS3
A7C05989.JPG,1Hpr7hw_06ZnioM_xJXS2oaTBgVypLgPY
A7C05990.JPG,1myjAWNDNRymStb4H9fZGLJc5XWRX_fZI
A7C05991.JPG,1hB6oufpRpMmDEyfYRuOjLICKQaOkRfQW
A7C05992.JPG,1ZdgeDH49LMWO5T0Y9fFYDyg1R2_gD16_
A7C05993.JPG,17Z7Ifw1r0HtulWpKlIz4u1W_WvBlGYAA
A7C05994.JPG,1QQyT54zjFkscwjk0w0TLp1nsQlfqrsgt
A7C05995.JPG,13intOB2nA8Ba9giek_wfr1HRmi5QI_iF
A7C05996.JPG,1zO-aiIVpzhRCTXg1sn_n_ZSf0HwrwX7V
A7C05997.JPG,1NYslIrc-Hnb9bfZ5sYiUwaTgS9AK2cnc
A7C05998.JPG,1qQRj9offUScglbCTy1Q-FcE8FzYdGSsd
A7C05999.JPG,15RPZmFuPN-NDOE3f8GzJztsXoJsJHoLO
A7C06000.JPG,17C1fk5Or_8slbHa--aJR5pmHpgbOsIC7
A7C06001.JPG,149GSicbYNosuQF4BdDg4e5NLTMIHGu4C
A7C06002.JPG,1JQ6Y3V3b_qGWHxWTSUF5Qbq0E_9iLVpR
A7C06003.JPG,1MM_MG7itUP6501cJYZ4PDXOuTs4d2l01
A7C06004.JPG,1sKd7T1whFTvChceQaGJaTn6rim3pC65M
A7C06005.JPG,19S4NT4mI1Y0jd5omF_s7D0JyuC_mtyLl
A7C06006.JPG,1MEUH5Q7TP3W3bkPLBQuhei3AwyRKqsSq
A7C06007.JPG,1GUV7nD9I1EOabvURZ6mA-TIaiNO7JHx-
A7C06008.JPG,1v1zWyDzXY7BTn3ObUHm9yzFzyfrgVipB
A7C06009.JPG,1QuuEjho2TsnorDK_X3gIA6KILT-6CJz2
A7C06010.JPG,1dko-Ftjc57gFhOV_XHBgVVZ4MGs1ZB9l
A7C06012.JPG,1vBBj6LHNHru701fgDGtPmwk1w_TYXwht
A7C06011.JPG,12Tf-AbGPH6VySvWUrog7qyGao8aNlV3f
A7C06013.JPG,1ySP05R33LgTX4GbiNkfNRajBVGdyF7Jr
A7C06014.JPG,1QElozrZvCN9Ea4ApRYi4FjRDMKSaF38j
A7C06015.JPG,1Q86hcuDsIkEYEkObfTg7DzGKRAsVc3-l
A7C06016.JPG,1DERNDZpXdCm19NCibywzIyS5XAbQ357Y
A7C06017.JPG,1_jVZD6gKo5asAwXgm0rY5jp4LA55Zm25
A7C06018.JPG,1aXd--HTW65wUHGFy_2lw7QN_-ZgxoMHd
A7C06019.JPG,19gN6wTXsNLGckUihPwS8aQlKaoAayPAs
A7C06020.JPG,1MxZr98Vtl0JIJltNpDz94NY-gfxv17c1
A7C06023.JPG,1hTupDaEzOkFGI8Cv3w1IgOswO-bZLY8w
A7C06021.JPG,1y2--TbC0vFKqCzEPQX2v0D_sG4cb7Lh7
A7C06022.JPG,1zYQTvscSRuFuKqGccTljf9pyJEYlJYbu
A7C06025.JPG,1F059RqNpXZsJAYZiX7T55cownZpiH64a
A7C06024.JPG,1uU0TmFNvCl0nnrJhGNRMwFDauF4QuPYz
A7C06026.JPG,170FamkjlD0yAlX0gWUsK6n0on6TkALar
A7C06027.JPG,17hl1ewrTXN2O65phWvm3s1Ks4VbGwZQQ
A7C06028.JPG,1GPRMydWXf-yylIAQp9EmL9y6aV3zsXMi
A7C06029.JPG,1rMaQ-BnsqgIMTgfQiuRRijmv44KYgxNV
A7C06031.JPG,1JgujJir3UjFUhyf3-N00aSUGPVYlxPYS
A7C06030.JPG,1HBvGOPAoY_IBCEtEmKtNg75ewe4fSgNg
A7C06032.JPG,1SC6cGWmqa7B1OdHfAhXVkQpX5PpNjgJY
A7C06033.JPG,1gASXOdPcv-gQclx5JM9qJCKbH9Wi9lIg
A7C06034.JPG,1SnRHr0-ryKz-2rSzVUS0Hp-duV0sAvMs
A7C06036.JPG,1V3YtrYyAJ9KxHPghhP261PfqcBqf6ojZ
A7C06035.JPG,1NuHFUEQpA3F_F_9g1-4NE5M43Pw4OPsg
A7C06038.JPG,1_cjiaz54_trOfYUmbJ-97--ibpNOKgrm
A7C06037.JPG,1ViBeyBwvWj_-3QUq-qguedR6fZo8IYiN
A7C06040.JPG,1kAcOeCNktSV2jTaoBNTf-0t-i9XM6XIn
A7C06039.JPG,1czl3Hyca3OqgNqiVV-edR78jyoOmZL8e
A7C06041.JPG,1siHOnKdTssoYT4TdBYUXklc1hUSiujBP
A7C06043.JPG,1cIFumnb5sdXY2BeqBQPHaKtZflKUpViE
A7C06042.JPG,1Dyn1qP240e55vhjMyusb7bjBAgTzMQgS
A7C06044.JPG,1Oii3nz-AGAPrCFRcUJeE5cBSVcH4KcK0
A7C06045.JPG,1NbqKSZeFIufQfk5tneA4xG7a9hrENOPb
A7C06046.JPG,1xrnzq3Qtb6e0-lMDonZ37B1-uq6eusBt
A7C06047.JPG,1UQ0ednSR7ldgigXBGzMAZ8eTHGLfgw8d
A7C06048.JPG,1E9NP2G7UZRbEEEl6hqOYcro4JQWd9gwm
A7C06049.JPG,1YAJgnd_betg68WQ8pNr4TopJicirg8BR
A7C06051.JPG,1K2P1x2SXrUGUPp-vEX0QniJYzEG5vxbK
A7C06050.JPG,1J7rd2rB0GDDLhS1gF7i6QMHCwQgqFVjK
A7C06052.JPG,1FvB_b0WZMqnM107GbC7FIq2Aj_H5ulYT
A7C06053.JPG,127vnoCgrEUkBumYVi-9R46ti_oKiOJil
A7C06054.JPG,134p0zKRRcJv3LkAgtiTfXZtGO3KQ8i45
A7C06055.JPG,1YiRGGNwzFR9pC-wYDL4jJn90OarJdOKk
A7C06056.JPG,1cCO40J-fvXgy3nEnYAoIfPv4-3Yuww7C
A7C06058.JPG,1WXKDbHPdbhKkWvb-FHsNF1_8jKay7bvR
A7C06057.JPG,1fG2U-cDpATbik9vKPC2E4iwDx_fVYwzL
A7C06059.JPG,107PgPwVYykvYfWi0gxkX0SKAxy3DtVq3
A7C06060.JPG,1Oig53OBTcgiN2FzN9mJvUsa2A_GTH0YW
A7C06064.JPG,17obhTJ787fJNFYWf_cxx8vZche86RI8W
A7C06061.JPG,1KwKvVp4UZKQxnQdZ8Riomq58_cl9hHue
A7C06062.JPG,1iD6C0MNmayRx2S19m2yyBimd0mWX4ajo
A7C06063.JPG,1YnVLpWNeqgl6orB7fHvGHZ1GWNsFl16d
A7C06065.JPG,1XsrgmmUqykJhaoeAm4GY2N74cSucOHeL
A7C06066.JPG,16ALh1ypW_OXXSKY4nZrsIheyhyLYNNum
A7C06068.JPG,1vH-GdKyd7DIaXbiCv-U0Wnj3VcGG8nIK
A7C06067.JPG,1pVwWDvMcBWE_p7xWNnPMtRRDIt0ATqQn
A7C06070.JPG,1yoEMPWRP-jAkqbvyepZrIc6eDVmTti4X
A7C06069.JPG,11XX8q4XsPu68-adPhGuf8IbmyxFf9tqf
A7C06071.JPG,1HmyUj77o5fwtJjSroevH4IDQW6LOksR3
A7C06072.JPG,1-QLYiDoqklBq0vL3sA6tzcHlLbr-QFxO
A7C06074.JPG,1DcC09MgLDb6k4vW_aVxCGxWDDn__QwSC
A7C06073.JPG,1QhFWMq8_EFODC5sIe94zQ6PsGcCrpJFy
A7C06076.JPG,13d7Y4-ozoaPVdUutSs61lD_cOkWZmKv7
A7C06075.JPG,14ZP-t0H4-NUVYG6f7PDDY__y0HPDE-mM
A7C06077.JPG,15gqcS57ojHLwqTrg_YdAq4MxmEIO5QXj
A7C06078.JPG,1y0McG8xN2yWBjngpKi3yjomiXEXfm5wG
A7C06079.JPG,1ftCduy7afSxTcd475A4IXaJs1Qev6sNs
A7C06080.JPG,1UixoM-NWlrmKCKmBm8-WO6iY-ymF1hII
A7C06081.JPG,10c5aT1Ko-XUFVXfzQuMBf55DM0El23LN
A7C06083.JPG,1pIVVMWfe9cqM6DgfdHnXaB8uRNA2DYaT
A7C06082.JPG,1AruGMHn6IMwTAVIR5Crw7RRcy-najMKZ
A7C06084.JPG,18MY4uHW0I_8prtTEAvQK9zRVjbf_0xLF
A7C06086.JPG,1Zloy5YplJXQ3JUlpGluCAbVqRMIlDqdc
A7C06085.JPG,1K2asQPILGbeOLjlK1zk9Jp6NcO8ibKz6
A7C06087.JPG,1eGwrNcj2SGTGvC0wzMf2IrZb40wG3_Xk
A7C06088.JPG,11UPE63lOGFwdDu9eiE0GG0PTwigFrj7b
A7C06089.JPG,1kNGehLYQEvxXWaYTZk0TSDXyqWAeSrwj
A7C06090.JPG,1qIJx-giRRaZKyDYhfHUG7RaxeUFMpSoi
A7C06093.JPG,1WbF9JtCk7J9KLQAWxUoOp5JC5-tQ5V_7
A7C06092.JPG,1CZYRpWjpsAMqgA3JPryq2c2kHnR19PJH
A7C06091.JPG,19c7jAO6HZCDyZpIJgAK4FVGZNaswNljt
A7C06094.JPG,1Y4RVc9WxhZ5CtlIka998oSYJMHWcRxTw
A7C06095.JPG,1cohbLnpa6nm7E8kwj2oYYMhUX2xqlFI8
A7C06096.JPG,1hHn-pou1Foiq6Nej8In9kCU-v1YGpi2x
A7C06097.JPG,15nNDU1ykxJQ83xi4cmZ5sldDgZsP-al2
A7C06098.JPG,17x3adKZ3AYrwiIm_san4T7KaY63FWfxb
A7C06099.JPG,1AvjvElYkfKYWwMaZRRFHFFsMoJGyNeqm
A7C06100.JPG,1Q3M8gCF9D-FaCqLmEBQEHxjlMnOdH-B5
A7C06101.JPG,1vSgyKsq3ZTToEeLLi-LXGPr8YpmKAu8P
A7C06102.JPG,1X4BFJRczhIAyZYYLOPuGMv8SQbO5UOc1
A7C06104.JPG,1A8Bxdutnu6GjB-Rx_Z8kihF8IvnMcSaV
A7C06103.JPG,194jPZc4xTKa-5HTx75VHJWpPbx8ltFUD
A7C06105.JPG,1oBk7ejfY6M10fPvsziONOWZTp7PWgnLe
A7C06106.JPG,1Nxju_YtX3g-HXcEcoZ009Zn_RrgPPXB6
A7C06107.JPG,1mN9G5qak2EeLB8xpTxGTSiLUtvVOtr_X
A7C06109.JPG,1HLyfAfEqaf4Oqe_nYADJ5wWHoQnWiIco
A7C06108.JPG,1lhUwZMWvJLnLC4fcynAB0RfcpucRrxxI
A7C06110.JPG,1vCgzwVFagQRkM1S7skJ4E5QRnHN0d8m8
A7C06111.JPG,1ZygtDaQuQj5fvwIFKJb7WBp2uFSulOiy
A7C06112.JPG,1-il_Xqtz69mXerXwzetT2Ck8LkjR6gHK
A7C06114.JPG,1lisEwZ9URVXU-4RCCLUVGT-b2abeOkAU
A7C06113.JPG,1h5QhfN3lM5JLmqDihjHXavaGkTRY2tkO
A7C06116.JPG,1Gfvqp5WGymlawMnJT9GmNS8nGTXJ6nsG
A7C06115.JPG,1H8X-B8KSrvFnR4Qwi5PpkBhVyyEs5syI
A7C06117.JPG,1RbWQh9SeONZnr90gqLHrBur27Jh6KQFq
A7C06118.JPG,1UDe1g5LcXJx7cpQy4iAoIwNzCX9s2wpY
A7C06119.JPG,1J1l5PSztRjSz62xk1pa6S9B6C70CU3gr
A7C06120.JPG,1XhMc5ccqF6Rd8aHNNJdhxjrw_V-W0Gk1
A7C06121.JPG,1dpJUkIDOSe-LHBDDrQan7FXgNg8Fxjlo
A7C06123.JPG,1kYnvRMPEyhsI_5rcB3cRU7NFX01CSMS8
A7C06122.JPG,1vEo6mSPC6Xc0LZrR5BOgZdu8cjd7KJh2
A7C06124.JPG,1hyLOsA2nJPfK_KNWmiNl0AtgL9wD-XnY
A7C06125.JPG,1fIuIe1lKKoqXNpXWX7CGfiCzg5ebYBIb
A7C06126.JPG,1-QLRjaLTFyBMdniWGn5wkqqQZuEHFfP2
A7C06128.JPG,1opiIOJGJ8HQbOCDxXkyYMi4lv3ru5d71
A7C06127.JPG,1jRu4SvntL53Wj_uts6t5QAyT4395Fuyn
A7C06129.JPG,1urgJuld4wT6UsqUqQFNVvXOX6WEePi2u
A7C06130.JPG,1lQFp9YJJ3xwnOzNXzq4-C0U_b6BdJ-aE
A7C06131.JPG,16Wqszgr3PiwbP7n4YXH0deJGQBD2fmVV
A7C06132.JPG,128UHvKFe7e-PA2eMpVSSWzuVubWqbo_u
A7C06133.JPG,1NP896Z6oLPm-qEnl0aZujk6Axek9AvmX
A7C06137.JPG,1OrkdGb_p0d-fDSPOOnZVqpzCELh6BXSY
A7C06138.JPG,1eE4ynWQy9l-1kp95JF93v7tDUwGqJEOp
A7C06139.JPG,1fn6eZ1sFxil5hTZcVfGMQqvN16rJiXXJ
A7C06140.JPG,1M-hTLEu6I4hyX-1ERQYuuP14p0fbILU9
A7C06141.JPG,1-BTPpE1h9Gf5Qa_13z1ecYd-SyaBbi9Q
A7C06142.JPG,19yIvH3cDUK-RXSCn-MjqZ2VAg6QnfivH
A7C06144.JPG,1tGqDGfyrWHCZvv0FFc8VFnnFFwCEOO8U
A7C06143.JPG,1D1BRF2FBZYLzOW8Q1ILz5aqEnD99MgXm
A7C06145.JPG,1sz9Ewmhoo2KwoRtSf1M_njhyhFRHSwFi
A7C06150.JPG,1x_kbYCecqBreK-tT-1W8FkvsOfNeu86z
A7C06151.JPG,1pBU6ubpQGnMTByWLlzsBmCNhN9cd3yja
A7C06149.JPG,15-ejdyUYK1JjM6nqxOmLg1TgLn8uNcZ4
A7C06159.JPG,1zPDk3cCjw_82vjwwhoYEL7G22yLYCxMw
A7C06158.JPG,1zWQ5z0JA-hgdVlYqhpkzC0tFfc5tFLRo
750_6972.JPG,1Q6FyuMMH2zt-1KjplehVJBdf7jiWhafI
750_6973.JPG,11v5waVRbHCInFdLl6RLG2y8FuZhpzccY
750_6974.JPG,1uly-vDUmNFysNOjCDFvu_HXtRD8DGFFR
750_6999.JPG,1oLHezMDUBR5wwr779eTNVH1QlWAtw40u
750_7000.JPG,1hWBlFdxrleNFqqW_x0FXVtoVYIHUC3ls
750_7001.JPG,13MyXrX-V3I29uRQ8VI9xqmjMPsy4A3WN
750_7003.JPG,1e-tnKeafAQEGWg6896zmO83o2aRa8B1L
750_7002.JPG,1imn2rlPXWOiFbgd4-AYvpvU5yw-tbwlK
750_7005.JPG,1sFbPfubQwacDQHVD5U0KBylhgm4zBLzW
750_7004.JPG,1lQU2CMLu5UNa2JlJVEAFndwaXAkTlQHO
750_7006.JPG,1934FZv3jUCW4zKjTe6hznRZo_qmHVDUt
750_7007.JPG,1-XQoqgV6RguTnbdQH8d4hb8S4FJZtkXc
750_7008.JPG,1ee9kYAsdMuEFrpiTi5Y0LZDRMCH5gl4y
750_7009.JPG,17-PgwfTb3RPlHjs5QJF7S9CLpvJYf5RT
750_7010.JPG,1rB5vWfd5ZbCSFO8IOuCKtY6ecFZhfNaW
750_7011.JPG,1Hgw_5PEusSB2odFjVfPEV4D1sRiGUaR9
750_7012.JPG,123yetFA44GvhNtSustuLrpoM2llvxcmw
750_7013.JPG,1kUMiqxr-IsOy6jUSMiK-EaTXdQVcmQ8V
750_7014.JPG,1ZScT3pIiMX1dVqKyq0A2hCunPT4I3504
750_7016.JPG,1f8QQZkyB8jmDdx0P2W_UTbGmXdBncMMZ
750_7015.JPG,1HDcCCBih73UUufB0zeJ59xx7C0bsOMN9
750_7017.JPG,1aAZO4IGZE6_L2wvHiaffkuoS1pvG8Hl4
750_7018.JPG,1MSsCqUeP029STbiWCxYynJBvE73odFbN
750_7019.JPG,1KNM2R19wPa_UP0b3M5Pcxn7-9bnHK2_6
750_7020.JPG,1U_wqQ5BiUiU1XDRqZx1Fxau7q1TWPNfF
750_7021.JPG,1eB-8_nSMLN3EvmcyE0xQj5iDs1CETb0n
750_7022.JPG,1BjCjQksAjp4849yHOqOK4aZpzG9Pq4eO
750_7023.JPG,1jyjd-A0vU3GgDUDaeSndYVRwbKg4pk-8
750_7024.JPG,1HQrm6U60ItS8x8DzA_wf7j9LS5Ykqk0E
750_7028.JPG,14nYRP7MZPN0PFfbn7arFR9MG1Nd-m9pP
750_7029.JPG,1tg9Nphx0ExeJ_n8MYr1tn4nyEHv0dM8p
750_7030.JPG,18M4D8won9xztmGXZxKVTo7albe_GHL2T
750_7031.JPG,1g79qgDGF5zoKQLENkc2Ma05e1Gl45dkC
750_7032.JPG,1fBTi7EcUmP64q9Cp2GdATsz2ZSNzgeIn
750_7033.JPG,1sziYuWOtPEVOi8_90m1c256LmtliA848
750_7034.JPG,16sPlE47U8Xk-hUhY3kUTcm7ntk5Xefrz
750_7035.JPG,1zdWauxURT9KijlqrpwCnE78dWl4jxyJ6
750_7036.JPG,1TBdnnLX8BN2op1uH6ip9RQKg3A_ruhyP
750_7037.JPG,1o_cOh2Di0Ey2SlAAQbcWmauasl8AbLrL
750_7068.JPG,1XCqqTwwQhrMrOh_yq-3-jCzPpgCu3XuQ
750_7069.JPG,1IYxrG2EkA6nmmV-U3ed_emWBVMjTCkrA
750_7070.JPG,19AjzgNJz65lgicIjhwooMcjAnRccDMhO
750_7071.JPG,1hapvNMkQVDgf4hNuXpDe5pwIn3sXhMxU
750_7072.JPG,1d6-kroOVRpuzH1Wh1NKYXSK4rQ7tg9xI
750_7073.JPG,1j9x5NxxF8zECZHCwXFte7bGioNQkpmD2
750_7074.JPG,13zyVLsbVEpUXKppZcISO6APfW1Obljeu
750_7075.JPG,12eiLdz65D5KUzJw-xYIALehrK5ou7Jzh
750_7076.JPG,1ctw0L6HtDgwGhjwYlFxgY2UZOWEFpbYe
750_7077.JPG,1FpCEGwQoGtWgjnoway_jDl5_m8_8bboJ
750_7078.JPG,1DmI6ep_zVmlLBfGV08DRcX7yzMFLl-5G
750_7079.JPG,1BPYuNFzpDpvUUrO59Def-zFPZwVCeXCE
750_7080.JPG,1db0rSgLRwbNZ9Pm1j12sMWTtK17tpE8h
750_7081.JPG,1od7OAo0tRfp29lsnqZuzj4XwC4YEuJlg
750_7082.JPG,10Lb5mHpQLJL--Pvosyi8p0x2MEe2FZSh
750_7083.JPG,1Nf2vfmGHrry9iw38fnG1pSVSGYvxWZGj
750_7084.JPG,1ddRJcvrl6GlSc7vm2-I8n3agBmPlhTvq
750_7086.JPG,1t_GlpM7mcgXW24WU9Ym1zxiJe8N2v3hY
750_7087.JPG,1mZjK0uXIjEJZVfYTcqpBgn7O49tn_Ega
750_7088.JPG,1wD4BfGBNF34Q4hRcS4h8rbDY1K0wSftu
750_7089.JPG,1YB22ztex4q8emFcz_AU_ebguu3baR0Ly
750_7090.JPG,1d-cn5p4GAaQkNQnuqPAMm83c9BKsCX96
750_7091.JPG,1SOhjtbglGQf-qXbTLYiEj9-5mKhcHhZo
750_7092.JPG,1SqFRSKmwMw_ZdAR_VH2qR8svN3COtm5I
750_7093.JPG,1ouP9aAlsS2BTg8V1YmASl8yT8HqUwS0-
750_7094.JPG,1-nQnf3AtJEfmGUAXVEnsSwAp4VRo1Xwt
750_7095.JPG,1rjL06WtdX3LzA3Akt47wp15Mk8mi-cyJ
750_7096.JPG,1ySXvwnlB_fcvU--Tq4hV3bPdgIlyITdC
750_7097.JPG,1LMHz6jWO6dO6rat1DXol3eYjik-wW8ZO
750_7098.JPG,1VV4GZOD484fTcs-ETz99r27vw_vVEcvt
750_7099.JPG,1VW0MmLIeBzqD85YnRGkozVHh4CpnV-QY
750_7100.JPG,1F2UZ0_OEm1zIUQcTrJRNLKxFmzYGDwuh
750_7101.JPG,1BMiUreAtEOnRMzH-LpL2Dw_UTYFWAlHW
750_7102.JPG,1aHfXcj0uBRJEoxWlQzP2Curt0eIQbtFd
750_7103.JPG,1UDEHjOA1VSHQMU0_Ir6YvOFm3OcOzJ4y
750_7104.JPG,1g8ttkwb3uN2cruQwK-YcnRsq2XiuPjxy
750_7105.JPG,1BtKMllGgHYKQQhp5bytgeIVhWYwDVQzt
750_7106.JPG,1Ys_nQFEF9nHg37__Np9CC3y2u35I0EqI
750_7107.JPG,1aoMjr2Z0xPZMFR1qJgJCuMz5Hxs9c2EZ
750_7108.JPG,1Wm0ZuGNVBCi4Iagv1aZuskhQU4bOS0NG
750_7109.JPG,13KOrhh2RMpacCe-4R6Ldlctt114944ci
750_7110.JPG,1JQQvacOtEvO3F6eC43XoVrJW2bqBws5q
750_7111.JPG,1SN6q7zIkNO5RFg-q82yYzdRh8Xa06WVP
750_7112.JPG,1vs20F3vQyuZ0vSG92NI5BjcT-1yh58vY
750_7113.JPG,1a-LLkm9TiI4NDACp0iDyVFI2mBgczUGo
750_7114.JPG,1Ef2SF4rWFJs2fNge-nAT_mY5AhflR_BD
750_7115.JPG,1GN7fU9tvmafIGkABRu9KqNpjN_wJ1QSV
750_7116.JPG,1hzTi2TyQo1_9QR8ek2jEuUtWQdpuB1nx
750_7117.JPG,1w0c5x6OH4PKChm_-OpNnb3jCm0eIrFnW
750_7118.JPG,13MCtruhhAbbai7LJ9HfbY1giK7D1Hikh
750_7119.JPG,17hhAEp9EKI9idLOrNtR29GOiEHe7_h63
750_7120.JPG,1hNu-8ibGgya51AnaUZzeXS6OpcGd-ON-
750_7121.JPG,1roB9UUAA-7PTkx1HSiQFcPiKYMKWcDMs
750_7122.JPG,1z5hVW5fvHrSykBa_nqgeAqiJgE5LNNV2
750_7123.JPG,1KW8QJzR78fXFSHvfXkIJtHAB5YFB_whu
750_7124.JPG,1Gzdo_ew2qlrEaZNtmRAlbstl91GlTHUE
750_7125.JPG,198kNjEN2XtnxMWRnF4dWwTVV8YN0dM33
750_7126.JPG,1jN5rBrkuQWMifVsIS0UuHwUWVlkhHScg
750_7127.JPG,1xaUYerIRpKoQa_ViWkAT983iAVKjhVtV
750_7128.JPG,1CcJ_cu2UM7GjhOqoOVtrs2fhBEHTa5Q5
750_7129.JPG,1pYtgAMGX9GP9c6UjA0Burrv13WXWQpBe
750_7130.JPG,1I4799hNviVyA4Owx6A2yfZ6ZsQBpGJeY
750_7131.JPG,1rsHjQNIkyDUHS5GaWTi_7ux3FCfm-Rij
750_7132.JPG,1s11AEN0SQlXWM1V0JsFimPUHteElWRul
750_7134.JPG,1xpKId-uTKZB4K58dfNtuLplKZOFPxJdQ
750_7135.JPG,1IXryq_5ibkVLCBlczVhLlHj1Mn7as4Ck
750_7136.JPG,1zN3lBWJF-NJNVyVD18fgmJt8d0nWBFJt
750_7137.JPG,1RdJtu3sXPVRd2d676kC7apX4aBuRuBom
750_7138.JPG,14TP-xyRuB1SjVK4_5aJb9MTs1OlDDhEZ
750_7139.JPG,14HowqfLf2fJAYyF82UADNnkuU4tIapsK
750_7145.JPG,1mqKcRmcr1oodV5X_rwF0_WxRpSGt_Kkm
750_7146.JPG,1_Z8d2oKKSJObW-K-hf3PuNv2yrfgfYtM
750_7147.JPG,1kA6b4DhaDiQkhpG47CYNDrgRRvvajZ1W
750_7156.JPG,16uiYwHgZixZytAVj_sjC5aKTxYHVfAm5
750_7157.JPG,1bjq8KnrzPAEq1Ntp38Pe7UkC5kyNg3Uz
750_7158.JPG,1aty7A1l7ssnddQR3FNyEkX5lmt1ztfAC
750_7159.JPG,1aRJp_8K71sxj79rosCA0MIeHmziS1vfQ
750_7160.JPG,1qzgMDjoRLt5aw1-HxZms95jL1eoiQkgd
750_7161.JPG,1L3d2pl61XqhEEic3kL8Pi4-rPGB46Bo3
750_7162.JPG,1KErdnlaaMmSjy0xvk8MoCajvPRemVq-J
750_7163.JPG,1uYcsJewTrfZwUknpOZSSZdzMKh_sEy7w
750_7164.JPG,1onRTsw-pD32hM75mlj9hiEuZp3CVeQu-
750_7165.JPG,10EFxU5eeQ0WXQ0QeHBXvM0rTBSFrs6GS
750_7166.JPG,1Usfh7nM49RQu-WCajJXNd9EUuc7FjlX5
750_7167.JPG,1A9x6HXZynkCA3nsksk70zHaUBkR8crIf
750_7168.JPG,1Ay-TbR0drsse0HE3G8ubyXGu59mrq7sj
750_7169.JPG,1Kvd46sGXwHTZFucc3Lhm3ToojwMShiqj
750_7170.JPG,1on7iXBG7g2jQrw7FUtbVt50AuXU2GXon
A7C05144.JPG,1Gw5Klgf4-K0VWzaWskS0BRRscL-QWurQ
A7C05146.JPG,1_RRIZh7q29ClscacpueVzKnc1I6jGB04
A7C05145.JPG,1kKFMr6S5CCcRpZUB61jw1qE3WmhiThyJ
A7C05147.JPG,1VCUj-vztZqQRV8lRz_C8yaYYvv8bwYcp
A7C05152.JPG,1-jXjCK8Yv7GIIm2ASlS7bekFsV627lt7
A7C05151.JPG,1pUX-XRMVdLIYtvJI75FrCKZTrdLkUXts
A7C05153.JPG,122JNqM3eaYLZSf7tRj9jMIcfXcPZGyne
A7C05154.JPG,1eQiRVZ8CIp3wXtZjN_ZbgXoBFyd9KlpW
A7C05155.JPG,1azB-1_rh7bhuPpD7_JlHNXsnAIqtsavS
A7C05156.JPG,1nAfTvFofe4CNqD1hn0zRh_D7xckcT49Y
A7C05157.JPG,1BLPlCFxqiSNw7N93Wgcw3BTOtMAClRKc
A7C05158.JPG,1NXuLxEiKjw2yHEF99jOsiPYbu_Wdz2lH
A7C05159.JPG,1KJZPP1GrqkFTGcF3gxhiJm6ORkZPTAci
A7C05160.JPG,1m2OmB-pcfBblh9N9P-LC5DNLNseaqQsq
A7C05161.JPG,1ed_jTl0IAQ-qXzwx8pElQ7QGvdMXMOpL
A7C05162.JPG,1lozQUTn0uw94OPFiJDf4zcpbzvfmHIs5
A7C05163.JPG,1MAaQNdQ-dh4x0IjA5I7emmEkByBk7OT8
A7C05164.JPG,1sfPE71lh8n8Fd6ErpSl-ZOAiojHFeVIl
A7C05165.JPG,1yOSyhYa3Um7iVvHnDcycdU8Sd0r6457P
A7C05166.JPG,16nhNBLKoxAAxlktMNi1JkF9xGEeNCF3b
A7C05167.JPG,1sEHKjOWBkkV6cUSrHhA8-GvUpxGlyVtO
A7C05168.JPG,1UTl3ewvVaNv6TN444tQaq50PTmp5uMEc
A7C05170.JPG,1V7_YmIrPo017I2XdKzGtkMFkZo_dH1gG
A7C05169.JPG,1kQESk-teWZZHWM02XKej4yFKIFugZd6W
A7C05171.JPG,1tWAPwqTxtRFUVRUcygmEdfC4rVBc_Gxj
A7C05173.JPG,11RSUe7ScMjsU6F7by4VuvG-8gnnG1MIl
A7C05172.JPG,1QDqOOaRlqv4zPCuadeOQ47DFrcGZvKl2
A7C05174.JPG,1c742TPLSgciJNwlHCjdM_lYjv9DdOnYe
A7C05179.JPG,1exVa--XtbOwMVpSBxt6_ZSpbdnCzKeMz
A7C05180.JPG,1aHAh6LHxMBcCaZ-VMKKWP2mUWEZ4vvjP
A7C05181.JPG,1RA9noo26mYE-PC7fC7RnopJTNyxT-065
A7C05183.JPG,1pvsWs7T9TY-dFkCZDYm5HvLSQPlbPTF1
A7C05184.JPG,1GaAL3U5FFi1yeTSf4rr1TVlEF9PODRDy
A7C05185.JPG,1oXT4xJSunm9wgaabMO8Qyap4-XwBXVLk
A7C05186.JPG,1P8DXpqzZjpbnuweoYwOicECfSGqewEeF
A7C05187.JPG,12db2jDCxkL46MSMa1Mu1s0OWBX2dNnc4
A7C05188.JPG,1qmpWB590F3nF59DtlqlEUAKmWc6nViYG
A7C05189.JPG,1A-rfx8VdxQGZwE8lAn9h-uRIfEc80sva
A7C05191.JPG,1ji05lCe192Db6MUtk4v30MVN_5vH823G
A7C05190.JPG,1lNfIPdR9nMRnXttrpZPa3slbvz-Jv-lC
A7C05193.JPG,1TVOoJNhaE-OYvY0KPCRERrvI9Ij4iRdr
A7C05192.JPG,1-0kIWgpcvfBhI96AXItN0XFUqMokCONu
A7C05194.JPG,1aT5MFUenLn6VnXmxjA3L850fcKlD4xdE
A7C05195.JPG,1mIjPEsgdkOTOb32ClFd0qFkdboHELmGv
A7C05196.JPG,10sa5ktOhp_aTLnsZDROjz0TUXND5Ngvy
A7C05197.JPG,1DjQSDv_p8d6h8MpEDnecQRef7tUQO6p0
A7C05199.JPG,1dw6fBPGahTtYNwT6vnuXHl7pfKjjry3l
A7C05198.JPG,1iawUfVCO2jkmLqIm41v-z1sxyGJkVmkD
A7C05200.JPG,1eOfaI_yuI_4INImNxsZz39s92Fv8kPcY
A7C05201.JPG,1U1O4wCeWgj_RStHYmbWrbgmxLoJrxXCd
A7C05216.JPG,1CFIDlRIFxMin1mox8NR7Qy6psIYiQSja
A7C05215.JPG,1PJWcWl8EHHT5Rt48My2t_ryiM9Tabjmh
A7C05219.JPG,1N7MoKS-FVaaIlpZb96yO2Zs1UeNDtYc-
A7C05217.JPG,1tNMZK4xKIX5AgGf5_ken1iNFlBSvuzen
A7C05218.JPG,1BvNJLRMi9gitZ7NRGWce7cXA6GJeLk7H
A7C05299.JPG,1Fh36iOKHDPdCzwhDJ-YZwM28LfMXVDrP
A7C05321.JPG,1maG1UgnISJw-vcVnd6FNqyNsNiVZOgyU
A7C05324.JPG,1YXDXnEydqtPJSvlmf3sS42Lc_-UVQ8TN
A7C05325.JPG,1WJAyO9nUgVaOAJ7d4cVrkWy6XxmilET6
A7C05326.JPG,1ZbNllWJzOFvUdewIUit4NxpbTvubSicE
A7C05328.JPG,1r1LTZ4D-CimSQ1QXYOvkr0TPVjUnat7c
A7C05327.JPG,1AN_4l1rcVRrzUZBg4BwANnC2W8lEQlvX
A7C05330.JPG,1ypzO1h6HTKEwVs-jNu-gvxlRVPlOm5LZ
A7C05329.JPG,19CEdR8gJlzE8BSM8G7Z44RF298u15I-J
A7C05332.JPG,1GybHNAIrQ1L19J9zTOoASSyi2OTQpphR
A7C05331.JPG,1Ib692IXcarZP-CE1NW5sjITW2jBIM7Zk
A7C05333.JPG,1DDmhatbZ_gKxFnhWu12oW6a1RIqd-yZP
A7C05336.JPG,1XPZkvIEMNzZGnOp6-4AIDbjW9JNiSAXz
A7C05334.JPG,1z55s159G6PY6V8WEiNk-Tzc4fRd3jL21
A7C05335.JPG,13cSQxTHo8yyE1ZDpbQ3gcv6ltbXrYr_d
A7C05337.JPG,1dL1syJQkk_TeczOWPfVOOXyaGzsBuKy1
A7C05338.JPG,1tx92lOkmlEiDTwD1II-dsjruPKAD2w56
A7C05339.JPG,1phTzRpXbWyi7TV54NvOj2ZPZIA1aisJw
A7C05340.JPG,1Wk-UlHaMlXEwqoVjbAGUqFHFGeAR_Y50
A7C05342.JPG,1fOKJDZba6lD-HqIWCIeUWaygRgW4Hvl_
A7C05341.JPG,10eOI8Ey2xu_KbxtWSxzjAU9bat_sRQ9r
A7C05344.JPG,1mP_vLNQeveYjx7PeYETDjRImtVmUgP8Z
A7C05343.JPG,1MJR7Vj8A6X9AgEH8qIEHa4B7OWWK4hsw
A7C05360.JPG,1kww9ZV0RYCd5kQVfFako8xxSqPVKwyYG
A7C05361.JPG,1-ZBwZal-8dWYE5VszjUaawmzhxMGzTkf
A7C05362.JPG,1F7K3rR9WMbM9htID_WOvVeRMOIzmLaM5
A7C05363.JPG,1Qh-b21sRgFQSmSrH-81T84pS3BZ-QK7z
A7C05364.JPG,1JT0q952Nx_Wymhq5HP7jJAQFVh2-Wi_y
A7C05365.JPG,10txnrELlMdGIZkPJ6JPqeVg7ZA8re4jy
A7C05366.JPG,1m18CVm6XB1__5U6cimUVfg0G5KzhS4j3
A7C05367.JPG,1i3jBiw2PzO_QYjadoYaKOqZkAWLak31C
A7C05368.JPG,1jKCUmCZQVsShCQzCkUieLSeF-roAWGIf
A7C05369.JPG,1DEE5Tjt2DRI0Kzp0Nd65_G63fvG3TEsv
A7C05370.JPG,1kM4YAqzAIsYM1uaJ8mvR5fJgMCXhko5h
A7C05375.JPG,14X9t7JBdE1gdSOjRENCfhyhxW-1IwvPS
A7C05377.JPG,1xSm9gnCBxk-5SLiVBxIS8QZi_0ZsoJVp
A7C05378.JPG,1g-S67GmnNIIE-gA16b242OFClRi5XxxT
A7C05379.JPG,16cGKV4B_9ZyVCcGMV9s3_noeZ0RgcDSp
A7C05380.JPG,1IRMOrN5fOVXyPaimJUtAB8GFoTI6a26R
A7C05382.JPG,10QErQ1gML7OcggYGKE88BO130_kphi3X
A7C05383.JPG,11cu30hPTZk8Em0-Biiqdt4F4800COXsX
A7C05385.JPG,1qwZvT1eveosjT0OWgguyWpuI90Q_pnwr
A7C05388.JPG,1bKS8vIMGQ7bOaKtCzJAqFrJU_EUG43KN
A7C05389.JPG,1m6MUZqxLCnvp5YVFNViosjOAaIVaPb75
A7C05390.JPG,1fhVPdkC8XW4j8gVKK7g84PSGdjOP-YAc
A7C05391.JPG,1UJXy17ocAsCIjx6-20iEEphqNcsaVxzp
A7C05392.JPG,1nncbPZBb9CBbXGf0HnGUAXnip-ph6pSi
A7C05393.JPG,1hW5k2kTUR-MRgs7mNwZF0DC13R_jsZFp
A7C05394.JPG,1keiuvI325puJeaWz9gjZRldZevQ_gU6e
A7C05395.JPG,1ZTMoMQ34Et_5BOVzRtjrJT8EhSyMsOLE
A7C05396.JPG,13pfayU3vLL5akGvv7R8csBoedrS3GAP4
A7C05397.JPG,17pIWPr9MQUNM_gF6yEUPo-wFI-NYIcC5
A7C05398.JPG,1SLWDUdoXDGfHXWnasQylczteI2b8KGeL
A7C05399.JPG,1pdi99gyZOP3EY8pLpV2pNOXgI81ZsXFW
A7C05400.JPG,1MkYPokcwaZxTj1BNxyeIy02O3XuFLNDx
A7C05401.JPG,1pg1bZXNA-ZB2rv3GAmk2dgL03smDG8M1
A7C05402.JPG,19vVZwv5KcFUbR4nAQ2e95TVqS1M68oHD
A7C05404.JPG,1wxW2vGANMmKdi8nA59QC5q6hcQDKDmiT
A7C05405.JPG,1vw5bzEMJVA7Fi3PTic6bgHf8RTyy7Qei
A7C05406.JPG,1AyC-R0z_Z87OdDOjL2UD3Kc3FTSzGuau
A7C05407.JPG,1cnocQ3d7XTpG8upPUP0bf34eTIIC5YD2
A7C05409.JPG,1_P0rD9kjGFMg95nDt--pQHPgOQk-uqul
A7C05410.JPG,11FFlYY3o9H1djMF7WxJmnIxut38DzVPQ
A7C05411.JPG,1VgbN-6y21qIeYX-9AGen22fEXQNBo3Kb
A7C05412.JPG,13RRA9NAVPRu2bH2HIxURllxba5ZbWsyr
A7C05415.JPG,1onaoE_V1f0xw00UJWAZPKFvKgIabt48A
A7C05416.JPG,1VunJEYFr2gIaXCNx7oJgj_2995jSgf5o
A7C05417.JPG,1XBNdk8IYcFvkNrnMXWGMXGHJVNZ107Nv
A7C05418.JPG,1ISXbTIolJADPl5zk2PL8YKwKo8YHIrnB
A7C05419.JPG,1BSyLCENJuICxDJtNrH0pr-lbYvjbAw5G
A7C05420.JPG,1FgYryPSbqnF0iUcMB3c_-E88ZiLIsrOs
A7C05421.JPG,13GozgR8G6unvbemOz5HM0Dp2m-FMJWdA
A7C05427.JPG,1HSrcObx0YYRXGZJ9eSD3XlqD8PjUKxbE
A7C05428.JPG,1oCMhU-dYlHNAzpY_ECY6FpMPx-VokVfF
A7C05429.JPG,1KdD9sAgk0QU0wUdGcO2dmb2UWy3agDDa
A7C05430.JPG,1DapPeOr1wuxR-krcDir13R1esbknNxNB
A7C05431.JPG,1unrSODRfHNBnCryfhag_uH1P0hWKA1Zd
A7C05434.JPG,1JYJiWPfeAMopiGAOzmef5F2peYDQ5coZ
A7C05435.JPG,14jkv4irTl2FC7rdI7ugRManHc8dO_Krv
A7C05436.JPG,1-CHbJ_rARtPPWW0q7QAuLElQIYEHpBcU
A7C05437.JPG,15OP85SYa_RBPqR_EDbJkETRtxCzvhlmN
A7C05438.JPG,1hgIemd7asRbj7NDz3T13HTjIrusRnYVZ
A7C05439.JPG,15IaVQ_O6PVotsSwNwo7brH9IdNnwCjrw
A7C05440.JPG,18Jr5ZafdmG2ooEsbyMywUrISbq8e1ymR
A7C05441.JPG,1Rzkp4q-GOfvt_PjrMdH5cESOFq23oWtU
A7C05442.JPG,1tk8a6RJqkme7DXRNyBUqyXIAmUqVX_59
A7C05443.JPG,1RXGbeUHjnQLrIuCJN0EFPKXoq4sQzoZ8
A7C05445.JPG,1B3o5srKQfs9d_LgBJcjwSnp8E22jOpt1
A7C05444.JPG,1jV03FyzJ5PLOKZxMpBTYh9dzN2cdjKwI
A7C05446.JPG,14tGr_SP2u3O_TBVOToTmh-MXaF-RaFBs
A7C05447.JPG,1dDRjeLBPs07DYo1b1qtU3WmtAYFXmyKH
A7C05448.JPG,19s2l0pYt7Pg4fZvOKejQ1jL62u6s0Oyj
A7C05449.JPG,1iu1d78f4qRHeX6sDGnE0l26FU3dAklQy
A7C05451.JPG,1RX3Wr56xW-NdvIbRJxoGWXCiuRf4pk9a
A7C05450.JPG,1ds9sZZABFj-PTIDO7Vvyrpd34D7UIkR6
A7C05452.JPG,15gUhePgzSJmt9GvhH_FADiDy0QslKVd2
A7C05453.JPG,1YgneabClJPmxjqGQvjFLur7MsCcJEpmD
A7C05454.JPG,1ZWkYfa5Nml98lXgk3OeLuyWu9pAp4szl
A7C05456.JPG,1LiZ7buTeUOffr5OwI53L9sh4upejp2ch
A7C05455.JPG,1mTAjp7DGQbYqN6FUOtMncbMJQTS0zaFl
A7C05457.JPG,10J_GmOp6tkvntwtCLTM3OHYGFO6kl1OC
A7C05458.JPG,1fiIDBkjZ94XE6s9Uxz7UhBUSCiMpNCaO
A7C05460.JPG,1yBP2bCXYa5oCOPgx-ZDcRC9REF2Q6oER
A7C05459.JPG,1b-k1B-hwgIqWpaPSu8iYY7Ilot4qqy4r
A7C05461.JPG,1ibuHFiriifAKW6sZdLcK3_Yi9-7gk8lb
A7C05462.JPG,18ZCaZbG5799UKY5MxcbwXcWd0ovyTNcg
A7C05463.JPG,1kPDOu1RZ3TYZLJP_RcjQNKJI-u335Hts
A7C05464.JPG,15PfPxpxJHFhcb8XyyEE1MgCZe4DSHy5l
A7C05465.JPG,1PNheUrlBiTpxOsdy9xVAi1QGdEWLalba
A7C05467.JPG,1Qd8WZ18SPGYuuxi4Sv-IaLoTthVaQ42W
A7C05466.JPG,1C4JVuZKRitcoXydKAKKygerzVMPwFYtd
A7C05468.JPG,18TZpqx8nt4YHv3lDg4XVgpQp6ErVkFs6
A7C05469.JPG,16-clsDBi0H_UHM_4GueLv1RAZbMLfZ59
A7C05470.JPG,1wz_4pxKBBQOBTMhFt8674IMvBwuAaRPA
A7C05471.JPG,1qVTZWnfEauk-rLdyTseyfhk_v4C9IS1t
A7C05472.JPG,1-_nAPKz6BIDVPc7vrNuEfhWVGlE0sgNc
A7C05473.JPG,1Co-GpFeLvTMP4Jmym25jcWZFUSEJnAbR
A7C05475.JPG,13grVYb2kF4RjcxTbfoXsbwAeZqvNNDSU
A7C05474.JPG,1JTXUQu87XQTI6CGTygJPhqQDilwz0f8c
A7C05476.JPG,1vY-sBFVqGUZOZYi-qX9mHxoZ1zkliWfm
A7C05477.JPG,14v94QvBT_Wn5Duw39cwcI0plHLxbBD1k
A7C05478.JPG,16DQ0GK5TW2I4puTTlSw8YzSvXw03_tq9
A7C05479.JPG,1NHALxF-AG6YQTcC6C7E0-FG1hERdoxYE
A7C05480.JPG,1CzF-mJgy5Ts_SbRRIwd5F-ytVwlEr9LQ
A7C05481.JPG,1eeEUBTQS6T6Vpk1idgQAaWbWPfyle1cb
A7C05482.JPG,12MlLGfmK51hAR3k2-yrbLnPkOozLuoOs
A7C05483.JPG,1De9_-n5eLS57FlRprhDUCKu_OM0w2VfM
A7C05485.JPG,19OORL9Q-idBEfiTy4QOIrnbhg72JsMTf
A7C05484.JPG,18LGhIjG8oN-wsShnNo-ngyS-ShNCIhG3
A7C05486.JPG,1isByMUQv0oieuYdGmpycwJbi5RiR4Ntg
A7C05487.JPG,1AC_Una9eZ3m7ju1FrobmNhVbysvOs0To
A7C05488.JPG,1caIVd2I2xW5-v2TJn7bZ2QOJePU1OfSj
A7C05489.JPG,11SODvsvfzJpi6ADUIno5s01Xp1qR_AoQ
A7C05492.JPG,1Ip5JXwwATJ_1SX_fAyjQ9wYJLoZVP803
A7C05494.JPG,1AA8pP1FYEG3JhSxxbU2ZvpiTouS0-gwT
A7C05493.JPG,1qDIekrlb7PQ1tVye-moyIXG0Gvr9kVtY
A7C05495.JPG,1OYeS-MtTeaX9eP-ZP4n1nb4c4dcyI2sK
A7C05498.JPG,1iPfdTqyrQd_bO90sa4zXODty8tnByMZC
A7C05499.JPG,1c1Fkgjb2JmMdl2nzf2o1bmhmtFgAov9a
A7C05500.JPG,1HA6_KT8eQ1wLLlnLN-2xHJAaZdMi0Brk
A7C05501.JPG,1D1gW-30jbskzjiPsgc-rP3TIGGmfdq1t
A7C05502.JPG,1H1QBlxb4-A55iGiNm2cNF3k3xrjv2m8s
A7C05503.JPG,1eTjMJzHbJLdLaNMYSjjqBLnheIgDWE1t
A7C05504.JPG,1wBu4-RRvWgqxNTTTTINVNeajOztVnX5s
A7C05505.JPG,12y5XikIYVZD4TkYgkXUHQenxt_FB6S3y
A7C05506.JPG,1LHEW0G5W1xT6Gc1sjZMyKui1HVZP3s8k
A7C05510.JPG,1cEQq0AFxq4tdBYPAGZtVCzI8N1SZ58om
A7C05512.JPG,1CLFFLW2pmB7Z3gMasGd9Paof7ydsWiNL
A7C05515.JPG,1vGOcVx7k-FFbCNjA8wDE2-2zNwNd-hUX
A7C05516.JPG,18igwCIdoU0RgJ4jcG3RL7v0OnKAZVrB0
A7C05518.JPG,1h6XydJIl7npxqj2V4ivCMiKcHv54zYr3
A7C05517.JPG,1JiC3p4AU5l6tki4_rOCmzbKc6es2cm6I
A7C05520.JPG,1GKHyf8LHxa2Qk2aImXF0zhMeEmOnRFzA
A7C05526.JPG,1KU8Yv4FxoZxViWyi0CQMbYWBql9Ugzfp
A7C05527.JPG,1jKyJ5Q46okL0IxvkEzP86oINXIjRcLMF
A7C05528.JPG,14_MM3LCR9bod088EXbgcTOBKmbji8cG0
A7C05530.JPG,1exsjZxeJ6jK4Tjh79lC3fpV8BpMqXK--
A7C05532.JPG,1JQyDPVZG3_syOVh6uf042SrEijm2kHsX
A7C05537.JPG,1WCrEmQh04JwLdemgikuPUygRM-LAUiO2
A7C05538.JPG,13HUzjGPZtqPWpfelXeSuFK4pvbybYqnH
A7C05540.JPG,1SE_1DUSnBXR09dWV1Gbsryvq2daGiuAn
A7C05539.JPG,1so7e4JwWj5HY404T_kctTvSsLwYDFP2R
A7C05542.JPG,1BtfU1gQZH7v-Q-dqwWeaz-zGpDHGRun2
A7C05541.JPG,1mbGkxB72UG4c2ysNfzuGm2l17HeblQ_6
A7C05544.JPG,1uXRbU-7Cp1qvw0l86_MopaQTvV1BrgAR
A7C05543.JPG,1C-AbDW9nX0Dqcld9zOhG3RlwPDnAdHM7
A7C05545.JPG,13IPTRxeYGhy0JBh--mbE3d5CxW43fmIy
A7C05546.JPG,1VviAyQvFwlfQltvffywJFTmTkWGQCNjh
A7C05547.JPG,1go7daWS5H1IRmuaMHAyEP0UH5e79ylF4
A7C05548.JPG,1Hc8SJs4KJHGGWzSma494R19aRx0sM6r-
A7C05549.JPG,15G0KY0nHdEzQ2_E-yb9jCuzpor_jQZPt
A7C05551.JPG,1IuGcr2q5by_OiiY6cYclH635DSAEHHnq
A7C05550.JPG,1eHS-A74_au4Ljuu_nZYyFPJYf9CMmXEi
A7C05552.JPG,1K-Gatmek_tI5ZsuvhdJyivY5YKK7kaFc
A7C05553.JPG,1eHzkc3gld8cVEx2_hmeRuSOhOg0y_J50
A7C05558.JPG,1J3e5nyUXM38TVq88ZaKHUVcdp9pR2wDw
A7C05559.JPG,1c_jgcgeno1plu3VvAAhQxfQ8G1-GLbwF
A7C05560.JPG,18XLVXRm2M_TjWB0bRGHID5VInlimJSTv
A7C05565.JPG,127m6_83RK9XdnIb6Ov2Ydyo1T3YDuhkU
A7C05566.JPG,1cD_dKR05txQQ98tZ-2nNintSUdRRZzI3
A7C05567.JPG,1gxr6pIUi2OZAimGprbs0bjUYRIafvK_e
A7C05568.JPG,1h4kK2P97zEqJc-PsrRjt-FparjFjS7OA
A7C05569.JPG,1qhr8uBFEmeaGbmPx1ozezLMytz0ktOYX
A7C05571.JPG,1nipCNt09_6dAxd_q78i1QdVr8P8q4IyN
A7C05570.JPG,1FHbv3rdRBkvSGqEClalOQ9SlDxwIY-ii
A7C05572.JPG,1nFAIVS0k-4GT3J5_l7_J3I4mL_8NY-1p
A7C05573.JPG,1hXp_7CjUMrKuRaMTI4j0Ow_c_EF_axE-
A7C05574.JPG,1xc9NIUzXQOvqXIAbGL8No4qNk8p0uCcI
A7C05575.JPG,15xvefLadaEsiFFLuQPYPsHheRO63hz5W
A7C05576.JPG,11VDRBK-lHG1Dix_Nf1Bm4Pfb1ZYQrrGA
A7C05577.JPG,1Jj1ueQUTRGOmilE_2YJhOiUhzIxJg_bn
A7C05580.JPG,1o3-qRUpavrnNIg6BYZw4I02w0Bi6-fAD
A7C05578.JPG,1ZFhHqF6m87YE8Wm1Mb8N46NQDZTAp2FL
A7C05579.JPG,1JJVJCHI7zoTYTXh92CqJLZRrm959PBYi
A7C05583.JPG,1pjyzejaYVmSNL0z4XOObxAjGmJeZyi7D
A7C05581.JPG,1MMio_OKKQsNMjoD-hwqkUMRbInTnMIUT
A7C05582.JPG,11cPDVWDlSLw9TVF2tG19B30a47D5yJV6
A7C05584.JPG,1gv2DTsEPkTBaloCl_ymmjDT9Tv1PoMTa
A7C05587.JPG,1TElJHjCSpRydVIYdgeV_2DWNAg9XawNJ
A7C05586.JPG,1P_hIxgdT-JtFCgQkqUvb2Evm4Z9d6qjI
A7C05585.JPG,1YdR8W1bd6WCApXJ6YUlnPJUtepgzJV4D
A7C05588.JPG,1FY8wT84Kpn7e5HllhlLJd0w0voVQ_jea
A7C05589.JPG,1s3w89yL2IoYLKzASB1Nz7yq3Kx_QyY1G
A7C05590.JPG,1tsPy_maOwbfC-M0gYu71u_mlZnWA_a9M
A7C05592.JPG,11S3KXNheaHUeRSPvWL_kHJ93Rq1zqTV1
A7C05594.JPG,1vBuxmnA31FNRmj7B9g3ZPTM9PxGJC9q8
A7C05593.JPG,1QyMO1KH045E-MY4vEugOWxMRMCuc3qcZ
A7C05595.JPG,1StK1KcT-e8FhxDIinsOyB-PDOkIov_8z
A7C05596.JPG,15E30aTUfhFTxSizv60AhUEXkJkPhnWgY
A7C05597.JPG,1ZtJvEf2KoeI3vIw87qlES5PpK4Z7dmRt
A7C05598.JPG,1ColTBMZad6Y7P3qvB3B2NMFSYwDP3N5E
A7C05599.JPG,1JpFsnIQzZH0R8pAFBo7acXu-tcnX_R5K
A7C05601.JPG,119kyYkrx7vIvsN3Ih10tiEqrS4kxLNjr
A7C05600.JPG,1jcEjQ1SZ_45_093FPkSKJcmmHQufRbIg
A7C05602.JPG,1bnYltCKWovVui37bKGL-14ZV2pM_2HJX
A7C05604.JPG,12J1nP82JIm2awFgSp6fMlOfh8usTq-3Y
A7C05603.JPG,1gWhcjY8j_Z04gfrkwk4Ypd_NGNVQ6Hwd
A7C05605.JPG,1wteuoudgEgI21rTDsVIGLmqRTuYMJBL7
A7C05606.JPG,1eM7dvPAiz1dT9hcy6cm0N4iMmT98ot6h
A7C05608.JPG,1kud6q1KSh5K0wnbXMs4ZmzlXZy4SGeba
A7C05607.JPG,1TSeGgzksI-PlqQt-2CxzYTkLFpeKM12t
A7C05609.JPG,1EqSkvDmkNTdFOZ5fVaHeHodL-KvT4dbX
A7C05610.JPG,182Cjt85ItCRPHnI3n7ts0rOp-sd8jSqm
A7C05611.JPG,1I3vSDAYm8yjWIEPC-hGWWqVPGrGPvRgc
A7C05612.JPG,1MWbyT509wLwfWTVhO-Tw6rFle5voVyUc
A7C05613.JPG,1THBmxoi1xhgoE4rH3jbpiCEfZ6Hsh8tG
A7C05614.JPG,18eLStbVhbEiPLbK4Y5EHqBRmGVMzSvRW
A7C05615.JPG,1MAbgVwm7dmwmhnM2ACSBSlMkLuVd2e6t
A7C05616.JPG,1vH9aGCREtk-PBHsRxbmljWEzx14yn_qk
A7C05619.JPG,10FL1Cb5kR8T5ia_cQU3Kpr3KOOgk6ESL
A7C05617.JPG,1hlYW5a4jLoeUx9XEwrNjHAqb9ZT8Ia3W
A7C05618.JPG,1yj2q6zk8y5KlNUWAuulKvcQkqewlut42
A7C05620.JPG,1rjFCgpIW86zZo1WpmYAuYcYZwRm4awFD
A7C05623.JPG,1891PONYvoEc5kOXAgusxbxdPBSWV-fdR
A7C05622.JPG,1Q2w6xxkqvlNd5m1-4KlZ6OecB6ZSsc9M
A7C05621.JPG,1lKvvCZTdPb_VsydXIzI1ZAzrjZOJXquR
A7C05624.JPG,1wOVGMHvFtKKdsGqnrGCAar6NrJOV_VCx
A7C05625.JPG,1UZlrlJhOfrDLpGWYkHFzAjhG1Dnvs54h
A7C05626.JPG,1VsPlkC8dhJfMf6ewPZfxKKgu4u00h1JF
A7C05628.JPG,1k3V1tQflUebLH81MQiJhjl6oop07Kr8W
A7C05629.JPG,1SUn_UFylAsM9UJ9ebzGmNJBXgd9U3bgm
A7C05627.JPG,1igSeoE9lIrNF6Gafpl7Caie9SjIj-5g1
A7C05630.JPG,14QNSXzV2hyL8lGJem8kdkrgBGB6AGE14
A7C05631.JPG,1nGBZdH7ERGWl1n1Fsm4uyY8mksX-BS9V
A7C05632.JPG,1qpzuxO7D3ou3G1P1jSCSlu61NsR7DE0h
A7C05634.JPG,19odnUyosTlGeu7w8mX7ewineKQ2fV4aF
A7C05633.JPG,1x8u1mT3BJUhO2eRhaaX-QcypgQuySHwn
A7C05635.JPG,1QLfScYyzFnzr1e84GdDUU2DfXlYCdDU8
A7C05636.JPG,1QCNpfWym1YB-S9ZWXvO0edn-ecpoJsxw
A7C05637.JPG,1td-a1ouJVXSChVqNsYkA0r95KNxTlsPl
A7C05638.JPG,108YQH2iLfTPiVsAQ_VlXCvL0vjgLa-5J
A7C05639.JPG,1RwQeZlBsU7Btzj2ScRorSgWTjXaoqiB3
A7C05640.JPG,12ILIaIEdWlXDHk1tTeEf2OgSr18ns1zC
A7C05641.JPG,1zZBcXwn5zjcDZOcy7MRvHe83POA5iIGp
A7C05642.JPG,13yoCdMXi5Ce_uw4RdyZ4Y8mCK1qZFffv
A7C05643.JPG,1VBCeU8IWGXOKPI-zDAL4u8_u76hee8xv
A7C05672.JPG,1lD8RCCXfN3I_efsJ08Huwjqu0TDqnkOH
A7C05673.JPG,1p_RNCPJdCpEM8iqmWD9pX0LtZ8KtLK7V
A7C05674.JPG,1z904GmC3KdTAsrFtQabZyDgMY1n9nWnI
A7C05675.JPG,1P6jajXnSnerbgCGg7sSSv7sK4wgedh57
A7C05677.JPG,1Jua4inwTFhmYt3HEDAbQgThn-czjgLZ1
A7C05676.JPG,13fFoD6xPiGA0450KSxl6D7fX7TZyEAgh
A7C05678.JPG,1ZnZvdqMONdFUFxpO6nrfevrSF42ks6G7
A7C05679.JPG,1QTtrG_LQ3Gh6Ruy3Pjg01KtVS9vcZ3pt
A7C05696.JPG,1BSFR0VAvLxqbAXaIGV4uUGhjehdyBFln
A7C05698.JPG,1vV9L2er3F34ZMwpobVPdi_oh3SLAk4zp
A7C05697.JPG,1eURULJl-D5ci2YMF_A5tY7e1_TNHbf5e
A7C05703.JPG,1auKr9MC5eF2EEA5MSsuv7iVmlAKs4h6-
A7C05704.JPG,17bneDDxiZQ-7U70kgk36SbXvDCQsdrQH
A7C05705.JPG,1zN2fLZdFoi4eUC6WL58uikUwmHcXfj5v
A7C05706.JPG,1mpmC1JhZfCN3UMnaVEGn8CL8BNln_EQI
A7C05709.JPG,1xdm_PSBA99xLAuTd9RxtK4XWHlIrhZe_
A7C05717.JPG,1bGoR9OZVRBruC1m7BuODmh2rdNIQgz1Y
A7C05718.JPG,1T2fjuYzDmzfv2Sw-ei2gHNjj67HxSxWv
A7C05719.JPG,1RJmd_aduEmUOTDk1Rpi44n2kizMmBlBW
A7C05720.JPG,1ygkxj20vQbP6I_t37JD17uksggJOqeAv
A7C05721.JPG,1KBK_IP_gYJVBo_pb4S12YkoBRBTafzqJ
A7C05726.JPG,1cdMRP_6TPV46s8MiTK9vznPPv-ANjhl9
D75_1992.JPG,17VDMjncPNzmzVfu43StUUxwm-RbNqC7V
D75_1993.JPG,12k_4HcGaVfoisu2rqx-VndjH1fuvpgF-
D75_1994.JPG,1tJFU_IyKhFqyIeln_8noT2BwgRXbcZok
D75_1995.JPG,1_O5Yws9GHMnxcEIIfVDEHAcUwyF3MiC9
D75_1996.JPG,1wbCCuYbCt_6KJnLU8ASO-hX3sz0y02g_
D75_1997.JPG,1IYRoDOC4ivQPo9Wp_Hba96MEm5JFjHt9
D75_1998.JPG,1z19Lj72HPVBsNxfw0EIq8DM9j9VGEp9g
D75_1999.JPG,1b8zIS_YvxjXyT8q7o5lRKRwB2Whsj8vh
D75_2000.JPG,1bjEOMGe31wU9RlOMKnEWuv6e1yAxcavd
D75_2001.JPG,1FzgrfN3WFMYPAJIyb_txWyC0kytb1piM
D75_2002.JPG,1UFu7ogDKx41rhk1J-U7ycEy-0SOwUop-
D75_2003.JPG,1JP9Q35HsdccnVhJHB5KXb3Tzx6JJpNxZ
D75_2006.JPG,1fMLW1K3orQueEp_JvkcLdlSaLOwN6nEC
D75_2007.JPG,1TzE2r9O0OmB0VlT0Odg97LaDPldiUJ9O
D75_2013.JPG,1ef76mLHOQo5UWMPz5pZTKDwXncnb65ir
D75_2016.JPG,1xaVgkJPTl2nSiVHPFyDy9C0gr6YNcMkZ
D75_2017.JPG,15rnPV_zuttY5gSO8coQDAwKDyp8w55DG
D75_2018.JPG,1PVM1Mo94UfjW128nCmzgVC-EZgJ66RX0
D75_2019.JPG,1Fzy-rQXk-Et-vkljP7I7Zpn-xCbmJcMg
D75_2021.JPG,1Dn21fnlKGop8o45R5H1VXSqt8gH7Mfeo
D75_2027.JPG,1NKYeHC0dV4Ir-143l-ix2bipC8bi7yiS
D75_2108.JPG,1TruZs1w3gdnNfvUPPy91ij1uPpHz3G1b
D75_2109.JPG,1pCq1jyd-4GybyE37mGf0SJjt6PJ-KjxS
D75_2110.JPG,1v5BsKyoGWu56oXBIEkIU0NEszauX82fV
D75_2111.JPG,1GAFc8flW2V_dh3HCX15AYey9lct_zWO8
D75_2113.JPG,1JbC7IyIpFiuvoc5xyYrVEHuEIWILGqFI
D75_2112.JPG,1kc_XMcIFln04pPWSVAoQghuEy52jjxI1
D75_2114.JPG,1HwDvK7hixLGCbz0_K6UG3-F1stA6v9RM
D75_2115.JPG,1ODBaPnlwAzu6AOxbshx-0QZrqbrE3V7D
D75_2117.JPG,18stU8mZm-0ZfOUDYZ7eqXuIwtK9P_C4l
D75_2116.JPG,1jFxMvqr-f9X5qQrtjQvKbCA3JoUKzxl4
D75_2118.JPG,1HMdnJfpkKOuQ56y5WboopGrUKO_paBFT
D75_2119.JPG,1yr08z8rh1SIiz9qfWggH3nXtIQ3eoFYD
D75_2120.JPG,1l8IdhzGPzbzkC88JxO8ZIvcsVhxb0CfQ
D75_2121.JPG,1Z6IWPsHy0p8fPeZC4Ow7NKRDYWLDT9kt
D75_2122.JPG,1NJhiQygJsK3Skoz98fOGJdcIOAwSzUI5
D75_2123.JPG,1YtIe2EvdMa2qmOX_YcAYDJ_P5yoRJwD8
D75_2124.JPG,1__i5KmzX9afZNi8zJsROh8BmiR87tDi7
D75_2125.JPG,1e3CA5mYYUQ9UBdOZTYUMr0ttQ8aCg-JB
D75_2126.JPG,1uBPoEqHzYBXEYaKRqsVKpmaoCdI-87fk
D75_2127.JPG,1cjZqMU_GJB38RcDv2UMgJRWtr25UcGHL
D75_2128.JPG,1xSZnMYRrdJ9a2jDuwsW9AGEVqLrtSSbs
D75_2129.JPG,1k6Wewh1sW3ca7r13DxFl20_GHbbjnoL-
D75_2131.JPG,1XoPc88xmkK9pDBwdF1X1VqiJVBOa-pnA
D75_2132.JPG,1vIOsqb67g4h-zQKEOQ3WKlqnS2Hiu59u
D75_2130.JPG,1hEoK1aNzNVuUNt7lmrv-XZQ16-NvBQWS
D75_2133.JPG,1AD8G_fAU9BkVmv6gcKOfBwFaXJGz8ED9
D75_2134.JPG,16gncdQx8znWEqtiE6v-gAr2SM80krP0R
D75_2135.JPG,1Y5zEhVgM2JX2XGxQRtHKtpoiC4EJk8zb
D75_2137.JPG,1-AVfLo8CZ6gXqA7gXXraPFT5ECIkXblk
D75_2136.JPG,10ZLv8tZq3KG32Z_qJF-fkNwQmnuiMY68
D75_2140.JPG,1JUurqZerIrPE6VT9NgFmrA-bqImuHXer
D75_2139.JPG,1EdUengdLmdenwFjvhztevpcmSAAasgR2
D75_2138.JPG,12UIJ2CA5s_jn3NlONKPetCOFxFPG4fns
D75_2141.JPG,1V-6boxFEErBvnwhOIpyAybLaDAicZsf6
D75_2142.JPG,1QDTcOkKhLAZH4X-P3RfFgqkJvU2gPtJr
D75_2144.JPG,1vSVbWl3Eh4uLbZDuofKtAJbQ9iWRsQ6t
D75_2143.JPG,14dcrWR9_zZ3MEOIbiza6hZldty65ezkh
D75_2145.JPG,1PJa-SFRca94D0Y_E1R0LjdE8Kvn4lX1k
D75_2146.JPG,1n1YdMlOJiw-5_hBr-Nsss39n75zD4lzs
D75_2147.JPG,1bwo0pGyOcKUkRoKHlyr9ckdFaDaox3kZ
D75_2148.JPG,1IhGdcwjlyCNa8UZ9nWssQfapUyOOXLAv
D75_2149.JPG,1QNr7UJlHCwFtU4btRDoZ8G8sfTQv084m
D75_2150.JPG,1Tk8VJTtiNcaPSHlowORTim6d1xXs72G-
D75_2151.JPG,1zdDfKDzR28M0xFr-Q9Bj4I5XPwkBfQvP
D75_2152.JPG,1hwfZi5DXlmPAPhaSlRKo0-UVFmLQev1H
D75_2153.JPG,1ldmE-f3FnusNdwVCE_fmJbCH7YITqlnI
D75_2154.JPG,1Oz97bezdA_h1Q1-RFYCE8Pt-wNlcHDp6
D75_2155.JPG,1_caG07RW2qPFkBUwZqYgL5_TwE3_7yIw
D75_2156.JPG,1yxhkVJgBnCrJLUc21yezyRzyJI5mQgVY
D75_2157.JPG,15ZZtJpSu1E2zQPwBfVDBmdECBtG-fmoQ
D75_2158.JPG,1xhK0tYM4VJb03X7_iSqYJoaPTHEjVpnk
D75_2159.JPG,1AEZxnb9aWauV9BcuTn9wYjfEbWUETUzP
D75_2160.JPG,10_aHmCPQ2FsW_ETWw_1kyzCzdu2-uFqG
D75_2161.JPG,1xQvnHw0-Bl8ZTm5fFMScylb4sl5swQ-w
D75_2162.JPG,1MnjiImPmCjbnB95FuzSiyL-vEl8Wg6gj
D75_2163.JPG,1apKRrGeXbqE1CWbhwdyOszUy1dp0iwy4
D75_2164.JPG,1TfU8sYXYmP5qlXziFccL99DaqMRjcDpZ
D75_2165.JPG,1bSbZI-Hx3yID5O5rj6GZbV0Fqq-zcpyk
D75_2166.JPG,1JoxkYVbVEM4P0CRu6k72-tInDxJaqHnE
D75_2167.JPG,1dylmWZAhPSVV5ZJUeIO75kBntf74Z4nX
D75_2168.JPG,1CbeUSsfJIxyJmbhB6Yp39K3EDsk--JzA
D75_2169.JPG,1kVzQbekHTPWM4ZDlfBoAHnSt3-l-cKC2
D75_2170.JPG,18xcubxCtd_y-lemBXTUqf-ReBrNms9xI
D75_2171.JPG,1K14oGkmh4pYsqp0zMopv_nFidyeqIkob
D75_2172.JPG,1dB4c83FcDjgSXA8oMc0oZCTx3fPGpnx-
D75_2173.JPG,14niEIjn6V14COlPy7SsYqGRiE2DSSngU
D75_2174.JPG,1FvI2jpV7AThBsXQmXHtdA2UZuZ0i8BzM
D75_2175.JPG,1cysIwQZlz9O_RzgR18Fwe_e41xH7ViEN
D75_2176.JPG,1trWOzzb9uuZBcgBc2COxqbGYGxOpnVpM
D75_2177.JPG,1XCxtk1_OpJBp9e-B98GLXaQFJnHawGrf
D75_2178.JPG,1YGPtTj1JQHvMTGcYbpQmbWRpnzIe5bJ0
D75_2179.JPG,10xd9S9FVelNmz6YtApPFnFco7FCXBuzA
D75_2180.JPG,1aBa2TaZbDDyJuWMgywnZAZAPWNnFRdKI
D75_2181.JPG,1Y8lr5yiKFUEsq8q-jalxikD9mXiNK-7N
D75_2182.JPG,1PrY4vnUCZYDxAg8J5HotpRRri2BdoWR7
D75_2183.JPG,1jmpn1eoyUAftjlIRdROfOtsSxzMbmM5G
D75_2184.JPG,1iR8U-DOHe_gJqNUH88rN5ZEUKb-EoANT
D75_2185.JPG,1s5vfOtKhEJxpeKlDKV74Qf-piMvTpody
D75_2186.JPG,1BuixXHGruY32fTzBu98IzyVJGDEsq3zj
D75_2187.JPG,1r6ytPQakS-0_zFnvUHhu68b7-5IYL91N
D75_2189.JPG,1ghmpHKnShOaUER4PtMwYCx8fAr-7SSYg
D75_2188.JPG,1j3vmlbzHBIwJ1WaLsooB-oDaPpmbcIvc
D75_2190.JPG,1HT7AyWUxTqJkGy03ULjAkNn-eIZhsR9J
D75_2191.JPG,1vSU1idXqT4K5espOTmXHh60nVcCIIqMT
D75_2192.JPG,1e9oYnIyC0YjJ-LJGltpGnee9Hc5vIRvO
D75_2193.JPG,1fgRJMdMm3SUpMPLV2BsmOWWHKSxgEw6b
D75_2194.JPG,18Pp-wP0hb0ab0i4hI2xY0hb1phixbHrW
D75_2195.JPG,1lb0gvRmxx05WLJYY-BSJW3KGtn0QCsfL
D75_2197.JPG,1xBEuKuo1HLblTOcVABfd41hmQNJQE4O9
D75_2196.JPG,1xfu4KQ6r1T1udhJQOd9Dr5PSrXwodAdR
D75_2198.JPG,10NTCBYZIcpRHpZN4v1s8Vvg7xnyU0NsP
D75_2199.JPG,1ojzJanPCRUwDM8NoTgZdTmbiAkBXS0H4
D75_2200.JPG,15ZWKNMvCL_AlsT1vi28m15iPrq_J1lyN
D75_2201.JPG,15fdHoxYqCIJWJrXfqZYbK3_WZ5mVDnak
D75_2202.JPG,11E6I-Aj8F7jzL67VUwgjKtjxo3lJv6JQ
D75_2203.JPG,18sag7BZ8hH9gQ61TBdj4UtFrtn44QICB
D75_2204.JPG,19SbkGZXThEjho2dVX739dPvYmI7AEbAQ
D75_2205.JPG,1TgYgSy_U4AWexfJop-v4D9sOOaOoEuj0
D75_2206.JPG,1vZj9vgdfR59-9PcDau3iu0GU71GVuWeE
D75_2207.JPG,1V7rgdAcGLvUrTZ9DFH9yl-hla65AFsXW
D75_2208.JPG,1NFifA6uRkuoWmGAqz5kN_IeENf9gdHkF
D75_2209.JPG,1LjkT0F86H32HdYSN02cSUdnJx4w8X-QE
D75_2210.JPG,15dDvBSK3DH3Vej_HKMSte7KraBKuiVhp
D75_2211.JPG,1q-73RD-iwFBgPF0gcMDnJD0FSqFAWrTC
D75_2212.JPG,1NypkPBTVQxhV7XkP9Jg2GzTxCKURdJN-
D75_2213.JPG,1gXhXDOc5UeuwCUDWjwudsjRID5H-k_F4
D75_2214.JPG,1fcSvTnEn-dAvHw9Pu_Sxvw5xTYen0pDM
D75_2215.JPG,1uDW9FRFGeKhyP6Hhl9tBziFYd9PFkw69
D75_2216.JPG,1Y6K2tg_9h3YSYWn4J5nVJmF-Z1Ktfl4u
D75_2217.JPG,1pOmCtFmJX9M0ESLAHaRMBbhcYVD_4gC7
D75_2218.JPG,11BvLPCTpNidLZjIO5N5ShQhhKoDmnopd
D75_2219.JPG,1vapo5eewGczNPUX0egWramLgkJXju40a
D75_2220.JPG,1kCizRhdohvc_1haR3h6wPpfJMmCPNsro
D75_2221.JPG,1kVBe8URA-_3yuaSlq3TBRzxCxIhGXKgv
D75_2222.JPG,1no218Il1I6muEzjuWLJ4lidvq4h8ZgS1
D75_2223.JPG,1g1YVSY5wJK250qo9q1vOAYVjLCdYEQoI
D75_2224.JPG,1Eq6Npph5eV7MordqR3zmaAi9BdGgG4sH
D75_2225.JPG,162ktVxed0XzdqPxUHp7iklW3CAk8OLmM
D75_2226.JPG,1CINDcJZRSp612QX0c2_Yws9_e0Vu4_lE
D75_2227.JPG,1xn7FweKCRnEVfX1VhDG0W564eS2MLVyn
D75_2228.JPG,1EUlfvcpvhq_ZGI6PJOydq3yfpLFkyrJh
D75_2229.JPG,17tzYWLqTP6vDP7Ac3nuLsTkLytD35t58
D75_2230.JPG,1F42HX6k_c-s7CzZR5beAx5KeIKVK2ROk
D75_2231.JPG,1_ZcUWE2YzM-5V2tqtHm5B6TXWq68tWd4
D75_2232.JPG,17OeQ0e91_nf28cy7YJ2Qf5cRIX4Xx5rp
D75_2233.JPG,1ybQKnTQaNXBns7-R_HC3oXkeGOh8iZxN
D75_2234.JPG,1Ae_6DM63_wFd-dFZHPittEBhb2agCIN5
D75_2235.JPG,1R-JPwK2tF3pE4NqFcoA1JLiVN2bJsAMQ
D75_2236.JPG,1X1-a1mmQBSto_luOcu60zP84_yujGoYM
D75_2237.JPG,1ZG_5_BFDhPGEM9PcB8s_9X_FlsGj4hNF
D75_2238.JPG,1QsInL5Fp0brtXdgE40yZaXS0hSJqrojy
D75_2239.JPG,1yDHS7h5c8-CT8SfDxuq8MBuwnSGMg21p
D75_2240.JPG,1wyNK_S05A1imyvu2j3crcrFPu5qfJxRS
D75_2241.JPG,1ERsSp8k695jY8fLMt-NArKCI-y44fNFw
D75_2242.JPG,1nCuqSpDgXcy4Vrbr4H5wnwG4YiI5Uqsz
D75_2243.JPG,1t49U2V1NdhWiHY5QfqG5ru4G2mfza0CN
D75_2244.JPG,1LI3S996HbR_Vp0kkJmm_C-cCzyJwNsDA
D75_2245.JPG,1uHNkYxQM8ZJiVl-_BZDdRpHZfHB1Eb-X
D75_2246.JPG,1y75VB3KKIGbjt0eqclOfUtHzzul9kXkh
D75_2247.JPG,1U23PKYTrRg9y6M45xlkh3_apBPs0cR4g
D75_2248.JPG,1IdZPLGIzob7fxNzjfp3l30dOztUqlBQk
D75_2249.JPG,1Rnr0dUA8PT9l541L4RQD65wjPQYfDBC6
D75_2250.JPG,1WucEpc0FIaMVV8xPViZctr5g_cU_brtc
D75_2252.JPG,1EeeBe8XetlOe1BHEpt2-PMPW17nSdvjq
D75_2251.JPG,1Bob229cQh81dddAMxfVNCc-TcpdwSLgW
D75_2254.JPG,1YKsd7WX6VNCtzkbCjRdH7qOEEkSj5SYK
D75_2253.JPG,1f6k6lhXXAGZt-iBtgniOLo3WPP0fEcev
D75_2255.JPG,1y6_nvS_u894TeLhSw_wwcdajBEv1G8R-
D75_2256.JPG,1uypP-1mO8hGb_BonCiUQWlbwn_QRUiaz
D75_2257.JPG,1suvWHhY46K2Cf1RctvSvv2vQyhMAOLa3
D75_2258.JPG,18eX35IwzhfXVD8dMByR_rVrhWNEFyly1
D75_2259.JPG,1CXGDdbsN3QmyMVDKH9HKpQ6XIEUWivqd
D75_2261.JPG,1g1XFdTw1ki9nVNUnERlLh5Bj5HP5Ya1e
D75_2260.JPG,1sMUmp097uvn6OC_B6GF6X7OZV4Dcjl2e
D75_2263.JPG,1_hF7SzEjmg-9wTQ8I8Fgux3dT5XEqO83
D75_2262.JPG,16dB3HZavSPTlbgMAfTUJdjDhrz_saViE
D75_2265.JPG,103aIHdVxWY_fuc-w4eZckAR3dzt98ci3
D75_2264.JPG,1-icoilqTZ6DjH8RJVG-yLIYItCB8obgS
D75_2268.JPG,1wSXd-aOQcgooy1yZRtdZdd26ptvg9RQk
D75_2270.JPG,13H0mRWAUhpv7hYKQ419nZq9iuDPAvu2k
D75_2271.JPG,1bKnR-Ji7zfgsWfQlG_3avTQR4CRAkCJ_
D75_2272.JPG,1tvnLE9fKN5X3QsS30BWo_HQwzcOsmKZS
D75_2273.JPG,1q6VOYADKGrqZjuwDsvD76H73kf2eaxza
D75_2274.JPG,14oNtjcPwy94N2yjnGNrFg4gVJUhWSjXy
D75_2275.JPG,1flD5EyeZKbCXcFsFG4xDSEwhg2nadznL
D75_2276.JPG,1ymqOwdMmI3QhEuiQ0IhsZYMZsNo_mmmp
D75_2277.JPG,1oigdnKJR_GsEsBbWpdv-zPsOxcQEaJC_
D75_2278.JPG,13c5Y0MLF0dldyDwd_0neKAJMooz9G-SE
D75_2279.JPG,1cfzsuMz24YZWoS4qR2EkD6vr99dWv2pD
D75_2280.JPG,1ID3poM_YUJRkWIzBQHVuzGdnR9Mxy0dG
D75_2281.JPG,1Fju8MVrMLLOOIZIAkfhDB_fQZRWrAvHy
D75_2282.JPG,1JJ-6W51L4Odry6iPM_J-Ch5LbAf4t4ur
D75_2283.JPG,1eUFzUpAFQdS7S1YeYPqSCzbCYYP6nbW2
D75_2285.JPG,1zvhMiSkiyVCdQyIrB3FiTl-qiILajo5V
D75_2284.JPG,1BNAErK6napX-Gp1Mli60S2eq_FD8DYab
D75_2286.JPG,1aipeFyHUhVIwxdfrfNGprc98_ReIZ7Di
D75_2287.JPG,1gL801hukUGHyRMEeTSmLM6nXp-hHm9tM
D75_2288.JPG,1ybA8Tr2J0h3PaPbEPfDijM4qb8SPrtgh
D75_2289.JPG,1JXAdaIBmelINbcD56dbOjEJoEvuPpK5t
D75_2290.JPG,1cH1vw0lNE41oQPWVpYaG6aQtREJThgYH
D75_2291.JPG,1ycW0u6kGsFqEgip13cd0l4NP5Mmwsepd
D75_2292.JPG,1Xr-BbOtCy0jef4le98UK2fvyg5lSJbiM
D75_2293.JPG,1eHZUBeshU-1cOuumMK7-0CFT7CnmySGV
D75_2294.JPG,1yrzYl0ce4Tel-kwfBDr3y1iHnHHuyOcR
D75_2295.JPG,1gFsMKww3vuA04o1yr7h-odKdM3UbChqg
D75_2297.JPG,18CXnN3-Wt6m-baVmCvF-2zJ7hxEOZVgW
D75_2296.JPG,1wwrsfypxE813eyh3CcXnV-O4_BIxpG1r
D75_2298.JPG,1zjXJi0Whj3I7Dp-KVlGK36pwv1ARJZq8
D75_2299.JPG,1Er0GsfgvxRAr6UzFI76M7CGOOAtKCgF_
D75_2300.JPG,1TmTWafOv0ovBqEpqLzIu1CFJr_lTihlq
D75_2301.JPG,1QcmSgduHfNgj_Vk_PkK4VBHPaGI1qxN5
D75_2302.JPG,124hbdLcJY3Aud-YYEsBTNxAz-lKk5F58
D75_2303.JPG,1NN1cWwIt6O1PlhoV9k4JExgaYxxVP8pF
D75_2304.JPG,1WAkb-K-tzFW5yYMlAUPFN0Bd_jO6E14w
D75_2305.JPG,1mxO9zf8I6_Wm7JZQSh9etyE5gp0PZmUs
D75_2306.JPG,1ROBHrpgqgWfjMYp79v6tSbtJYqi1EiUX
D75_2307.JPG,1KaAFbV9sLSlbrOXLTFPIWs5qA11HkBT8
D75_2308.JPG,1yr0P9a9fwn49PY8FMYd5Ie0ixtr6QxgB
D75_2309.JPG,1LSVBMGQ4-_qzbjV1jHHbk_LJbSAm5p58
D75_2310.JPG,17kLgYB2Ut5Iduq3OfA490cdlnVf_HbcK
D75_2311.JPG,1FYwC_sMEMivTM1HF1NA0NDuPGs42IBKE
D75_2312.JPG,1RMqh-hnqNjbzbnN8c4V8rNNt-XFCSg39
D75_2313.JPG,1r3U6ocgiupaPCosyO1SHPCwzEVyf72gt
D75_2314.JPG,1MI6U3wDubiYbmtERw2ydey5mXTT-nPW8
D75_2315.JPG,1pD9xy1zNsiVezY-_xy9jFDg7gnMvc2v4
D75_2316.JPG,1sp2NcZZuEpWDXY1fFT8MpLNj893uFIBC
D75_2317.JPG,1ZKH2HU7LAI3QcLrNoopkyc_7a-6mDqIR
D75_2318.JPG,1eUFVv4qkajWLexLcvgJ5aExSDQJIVe-J
D75_2319.JPG,1sTpxsHJNLkZiGZppkOEfeUHrtUas23KY
D75_2320.JPG,1I7m4czWhf2WO4LWICC_Q_DVMW_ksggvT
D75_2321.JPG,1x4nevWO5jTgypk1Y8Ot74YBYp-UCQMZr
D75_2322.JPG,1nK8gzeNdHI9u01O2O6ceBmUsEamCzaGA
D75_2323.JPG,1FG6s0_7i6YoWRJf3yZwU4tReaCWK6MpC
D75_2324.JPG,12YuZR4G52XgjHKzQN1HF0z6yT7gseVLD
D75_2325.JPG,1M9RHXDiVxzhoAOLI6_4ufPq4qk6UhIfd
D75_2326.JPG,1qKfOQGPt3d3LvhrUTCG2kn-R0i1bkns1
D75_2327.JPG,1024r5g2guPEpQWjqdq4NIu6n62c17_2M
D75_2328.JPG,1beh9c66qRyepY4iml9QMT72V9_QaivmQ
D75_2329.JPG,1GwoZ-0FTktsqXm_bEnLhfP7T1uD5HiCc
D75_2330.JPG,1KFYYc10khQrjaRLHOXAxO6XLYXUvtmMt
D75_2331.JPG,1fwzfaYZi8WjyYKr0NwCQpDfpFUazRrgy
D75_2332.JPG,1G3dwopJ-oCTNA2_wD8Q2dJ2DA6NX0fzh
D75_2333.JPG,1xQWjrzKSRNzWjXKw-xhLX-dMQSWwnqHK
D75_2334.JPG,1_fqKe58pFfJwr_jxbOGYZlp0r4IFTVvH
D75_2335.JPG,1An4JxYPfAttQiKv5COW0cPvCoA6bkrii
D75_2336.JPG,1ZX0gS5150-02gbkr2Pw4OfeOdyU_7MJ4
D75_2337.JPG,1hUBYg15hr7rUWEp_u_lbj9vpV40BKCXi
D75_2338.JPG,1_4zxGayejCJYXitJo59OVX1bdlQXNWKy
D75_2339.JPG,1bD8rFvd5SYTsBWAlMp4hJxFbLEyYRuzS
D75_2340.JPG,1-_koCUjt_XzlgX6FZYp0arxP2RLVJBgU
D75_2341.JPG,11AG1JzD8woVsby8jnPt88t_uphAXm8eu
D75_2342.JPG,1BujPFhWuFpuM0Hsza7HAtyIW8ymG00SY
D75_2344.JPG,1pqLaSiKecr6rMhwNEGug1RW_kRqgWnHl
D75_2345.JPG,178e0h0xFwsv36WSYLoFD-dCC2qqqEXy-
D75_2343.JPG,1BuGQu3TV0s37v0Q1e2iIH8wLC-oFhPHz
D75_2348.JPG,1aWQ1ia4v5k4fBRTPme32e3y7oBLUTSfg
D75_2349.JPG,1a0-WH4qUxp2GKtj_OU4oUCQ0A5vtb1vF
D75_2350.JPG,1TH6wq4tABA9E8vy3rNh7gAx-EJ0qPxGr
D75_2352.JPG,1fnsG8Az0hw_E0XOTbp7umSCLu5bN748f
D75_2351.JPG,1FxIxpttIUxc4s0CEp7cNhGvRUu_NfrHU
D75_2353.JPG,1a1t0FNpb-QmxyqfmKyt7VRsArZogeb0R
D75_2354.JPG,1wOAbOaBsj3qF6IKS4BUEwcsXX_zO_Gqz
D75_2355.JPG,1Gb_CEvp2B4XTyP2YmkQ780oTyV4_zlI1
D75_2356.JPG,1RhqJtKMJeDvaLVauvNHUbQkwY0I7rNJM
D75_2358.JPG,19detlrByoD7mJ52ceQbo9M-beXRUHgH3
D75_2357.JPG,1ST13x339Kbj1YuqfvQeVjMhGRH5YetoD
D75_2359.JPG,1_ic8M3Vc41n1MuUxqStRe-u9OxRGojs5
D75_2360.JPG,1P3of5vqvBJixhnp_V2kbmj7Ortkol-bf
D75_2361.JPG,1TATDulzCAwoWdXYi1HeSRt6BblXF9PFw
D75_2362.JPG,1p-wfCoYAAOUqh70K-c6_ZuZLWGJDl6Mo
D75_2363.JPG,1yY0FHI5t58Hmi4Po6KenJewd8R5lGznP
D75_2364.JPG,1FQv5m_pM-3ZkS_s_DScfVfqm5Gf9jOIg
D75_2365.JPG,1phtem2hYaodC5ImnS48RkwJzG7BIw2X3
D75_2366.JPG,1ppSuZG4p8vIu6Cdn9TugkaH-66KfMZfC
D75_2368.JPG,1OCCjdtslhr_HoNPew16nmvIrtMwV2XCY
D75_2367.JPG,1xqJw0TrM0HkW3icbZ0gpKsnkj2QLInTh
D75_2369.JPG,119tIIWoy0Kn3KMWEvkOJNn_IyGQfM9Jt
D75_2371.JPG,14eXsPppSCaxJl3UtxarXaJrhj_J_Q4qQ
D75_2370.JPG,1PkWQypBHQCUh5H-WDwWyGWY5oG9-Qhu7
D75_2372.JPG,1yw-jekCvZZjSXIXdsOWKxenBetJ7e4X6
D75_2373.JPG,1JMUgHdUUOzrvf0WLJ-Y2DLCgC4Ih71Uw
D75_2374.JPG,1njmJ327KdPksYhqPOOrEG8Q96TM8bPqC
D75_2375.JPG,1x_cS-A58Mnr3dthBrTzZxp9ELGjxyZXY
D75_2376.JPG,1JlCr2uqnY6WBVVLfFQ6v5g73ga_qXS93
D75_2379.JPG,1RKV_J3RpaKSEfqrrNJKoPuBQ7ycdZHWC
D75_2380.JPG,1CPmoOOMSZ6uXLg817PXi8LaqfjqNACGv
D75_2381.JPG,1v36Rbke9DVVKbOi-LNqCCn68cACjJPvo
D75_2382.JPG,1_-chFFOFhTAcIYW7D0lDcsjfUa25R1HI
D75_2383.JPG,1Jl5Rrs6BfXY2I2if0Oy0viPIaEisICn7
D75_2384.JPG,1DeFL9g2N7JQpqW-elHn6R-FMrTIQkdyi
D75_2387.JPG,1mLNSvL-OJJ1avCIccv2L53XYzY81PU87
D75_2386.JPG,1DWxNc5UYh1Bl_DeKiBIhNLwwPfV6IK3y
D75_2385.JPG,1brqnfUlpkJMbtGnKbrxny9JlbR5FRkLi
D75_2388.JPG,1OEiAeqUWKukajDYcM3cgaSZHCZ7Y6ver
D75_2389.JPG,1Mx3Sgxn1SwafnJ9BPiLjR12PKCa1qp4m
D75_2390.JPG,1xsUPT78-PvzCUoom1tsQkZijYlNnT60Z
D75_2391.JPG,1C822XlmXiT4MMGO59lpkrazZjFpdTb-v
D75_2392.JPG,1ynI6moK6VKjO9uVA6O2ReAcbPXwq9LvQ
D75_2393.JPG,1Gnr2fQ6JLvEyisimikzEIdpG08PbWBs2
D75_2394.JPG,1HLhfCSse0ddyPl7gWNickCXyuNeux7xa
D75_2395.JPG,1DU1-a54x7VI49lDNTNOW8PHoax1rM3Dr
D75_2396.JPG,1RUrqyXDg8hpVPFagQv3VgiVhQAQtigHF
D75_2397.JPG,1BSprr5MevrdjULCUvdpJ44TTTr-cCXps
D75_2400.JPG,1d8Dfbnt8s7LIQrN6uUNmRSjpfcGivIHS
D75_2398.JPG,1HQASvReI9MF4hLh2wdui34zsVJ_xGxu3
D75_2399.JPG,1odU9WfU4ARl6EyWfgke0jBxn_OAOUTNk
D75_2401.JPG,1rA_JUzD25DbECERbs9ZuRUdRKyYVDgz9
D75_2402.JPG,1R4j1ZQLeMRza5AQIbATkPD6I1iUitcD8
D75_2403.JPG,14536K84dV0-I7oVW7wqzWhN1smD4buNv
D75_2404.JPG,1s1m2FJs2SMTRjGAC1zUbIolyuTTcMMM-
D75_2406.JPG,1v3L0F6ZoLolAD117tLBZ_7bMWlkc5sA9
D75_2405.JPG,1HXgn0nJYKnAuXb_WuPYcvpjuXss0Pgar
D75_2407.JPG,1R4g3KPcSY4rvffYdxnBAQEkOf04SpoRt
D75_2409.JPG,16ZJl3eCdUI980ziOjC9ntQB3FxHIscPi
D75_2408.JPG,1OuOjstqiJpPmXkP_wf7BFYAzI9o1yd3B
D75_2410.JPG,1f2cGndMw0Coj5Um-FN60Zdvco0bJVq_0
D75_2412.JPG,1SakkPXLx8zKrHE0kJUl6Tuspobn-J7ZN
D75_2413.JPG,1tadTwx-rYAMaeqYF5IyGCduaj1MkaTD0
D75_2411.JPG,161nn4Dg6Axca3zrQqb-LKF4icbfKnSXs
D75_2414.JPG,1L6qNGx3f9_H5S5qsli1GTu8-HBMIin1O
D75_2415.JPG,1MX5I-dYPohx7vik1jDVA5c-b9paSkXTo
D75_2416.JPG,1wU5JkdscUXVgKnOWjcoJqN6meGmMb05P
D75_2417.JPG,1V7jAqmEXoB7EvwC6Ydr54P7g9mNpjfHN
D75_2418.JPG,1SwAWIxVLi9F0M-9RAZ86gIMCDJvvoW76
D75_2419.JPG,1krCu4WB2D1ElRtBpmrcpryopyyghEyJZ
D75_2420.JPG,1YZz8F1ym3iqSkTiAlKGMXGToDSCOQnLk
D75_2421.JPG,15AId8_XqCC2rnJETMxYQWjEDlFRYeJxi
D75_2422.JPG,1NXvdRPB2EohTW_-Yu3ekGRK70WxosvVC
D75_2423.JPG,1upA3vpHGciHIP4nE6E-uuziJZqLJQw3Z
D75_2424.JPG,1T4DzxBvorkQcLEJHE0HMI1weBFM0DFzM
D75_2426.JPG,14ytkXdMPcSE7ul7Rjm53PKjcQ88Y9bec
D75_2425.JPG,19OQVu4eLTzF6MY7TzMGc06842_242_-p
D75_2427.JPG,13dx8x0K5u4ysM5Eat15o8yhs3gZhOQ3R
D75_2428.JPG,18n7mB6o3_k91zgAk32K9CQ-yMXBe1Bpy
D75_2429.JPG,1Va5yDn3IY5MFnr7lrqfDMpyk52GZfe0n
D75_2430.JPG,1A3NrCOROkwv1EmhT5fFiyeO7yAw2cmxy
D75_2431.JPG,1ggOIWdk3CaViGFb_DAbm8GfXwKp2TxNv
D75_2433.JPG,1A2YDABIdy4dOHD91IBTTUYQtPu69P0R0
D75_2432.JPG,1GIBjRcv6-YIILXLiTFAdxerwJqPpHv6R
D75_2434.JPG,1yr4St2l_dArxm2xspQyufzpMI3ZLrTXC
D75_2436.JPG,150kMCuew8i-8pDicqmCabLXYgpBCG0jn
D75_2435.JPG,1jQrBfngwtV8zPWYLgANZ-zIvqW99oc2f
D75_2437.JPG,1hEVLKE1jeMysPkrtkAW_VvQzIn_tVrN_
D75_2440.JPG,1R-d-jtk9laBiKJR7goxalc3VAgxs2LYJ
D75_2438.JPG,1qf03pBhlV3t29uGImFvZhEHCzsUDk61m
D75_2439.JPG,1cKOSolJDAuKlpA6W4c7-JtidBaTaUioh
D75_2441.JPG,1FDMfkueIg8b7y1tWLS0fBO6kCgh1-BQr
D75_2442.JPG,1uS69jyQKMBCna548Y-kmEDe6stQhf1le
D75_2443.JPG,1OM0DjEmvPvYRhddfKUJjH5Ywk2wLwIVe
D75_2444.JPG,1LdckMyLkohp93XGKiyqHLr-3-TNMbR9i
D75_2445.JPG,1sd2YTBocxJ_GYvjo9nhxYMqVutveBRer
D75_2446.JPG,1ciTTGsJrqLXhSIPRXEnNi6NLKGzDFSmH
D75_2447.JPG,1xrvgDB3eCGMhOeGJ10BWRj6xkWVF4hX0
D75_2449.JPG,1hNn6nE9mNDrPHSy8Zzf68kGfd5ylOE1u
D75_2448.JPG,1pWmoiZxWPqcYpZCKRZMRncTb4zbA8nxq
D75_2450.JPG,1CHOsDuz6evugJ4rgSSutdiF_Fe3lXNiI
D75_2451.JPG,1SzR7SKGlQzCciKajiOSS1tNKS5gfGt5Y
D75_2452.JPG,1t5c0-5KzCw9VD_P3XfYCS6n0yZLU_OhU
D75_2453.JPG,13v5VcEKbwOYnJWvoPMnAwnAuZ8xfic34
D75_2454.JPG,16MFlae6m_pzXKRktsF6riHYFCiCrugpb
D75_2456.JPG,1h9Wqsc41ojXr3KGvz0PIe1ywg1_DmOR6
D75_2455.JPG,1mRCZ_poxgmPPadUA5S8G8nBanwZi7GnY
D75_2458.JPG,16A5JopCjRNGOOFJoQ9rb8m22Ue6UY6lQ
D75_2457.JPG,1qANAwWHH4MKUpYHwk4NXVQAjHpAKAj4F
D75_2459.JPG,1Y9GRc-y_l05R8pxW8PYdLZFRiUS1ox0x
D75_2460.JPG,1xroeDnCgr6hBS8fuuj25mQm6w8cVvKLh
D75_2461.JPG,1Vry0orbhGQ_LMco3lgWa-4rFPU7qNqF8
D75_2462.JPG,1MU5mKl7FIzx1i06s4k38o8-OP-_mcQl4
D75_2464.JPG,1bQ137RTd1Wv57JtATu3R95Lwz2MMQtYI
D75_2463.JPG,1ou_jMx4G_ixriZvujQzXbN5yIozBaMgK
D75_2465.JPG,1ugSCDi0iA-r3PQz7WizG2akbzz91uNxo
D75_2466.JPG,1q5vf0AlzKWylAm7LWhwWL63p0zCIfXJ0
D75_2467.JPG,160v_NiYHLht4R0InwM7vG32i6ESHyL4L
D75_2468.JPG,1N75jHoiMuyuj_tF95N_FYTwSroHYCK0Q
D75_2469.JPG,1l7bKmTi8srxBwaY5H5QrLe8kJLzvJofl
D75_2470.JPG,14MQv7ArfNtF2o36SYc1reAICrwS2lbsa
D75_2471.JPG,1BrkhoX8A6ax0dQ83FO5ZnSsYEizhJ2Va
D75_2472.JPG,12NvszmLVe77xq5SNepSAA1tgXkyfZD4A
D75_2473.JPG,1_6KNDN-xaJNfpEmNpuZyu_aIEZgMErze
D75_2474.JPG,1wQeT6jgyRlcX_ZtpUsasOGoNRzU5Vug5
D75_2475.JPG,1EbOkb0J_JbAMU9REKRw64HwEIDjsx6Hl
D75_2476.JPG,1l0p0OoHT9sQlGfi6Kw1M66obuIMhmoqq
D75_2477.JPG,1X60bCwZkv4W5JD_MuwrOQHxVxP4BsKkh
D75_2479.JPG,1fr1JtuNUd2n38MjS-aTT5E1S8qbn2Gf3
D75_2478.JPG,17jtuEmlJOGURM0DLB9Uxioh9ZbiDWVKF
D75_2480.JPG,15VPk_uWuHWJ9nG42EXXtaPuSlRafjVFD
D75_2481.JPG,1wGFgwvwo1Oo8TN_A-L2qnw_GzcsKdh23
D75_2482.JPG,1bJg-ipXI1UCt4c7yUT_PY14FNLmRErkp
D75_2483.JPG,1S8s-z_kNUQPZ78zi6nPP46q4-bKEoUrT
D75_2485.JPG,1SGWYzH_0kDa0hiqphEQpLE9nScg42K90
D75_2486.JPG,1VRQmVX619lnFngEXUrMZ3JDK6wZ69lbR
D75_2484.JPG,1CfOScgwZNBYdc6CRICCoGidU0ZfbQQPH
D75_2487.JPG,1Eci7Fjd39pfiqjIgQzfLRAPTwTECk3l3
D75_2488.JPG,1sP_hytmGWAqjJDBxzVz1u8YjCXTQ7IAx
D75_2490.JPG,1gqT4-Xfj7LYuIATmIvT4cjnTpoWSB8eP
D75_2489.JPG,1X0ZDNEwa-9-PsaelRRA9uoTPr7g3qX1x
D75_2491.JPG,1ucsUxtJZ81qd46oKgnhZ4Kw525ljIjWI
D75_2493.JPG,1NcJwiPfnBF8EML9E0j9uiFWn-34G9mLB
D75_2492.JPG,1Np1Mp1ugP3gREVYvtzgVnvHrWq1-Ewi0
D75_2494.JPG,1_W3u-8mggw8R0hYdcQ5o2f9Q_ub44XuE
D75_2495.JPG,1_2g4qaElVblOZi8-6JTDoYhG_d95bGpy
D75_2496.JPG,1VgwU069pupIJvzeprMVvr8WIsoXyGAhV
D75_2497.JPG,1whmKGKHGUND3HZLehzDZQecbcnofP4fi
D75_2498.JPG,1NiRTAdm2UzRt9dZmF0l2ekyWa0lnEX0b
D75_2499.JPG,1z27EK0MNa4kvcx28lN8Z9DYhOKxxeHHq
D75_2500.JPG,1u0dlabFnab43cUm65vg6K0KLhILAlBe0
D75_2501.JPG,1PSsFXcK8l1M4QF2mcqI-Y9_fZj6SooMa
D75_2502.JPG,1ZIQpYiEEHXKX9yHjvbc5g0WMz6ohydCr
D75_2503.JPG,1r6BWs9wLVtseAd79vq91SDjSfYzD6R47
D75_2504.JPG,1ImNa2_o3ufLHQq3DI5AXOar3NWT4p1zD
D75_2505.JPG,1pILp0kA4mFZ4IGq2z_6WK7GgyNpfl1z8
D75_2506.JPG,1O2AfxCjIkNWHGMYJwUIy1NI2N6TJ6M-M
D75_2508.JPG,1pfiX5tkP8aIL_JgkIiXox0PXVXexQEby
D75_2507.JPG,1XTdCCuvZfr27KlBjgp33M9C95EYs5piw
D75_2509.JPG,1WB3q9k7qiZPxy9_hNaZfET7lAuxhHQPc
D75_2510.JPG,1nTcb91bMLU9m95hzXDf-xRZwjhs4BaVh
D75_2511.JPG,1UTzzZG5cOcEkpF-6h6uUO7c0HQc2Nxhd
D75_2513.JPG,13oBL400POlyNfXENaaOgOPZ7LCr-Od0O
D75_2512.JPG,1nAClU0vW74trwsGRYuKXl6J4bdODLIg5
D75_2514.JPG,1fPW8THD1mN21adPReP5RhedRSuBFW4ks
D75_2515.JPG,14Uj3GR4ucpe02ztXI6uGE_tfzckFNG0e
D75_2516.JPG,1Cn803sCSQIle1tE5s9b70-Pim2f5Lq3G
D75_2517.JPG,1dyuL8yyG-KjixhSEikHkWjQQXkJkIPa2
D75_2518.JPG,1sTiwPB_1Kw6QNZz6q-IpkRR_eDdt-VrA
D75_2519.JPG,1Yl1Pt-H2y5xUVCXuLGQ0E0Kyi1PZDIj3
D75_2520.JPG,1E4EK7uxfYPLjj4Gkr0-YZo5ZWOESCLCE
D75_2521.JPG,18dtXbHUfq3lZrWISkd-Rshd9OdzI2Jga
D75_2522.JPG,10kWBJmcc5huB49GlpUHKzO39A2-gq3gC
D75_2523.JPG,1AdsT0k6T2y9B6KOdye26bZiM7ZsT2sKO
D75_2524.JPG,1i_5lp0r0Si-Kin9hkvV_lHyW-8Cq_mIY
D75_2525.JPG,19k84M33LKKXOziLKT3QDaWpleokeXdCU
D75_2526.JPG,1akNam5NcLUBC96LJUhvFOW2kARsXKy5N
D75_2527.JPG,12GrW8CFvFVJHig0dgPHDltKpjE5h9J3x
D75_2528.JPG,1Jnsx8jk5KFPihy6nmpnMZpceZVdhZ7_l
D75_2529.JPG,1J2WUEDf2TerrlKZfCYjlXYwp5Ta3kHrc
D75_2530.JPG,1jsa3Dxe66UkUkulhxRgE7DUq5aQ9B4qz
D75_2532.JPG,1-kHEJpPxphsd3u56ZH-TAe_6uSEewXSW
D75_2531.JPG,1LBQIgphoZO17SYiDMYQX3MMJYs_NbAlm
D75_2533.JPG,13e57BZvp4vgqN-6Da8ahxxgw_dHLKZ5Y
D75_2534.JPG,1bHZtZc2j45x4yA29kngJUxlSSkbUtd5Y
D75_2535.JPG,1bFT1tj6siflbNDKVE2s4u3dmEp5ZZoAG
D75_2537.JPG,1zYsukDPvD4HY83dZJqFsX9hLsqKM_kax
D75_2536.JPG,1HmrBGk6QP-orr1u3AoTM1ruS6LbhV685
D75_2538.JPG,1-8J5NnzCH-A-JDBAKADz0jdtUH_FK22q
D75_2539.JPG,1C8QUY2LLwI2B_rJo8jeb61OM6zGaPE95
D75_2540.JPG,1ilHj4Cn06cgJzJDtKB51C7TN2GFGzlS8
D75_2541.JPG,1SOS-SaM1qHTwFn_Pctn22oFsPxU6JtRS
D75_2542.JPG,1j4tKwSD_XlOA_HnaSJ6sbhVMv2ZVy9Fm
D75_2543.JPG,1_EOiDWUyBtG2ez7dNkZVtshG_9twjE9A
D75_2544.JPG,14ZsYmUWUneqMw8V9GpMF3wsACfqWPxJy
D75_2545.JPG,1YrMQG3Ql45Ute3H68DildL73Xiy5Uvo-
D75_2546.JPG,1zB0oRvJKHY4FE8qyFVc5HM9J40hsb4OI
D75_2547.JPG,1I8uxSlqCrjZtO9AriQKwLDXt2WxQwKDd
D75_2549.JPG,1ELV5x40UXgfjEfrGpJwxf9kqmsV7vWS_
D75_2548.JPG,1_x0COOjg4vsUcj_OcpT_1ogUcz9hcfrR
D75_2550.JPG,1K6iZ4lJBdkUG2qK7pHyDpLlJrxvYXyEz
D75_2551.JPG,1LbrX7KGdgRMHwux85GyphMRJDRrdQqeW
D75_2552.JPG,1bd3pwNEEizQxT6Qa5O2SlRiTeqwLtdp-
D75_2553.JPG,1GGaZwXw4XG3U9JqVipllZUDJ2KN-yZmm
D75_2554.JPG,1SphSSM5yf7D5AxY5VA0KFvWOkHorA63B
D75_2555.JPG,1aqDOUeP2BvCFtF9ZaeXHiTloGbWAmPul
D75_2557.JPG,17kZEEGHDMIvxdlFRX1SS2QFgQZUaixkC
D75_2556.JPG,1N4I-YEGz9GtinYKWKw4kORCOdKXY9GBJ
D75_2558.JPG,1qSp1O29nFI9NZ0QVVOF1AatwgcNItjme
D75_2559.JPG,1kw9UMcjam_IBQKEKWWLBHaKhNnji4jte
D75_2560.JPG,1y6sPqVgySLYay4aMSKzGgXrbqmmQ1d6B
D75_2561.JPG,1OXeSL-GxEVzAjym6jAFFVrJofgl2q6B4
D75_2562.JPG,1O0zi8ZdF-yYN46_Kn5JlhoN1WIvACtXS
D75_2563.JPG,1LUY-_8MWiXnxWcWJbNVu8Ea47Eq2P-hh
D75_2564.JPG,1cNxTOpWKM_UoOir6uY83ggyKjsCT91Bj
D75_2565.JPG,1d44aIz5eJg1VaGHwdTNoVKWlyLG6f09e
D75_2566.JPG,1JTm2uVpUmNeIppABtzw9tPDIWFib_sTH
D75_2567.JPG,1qdXgb-6VK1Rc1hjCamPxaqHkyJwLvmeC
D75_2568.JPG,1nolm2RdnGDR_JDd7Ah85rLzYasKgn1Jp
D75_2569.JPG,1fxXktBZMQx4JM9jyz9oo0EA2JbuVTO0x
D75_2570.JPG,1casVCctlEpDVWZ03BtS88MrLLldBeB6i
D75_2571.JPG,10RlpP2xopZ4EX-cGBVUvH5b3GMwzcQPS
D75_2572.JPG,1MQ8A6h_qgxB-TLt9ZHhUWS5F58ym4teK
D75_2573.JPG,1WcpY2BwybxykROP4BXEwtdkwR2Fks9VK
D75_2574.JPG,1P6B4BCHmSm1G3USqTC0ygIOdo9EBMGAh
D75_2576.JPG,11CnCZ30oKdBIShhF3uGuu4x_Omt63f9K
D75_2577.JPG,1RvOlhRbIDJlUyeGxbZZsZMQLqAuZaqk4
D75_2578.JPG,1U00sV6k-4mbz7PZVwq59kbt74qvPmJS7
D75_2579.JPG,16HuaBofIq-GaHT_rZYg6__i2X1c8Ta4a
D75_2580.JPG,19kq7GuKrh2VMlQnEJBlkida2if5OV5En
D75_2582.JPG,1vRQI8yTwJZ68Dq1Q5-rgUor7xDPsKWsT
D75_2581.JPG,1KifA0BrsPnUbV7Uo4b-QHapLU5TJpjKd
D75_2583.JPG,1qNOdVE29nSoCN0URRUbfZpAIrsfCW6sF
D75_2584.JPG,17ad5tgT0AqFtlErJlwyulin7P27aqEvu
D75_2585.JPG,1EN50rPRgElxPdhWmOwfPHesXbG5rZH0D
D75_2587.JPG,1D7j6wFb0hQV0b6bYFshIr-Sc8FLoHK-J
D75_2586.JPG,1DGRaD3DSJKYn8o_qBPRYU0UiFe6ASwDs
D75_2589.JPG,1vZKN-gqwF3m9Nx2AAEvgZ7WgHt17dQKM
D75_2588.JPG,1N3N9v81yYH2sFWIjB0zC4n16xtBc1qEP
D75_2590.JPG,1TDmIxupNX5ycc384AySnHCIDwia_MEUo
D75_2591.JPG,1mFXZusjJCurJHXdSBbDhaAmiDtTUVwcv
D75_2593.JPG,18b_hyQ3udUImTyTt_W5SiU5up5dAKRBV
D75_2595.JPG,1cx58Q2jSxJFN80mfHnEq-F72H2DvJLKr
D75_2594.JPG,1d78tUb0nL9WMUbO9g-enaR81IwGppq_j
D75_2596.JPG,1aFJt03GeL1JuBB_QlGn-6u_IurEoWOyS
D75_2597.JPG,172FEuwv2J4JQODa7atTk62jcB-B6zoBx
D75_2599.JPG,1PoZ5OKgJFQBO8nVrtYzOzHMIB_0wzZxG
D75_2600.JPG,1ok_4m_2R6dTv-lx7H0_qgJOm4TU77ZUV
D75_2601.JPG,18D5QyaPTd8ku79__XT2jnO-8G7lzjZml
D75_2602.JPG,1mFIOovCGt1IHnnk7y5XX-cEBmiQILdHC
D75_2603.JPG,1NbxszxD59ClOuVS_ehOyXwTXjy-MkZMl
D75_2604.JPG,1HdvLRRKPpmpCju_Otbf3vsbTTg2bPrql
D75_2605.JPG,1ChTpqtsZ6eUe7XW2KGCXVzVUDoLocOZH
D75_2606.JPG,135a-E6NcuLyccGp4rGXMa369Vm3VHkKA
D75_2607.JPG,1QC8laSWvAmzy5swB0RU060qsjyqOkRdL
0000.jpg,0
0001.jpg,1
0002.jpg,2
0003.jpg,3
0004.jpg,4
0005.jpg,5
0006.jpg,6
0007.jpg,7
0008.jpg,8
0009.jpg,9
0010.jpg,10
0011.jpg,11
0012.jpg,12
0013.jpg,13
0014.jpg,14
0015.jpg,15
0016.jpg,16
0017.jpg,17
0018.jpg,18
0019.jpg,19
0020.jpg,20
0021.jpg,21
0022.jpg,22
0023.jpg,23
0024.jpg,24
0025.jpg,25
0026.jpg,26
0027.jpg,27
0028.jpg,28
0029.jpg,29
0030.jpg,30
0031.jpg,31
0032.jpg,32
0033.jpg,33
0034.jpg,34
0035.jpg,35
0036.jpg,36
0037.jpg,37
0038.jpg,38
0039.jpg,39
0040.jpg,40
0041.jpg,41
0042.jpg,42
0043.jpg,43
0044.jpg,44
0045.jpg,45
0046.jpg,46
0047.jpg,47
0048.jpg,48
0049.jpg,49
0050.jpg,50
0051.jpg,51
0052.jpg,52
0053.jpg,53
0054.jpg,54
0055.jpg,55
0056.jpg,56
0057.jpg,57
0058.jpg,58
0059.jpg,59
0060.jpg,60
0061.jpg,61
0062.jpg,62
0063.jpg,63
0064.jpg,64
0065.jpg,65
0066.jpg,66
0067.jpg,67
0068.jpg,68
0069.jpg,69
0070.jpg,70
0071.jpg,71
0072.jpg,72
0073.jpg,73
0074.jpg,74
0075.jpg,75
0076.jpg,76
0077.jpg,77
0078.jpg,78
0079.jpg,79
0080.jpg,80
0081.jpg,81
0082.jpg,82
0083.jpg,83
0084.jpg,84
0085.jpg,85
0086.jpg,86
0087.jpg,87
0088.jpg,88
0089.jpg,89
0090.jpg,90
0091.jpg,91
0092.jpg,92
0093.jpg,93
0094.jpg,94
0095.jpg,95
0096.jpg,96
0097.jpg,97
0098.jpg,98
0099.jpg,99
0100.jpg,100
0101.jpg,101
0102.jpg,102
0103.jpg,103
0104.jpg,104
0105.jpg,105
0106.jpg,106
0107.jpg,107
0108.jpg,108
0109.jpg,109
0110.jpg,110
0111.jpg,111
0112.jpg,112
0113.jpg,113
0114.jpg,114
0115.jpg,115
0116.jpg,116
0117.jpg,117
0118.jpg,118
0119.jpg,119
0120.jpg,120
0121.jpg,121
0122.jpg,122
0123.jpg,123
0124.jpg,124
0125.jpg,125
0126.jpg,126
0127.jpg,127
0128.jpg,128
0129.jpg,129
0130.jpg,130
0131.jpg,131
0132.jpg,132
0133.jpg,133
0134.jpg,134
0135.jpg,135
0136.jpg,136
0137.jpg,137
0138.jpg,138
0139.jpg,139
0140.jpg,140
0141.jpg,141
0142.jpg,142
0143.jpg,143
0144.jpg,144
0145.jpg,145
0146.jpg,146
0147.jpg,147
0148.jpg,148
0149.jpg,149
0150.jpg,150
0151.jpg,151
0152.jpg,152
0153.jpg,153
0154.jpg,154
0155.jpg,155
0156.jpg,156
0157.jpg,157
0158.jpg,158
0159.jpg,159
0160.jpg,160
0161.jpg,161
0162.jpg,162
0163.jpg,163
0164.jpg,164
0165.jpg,165
0166.jpg,166
0167.jpg,167
0168.jpg,168
0169.jpg,169
0170.jpg,170
0171.jpg,171
0172.jpg,172
0173.jpg,173
0174.jpg,174
0175.jpg,175
0176.jpg,176
0177.jpg,177
0178.jpg,178
0179.jpg,179
0180.jpg,180
0181.jpg,181
0182.jpg,182
0183.jpg,183
0184.jpg,184
0185.jpg,185
0186.jpg,186
0187.jpg,187
0188.jpg,188
0189.jpg,189
0190.jpg,190
0191.jpg,191
0192.jpg,192
0193.jpg,193
0194.jpg,194
0195.jpg,195
0196.jpg,196
0197.jpg,197
0198.jpg,198
0199.jpg,199
0200.jpg,200
0201.jpg,201
0202.jpg,202
0203.jpg,203
0204.jpg,204
0205.jpg,205
0206.jpg,206
0207.jpg,207
0208.jpg,208
0209.jpg,209
0210.jpg,210
0211.jpg,211
0212.jpg,212
0213.jpg,213
0214.jpg,214
0215.jpg,215
0216.jpg,216
0217.jpg,217
0218.jpg,218
0219.jpg,219
0220.jpg,220
0221.jpg,221
0222.jpg,222
0223.jpg,223
0224.jpg,224
0225.jpg,225
0226.jpg,226
0227.jpg,227
0228.jpg,228
0229.jpg,229
0230.jpg,230
0231.jpg,231
0232.jpg,232
0233.jpg,233
0234.jpg,234
0235.jpg,235
0236.jpg,236
0237.jpg,237
0238.jpg,238
0239.jpg,239
0240.jpg,240
0241.jpg,241
0242.jpg,242
0243.jpg,243
0244.jpg,244
0245.jpg,245
0246.jpg,246
0247.jpg,247
0248.jpg,248
0249.jpg,249
0250.jpg,250
0251.jpg,251
0252.jpg,252
0253.jpg,253
0254.jpg,254
0255.jpg,255
0256.jpg,256
0257.jpg,257
0258.jpg,258
0259.jpg,259
0260.jpg,260
0261.jpg,261
0262.jpg,262
0263.jpg,263
0264.jpg,264
0265.jpg,265
0266.jpg,266
0267.jpg,267
0268.jpg,268
0269.jpg,269
0270.jpg,270
0271.jpg,271
0272.jpg,272
0273.jpg,273
0274.jpg,274
0275.jpg,275
0276.jpg,276
0277.jpg,277
0278.jpg,278
0279.jpg,279
0280.jpg,280
0281.jpg,281
0282.jpg,282
0283.jpg,283
0284.jpg,284
0285.jpg,285
0286.jpg,286
0287.jpg,287
0288.jpg,288
0289.jpg,289
0290.jpg,290
0291.jpg,291
0292.jpg,292
0293.jpg,293
0294.jpg,294
0295.jpg,295
0296.jpg,296
0297.jpg,297
0298.jpg,298
0299.jpg,299
0300.jpg,300
0301.jpg,301
0302.jpg,302
0303.jpg,303
0304.jpg,304
0305.jpg,305
0306.jpg,306
0307.jpg,307
0308.jpg,308
0309.jpg,309
0310.jpg,310
0311.jpg,311
0312.jpg,312
0313.jpg,313
0314.jpg,314
0315.jpg,315
0316.jpg,316
0317.jpg,317
0318.jpg,318
0319.jpg,319
0320.jpg,320
0321.jpg,321
0322.jpg,322
0323.jpg,323
0324.jpg,324
0325.jpg,325
0326.jpg,326
0327.jpg,327
0328.jpg,328
0329.jpg,329
0330.jpg,330
0331.jpg,331
0332.jpg,332
0333.jpg,333
0334.jpg,334
0335.jpg,335
0336.jpg,336
0337.jpg,337
0338.jpg,338
0339.jpg,339
0340.jpg,340
0341.jpg,341
0342.jpg,342
0343.jpg,343
0344.jpg,344
0345.jpg,345
0346.jpg,346
0347.jpg,347
0348.jpg,348
0349.jpg,349
0350.jpg,350
0351.jpg,351
0352.jpg,352
0353.jpg,353
0354.jpg,354
0355.jpg,355
0356.jpg,356
0357.jpg,357
0358.jpg,358
0359.jpg,359
0360.jpg,360
0361.jpg,361
0362.jpg,362
0363.jpg,363
0364.jpg,364
0365.jpg,365
0366.jpg,366
0367.jpg,367
0368.jpg,368
0369.jpg,369
0370.jpg,370
0371.jpg,371
0372.jpg,372
0373.jpg,373
0374.jpg,374
0375.jpg,375
0376.jpg,376
0377.jpg,377
0378.jpg,378
0379.jpg,379
0380.jpg,380
0381.jpg,381
0382.jpg,382
0383.jpg,383
0384.jpg,384
0385.jpg,385
0386.jpg,386
0387.jpg,387
0388.jpg,388
0389.jpg,389
0390.jpg,390
0391.jpg,391
0392.jpg,392
0393.jpg,393
0394.jpg,394
0395.jpg,395
0396.jpg,396
0397.jpg,397
0398.jpg,398
0399.jpg,399
0400.jpg,400
0401.jpg,401
0402.jpg,402
0403.jpg,403
0404.jpg,404
0405.jpg,405
0406.jpg,406
0407.jpg,407
0408.jpg,408
0409.jpg,409
0410.jpg,410
0411.jpg,411
0412.jpg,412
0413.jpg,413
0414.jpg,414
0415.jpg,415
0416.jpg,416
0417.jpg,417
0418.jpg,418
0419.jpg,419
0420.jpg,420
0421.jpg,421
0422.jpg,422
0423.jpg,423
0424.jpg,424
0425.jpg,425
0426.jpg,426
0427.jpg,427
0428.jpg,428
0429.jpg,429
0430.jpg,430
0431.jpg,431
0432.jpg,432
0433.jpg,433
0434.jpg,434
0435.jpg,435
0436.jpg,436
0437.jpg,437
0438.jpg,438
0439.jpg,439
0440.jpg,440
0441.jpg,441
0442.jpg,442
0443.jpg,443
0444.jpg,444
0445.jpg,445
0446.jpg,446
0447.jpg,447
0448.jpg,448
0449.jpg,449
0450.jpg,450
0451.jpg,451
0452.jpg,452
0453.jpg,453
0454.jpg,454
0455.jpg,455
0456.jpg,456
0457.jpg,457
0458.jpg,458
0459.jpg,459
0460.jpg,460
0461.jpg,461
0462.jpg,462
0463.jpg,463
0464.jpg,464
0465.jpg,465
0466.jpg,466
0467.jpg,467
0468.jpg,468
0469.jpg,469
0470.jpg,470
0471.jpg,471
0472.jpg,472
0473.jpg,473
0474.jpg,474
0475.jpg,475
0476.jpg,476
0477.jpg,477
0478.jpg,478
0479.jpg,479
0480.jpg,480
0481.jpg,481
0482.jpg,482
0483.jpg,483
0484.jpg,484
0485.jpg,485
0486.jpg,486
0487.jpg,487
0488.jpg,488
0489.jpg,489
0490.jpg,490
0491.jpg,491
0492.jpg,492
0493.jpg,493
0494.jpg,494
0495.jpg,495
0496.jpg,496
0497.jpg,497
0498.jpg,498
0499.jpg,499
0500.jpg,500
0501.jpg,501
0502.jpg,502
0503.jpg,503
0504.jpg,504
0505.jpg,505
0506.jpg,506
0507.jpg,507
0508.jpg,508
0509.jpg,509
0510.jpg,510
0511.jpg,511
0512.jpg,512
0513.jpg,513
0514.jpg,514
0515.jpg,515
0516.jpg,516
0517.jpg,517
0518.jpg,518
0519.jpg,519
0520.jpg,520
0521.jpg,521
0522.jpg,522
0523.jpg,523
0524.jpg,524
0525.jpg,525
0526.jpg,526
0527.jpg,527
0528.jpg,528
0529.jpg,529
0530.jpg,530
0531.jpg,531
0532.jpg,532
0533.jpg,533
0534.jpg,534
0535.jpg,535
0536.jpg,536
0537.jpg,537
0538.jpg,538
0539.jpg,539
0540.jpg,540
0541.jpg,541
0542.jpg,542
0543.jpg,543
0544.jpg,544
0545.jpg,545
0546.jpg,546
0547.jpg,547
0548.jpg,548
0549.jpg,549
0550.jpg,550
0551.jpg,551
0552.jpg,552
0553.jpg,553
0554.jpg,554
0555.jpg,555
0556.jpg,556
0557.jpg,557
0558.jpg,558
0559.jpg,559
0560.jpg,560
0561.jpg,561
0562.jpg,562
0563.jpg,563
0564.jpg,564
0565.jpg,565
0566.jpg,566
0567.jpg,567
0568.jpg,568
0569.jpg,569
0570.jpg,570
0571.jpg,571
0572.jpg,572
0573.jpg,573
0574.jpg,574
0575.jpg,575
0576.jpg,576
0577.jpg,577
0578.jpg,578
0579.jpg,579
0580.jpg,580
0581.jpg,581
0582.jpg,582
0583.jpg,583
0584.jpg,584
0585.jpg,585
0586.jpg,586
0587.jpg,587
0588.jpg,588
0589.jpg,589
0590.jpg,590
0591.jpg,591
0592.jpg,592
0593.jpg,593
0594.jpg,594
0595.jpg,595
0596.jpg,596
0597.jpg,597
0598.jpg,598
0599.jpg,599
0600.jpg,600
0601.jpg,601
0602.jpg,602
0603.jpg,603
0604.jpg,604
0605.jpg,605
0606.jpg,606
0607.jpg,607
0608.jpg,608
0609.jpg,609
0610.jpg,610
0611.jpg,611
0612.jpg,612
0613.jpg,613
0614.jpg,614
0615.jpg,615
0616.jpg,616
0617.jpg,617
0618.jpg,618
0619.jpg,619
0620.jpg,620
0621.jpg,621
0622.jpg,622
0623.jpg,623
0624.jpg,624
0625.jpg,625
0626.jpg,626
0627.jpg,627
0628.jpg,628
0629.jpg,629
0630.jpg,630
0631.jpg,631
0632.jpg,632
0633.jpg,633
0634.jpg,634
0635.jpg,635
0636.jpg,636
0637.jpg,637
0638.jpg,638
0639.jpg,639
0640.jpg,640
0641.jpg,641
0642.jpg,642
0643.jpg,643
0644.jpg,644
0645.jpg,645
0646.jpg,646
0647.jpg,647
0648.jpg,648
0649.jpg,649
0650.jpg,650
0651.jpg,651
0652.jpg,652
0653.jpg,653
0654.jpg,654
0655.jpg,655
0656.jpg,656
0657.jpg,657
0658.jpg,658
0659.jpg,659
0660.jpg,660
0661.jpg,661
0662.jpg,662
0663.jpg,663
0664.jpg,664
0665.jpg,665
0666.jpg,666
0667.jpg,667
0668.jpg,668
0669.jpg,669
0670.jpg,670
0671.jpg,671
0672.jpg,672
0673.jpg,673
0674.jpg,674
0675.jpg,675
0676.jpg,676
0677.jpg,677
0678.jpg,678
0679.jpg,679
0680.jpg,680
0681.jpg,681
0682.jpg,682
0683.jpg,683
0684.jpg,684
0685.jpg,685
0686.jpg,686
0687.jpg,687
0688.jpg,688
0689.jpg,689
0690.jpg,690
0691.jpg,691
0692.jpg,692
0693.jpg,693
0694.jpg,694
0695.jpg,695
0696.jpg,696
0697.jpg,697
0698.jpg,698
0699.jpg,699
0700.jpg,700
0701.jpg,701
0702.jpg,702
0703.jpg,703
0704.jpg,704
0705.jpg,705
0706.jpg,706
0707.jpg,707
0708.jpg,708
0709.jpg,709
0710.jpg,710
0711.jpg,711
0712.jpg,712
0713.jpg,713
0714.jpg,714
0715.jpg,715
0716.jpg,716
0717.jpg,717
0718.jpg,718
0719.jpg,719
0720.jpg,720
0721.jpg,721
0722.jpg,722
0723.jpg,723
0724.jpg,724
0725.jpg,725
0726.jpg,726
0727.jpg,727
0728.jpg,728
0729.jpg,729
0730.jpg,730
0731.jpg,731
0732.jpg,732
0733.jpg,733
0734.jpg,734
0735.jpg,735
0736.jpg,736
0737.jpg,737
0738.jpg,738
0739.jpg,739
0740.jpg,740
0741.jpg,741
0742.jpg,742
0743.jpg,743
0744.jpg,744
0745.jpg,745
0746.jpg,746
0747.jpg,747
0748.jpg,748
0749.jpg,749
0750.jpg,750
0751.jpg,751
0752.jpg,752
0753.jpg,753
0754.jpg,754
0755.jpg,755
0756.jpg,756
0757.jpg,757
0758.jpg,758
0759.jpg,759
0760.jpg,760
0761.jpg,761
0762.jpg,762
0763.jpg,763
0764.jpg,764
0765.jpg,765
0766.jpg,766
0767.jpg,767
0768.jpg,768
0769.jpg,769
0770.jpg,770
0771.jpg,771
0772.jpg,772
0773.jpg,773
0774.jpg,774
0775.jpg,775
0776.jpg,776
0777.jpg,777
0778.jpg,778
0779.jpg,779
0780.jpg,780
0781.jpg,781
0782.jpg,782
0783.jpg,783
0784.jpg,784
0785.jpg,785
0786.jpg,786
0787.jpg,787
0788.jpg,788
0789.jpg,789
0790.jpg,790
0791.jpg,791
0792.jpg,792
0793.jpg,793
0794.jpg,794
0795.jpg,795
0796.jpg,796
0797.jpg,797
0798.jpg,798
0799.jpg,799
0800.jpg,800
0801.jpg,801
0802.jpg,802
0803.jpg,803
0804.jpg,804
0805.jpg,805
0806.jpg,806
0807.jpg,807
0808.jpg,808
0809.jpg,809
0810.jpg,810
0811.jpg,811
0812.jpg,812
0813.jpg,813
0814.jpg,814
0815.jpg,815
0816.jpg,816
0817.jpg,817
0818.jpg,818
0819.jpg,819
0820.jpg,820
0821.jpg,821
0822.jpg,822
0823.jpg,823
0824.jpg,824
0825.jpg,825
0826.jpg,826
0827.jpg,827
0828.jpg,828
0829.jpg,829
0830.jpg,830
0831.jpg,831
0832.jpg,832
0833.jpg,833
0834.jpg,834
0835.jpg,835
0836.jpg,836
0837.jpg,837
0838.jpg,838
0839.jpg,839
0840.jpg,840
0841.jpg,841
0842.jpg,842
0843.jpg,843
0844.jpg,844
0845.jpg,845
0846.jpg,846
0847.jpg,847
0848.jpg,848
0849.jpg,849
0850.jpg,850
0851.jpg,851
0852.jpg,852
0853.jpg,853
0854.jpg,854
0855.jpg,855
0856.jpg,856
0857.jpg,857
0858.jpg,858
0859.jpg,859
0860.jpg,860
0861.jpg,861
0862.jpg,862
0863.jpg,863
0864.jpg,864
0865.jpg,865
0866.jpg,866
0867.jpg,867
0868.jpg,868
0869.jpg,869
0870.jpg,870
0871.jpg,871
0872.jpg,872
0873.jpg,873
0874.jpg,874
0875.jpg,875
0876.jpg,876
0877.jpg,877
0878.jpg,878
0879.jpg,879
0880.jpg,880
0881.jpg,881
0882.jpg,882
0883.jpg,883
0884.jpg,884
0885.jpg,885
0886.jpg,886
0887.jpg,887
0888.jpg,888
0889.jpg,889
0890.jpg,890
0891.jpg,891
0892.jpg,892
0893.jpg,893
0894.jpg,894
0895.jpg,895
0896.jpg,896
0897.jpg,897
0898.jpg,898
0899.jpg,899
0900.jpg,900
0901.jpg,901
0902.jpg,902
0903.jpg,903
0904.jpg,904
0905.jpg,905
0906.jpg,906
0907.jpg,907
0908.jpg,908
0909.jpg,909
0910.jpg,910
0911.jpg,911
0912.jpg,912
0913.jpg,913
0914.jpg,914
0915.jpg,915
0916.jpg,916
0917.jpg,917
0918.jpg,918
0919.jpg,919
0920.jpg,920
0921.jpg,921
0922.jpg,922
0923.jpg,923
0924.jpg,924
0925.jpg,925
0926.jpg,926
0927.jpg,927
0928.jpg,928
0929.jpg,929
0930.jpg,930
0931.jpg,931
0932.jpg,932
0933.jpg,933
0934.jpg,934
0935.jpg,935
0936.jpg,936
0937.jpg,937
0938.jpg,938
0939.jpg,939
0940.jpg,940
0941.jpg,941
0942.jpg,942
0943.jpg,943
0944.jpg,944
0945.jpg,945
0946.jpg,946
0947.jpg,947
0948.jpg,948
0949.jpg,949
0950.jpg,950
0951.jpg,951
0952.jpg,952
0953.jpg,953
0954.jpg,954
0955.jpg,955
0956.jpg,956
0957.jpg,957
0958.jpg,958
0959.jpg,959
0960.jpg,960
0961.jpg,961
0962.jpg,962
0963.jpg,963
0964.jpg,964
0965.jpg,965
0966.jpg,966
0967.jpg,967
0968.jpg,968
0969.jpg,969
0970.jpg,970
0971.jpg,971
0972.jpg,972
0973.jpg,973
0974.jpg,974
0975.jpg,975
0976.jpg,976
0977.jpg,977
0978.jpg,978
0979.jpg,979
0980.jpg,980
0981.jpg,981
0982.jpg,982
0983.jpg,983
0984.jpg,984
0985.jpg,985
0986.jpg,986
0987.jpg,987
0988.jpg,988
0989.jpg,989
0990.jpg,990
0991.jpg,991
0992.jpg,992
0993.jpg,993
0994.jpg,994
0995.jpg,995
0996.jpg,996
0997.jpg,997
0998.jpg,998
0999.jpg,999
1000.jpg,1000
1001.jpg,1001
1002.jpg,1002
1003.jpg,1003
1004.jpg,1004
1005.jpg,1005
1006.jpg,1006
1007.jpg,1007
1008.jpg,1008
1009.jpg,1009
1010.jpg,1010
1011.jpg,1011
1012.jpg,1012
1013.jpg,1013
1014.jpg,1014
1015.jpg,1015
1016.jpg,1016
1017.jpg,1017
1018.jpg,1018
1019.jpg,1019
1020.jpg,1020
1021.jpg,1021
1022.jpg,1022
1023.jpg,1023
1024.jpg,1024
1025.jpg,1025
1026.jpg,1026
1027.jpg,1027
1028.jpg,1028
1029.jpg,1029
1030.jpg,1030
1031.jpg,1031
1032.jpg,1032
1033.jpg,1033
1034.jpg,1034
1035.jpg,1035
1036.jpg,1036
1037.jpg,1037
1038.jpg,1038
1039.jpg,1039
1040.jpg,1040
1041.jpg,1041
1042.jpg,1042
1043.jpg,1043
1044.jpg,1044
1045.jpg,1045
1046.jpg,1046
1047.jpg,1047
1048.jpg,1048
1049.jpg,1049
1050.jpg,1050
1051.jpg,1051
1052.jpg,1052
1053.jpg,1053
1054.jpg,1054
1055.jpg,1055
1056.jpg,1056
1057.jpg,1057
1058.jpg,1058
1059.jpg,1059
1060.jpg,1060
1061.jpg,1061
1062.jpg,1062
1063.jpg,1063
1064.jpg,1064
1065.jpg,1065
1066.jpg,1066
1067.jpg,1067
1068.jpg,1068
1069.jpg,1069
1070.jpg,1070
1071.jpg,1071
1072.jpg,1072
1073.jpg,1073
1074.jpg,1074
1075.jpg,1075
1076.jpg,1076
1077.jpg,1077
1078.jpg,1078
1079.jpg,1079
1080.jpg,1080
1081.jpg,1081
1082.jpg,1082
1083.jpg,1083
1084.jpg,1084
1085.jpg,1085
1086.jpg,1086
1087.jpg,1087
1088.jpg,1088
1089.jpg,1089
1090.jpg,1090
1091.jpg,1091
1092.jpg,1092
1093.jpg,1093
1094.jpg,1094
1095.jpg,1095
1096.jpg,1096
1097.jpg,1097
1098.jpg,1098
1099.jpg,1099
1100.jpg,1100
1101.jpg,1101
1102.jpg,1102
1103.jpg,1103
1104.jpg,1104
1105.jpg,1105
1106.jpg,1106
1107.jpg,1107
1108.jpg,1108
1109.jpg,1109
1110.jpg,1110
1111.jpg,1111
1112.jpg,1112
1113.jpg,1113
1114.jpg,1114
1115.jpg,1115
1116.jpg,1116
1117.jpg,1117
1118.jpg,1118
1119.jpg,1119
1120.jpg,1120
1121.jpg,1121
1122.jpg,1122
1123.jpg,1123
1124.jpg,1124
1125.jpg,1125
1126.jpg,1126
1127.jpg,1127
1128.jpg,1128
1129.jpg,1129
1130.jpg,1130
1131.jpg,1131
1132.jpg,1132
1133.jpg,1133
1134.jpg,1134
1135.jpg,1135
1136.jpg,1136
1137.jpg,1137
1138.jpg,1138
1139.jpg,1139
1140.jpg,1140
1141.jpg,1141
1142.jpg,1142
1143.jpg,1143
1144.jpg,1144
1145.jpg,1145
1146.jpg,1146
1147.jpg,1147
1148.jpg,1148
1149.jpg,1149
1150.jpg,1150
1151.jpg,1151
1152.jpg,1152
1153.jpg,1153
1154.jpg,1154
1155.jpg,1155
1156.jpg,1156
1157.jpg,1157
1158.jpg,1158
1159.jpg,1159
1160.jpg,1160
1161.jpg,1161
1162.jpg,1162
1163.jpg,1163
1164.jpg,1164
1165.jpg,1165
1166.jpg,1166
1167.jpg,1167
1168.jpg,1168
1169.jpg,1169
1170.jpg,1170
1171.jpg,1171
1172.jpg,1172
1173.jpg,1173
1174.jpg,1174
1175.jpg,1175
1176.jpg,1176
1177.jpg,1177
1178.jpg,1178
1179.jpg,1179
1180.jpg,1180
1181.jpg,1181
1182.jpg,1182
1183.jpg,1183
1184.jpg,1184
1185.jpg,1185
1186.jpg,1186
1187.jpg,1187
1188.jpg,1188
1189.jpg,1189
1190.jpg,1190
1191.jpg,1191
1192.jpg,1192
1193.jpg,1193
1194.jpg,1194
1195.jpg,1195
1196.jpg,1196
1197.jpg,1197
1198.jpg,1198
1199.jpg,1199
1200.jpg,1200
1201.jpg,1201
1202.jpg,1202
1203.jpg,1203
1204.jpg,1204
1205.jpg,1205
1206.jpg,1206
1207.jpg,1207
1208.jpg,1208
1209.jpg,1209
1210.jpg,1210
1211.jpg,1211
1212.jpg,1212
1213.jpg,1213
1214.jpg,1214
1215.jpg,1215
1216.jpg,1216
1217.jpg,1217
1218.jpg,1218
1219.jpg,1219
1220.jpg,1220
1221.jpg,1221
1222.jpg,1222
1223.jpg,1223
1224.jpg,1224
1225.jpg,1225
1226.jpg,1226
1227.jpg,1227
1228.jpg,1228
1229.jpg,1229
1230.jpg,1230
1231.jpg,1231
1232.jpg,1232
1233.jpg,1233
1234.jpg,1234
1235.jpg,1235
1236.jpg,1236
1237.jpg,1237
1238.jpg,1238
1239.jpg,1239
1240.jpg,1240
1241.jpg,1241
1242.jpg,1242
1243.jpg,1243
1244.jpg,1244
1245.jpg,1245
1246.jpg,1246
1247.jpg,1247
1248.jpg,1248
1249.jpg,1249
1250.jpg,1250
1251.jpg,1251
1252.jpg,1252
1253.jpg,1253
1254.jpg,1254
1255.jpg,1255
1256.jpg,1256
1257.jpg,1257
1258.jpg,1258
1259.jpg,1259
1260.jpg,1260
1261.jpg,1261
1262.jpg,1262
1263.jpg,1263
1264.jpg,1264
1265.jpg,1265
1266.jpg,1266
1267.jpg,1267
1268.jpg,1268
1269.jpg,1269
1270.jpg,1270
1271.jpg,1271
1272.jpg,1272
1273.jpg,1273
1274.jpg,1274
1275.jpg,1275
1276.jpg,1276
1277.jpg,1277
1278.jpg,1278
1279.jpg,1279
1280.jpg,1280
1281.jpg,1281
1282.jpg,1282
1283.jpg,1283
1284.jpg,1284
1285.jpg,1285
1286.jpg,1286
1287.jpg,1287
1288.jpg,1288
1289.jpg,1289
1290.jpg,1290
1291.jpg,1291
1292.jpg,1292
1293.jpg,1293
1294.jpg,1294
1295.jpg,1295
1296.jpg,1296
1297.jpg,1297
1298.jpg,1298
1299.jpg,1299
1300.jpg,1300
1301.jpg,1301
1302.jpg,1302
1303.jpg,1303
1304.jpg,1304
1305.jpg,1305
1306.jpg,1306
1307.jpg,1307
1308.jpg,1308
1309.jpg,1309
1310.jpg,1310
1311.jpg,1311
1312.jpg,1312
1313.jpg,1313
1314.jpg,1314
1315.jpg,1315
1316.jpg,1316
1317.jpg,1317
1318.jpg,1318
1319.jpg,1319
1320.jpg,1320
1321.jpg,1321
1322.jpg,1322
1323.jpg,1323
1324.jpg,1324
1325.jpg,1325
1326.jpg,1326
1327.jpg,1327
1328.jpg,1328
1329.jpg,1329
1330.jpg,1330
1331.jpg,1331
1332.jpg,1332
1333.jpg,1333
1334.jpg,1334
1335.jpg,1335
1336.jpg,1336
1337.jpg,1337
1338.jpg,1338
1339.jpg,1339
1340.jpg,1340
1341.jpg,1341
1342.jpg,1342
1343.jpg,1343
1344.jpg,1344
1345.jpg,1345
1346.jpg,1346
1347.jpg,1347
1348.jpg,1348
1349.jpg,1349
1350.jpg,1350
1351.jpg,1351
1352.jpg,1352
1353.jpg,1353
1354.jpg,1354
1355.jpg,1355
1356.jpg,1356
1357.jpg,1357
1358.jpg,1358
1359.jpg,1359
1360.jpg,1360
1361.jpg,1361
1362.jpg,1362
1363.jpg,1363
1364.jpg,1364
1365.jpg,1365
1366.jpg,1366
1367.jpg,1367
1368.jpg,1368
1369.jpg,1369
1370.jpg,1370
1371.jpg,1371
1372.jpg,1372
1373.jpg,1373
1374.jpg,1374
1375.jpg,1375
1376.jpg,1376
1377.jpg,1377
1378.jpg,1378
1379.jpg,1379
1380.jpg,1380
1381.jpg,1381
1382.jpg,1382
1383.jpg,1383
1384.jpg,1384
1385.jpg,1385
1386.jpg,1386
1387.jpg,1387
1388.jpg,1388
1389.jpg,1389
1390.jpg,1390
1391.jpg,1391
1392.jpg,1392
1393.jpg,1393
1394.jpg,1394
1395.jpg,1395
1396.jpg,1396
1397.jpg,1397
1398.jpg,1398
1399.jpg,1399
1400.jpg,1400
1401.jpg,1401
1402.jpg,1402
1403.jpg,1403
1404.jpg,1404
1405.jpg,1405
1406.jpg,1406
1407.jpg,1407
1408.jpg,1408
1409.jpg,1409
1410.jpg,1410
1411.jpg,1411
1412.jpg,1412
1413.jpg,1413
1414.jpg,1414
1415.jpg,1415
1416.jpg,1416
1417.jpg,1417
1418.jpg,1418
1419.jpg,1419
1420.jpg,1420
1421.jpg,1421
1422.jpg,1422
1423.jpg,1423
1424.jpg,1424
1425.jpg,1425
1426.jpg,1426
1427.jpg,1427
1428.jpg,1428
1429.jpg,1429
1430.jpg,1430
1431.jpg,1431
1432.jpg,1432
1433.jpg,1433
1434.jpg,1434
1435.jpg,1435
1436.jpg,1436
1437.jpg,1437
1438.jpg,1438
1439.jpg,1439
1440.jpg,1440
1441.jpg,1441
1442.jpg,1442
1443.jpg,1443
1444.jpg,1444
1445.jpg,1445
1446.jpg,1446
1447.jpg,1447
1448.jpg,1448
1449.jpg,1449
1450.jpg,1450
1451.jpg,1451
1452.jpg,1452
1453.jpg,1453
1454.jpg,1454
1455.jpg,1455
1456.jpg,1456
1457.jpg,1457
1458.jpg,1458
1459.jpg,1459
1460.jpg,1460
1461.jpg,1461
1462.jpg,1462
1463.jpg,1463
1464.jpg,1464
1465.jpg,1465
1466.jpg,1466
1467.jpg,1467
1468.jpg,1468
1469.jpg,1469
1470.jpg,1470
1471.jpg,1471
1472.jpg,1472
1473.jpg,1473
1474.jpg,1474
1475.jpg,1475
1476.jpg,1476
1477.jpg,1477
1478.jpg,1478
1479.jpg,1479
1480.jpg,1480
1481.jpg,1481
1482.jpg,1482
1483.jpg,1483
1484.jpg,1484
1485.jpg,1485
1486.jpg,1486
1487.jpg,1487
1488.jpg,1488
1489.jpg,1489
1490.jpg,1490
1491.jpg,1491
1492.jpg,1492
1493.jpg,1493
1494.jpg,1494
1495.jpg,1495
1496.jpg,1496
1497.jpg,1497
1498.jpg,1498
1499.jpg,1499
1500.jpg,1500
1501.jpg,1501
1502.jpg,1502
1503.jpg,1503
1504.jpg,1504
1505.jpg,1505
1506.jpg,1506
1507.jpg,1507
1508.jpg,1508
1509.jpg,1509
1510.jpg,1510
1511.jpg,1511
1512.jpg,1512
1513.jpg,1513
1514.jpg,1514
1515.jpg,1515
1516.jpg,1516
1517.jpg,1517
1518.jpg,1518
1519.jpg,1519
1520.jpg,1520
1521.jpg,1521
1522.jpg,1522
1523.jpg,1523
1524.jpg,1524
1525.jpg,1525
1526.jpg,1526
1527.jpg,1527
1528.jpg,1528
1529.jpg,1529
1530.jpg,1530
1531.jpg,1531
1532.jpg,1532
1533.jpg,1533
1534.jpg,1534
1535.jpg,1535
1536.jpg,1536
1537.jpg,1537
1538.jpg,1538
1539.jpg,1539
1540.jpg,1540
1541.jpg,1541
1542.jpg,1542
1543.jpg,1543
1544.jpg,1544
1545.jpg,1545
1546.jpg,1546
1547.jpg,1547
1548.jpg,1548
1549.jpg,1549
1550.jpg,1550
1551.jpg,1551
1552.jpg,1552
1553.jpg,1553
1554.jpg,1554
1555.jpg,1555
1556.jpg,1556
1557.jpg,1557
1558.jpg,1558
1559.jpg,1559
1560.jpg,1560
1561.jpg,1561
1562.jpg,1562
1563.jpg,1563
1564.jpg,1564
1565.jpg,1565
1566.jpg,1566
1567.jpg,1567
1568.jpg,1568
1569.jpg,1569
1570.jpg,1570
1571.jpg,1571
1572.jpg,1572
1573.jpg,1573
1574.jpg,1574
1575.jpg,1575
1576.jpg,1576
1577.jpg,1577
1578.jpg,1578
1579.jpg,1579
1580.jpg,1580
1581.jpg,1581
1582.jpg,1582
1583.jpg,1583
1584.jpg,1584
1585.jpg,1585
1586.jpg,1586
1587.jpg,1587
1588.jpg,1588
1589.jpg,1589
1590.jpg,1590
1591.jpg,1591
1592.jpg,1592
1593.jpg,1593
1594.jpg,1594
1595.jpg,1595
1596.jpg,1596
1597.jpg,1597
1598.jpg,1598
1599.jpg,1599
1600.jpg,1600
1601.jpg,1601
1602.jpg,1602
1603.jpg,1603
1604.jpg,1604
1605.jpg,1605
1606.jpg,1606
1607.jpg,1607
1608.jpg,1608
1609.jpg,1609
1610.jpg,1610
1611.jpg,1611
1612.jpg,1612
1613.jpg,1613
1614.jpg,1614
1615.jpg,1615
1616.jpg,1616
1617.jpg,1617
1618.jpg,1618
1619.jpg,1619
1620.jpg,1620
1621.jpg,1621
1622.jpg,1622
1623.jpg,1623
1624.jpg,1624
1625.jpg,1625
1626.jpg,1626
1627.jpg,1627
1628.jpg,1628
1629.jpg,1629
1630.jpg,1630
1631.jpg,1631
1632.jpg,1632
1633.jpg,1633
1634.jpg,1634
1635.jpg,1635
1636.jpg,1636
1637.jpg,1637
1638.jpg,1638
1639.jpg,1639
1640.jpg,1640
1641.jpg,1641
1642.jpg,1642
1643.jpg,1643
1644.jpg,1644
1645.jpg,1645
1646.jpg,1646
1647.jpg,1647
1648.jpg,1648
1649.jpg,1649
1650.jpg,1650
1651.jpg,1651
1652.jpg,1652
1653.jpg,1653
1654.jpg,1654
1655.jpg,1655
1656.jpg,1656
1657.jpg,1657
1658.jpg,1658
1659.jpg,1659
1660.jpg,1660
1661.jpg,1661
1662.jpg,1662
1663.jpg,1663
1664.jpg,1664
1665.jpg,1665
1666.jpg,1666
1667.jpg,1667
1668.jpg,1668
1669.jpg,1669
1670.jpg,1670
1671.jpg,1671
1672.jpg,1672
1673.jpg,1673
1674.jpg,1674
1675.jpg,1675
1676.jpg,1676
1677.jpg,1677
1678.jpg,1678
1679.jpg,1679
1680.jpg,1680
1681.jpg,1681
1682.jpg,1682
1683.jpg,1683
1684.jpg,1684
1685.jpg,1685
1686.jpg,1686
1687.jpg,1687
1688.jpg,1688
1689.jpg,1689
1690.jpg,1690
1691.jpg,1691
1692.jpg,1692
1693.jpg,1693
1694.jpg,1694
1695.jpg,1695
1696.jpg,1696
1697.jpg,1697
1698.jpg,1698
1699.jpg,1699
1700.jpg,1700
1701.jpg,1701
1702.jpg,1702
1703.jpg,1703
1704.jpg,1704
1705.jpg,1705
1706.jpg,1706
1707.jpg,1707
1708.jpg,1708
1709.jpg,1709
1710.jpg,1710
1711.jpg,1711
1712.jpg,1712
1713.jpg,1713
1714.jpg,1714
1715.jpg,1715
1716.jpg,1716
1717.jpg,1717
1718.jpg,1718
1719.jpg,1719
1720.jpg,1720
1721.jpg,1721
1722.jpg,1722
1723.jpg,1723
1724.jpg,1724
1725.jpg,1725
1726.jpg,1726
1727.jpg,1727
1728.jpg,1728
1729.jpg,1729
1730.jpg,1730
1731.jpg,1731
1732.jpg,1732
1733.jpg,1733
1734.jpg,1734
1735.jpg,1735
1736.jpg,1736
1737.jpg,1737
1738.jpg,1738
1739.jpg,1739
1740.jpg,1740
1741.jpg,1741
1742.jpg,1742
1743.jpg,1743
1744.jpg,1744
1745.jpg,1745
1746.jpg,1746
1747.jpg,1747
1748.jpg,1748
1749.jpg,1749
1750.jpg,1750
1751.jpg,1751
1752.jpg,1752
1753.jpg,1753
1754.jpg,1754
1755.jpg,1755
1756.jpg,1756
1757.jpg,1757
1758.jpg,1758
1759.jpg,1759
1760.jpg,1760
1761.jpg,1761
1762.jpg,1762
1763.jpg,1763
1764.jpg,1764
1765.jpg,1765
1766.jpg,1766
1767.jpg,1767
1768.jpg,1768
1769.jpg,1769
1770.jpg,1770
1771.jpg,1771
1772.jpg,1772
1773.jpg,1773
1774.jpg,1774
1775.jpg,1775
1776.jpg,1776
1777.jpg,1777
1778.jpg,1778
1779.jpg,1779
1780.jpg,1780
1781.jpg,1781
1782.jpg,1782
1783.jpg,1783
1784.jpg,1784
1785.jpg,1785
1786.jpg,1786
1787.jpg,1787
1788.jpg,1788
1789.jpg,1789
1790.jpg,1790
1791.jpg,1791
1792.jpg,1792
1793.jpg,1793
1794.jpg,1794
1795.jpg,1795
1796.jpg,1796
1797.jpg,1797
1798.jpg,1798
1799.jpg,1799
1800.jpg,1800
1801.jpg,1801
1802.jpg,1802
1803.jpg,1803
1804.jpg,1804
1805.jpg,1805
1806.jpg,1806
1807.jpg,1807
1808.jpg,1808
1809.jpg,1809
1810.jpg,1810
1811.jpg,1811
1812.jpg,1812
1813.jpg,1813
1814.jpg,1814
1815.jpg,1815
1816.jpg,1816
1817.jpg,1817
1818.jpg,1818
1819.jpg,1819
1820.jpg,1820
1821.jpg,1821
1822.jpg,1822
1823.jpg,1823
1824.jpg,1824
1825.jpg,1825
1826.jpg,1826
1827.jpg,1827
1828.jpg,1828
1829.jpg,1829
1830.jpg,1830
1831.jpg,1831
1832.jpg,1832
1833.jpg,1833
1834.jpg,1834
1835.jpg,1835
1836.jpg,1836
1837.jpg,1837
1838.jpg,1838
1839.jpg,1839
1840.jpg,1840
1841.jpg,1841
1842.jpg,1842
1843.jpg,1843
1844.jpg,1844
1845.jpg,1845
1846.jpg,1846
1847.jpg,1847
1848.jpg,1848
1849.jpg,1849
1850.jpg,1850
1851.jpg,1851
1852.jpg,1852
1853.jpg,1853
1854.jpg,1854
1855.jpg,1855
1856.jpg,1856
1857.jpg,1857
1858.jpg,1858
1859.jpg,1859
1860.jpg,1860
1861.jpg,1861
1862.jpg,1862
1863.jpg,1863
1864.jpg,1864
1865.jpg,1865
1866.jpg,1866
1867.jpg,1867
1868.jpg,1868
1869.jpg,1869
1870.jpg,1870
1871.jpg,1871
1872.jpg,1872
1873.jpg,1873
1874.jpg,1874
1875.jpg,1875
1876.jpg,1876
1877.jpg,1877
1878.jpg,1878
1879.jpg,1879
1880.jpg,1880
1881.jpg,1881
1882.jpg,1882
1883.jpg,1883
1884.jpg,1884
1885.jpg,1885
1886.jpg,1886
1887.jpg,1887
1888.jpg,1888
1889.jpg,1889
1890.jpg,1890
1891.jpg,1891
1892.jpg,1892
1893.jpg,1893
1894.jpg,1894
1895.jpg,1895
1896.jpg,1896
1897.jpg,1897
1898.jpg,1898
1899.jpg,1899
1900.jpg,1900
1901.jpg,1901
1902.jpg,1902
1903.jpg,1903
1904.jpg,1904
1905.jpg,1905
1906.jpg,1906
1907.jpg,1907
1908.jpg,1908
1909.jpg,1909
1910.jpg,1910
1911.jpg,1911
1912.jpg,1912
1913.jpg,1913
1914.jpg,1914
1915.jpg,1915
1916.jpg,1916
1917.jpg,1917
1918.jpg,1918
1919.jpg,1919
1920.jpg,1920
1921.jpg,1921
1922.jpg,1922
1923.jpg,1923
1924.jpg,1924
1925.jpg,1925
1926.jpg,1926
1927.jpg,1927
1928.jpg,1928
1929.jpg,1929
1930.jpg,1930
1931.jpg,1931
1932.jpg,1932
1933.jpg,1933
1934.jpg,1934
1935.jpg,1935
1936.jpg,1936
1937.jpg,1937
1938.jpg,1938
1939.jpg,1939
1940.jpg,1940
1941.jpg,1941
1942.jpg,1942
1943.jpg,1943
1944.jpg,1944
1945.jpg,1945
1946.jpg,1946
1947.jpg,1947
1948.jpg,1948
1949.jpg,1949
1950.jpg,1950
1951.jpg,1951
1952.jpg,1952
1953.jpg,1953
1954.jpg,1954
1955.jpg,1955
1956.jpg,1956
1957.jpg,1957
1958.jpg,1958
1959.jpg,1959
1960.jpg,1960
1961.jpg,1961
1962.jpg,1962
1963.jpg,1963
1964.jpg,1964
1965.jpg,1965
1966.jpg,1966
1967.jpg,1967
1968.jpg,1968
1969.jpg,1969
1970.jpg,1970
1971.jpg,1971
1972.jpg,1972
1973.jpg,1973
1974.jpg,1974
1975.jpg,1975
1976.jpg,1976
1977.jpg,1977
1978.jpg,1978
1979.jpg,1979
1980.jpg,1980
1981.jpg,1981
1982.jpg,1982
1983.jpg,1983
1984.jpg,1984
1985.jpg,1985
1986.jpg,1986
1987.jpg,1987
1988.jpg,1988
1989.jpg,1989
1990.jpg,1990
1991.jpg,1991
1992.jpg,1992
1993.jpg,1993
1994.jpg,1994
1995.jpg,1995
1996.jpg,1996
1997.jpg,1997
1998.jpg,1998
1999.jpg,1999
2000.jpg,2000
2001.jpg,2001
2002.jpg,2002
2003.jpg,2003
2004.jpg,2004
2005.jpg,2005
2006.jpg,2006
2007.jpg,2007
2008.jpg,2008
2009.jpg,2009
2010.jpg,2010
2011.jpg,2011
2012.jpg,2012
2013.jpg,2013
2014.jpg,2014
2015.jpg,2015
2016.jpg,2016
2017.jpg,2017
2018.jpg,2018
2019.jpg,2019
2020.jpg,2020
2021.jpg,2021
2022.jpg,2022
2023.jpg,2023
2024.jpg,2024
2025.jpg,2025
2026.jpg,2026
2027.jpg,2027
2028.jpg,2028
2029.jpg,2029
2030.jpg,2030
2031.jpg,2031
2032.jpg,2032
2033.jpg,2033
2034.jpg,2034
2035.jpg,2035
2036.jpg,2036
2037.jpg,2037
2038.jpg,2038
2039.jpg,2039
2040.jpg,2040
2041.jpg,2041
2042.jpg,2042
2043.jpg,2043
2044.jpg,2044
2045.jpg,2045
2046.jpg,2046
2047.jpg,2047
2048.jpg,2048
2049.jpg,2049
2050.jpg,2050
2051.jpg,2051
2052.jpg,2052
2053.jpg,2053
2054.jpg,2054
2055.jpg,2055
2056.jpg,2056
2057.jpg,2057
2058.jpg,2058
2059.jpg,2059
2060.jpg,2060
2061.jpg,2061
2062.jpg,2062
2063.jpg,2063
2064.jpg,2064
2065.jpg,2065
2066.jpg,2066
2067.jpg,2067
2068.jpg,2068
2069.jpg,2069
2070.jpg,2070
2071.jpg,2071
2072.jpg,2072
2073.jpg,2073
2074.jpg,2074
2075.jpg,2075
2076.jpg,2076
2077.jpg,2077
2078.jpg,2078
2079.jpg,2079
2080.jpg,2080
2081.jpg,2081
2082.jpg,2082
2083.jpg,2083
2084.jpg,2084
2085.jpg,2085
2086.jpg,2086
2087.jpg,2087
2088.jpg,2088
2089.jpg,2089
2090.jpg,2090
2091.jpg,2091
2092.jpg,2092
2093.jpg,2093
2094.jpg,2094
2095.jpg,2095
2096.jpg,2096
2097.jpg,2097
2098.jpg,2098
2099.jpg,2099
2100.jpg,2100
2101.jpg,2101
2102.jpg,2102
2103.jpg,2103
2104.jpg,2104
2105.jpg,2105
2106.jpg,2106
2107.jpg,2107
2108.jpg,2108
2109.jpg,2109
2110.jpg,2110
2111.jpg,2111
2112.jpg,2112
2113.jpg,2113
2114.jpg,2114
2115.jpg,2115
2116.jpg,2116
2117.jpg,2117
2118.jpg,2118
2119.jpg,2119
2120.jpg,2120
2121.jpg,2121
2122.jpg,2122
2123.jpg,2123
2124.jpg,2124
2125.jpg,2125
2126.jpg,2126
2127.jpg,2127
2128.jpg,2128
2129.jpg,2129
2130.jpg,2130
2131.jpg,2131
2132.jpg,2132
2133.jpg,2133
2134.jpg,2134
2135.jpg,2135
2136.jpg,2136
2137.jpg,2137
2138.jpg,2138
2139.jpg,2139
2140.jpg,2140
2141.jpg,2141
2142.jpg,2142
2143.jpg,2143
2144.jpg,2144
2145.jpg,2145
2146.jpg,2146
2147.jpg,2147
2148.jpg,2148
2149.jpg,2149
2150.jpg,2150
2151.jpg,2151
2152.jpg,2152
2153.jpg,2153
2154.jpg,2154
2155.jpg,2155
2156.jpg,2156
2157.jpg,2157
2158.jpg,2158
2159.jpg,2159
2160.jpg,2160
2161.jpg,2161
2162.jpg,2162
2163.jpg,2163
2164.jpg,2164
2165.jpg,2165
2166.jpg,2166
2167.jpg,2167
2168.jpg,2168
2169.jpg,2169
2170.jpg,2170
2171.jpg,2171
2172.jpg,2172
2173.jpg,2173
2174.jpg,2174
2175.jpg,2175
2176.jpg,2176
2177.jpg,2177
2178.jpg,2178
2179.jpg,2179
2180.jpg,2180
2181.jpg,2181
2182.jpg,2182
2183.jpg,2183
2184.jpg,2184
2185.jpg,2185
2186.jpg,2186
2187.jpg,2187
2188.jpg,2188
2189.jpg,2189
2190.jpg,2190
2191.jpg,2191
2192.jpg,2192
2193.jpg,2193
2194.jpg,2194
2195.jpg,2195
2196.jpg,2196
2197.jpg,2197
2198.jpg,2198
2199.jpg,2199
2200.jpg,2200
2201.jpg,2201
2202.jpg,2202
2203.jpg,2203
2204.jpg,2204
2205.jpg,2205
2206.jpg,2206
2207.jpg,2207
2208.jpg,2208
2209.jpg,2209
2210.jpg,2210
2211.jpg,2211
2212.jpg,2212
2213.jpg,2213
2214.jpg,2214
2215.jpg,2215
2216.jpg,2216
2217.jpg,2217
2218.jpg,2218
2219.jpg,2219
2220.jpg,2220
2221.jpg,2221
2222.jpg,2222
2223.jpg,2223
2224.jpg,2224
2225.jpg,2225
2226.jpg,2226
2227.jpg,2227
2228.jpg,2228
2229.jpg,2229
2230.jpg,2230
2231.jpg,2231
2232.jpg,2232
2233.jpg,2233
2234.jpg,2234
2235.jpg,2235
2236.jpg,2236
2237.jpg,2237
2238.jpg,2238
2239.jpg,2239
2240.jpg,2240
2241.jpg,2241
2242.jpg,2242
2243.jpg,2243
2244.jpg,2244
2245.jpg,2245
2246.jpg,2246
2247.jpg,2247
2248.jpg,2248
2249.jpg,2249
2250.jpg,2250
2251.jpg,2251
2252.jpg,2252
2253.jpg,2253
2254.jpg,2254
2255.jpg,2255
2256.jpg,2256
2257.jpg,2257
2258.jpg,2258
2259.jpg,2259
2260.jpg,2260
2261.jpg,2261
2262.jpg,2262
2263.jpg,2263
2264.jpg,2264
2265.jpg,2265
2266.jpg,2266
2267.jpg,2267
2268.jpg,2268
2269.jpg,2269
2270.jpg,2270
2271.jpg,2271
2272.jpg,2272
2273.jpg,2273
2274.jpg,2274
2275.jpg,2275
2276.jpg,2276
2277.jpg,2277
2278.jpg,2278
2279.jpg,2279
2280.jpg,2280
2281.jpg,2281
2282.jpg,2282
2283.jpg,2283
2284.jpg,2284
2285.jpg,2285
2286.jpg,2286
2287.jpg,2287
2288.jpg,2288
2289.jpg,2289
2290.jpg,2290
2291.jpg,2291
2292.jpg,2292
2293.jpg,2293
2294.jpg,2294
2295.jpg,2295
2296.jpg,2296
2297.jpg,2297
2298.jpg,2298
2299.jpg,2299
2300.jpg,2300
2301.jpg,2301
2302.jpg,2302
2303.jpg,2303
2304.jpg,2304
2305.jpg,2305
2306.jpg,2306
2307.jpg,2307
2308.jpg,2308
2309.jpg,2309
2310.jpg,2310
2311.jpg,2311
2312.jpg,2312
2313.jpg,2313
2314.jpg,2314
2315.jpg,2315
2316.jpg,2316
2317.jpg,2317
2318.jpg,2318
2319.jpg,2319
2320.jpg,2320
2321.jpg,2321
2322.jpg,2322
2323.jpg,2323
2324.jpg,2324
2325.jpg,2325
2326.jpg,2326
2327.jpg,2327
2328.jpg,2328
2329.jpg,2329
2330.jpg,2330
2331.jpg,2331
2332.jpg,2332
2333.jpg,2333
2334.jpg,2334
2335.jpg,2335
2336.jpg,2336
2337.jpg,2337
2338.jpg,2338
2339.jpg,2339
2340.jpg,2340
2341.jpg,2341
2342.jpg,2342
2343.jpg,2343
2344.jpg,2344
2345.jpg,2345
2346.jpg,2346
2347.jpg,2347
2348.jpg,2348
2349.jpg,2349
2350.jpg,2350
2351.jpg,2351
2352.jpg,2352
2353.jpg,2353
2354.jpg,2354
2355.jpg,2355
2356.jpg,2356
2357.jpg,2357
2358.jpg,2358
2359.jpg,2359
2360.jpg,2360
2361.jpg,2361
2362.jpg,2362
2363.jpg,2363
2364.jpg,2364
2365.jpg,2365
2366.jpg,2366
2367.jpg,2367
2368.jpg,2368
2369.jpg,2369
2370.jpg,2370
2371.jpg,2371
2372.jpg,2372
2373.jpg,2373
2374.jpg,2374
2375.jpg,2375
2376.jpg,2376
2377.jpg,2377
2378.jpg,2378
2379.jpg,2379
2380.jpg,2380
2381.jpg,2381
2382.jpg,2382
2383.jpg,2383
2384.jpg,2384
2385.jpg,2385
2386.jpg,2386
2387.jpg,2387
2388.jpg,2388
2389.jpg,2389
2390.jpg,2390
2391.jpg,2391
2392.jpg,2392
2393.jpg,2393
2394.jpg,2394
2395.jpg,2395
2396.jpg,2396
2397.jpg,2397
2398.jpg,2398
2399.jpg,2399
2400.jpg,2400
2401.jpg,2401
2402.jpg,2402
2403.jpg,2403
AA3_4226.JPG,1RPNjfXTzr98L5vhSk3MXkKCcnVcBjWPY
AA3_4227.JPG,1pIxxL2F0wmV3heLLbFi1STmFKj6v90Jk
AA3_4228.JPG,1Kyv5sCUKotOVG9CTXqz0XmnGUcDWjYMx
AA3_4229.JPG,1chBsXAQ6sNxf7K8HqzrDTw8WzWOXJmCa
AA3_4231.JPG,16rss9mKy2i7iemkfx7vLtzbGLZ8BAEKG
AA3_4230.JPG,1teiy6JM4CsD5hcLeHmgEt7u1YAM1r4fJ
AA3_4232.JPG,1nQs9KfMUPqP-CJzWxmxtHl_XSAp67u4-
AA3_4323.JPG,17UNqTT03AMdANjG6ozK7_vkP_OOlSlNP
AA3_4324.JPG,1-ZbacGE2DYTXIY3CnoWwn16_3VsZb984
AA3_4325.JPG,1xk8naTezvSqWtskdLlKoWJYmv-1GiYo0
AA3_4326.JPG,1yhxPP3thAzWOaoxlSBavMEIGD5seyXrM
AA3_4327.JPG,172xaeYSMkEsb13450vZn0N_rLUnTssax
AA3_4328.JPG,1f1WF6K7GTErC8en7zNcOJOPxnpDaCfnv
AA3_4330.JPG,1WIquEwrqvFB87MYcJoV5zPSVlIyi0dJl
AA3_4329.JPG,1GqFF8KSz10CYPrvZzNwa3gqhUFTWVwAU
AA3_4331.JPG,1Np-gZzu_MkRtG_yBVdaNhkA5wxmzd6-3
AA3_4333.JPG,1MiqR22Kki7gj3K_wUvNgjfz112V8tnqI
AA3_4332.JPG,1Ug-LqcCd6ABcynjtQOq09Gsymet1Z2KU
AA3_4334.JPG,14vQ9h9TLpP_3rOGO1vl_V6h2s02n4WVl
AA3_4335.JPG,195mS8M1rxixWgoxZp0XYKzkKr7fQPMjb
AA3_4336.JPG,1ZP6PbE0_N2CV4SDWyBCUc9Ao6iZuUk28
AA3_4337.JPG,1d8XRaeK7F_Alnd7ihyk9wxxdHfy2RiTs
AA3_4338.JPG,1Q-Wz4PhL-6AV3DmEvnVYx8eehXtGHlkF
AA3_4339.JPG,1cqqPkgeD__YK3I1yecA3N1ggQzW2xiib
AA3_4340.JPG,1vPJB_Mq5zEhwZfqOwVV6l0GDWnuy8wnI
AA3_4341.JPG,1iZIPXL8VDA6pvahf3STEtuK0Vfcj2ghz
AA3_4342.JPG,1Z_n7tWpZq9pWY3pyojni8S2RrAYQ29_3
AA3_4343.JPG,1NbkK7SpMJTvxkoZcASs7jngM8bEaLK02
AA3_4344.JPG,1R3goer4Gm4F1zYycfmn0hrw3lD2wTa5s
AA3_4345.JPG,1vf5VwzYJb4wbgfR1cnfu8ccIAIizYtcu
AA3_4346.JPG,1u6rnUxDLIW3LO4L4a-xArKm9gRboq4Kk
AA3_4367.JPG,14z2gKDZVkU5j2E3qmwx96ipSKHZ5AjEf
AA3_4368.JPG,1_cwJuV6amN4SsHVoW3BjgayHaLaO0cfo
AA3_4369.JPG,13dwxsDds-sFXq4itS7MvEqvRtPdQB1F1
AA3_4370.JPG,1N2g9r4ASA2serb90trsMX15TBXj70c8P
AA3_4371.JPG,1UoapMfzhTs3nxm-NKcKPIOYRrnhGkgIi
AA3_4372.JPG,1F2BnEB4ZRmI21JTXr-joPfwjDOfVvpKd
AA3_4373.JPG,1uJ5wt0IQe0COBgYciBlknR9P6_5tu7C1
AA3_4375.JPG,1y9Urxlm1hTVn57BL3Py-qyI0ICFOucIG
AA3_4376.JPG,1Q1tPsvhbf6VRIayQhCW-Ry5ptOiZKTwK
AA3_4377.JPG,1ibD6GbYKrv2jdYFddYO4AcnEqQVVEtCg
AA3_4378.JPG,1dp-lfJ7_RmZxDpJ7XBXRdCC5iXZtzfRT
AA3_4379.JPG,1Kw5Pkwp-yKdfcpSni07i1ZiZ0IkARIj3
AA3_4380.JPG,1CjAxFCrZuKLvJ6ZG7AzkBVJeM5Atnf90
AA3_4381.JPG,1Y5POTCsb20B4-a2qVgizsPaWxlFJXHo5
AA3_4382.JPG,1-IEBJ7w7e0jVDBYUbJdfxu_hcPfNS_C1
AA3_4383.JPG,1ofhMFzpYIPAl412rQEFHW04-i_OVLlpP
AA3_4384.JPG,1d-duQfv7ptE1QuHsqRhd73Av31SK09So
AA3_4386.JPG,1p9zwZZubDoGX298mp3rSXpCyeL4XdKLY
AA3_4385.JPG,1PWdQ-ynuhhaKaKBbyQZienw5_lIKdivV
AA3_4387.JPG,1-XOkeLmLzrCcfboWwCCSXehtpE6cmh20
AA3_4388.JPG,1fuFB_VY6u61fBNswq6kqoPV05J4X_hM6
A7C06161.JPG,1xlZfP5PV02PBlFA0Z7IZ9xq98uTLqACa
A7C06162.JPG,1ydUyF2WW7ZkQBRnKstWFACY0y-YJxjOC
A7C06163.JPG,1ds5MboQw9Rg9-VJk0Wb4t4ksXKIn_LS9
A7C06164.JPG,1z6thgrDMh7w2R563kiaTxZe4gMM2S1Xn
A7C06165.JPG,1-wbMBj5sRC7b5wAM2q0NWe7z6poLmYKk
A7C06167.JPG,1xTtaOPJS579Y-bZ92QKrTTY14WkDYDHD
A7C06166.JPG,1Kqt048ICuiwcR9AUjXFMpMfAwXnB6rIX
A7C06169.JPG,1v-77rxm3niJJyjuj2bLegeryPHGFV_-U
A7C06168.JPG,1sdfXJ_Suo1gfXoKd3BXRkicDTzysqHef
A7C06170.JPG,107qg64sPECWnOBWj1bLQ2HlSh095Gifg
A7C06171.JPG,1WflcDbAScgeKjiTW_qLpKISjER_sPtHs
A7C06172.JPG,1k7_VJY2yrXN0XD6icsI5HgeKPEtJYXut
A7C06173.JPG,1kWNuDZ8ckRWkh5eDla6GjlzUCAZge4df
A7C06175.JPG,1RWK-Y2CvGKAQSOSeAATLqtiKlZ6DQeSG
A7C06176.JPG,1u6tSylq70qjQuMyb2xGlwW-ioWVPUHKE
A7C06177.JPG,10ui92i8vpQBDToaXg_HagPLK7-D6eD6K
A7C06178.JPG,1svobSn46IBOK6jPPagVwWd8i82hNeYGz
A7C06179.JPG,1dhJcbFuqx0s6Yf5w0tQoc_G2ixOr7Vok
A7C06180.JPG,18kDRIcqb-eFxs6E-z88YO8HMn6YtRa3K
A7C06181.JPG,19aXrmzVh14qOOY_n-X7d8-CG9kVii3Sl
A7C06182.JPG,15vSqUN7mAau-yh6K_tuYPo0ueXwM7som
A7C06183.JPG,1nC3EIfM5xuS4Pn6Z7kmWPyPLtzHbu3eC
A7C06184.JPG,1E8l1FkkKNZUR1o_nycolMpb1gZBrb5G5
A7C06185.JPG,12a9qoR4nR4nYZ24ey5g1Q10WYKd9ud7j
A7C06186.JPG,10LG9kSGAfiPu1Tops--N-qQzNYLeDgZT
A7C06189.JPG,1qqTgF3WDwtnYO1iSGSFI5lWrAXnKH2tv
A7C06188.JPG,1ePraaypvsfjSeDvgE24-kH-Smb4gb3o2
A7C06190.JPG,1IcelErUoYoWQWsA-wxdMpVN3DuFq1nii
A7C06191.JPG,1fjl09EruJrPnSCK4L4HEMePw9GvfjyxN
A7C06192.JPG,181xOgdxR3U_s7eJHq9FdWCVbWsB00PLp
A7C06194.JPG,1bY6SOZYh3w69AU8SXmsZupIUCxY6VNCi
A7C06193.JPG,1Ka_G-nVKTmV_1VhU0XPxMLwfY1lro9LB
A7C06195.JPG,1KBVenuXahnd61hgor-y0wPk_4ki0OlxQ
A7C06196.JPG,1COIusfC4ZHoBqlQjqYeP3S_8nk7qEjMz
A7C06198.JPG,1OwZLw1Dfwgl1hU_6h-KwL1cRPZJYsQ1M
A7C06197.JPG,1jm4I4FtI61Bxa8rry_95jQYIXxG7iiDL
A7C06199.JPG,1vFT6CgW-sl-UesBqoVpRh3XgMtAsm-Ns
A7C06200.JPG,1px-7CepLGx7nNem5mzXtbVBST65qawp7
A7C06201.JPG,1_7-khuN2OiezmmvQk4v_kfPSf0JlJ97p
A7C06202.JPG,1ZxvpTsjOrrUCL8cK2c1GPVdt_npfp3wY
A7C06203.JPG,1Kq_2KoVXzug7xGnNP7mzfYLLZLnJdDW4
A7C06205.JPG,19gQPqFRi3ZfY_XThIgQ6S5ulxo_aJCe-
A7C06204.JPG,1SLJvDhTisdrnK8ppNEe_d6viM-4HytmA
A7C06206.JPG,1KBPN8W8e12zxQy_n6nUykcaClxJ4kHSQ
A7C06207.JPG,13PZ4lFrOtEYTC292VvhhHtOWihA2KFyS
A7C06209.JPG,1UJu_8Nx4ONKpgy9k4Pewj9TDpQ-9-k42
A7C06208.JPG,1kAVCxZY91rfJUlIHIx3tylkqAoL7pdWg
A7C06210.JPG,1sE5QcXQyBjHhKZc5k9jJAdAHHX1Rboou
A7C06213.JPG,1TeRD653wcoCWSNqblh3JUzzJ_D8Hpr6g
A7C06212.JPG,1ThWHHukJtb8LvrWNQyf9bGDBZhqSLNHi
A7C06211.JPG,1YjCy9v7LdnnEQClyB72HAWDti86Ygqxk
A7C06214.JPG,1Cf7QYBiSKxG9zwZcTx88VnQYcWPLL1wD
A7C06219.JPG,1nghyy_z20lPYIOYv0LQJYhwlGlIq_h8R
A7C06220.JPG,1ao0Jb7pGFUfqScVExUtElnZxB1MVEZUz
A7C06221.JPG,1pPXtQmJ-YRrfzVMB6F-x_A3ws4VMQOtP
A7C06222.JPG,1vigGMlSTjAlkdRRUzAdJdXbfcFowA9n5
A7C06223.JPG,1On6SPtcmhAhNL_qbM1Z7zAqK4EvPKGEv
A7C06225.JPG,10rd-bLG5chyB4oBcnkmbWdq2dV7HvaKi
A7C06224.JPG,1nvEn5CKhLa8YaI1uUIHZElIed0gmmCRI
A7C06226.JPG,1uVjG3NlNCkhVse6Uw-ORq8vD0B59l_42
A7C06227.JPG,1HY8xSfvs0esVxLnR6y8R14GXH1mLG9Fb
A7C06228.JPG,1jR1TQiXYPLE7kW8P2ui4UzxINCi5aNky
A7C06229.JPG,1PR9VtUhbfS5zwED8YLl6sbmap9gZmO29
A7C06230.JPG,1Z9jqKtBrb-E2SCkDOT8MI1y9ClYNzCWz
A7C06231.JPG,1AE0O7t2gyCVHxNXBAwmSAHLAF69Rj_JF
A7C06232.JPG,1K4kelZOIL92-Y5d12VUCxV8MkHCdaL4P
A7C06233.JPG,14U202ggFblYHE4rEllFoBrxudZGHskn3
A7C06235.JPG,1Y1XaFZxTDeLbmu5KpxctCQ5EVBVAMile
A7C06234.JPG,18eCsvir6HTS7NkTY2kqqVm5rgXu4Xkdz
A7C06236.JPG,1Jgf0H4jyXqI-eHaORp-ho3bAMlX1U_L6
A7C06237.JPG,18ud2V3EziXiIWbPhX6jXj3eE92Kzyh3n
A7C06238.JPG,18x-FEJ7FCqFKW0ViRqG-IZHSGqk3Evfg
A7C06239.JPG,1j_uLh5oCP76tTW0ItYz9B172kDfRISAR
A7C06240.JPG,1pl0VHK_R7qL2ZunBHNuJYB7S20ZBlJgI
A7C06242.JPG,1dkLvN5SSQJ91eMSInr03UufNRg92Cm2B
A7C06241.JPG,1eEaU36lYSmcqFiVc5SJRhdsox11Pi5SM
A7C06244.JPG,1ZoYqasMhjY_w-bXngK7ZTXBTatHLubLR
A7C06243.JPG,1zqWwBkPMBX7xhVFC4iYCUfoCejBNb9R_
A7C06247.JPG,1wZz-OBSeUJZVxX-x45oIVDCU3yhBW-03
A7C06248.JPG,1EMgSSDpC0a6iGPz-ht5Ub3zpOB7GNRC5
A7C06254.JPG,1Da0xbGTwrkSV76gNmdGoZ1NLXZpULKhz
A7C06255.JPG,1Z1gKDPGvQsAcxalyl_LF-s_Pq_hViHoE
A7C06256.JPG,1iDQ8oWRUHOrqmF2t22hwryCFQaP-1ZTR
A7C06257.JPG,1ZYBNRT1r8q7a37XIlSUc7nhOmllu9BYV
A7C06259.JPG,1D9NboRC_i8viaUkx4zg8c2mP74WFQh_V
A7C06258.JPG,1r6TRvXCaG5mWOVHIg7zV9ZkDya2BMHfZ
A7C06261.JPG,1omb2Sm9VaUXaokrwLVtkdjAmsgMRFQSK
A7C06260.JPG,1dNwHuFERL4oG7l9LemW7m-VuV_Qlx7t5
A7C06262.JPG,1ooPabT87BnEwi70AByxEwtd4Iyr-fMtc
A7C06263.JPG,1GPBWGWJaC66ZIO9RmVIxuXusH4Eic95v
A7C06264.JPG,15bGel3cQGSepCYAltGVyvTPrmDDIYFWy
A7C06265.JPG,1upXinJX-SRslLlfxdCRWBVUfF0GZUHjr
A7C06266.JPG,1G3obdenyALDKEGQpP_jkfOdRlLpYeGjo
A7C06267.JPG,19T8UJlmdGSNfG71PwvO6EuKSADRYKGKA
A7C06268.JPG,1FRbUqbWdbLsqkG1bgtyAunbZgDbEdtVu
A7C06269.JPG,1nKP0SKLL5SGYn9GU7Ehsf6bAGDza77LB
A7C06270.JPG,1rspZiLdOs0hW87I3_avW_-Q_CAPPNA_e
A7C06271.JPG,1_UkjaEqnufkMnsoVWxm9qKf5m1bHfJCy
A7C06272.JPG,1h1qpO7ti6UlcenOfQuh5KieMxZYLZzsP
A7C06273.JPG,1ZcRFbJzoMJnvOP87wdi-GrRkBoLiJ-Sr
A7C06274.JPG,1gO1rpXsCopA_zq7keiXuxJp_jBG9iobT
A7C06275.JPG,1r01sROgJRED_8NcNYuG_TQLypRhi_Sfy
A7C06276.JPG,1Vh_BQ2K4MGlWKrvyHWX6MQ-unKPpy2Al
A7C06277.JPG,1bi1727O4xEL63jJ0zoWjsxQWzNHrg_Vp
A7C06278.JPG,10wKZOJ_74Od_xSd3tlvdCwYWFzSHFwIA
A7C06279.JPG,12w3L9Mb3YSFPf5FCm0UEjE__6Ujh4kdk
A7C06280.JPG,1hApxTv9Nb_2AqbP89CuaYIbn42QBDudZ
A7C06281.JPG,1S8q3ysaa6pDmWlalp_q2P1xM-XjAzltd
A7C06282.JPG,1p5MSd_7m_PBC8wMrsoG4ml76TErsEQpB
A7C06283.JPG,1SovMpIY_NBwyjsrinObgLkuXaPLwqo8n
A7C06284.JPG,1zkOGH2onMedlfyIdFTzCTyOeZvIiAs9Z
A7C06285.JPG,1c4l-nP3J-XHayZGL2MAizfQOMrjEE2vj
A7C06286.JPG,1Y1hsTIHN4SJp0MHRnNDs4_UMVkqwkOZA
A7C06287.JPG,1FHoHnkqKzzvlPc7dcTj590F4QofVn61z
A7C06288.JPG,1EQh4BYpMb09LeuceoufDEMXhzm6j8Ojp
A7C06289.JPG,1FWOLAFNpHMgLq2M2PRshU381Q_AuPup4
A7C06290.JPG,1VxaqtYL75bOKHQwsTRolGmfUb90ZXgz8
A7C06291.JPG,1mGeMwIsg0PsujSh-H6lxto27UlonvyPi
A7C06292.JPG,13GvsbkftGM62aQUSAz0om4kwcq4X1oRe
A7C06293.JPG,1U7yr8QywUgJ3Lxb7CY9cuIihV1hyn1k8
A7C06294.JPG,1pzEaNVex2zlda3kz3dnLrKwQVbzsRDZq
A7C06295.JPG,12_ec20QJLZ5eAwB2ZS0zn-T30PwdkRuH
A7C06296.JPG,1nhGcNtczlA5-jUZEx1YKZP9X-Er3ndsU
A7C06297.JPG,1o-qQVdYdjysNSeGVis-6tXQJWyjikSU0
A7C06298.JPG,16FuqB1wtdY8hvA3bNM6zbbCp9S52Q9oM
A7C06299.JPG,1VDv5fyddzv3DB8dKzFkZ5q35Elx_vzOi
A7C06300.JPG,1vPlwaaL9eyXZte61azDWMa_aStjd2mEX
A7C06301.JPG,1gZUvjaZYzp-3_jKXvwVhKyKXgzPveJjI
A7C06303.JPG,1qn5P4nOBIymEKifjwnjAoJ7Ht67yrWvG
A7C06302.JPG,1u6mOPitRhcII_ZX_Ei0MjhhkpHfNcw0T
A7C06307.JPG,13k2kMESkIVKLdGbibVHkzLOnMtUcvZTk
A7C06304.JPG,1lJO7msxRSrptpwcl7IkaDra70H4Q6ODq
A7C06306.JPG,15mzCJvIdDV1VNoTSqKIm6agMlUEChIpu
A7C06305.JPG,14ciX85qyyCuf4fYJ9B1oEG--A_8GJUGY
A7C06308.JPG,1RuQ6O3zpKlkzZXZ0hang-62-aFPYjIIz
A7C06309.JPG,13bd3MosixMXkbdUetG9SrzwYuSlVzaHd
A7C06310.JPG,1YrSlzYCGXdHiDKiNLAsMcXbjM84pUsZ_
A7C06311.JPG,10vDkZ4rUXRDc87dXRFfVqwzWMNmOBlcD
A7C06312.JPG,1OxaVU3j69BmDFBSht8S9K15YQKL8bwQQ
A7C06313.JPG,1EDDlZcjDwDz7aka4uCEpxvKefcoo0QEJ
A7C06314.JPG,1vyKaB3uGkBcl4x6-EwqbDGmxiHsbH6Uh
A7C06315.JPG,1eGt88Iw5Nw1__tn1iHrriAYKry3jM3Ng
A7C06316.JPG,1mNUxnL_A3s3iI-JrvIqOBCNO0ws4MNcB
A7C06317.JPG,1_Vh3AbR6_8P5nGB7Z7DdSOVsYx_Y896H
A7C06318.JPG,13F2oodVicA6WAhtctaDn0iPHAK1oaVbv
A7C06319.JPG,1Ec-Oy21XtawMSkZmIEhYOlvw0_pPQ58m
A7C06320.JPG,1c0IX22QrUf_wR6JftdnYqCkmp1pdOhut
A7C06321.JPG,11EbM5WiCyjegOmMcIUy3kasdMEORDjP9
A7C06322.JPG,1r0_CL7IDYAEBnqrQBVMgjYLuFOM0EmXs
A7C06323.JPG,1O4L8DdHIi9mHP1_1pVQ-TE9YsQFk12z_
A7C06324.JPG,1l9cY2ALMEMLefeqA5GkaW9URmZX9Cc7Y
A7C06325.JPG,126f2RyutiWcll4Bno5Y9RJRvWVC8aqlt
A7C06326.JPG,1WNcAc6gtRWOy3uNQaq6VDnH-YFqPSUUR
A7C06327.JPG,15ZvKVy11PaYKb1GSgfgWRZ0m-sYIqmOO
A7C06328.JPG,1vmzIc_TRttWdA5VJp-xklTwHEv726Z0o
A7C06329.JPG,1GVtzNt9iwgVgG-Degh29BWWrnIMJz708
A7C06330.JPG,1jponbY0GBO4lDg0Orl6MZRnsWFuza4RU
A7C06331.JPG,1g2wUil2i4ynGRuXUhK6MB1cTsAcX4lsT
A7C06332.JPG,1FSBndKxIDTELcOAnflVV3khAQx_q5xb6
A7C06333.JPG,1XRPJCrWHvneKbjmycfy_ySmoUu7voXQO
A7C06334.JPG,1vyKMDnXOnPBnstCJGyPEWpjPj7yHY8Eo
A7C06335.JPG,1BcPlKEuKYptdEYdrVP0W9ScbXlDQyCxC
A7C06336.JPG,1coaGRyc3HeQnnN-zz-04JGOXdRIiZJSu
A7C06337.JPG,1jW1HqvV6DJlNNqrC3Nq7GAFUVxSuuCAM
A7C06338.JPG,1-4KGF1VwPBdXgb3akjEyIy57yjGv4XRT
A7C06340.JPG,1aBL3QoZ3-v6lEqIbtR5YsVCS4uxJ0EPQ
A7C06339.JPG,1w93SsCOEk8jF2PFa2H6qF2f9tBjcTseJ
A7C06341.JPG,1nsxeiIp5mOUJawJq_oeeX-VDWEYUy_NZ
A7C06342.JPG,13DMFvtNkDw9-pkemJm7LrPHe1bljsd1r
A7C06344.JPG,1bUZhWUtbN6lGArIH_fceOjxT8ZKVLJOu
A7C06343.JPG,1LbvHIAF-oWccrOQm1UCVEtaeL8mcWwBG
A7C06345.JPG,1jGRp1JcxUoXcdlh_AzTH50GXzspyIu4v
A7C06346.JPG,1PPFFkCuygodvPyLeKz6s3pRvVbo5UeFV
A7C06347.JPG,1QrwYlqsJlcXr9g5AmBXoG_SILmwuXo6H
A7C06348.JPG,15LneR-DgGpuEZ7c1_vKkvuO-LzMTpZuT
A7C06349.JPG,1D84n9WFrOH0lHggnQrV340qQYT7OAUEj
A7C06350.JPG,1ysfLsrjoAHDB0o9Wez453aEd5XeDIo9Q
A7C06351.JPG,1dnNN6bDgUC0-IB6p6h9AB1_C2lnKdA67
A7C06352.JPG,1TyOpvud0suumqnKbAttFkyIFcNke4ZeH
A7C06358.JPG,1ap4LPHcLs_OruT_VnFTTFkJ2WWa1vGYF
A7C06357.JPG,14Mj-b5vvwXxM98nBzUqq-V6cHZ84j8yI
A7C06359.JPG,1o17JpN6-69sEvfukRXc36wOaBQqUMIF3
A7C06363.JPG,1UokEF68TuLYkjjQw7ZTd9gHQg2UX-y7e
A7C06364.JPG,1jespdvF46FKs8aUgV9I-3LUBFHhgL5Rz
A7C06365.JPG,1qeupSeCrFDfxMA3JeAn-4akm1OdAItaN
A7C06371.JPG,1qchrS8TEhWl_zJ-BF-P-gVhbJ19tMkd6
A7C06370.JPG,1r31g0gQQCQDGuMUfuxN08QIv41Hgu2r3
A7C06368.JPG,1IPEzALtSiM6nJQ--9VmTZqxXnLDqfj16
A7C06367.JPG,1Ohqx5yEGKmkHfmOTAjVSvQjjcqLRqEgv
A7C06366.JPG,1MKtCBqzhhYV5e4uvpGZLE6sRTxwz2jId
A7C06369.JPG,1AIU3oJPr1iHPL87d2_MckxXRvrZErDFi
A7C06377.JPG,1mWPTzGMfhlVTCzi_SbhGV2XDQ9UZ8oFM
A7C06375.JPG,1wbUYx9Oc-TfLXtC1Sj9UE8T1k4AWwy7H
A7C06374.JPG,1RJnwvKlvXqOjVEhNVPGfH1FaS8OUuxwS
A7C06376.JPG,1LPPuqIRrdP5o0lJ0Z1H60t9Z-Mei2-od
A7C06373.JPG,1dkZQRTfKJHSSAKlSb56Jw0JJ7gsjBb4W
A7C06372.JPG,1T1-PBnAT6gq62m9ioxdvF_hX7xVpZUKK
A7C06380.JPG,1vFrFoVAgZOqlRUtj7Mwoji5njA_dxXfi
A7C06378.JPG,107DEp1mX6ZOsPOOYbuRZvGenVP6SwFcV
A7C06379.JPG,1DqlPyhsCRXwFUxFBBYxHG56ChrDoTKPU
A7C06381.JPG,1gy4LggV3odv7pqbbZKo9mEJSv5ptfoh_
A7C06382.JPG,1ryFFWLE9DvLWz2lcNpiGLNnCzbyVMRg2
A7C06383.JPG,1T27X6SGZRQaSvWIM0wqBq7eXwJosVRuK
A7C06384.JPG,19GE_VD7mBZaXZUETPf_vYz5bLIh5Sx9m
A7C06385.JPG,1cO6RNdGi0phPxatqWOskSUknir5_96Jb
A7C06387.JPG,1x2xXwekXdMvFeKBg9m5DqWQ28-r9lqOo
A7C06386.JPG,1kA0t7FiXEi2lH9_aMqViIgVcNeP7OCQt
A7C06388.JPG,1pMLCaHFHZfmm8VIPkTVVaAlviQrli15c
A7C06389.JPG,1CPlRp7n_JCnMp4QhivaKncMVvPhwDRFo
A7C06390.JPG,11GunCzxCgCVuFJi60WptnDXKse4Mea6b
A7C06391.JPG,1xqBMWTa4u69fTHaeqwwb2xlHETi8VAhw
A7C06393.JPG,1bdCtPcOudQfvVw4FWsSVr9s38EDZlJGJ
A7C06392.JPG,1d-aTEHUrHPv7WGsEzq2hIwrswEpZxMTs
A7C06394.JPG,1JPkf7V1dFl01wQA3N3EAcGJVD2B-glBc
A7C06395.JPG,1rkpPDY_EdcZ8kNF2BvGONxGNMRbiTBYe
A7C06396.JPG,1zL08_VvK6lva5yQ0g5TOElDfwn8F1DTl
A7C06397.JPG,1Ftw8jZhJYWpzjqUZKPZlyE_8Je00pSAG
A7C06399.JPG,1D-_EN_KURh-l-pVr9Ftk9kacR3T5eH-V
A7C06398.JPG,1sZhhQBDEnTEduvOssdBBY4N8IWmUBaq8
A7C06401.JPG,1WGI_D2Nz76jTtFMJKiYuowHmit13wuEk
A7C06400.JPG,1YI-3Jo9iQaYDFVMno4dKjoVTd2t0FWH5
A7C06402.JPG,19F4cpbntskS-cyetGPRCzu2lhtaWpH2P
A7C06403.JPG,12gXhOqjzlEYHq6r6noXDLGaKBT0WtBXs
A7C06404.JPG,1cRrtv0U70HDW3ozRUxaggJQbm1L9_31Y
A7C06405.JPG,1TtgMzAnpaOAUrVmJhXdbyGihuRMnSMl8
A7C06406.JPG,14ShW4W1PC6qWvL6jwHEZecSZ_VGmPB2d
A7C06408.JPG,1zMEeWOlwkfaVHwuWlrWemFU2cpsQd1_p
A7C06407.JPG,14_RfTh6QMeQxKTVui00WG-dKmbwI93he
A7C06410.JPG,1PPA78gdb5t_uH-_zfV9e2K_BGBFWAQc6
A7C06409.JPG,1AB757vhPRtD0UtcHwKiDfHPLsy7JboQz
A7C06411.JPG,16jXp56_KNjAAokIm1SBTsFuogecC3wdG
A7C06413.JPG,1T5zcMfTmGAjgqDvarAo0j3tcl7a9hwlj
A7C06415.JPG,14ffCB0kSoN3FV0tFZ3VTaMiZbjNEoHhj
A7C06412.JPG,1uMoP8a2Eil5NcUsris3V3cYgfj1ivLBY
A7C06414.JPG,17ytyq94FV3EtZ7oYOAyEPObFBYasO9Np
A7C06416.JPG,1s1OjoMOoZ4y_abcgH33mKGHwn9aAkl-P
A7C06418.JPG,1U7L9bUsuJqTPA6rJ7o4cwAR-phANGwMM
A7C06417.JPG,1cbPc4fLD81aTn2EGigr-NOdS1MOG3KGa
A7C06419.JPG,1eQL-_WDhDS_d7z1tmTG_rIofk7jYgVRd
A7C06420.JPG,1glbZ_7cJkvKIgOYvJynOzMSgW5KwEePk
A7C06422.JPG,1pIPa-uMRGyT47wXw0Gtn1YiRbAGu26Yo
A7C06423.JPG,1v9GEqwu2GIsBH9UpSJ4fHDPkRcZbcS43
A7C06421.JPG,16rOjvsiGVNMBjOy575f7nQectvWjby-O
A7C06425.JPG,1Ql-lW36mOIM2oIjjkfkgG6xqV0LGYkZT
A7C06426.JPG,1f05rSiJsnonlLfcN-3bNIMPlvnq7NMbe
A7C06428.JPG,1UzSLL-6WtWg8Zj3fyAEUCqxm2q4TfWt8
A7C06427.JPG,15N823Efhx7Y4p6CG_ozpQToDPFaWSHvZ
A7C06424.JPG,1g__NjyKTbhWmSDpC4zHjY0cXwf1V01VN
A7C06431.JPG,1ewemDw2yRagfHkzah9AdDx56Op_zB2YD
A7C06434.JPG,1hFfHSVH6Kk1U0GhQUaSs0gcT5e13vjMB
A7C06432.JPG,16RI-_rzsg1mP2Ux8XCpvCJsw5VJS5YJX
A7C06430.JPG,1cX4riW-Eo8RiN3xNnVHAPoEXagrSzGAR
A7C06429.JPG,18QYkiuRzsm2EFR2SyjFtc_VFQyUWF94E
A7C06433.JPG,1-DfyPmPdLxQgts7Q8iprNHmXDjNzyKPd
A7C06435.JPG,11rip6w1U0K6RGcUMA94iSHfMhCZs0uxe
A7C06436.JPG,1Ga_vrDlqysKDk6HBiRCxYTrHcTGP8a7E
A7C06439.JPG,1CpChLluII8tmR2FlAWicOcrdFKPKphwX
A7C06437.JPG,1JwkV4oVh4uZ0V32oPioBUqykpEb1qeaZ
A7C06438.JPG,1FQ6QgeLTFYFn3pWNYkH2pfDPnBxH71z9
A7C06440.JPG,1NIpcNzWNUKMRpTY6t2S6TKy2wmAum-9L
A7C06441.JPG,1ioDnps8mwMzYwJATX8BfaP_gN-iuVvH7
A7C06442.JPG,1A617NAt57ZhRsLv8hmgZj_TuZaVdhb3a
A7C06443.JPG,1fBRff7HrNKQwmCLxxi7_KarFrvJiIzBp
A7C06444.JPG,1EFMf95Gz9H6NuB9fjd7ZJXb5OgzG0Q36
A7C06445.JPG,1c8Ec2GEEMVmsBt5exE6GAQaB1NUYLntb
A7C06446.JPG,1QG_3zBR7GbZ3elvpIoj7lxfuH5prmxRK
A7C06447.JPG,144z_axJ0R2yaFi5dP1GuXKy4O5mBHoqo
A7C06448.JPG,1ORslVvMGYzdq8w9klbfK-Q8bSRwNYys2
A7C06449.JPG,145DD89R177YW4OK_v4cc_A0Dk51KDb8v
A7C06450.JPG,1i77Q7Q6QalpNRMsof2daQ_GvNRiLyyWD
A7C06451.JPG,1dfaSa7AdNnhvE-a9Nvi3z5jg-EQHPCK4
A7C06452.JPG,1CQPezL8UDCmv6MaaJZ3ce8ZwBA-36ZU6
A7C06453.JPG,1THATPnV0Z3eyZ8L2fCysX3KLsCXqELFs
A7C06454.JPG,1LuawUkfWCnZRrCmRfcK7P2g1evpdB3Yn
A7C06455.JPG,1KaXNdEZZYWQb6qVXF3_F1GibKOgvdE80
A7C06456.JPG,1oiYiXGWvm2K1fscLLlPp3ge2wzwIClEY
A7C06457.JPG,1XDqR3s1NI-mzbOYrmVW0vHophl_dtmQL
A7C06458.JPG,1m3eMoRfpnL-suO5GDlt7ZhetP95lYgZ-
A7C06459.JPG,1DdPF3UZ8ct2rrIbTvUE5PaWZ0wcWcmiA
A7C06460.JPG,1EoKz_FK2FGDn6oMFfydCKglPBlcG-kQM
A7C06461.JPG,1cPDAIy4bSNdX3hpj3MkIM8yE-a8udkVi
A7C06462.JPG,1Rfj4bUJXg5cj8rHAtzb-Spth13EKAalY
A7C06464.JPG,1UysKAOVSCk3N30SLRn4eYM2OnHs5DVkA
A7C06463.JPG,1qdzZdEPBJWvXrlZ2sVENHcL55LMI1QsV
A7C06466.JPG,19rLeWJwnrcNYcHU2_6jAR0TUXcyWhLlW
A7C06465.JPG,1oIf5spr8sdOHA8UBOhuUC5_VCEVS1SLt
A7C06467.JPG,1UxB-J7qjasp49ed8XDjIw2uCNlZeH5ov
A7C06468.JPG,1JVi3ACd9LyKhioi79BpulE27Dvgevva0
A7C06469.JPG,1cl6dDDA5mwvAFxiLcGYlWMyyKdmyVqkw
A7C06470.JPG,1NwZB3lfYWVSEdAcXM_bnpQub4XpXWFbD
A7C06471.JPG,1xpuxmSeduwB_2cdM9yfy6x8-KP5BoCwW
A7C06472.JPG,1HW7pNvlZufkFvslOXIafZhR8SgF1fPn4
A7C06473.JPG,139j2dNAwepZtiV0hx6PUW7jTY5mkh9g6
A7C06474.JPG,1TJaP394QzlPvmYL8UOqySEz2sd3D9rZO
A7C06476.JPG,1hlxLSQZgkkOfZHSFM1t9Yq4ymUrGsJ91
A7C06475.JPG,1jfxKf2QjJrO0StoSvwQovWBIKGMkExTD
A7C06477.JPG,1k-tzfrCYAY2iuoCIyXkkL8GdrxN3l-1x
A7C06478.JPG,16lCd4_5YoGBMjUGgNVZLlpDtLqzXZabg
A7C06479.JPG,1S5zfGRqC38wshsh7uWMfOaVRqt8Ur_ir
A7C06481.JPG,184nTniMObPHLm8RdyjgAVsyjqUhK8VMN
A7C06480.JPG,1zXVdPC3N5lfbrwubwQUoHVdUDyYVVjYG
A7C06482.JPG,1i0egPsbYC2HqPG35HEwu0OzSC0QOv5x_
A7C06483.JPG,1p6TMFyDPexkwAY61u9dATfCKIfJqDHX_
A7C06484.JPG,15D2LadGe98rD1iBelNtXwquJydVQKNlq
A7C06486.JPG,1c6sb1twoWyAW0l2VY4scZH2Uq6OrJeGr
A7C06485.JPG,1NPvSIF4v5IM3sYL4uibcnQ0Wm7h7iWMJ
A7C06487.JPG,1udSpkq8a0TMnsHEQU8qFqcO3Vz2Vigpf
A7C06488.JPG,1CYH96V6FNoZR5ZtT9qkgSITlbgAsaQ6w
A7C06490.JPG,1meb-z6C7UaVa6mlZj3BARijiL1TJf89-
A7C06489.JPG,1HZC5OsyoDeBhS6Z-S1rwegMremTIHA-l
A7C06491.JPG,19KRt9KJ9XkuOQxNzw6aX3Oagu82ZtTwT
A7C06493.JPG,1jZECEabYB2M-jQx8OtTREln739mX7gDT
A7C06492.JPG,1YrYPV1OkOyi3MyLmT2ntHxzl_glZ0FLz
A7C06494.JPG,1u1ww57xMgv334zXRaiDMbNRj1O1WW2V3
A7C06495.JPG,1gKPmjV4ZugC-UMjgkZ5MUIDXwp84NVGb
A7C06496.JPG,1USlK0_ODrkj4zXgSA9o0Lm4L41U51Jv8
A7C06498.JPG,1pJWrr7wbwNmSqBe_rcSR0lOlquiE7B5c
A7C06497.JPG,1xc5W4aC3nlZUq-p-drlkU54zveZAFyBh
A7C06500.JPG,1OLHmu27GiS-ZhcCjhzcqfuueLAbBuAv7
A7C06499.JPG,1o-n05tpw5oBIaPNZCoVgdunsY0kaHKdC
A7C06501.JPG,1cUi5Tel2hAxk0HMJg5WXGT94OReSw_hm
A7C06502.JPG,1bN0CWd_azxOB-F3tgNpfQaaB_vXoOWQ0
A7C06504.JPG,13-wbnjrO_sRYNavgO1haW2Wbt_xvp5Kd
A7C06503.JPG,117VfozLKBDFc_dpj83I2dA12UGASLFrB
A7C06507.JPG,1sfL1sazI-o4sEvFupNyFhu_rKPBUQgIH
A7C06509.JPG,1LtbLUnRHmSRw9oGK-JORLVNt9jU9sYWW
A7C06505.JPG,1sakZhCmGIx_8VHEigw7qEk-csjOuxqPn
A7C06506.JPG,19uCgu2xRrgKgWS7qqnTy2TTo2g5_5f8S
A7C06508.JPG,1SQ_8N6yvdV_ulDr-qzd2MaYLV5aSUPgO
A7C06513.JPG,1BL_DiXuJL8K5FR-GWz1MPCzzCZwHSmtl
A7C06511.JPG,12-fwIlASLj2xGBygomZi9vB5lsXmT0x8
A7C06512.JPG,1__ualLlFfGQCAey9DOWLDxHYVo9vMlJj
A7C06510.JPG,1iKk0rh8wzJ5M9NEVSPYJnoKP6E6qjtpF
A7C06515.JPG,1HWLSpgxm9YJ4waDOSPuhvx2ZZMLJMSV_
A7C06514.JPG,1AaH5D2QmqYP9IlHG1zWtZkUQsK4VoOlA
A7C06516.JPG,18uHrbT3CMDYuxCnCIIXPQaq_s-HoIZUv
A7C06517.JPG,1kSBLUMy6LuVtf5gt-oN3IaJ9OAUgD7N2
A7C06518.JPG,12Wzf3abzRrYdIzezBhXxK84Kgmb6ZH6u
A7C06519.JPG,1ErvqTcWeVgWfvMcqaJdslGRxFYynfWXv
A7C06520.JPG,10qsrUgMkIEp9d5TyYCs-L2KPERomFO9T
A7C06521.JPG,16Y6o4ntikVhJZJVf3qAt6dvKwvLjUSOv
A7C06522.JPG,19y88MctMxuRrfqQp9u8YDmiL04Rg8f2V
A7C06523.JPG,1neFq0kTLxwaeHVaYlzAuhvRg8546L7zj
A7C06524.JPG,1TncUFHAXwHA5nXR_yezl8AqtJ_YdtnSQ
A7C06525.JPG,1Iwh9FVcVqju9C49b4Mugi2xTb7wM1pG8
A7C06526.JPG,1aeORN-UkNcIVkgm42mqUCQJ7hh-XpZ7g
A7C06527.JPG,1g_gxSgkw2oPvtYPprljSBbmPDfYfx3b7
A7C06528.JPG,1tOLsSlcllQ8acTcLmZoLyoZ6_siFAm8j
A7C06529.JPG,1H7MLRMRsq0XnFfyzC_pSKxpNOo2OWa3w
A7C06530.JPG,1QTbrSTT4Rybqcf0fxrn3HmCP8HrSGl_z
A7C06532.JPG,1oDrRChNiG_o8GokRZe35GJr62a1R4z35
A7C06531.JPG,1cbpj2xzsFG8olUPoojzO_wTWLM-ngbjg
A7C06533.JPG,1jCfhE6ineak9aW0WVWzYPeN6bj3PNxdq
A7C06534.JPG,1WNvfuj3KCMeyvyEcuvqwzHJYt203dvCo
A7C06535.JPG,1BUUFZJB-smb_hlHPsEX4kxoZFYdzGnEF
A7C06536.JPG,1Ba7neyhz9OrLGlLcj8QBLBU8ky0O_EOD
A7C06537.JPG,110HeadgpSyRg9PaA8_2DxIwYtSkSa865
A7C06539.JPG,1KUJRnEpF4UhPpeITGrK2iCXkdEo1Ladf
A7C06540.JPG,1g6EmPBbRmH7rEnf7UqyZjbMLu1sSo-VY
A7C06538.JPG,1FxRy23566lslZmofnW30aes9Z2IERG-O
A7C06541.JPG,109p7712F2CsJh4KTuLqUtTTY8xGS75Rj
A7C06542.JPG,1X68t3C_2sP567KEInqB27R-RKVJzNKHd
A7C06543.JPG,1OB4_bjgw2uCoD3McurpkwjvIRz8f4Dtn
A7C06544.JPG,1ogk0slBv0Z3ejsTT6_dQ_8qNqVZ4SwvU
A7C06545.JPG,1_xtkWxFjBbnpFEoFmT9G0IuHFF6vJBtl
A7C06546.JPG,1fEWVcF5suqA2wmgrifV67TDvjWWa8-ZJ
A7C06547.JPG,1UmUyLWZbe0JmnUr7dkSY_loajOlFtl3n
A7C06548.JPG,1eh4jBVWFujda_GMx3DfR_1u1zSBwKhJ8
A7C06549.JPG,13whigrkiQZxuNhvemgZYGHd9zEBLImcq
A7C06551.JPG,1TR4zv89q35vomG6rEe26YGX1wKrlQUKT
A7C06550.JPG,1LGj5ctHKNM-2GZJ8n62J03_ABh0y6tQc
A7C06553.JPG,1oGjA1ft7ARUQ2BzVre-5RBcclFbrkV2b
A7C06552.JPG,1NpTH9vsbXfmvLtTlUnwr1dPSoREqkt8o
A7C06554.JPG,1IuX4s1FePeX4OI7W_7anHdkjDQizrASo
A7C06555.JPG,1NZlbZOQIr5ODi5Kx99hVl1MBttnWdcuj
A7C06556.JPG,11XR2avopSxIsl9rr6PawLmXSCEUl9IKE
A7C06557.JPG,1dI-0E-JFDIA4j4hsTYUXT-t-fysp5loL
A7C06559.JPG,1AoHXDJlulhkxdj7Y-y-NCRdt1TMPRqKv
A7C06558.JPG,1TM2vbwu4Gn2QcKDXQAmsifDNzG-Pay3P
A7C06560.JPG,1DosnmQ0Un7eQIq1sG_SBkCgeuXFgDRom
A7C06561.JPG,1IQTJk45mh-0D-oSKtd68_b1GCb4mhkMC
A7C06577.JPG,1OCotl3nDItFa3kgN1nRUgJE9xjEQ1LyI
A7C06576.JPG,1xT2Ocubbc_cnLAySth0BRViUBFm8h29Q
A7C06579.JPG,1wKvA5t94pj4etBPKTMk7iamVj2W-dlHa
A7C06578.JPG,1PYID5vkMF3XkJlTB5kAEjdyuG7EZEfaa
A7C06580.JPG,1mJjz1_KGP8iCF6dEWrUkflhIPvi0XITj
A7C06581.JPG,12-nAPvQpG4f3XSJZJqSrvnY9aBHv65Nv
A7C06583.JPG,1qSf7tV1QVVquEc_2DbcDJ50L1tdg1Kv3
A7C06582.JPG,1j1fDK3iD2BpWU7hBO1a9H1oGoVM4v73A
A7C06584.JPG,1IP1Weufk8HE390fZiNf0eC0KXAsMVVSE
A7C06585.JPG,1QlYII5Y_xF84EYPdEuspxwj_R0jc3o5w
A7C06586.JPG,1d2TxnZSdBqRSoyvpFbdeg9bj36HBwkf7
A7C06587.JPG,1K8jE1NIY7G-1NXBbabUkG1vVnN6aZD8M
A7C06588.JPG,1MrsujOQtPTz9snMd6Y9POlpiYMhGJTWN
A7C06590.JPG,1LSoHA7Jj681cVcI-dlnypjLvnc_1A56L
A7C06589.JPG,1VJesVX4vGHGnapmKbZyDLTbTZDIyX1jk
A7C06591.JPG,18rArFsYwgXk8vF14bbdiaI9qNXF33bW4
A7C06592.JPG,1Tt65z-IXmvnWcBN0cras_6EUtRNy_wLR
A7C06593.JPG,1YUWDN1IvmKZtE85qtjj1bxJD6fx0Df52
A7C06594.JPG,1BGunLgfhAc_eT9yrx21_uHu7ncPScqXo
A7C06595.JPG,1pukpg3QfwM-sxelLVrzf_ygw6OPq6eUN
A7C06596.JPG,1vSWh2bd2fYKf2VpBzQNriGHoIvc07lr-
A7C06597.JPG,19s3ZmBPZ6-HQ6O9jXPfHBtRpWTIxz7Zk
A7C06599.JPG,1FefraQuxWJ7TikO1dJatw5nfNm6_tkZz
A7C06598.JPG,1xwrXFF-TY9_xE6EqhMe0uUJJsZGxZkII
A7C06600.JPG,1tryT6OnNnJ3cYFrRqce9Wuwcovh1jDGU
A7C06601.JPG,13UoihF03ISkqCzYjXZ-jYi8pfkG2lvLn
A7C06603.JPG,1b03s1tjeK8woumg_9qegBAQ1W5wx9dR4
A7C06602.JPG,1i5qXIbQnjSYSj78qziRGEPUYsE095Pkt
A7C06604.JPG,14AzI3F8esPu7O1qQZKlT453s8pHuBQtg
A7C06605.JPG,1xEBYE1liBV3P7gzNPMUxM8NuTROkZj7X
A7C06607.JPG,1tswvfw3a0tlLpkkcOzOrFRl6RU40PcWv
A7C06606.JPG,1rvnh4xUs9puWegQ1XmBZIPuqmIQgQ7lJ
A7C06608.JPG,1HRZfJNVZge2M15HMYEODYy3guBRqhfSN
A7C06609.JPG,12gHzuoZFYtmzGJneflWdA1wbqP0XfNoR
A7C06610.JPG,1AQr19c7gSgBtBntlJyoYc9NO0CbY8Jy-
A7C06611.JPG,1nI5O7DuhAa1PrcZGS3nGIP_FudYdN81_
A7C06612.JPG,1kban_QNhy1Ps-1f_EUrdCChX0jZrmYxF
A7C06613.JPG,1TfmRHs5lXinWYT975aYi7OHjBJb3aCHG
A7C06614.JPG,1CVmKdT5464UboV1Mkl8i5WlJUgCr1Cq5
A7C06616.JPG,1RsJoaMgEjllySrmYB0rsyl0uxlrfC870
A7C06615.JPG,1TAmvCCKSMNvCDXp-N14u9r4mLKSR-0vU
A7C06617.JPG,1Kw_-QOWz3lKMahDSwPc7O5WkZqTvcN2I
A7C06620.JPG,1MF_sw9_PgOlULFMotaUX_8KDHl-RQq5i
A7C06619.JPG,1EZgobeoYwiazFwcmdM9yBOiwCKB-Y6vd
A7C06618.JPG,1XnH2KwCZr9-kYWXGEDhbJRuCtu54rDtM
A7C06621.JPG,1acnoOaewmz1sXSDqEcS8xqeyJgaLw2DH
A7C06622.JPG,1qTKl1t9LI7MvRnJTlXaNTme0rPt44hrV
A7C06623.JPG,1L7PCiNTBAeP7tCtRe_uALasmQh2OqlEi
A7C06624.JPG,1327NgJcxdbsfcrqFF8riPvVvzaiitYEI
A7C06625.JPG,1SqtJzhvhjq_yMbpVZgJR55LVwo9oLCft
A7C06626.JPG,1Ts0SggaeQ5n9ZKmACOqAi7XExQZRIPH3
A7C06627.JPG,1jtAHl-Es1i6av60mEuIOXRxT3sj2eY_Z
A7C06628.JPG,1_PVUoRK5lvDScBGjEcdrzbofrKAdg0I2
A7C06629.JPG,1t_Dz5yNe-W3p9w9W9JQ5nIQVWKG18x0p
A7C06630.JPG,1tV09D0urdS4VZ0hn7z-Lpt4QYuxv3K24
A7C06632.JPG,1dEIJZ_EkUNOj40_ldHMYo__L3oAT1JUl
A7C06631.JPG,1JdifVwUngMKAvETEIGVoKaKN09HEPbrp
A7C06633.JPG,1HQycRpULhdfo7GfC7OoGh2yVip8W9C8z
A7C06634.JPG,1s6bhkh-SVQxfi0sTN_-KFyMoo9KIRutP
A7C06635.JPG,1Be-wqQU4oK-5ezPZuH5eYBPm6S6yKbHb
A7C06636.JPG,1NMIEtjStYgFH4EwLniuwjY3uPVR0u0-M
A7C06637.JPG,1uLRqawQR2UTl_MQqQEKgUEBwqTgl2bkF
A7C06638.JPG,1V2UtmMKAl950UUoVZolVl1LP-dsv3UZJ
A7C06639.JPG,1aTBYPD7MLMhu8WuG1TJ2stiKvDAlD4Oc
A7C06640.JPG,1cKAEdEctQRW1AvZga71jU-BjpKpD44KO
A7C06641.JPG,1yeck5apQhg3wHiOWhpWk-m9QOre3x1uS
A7C06642.JPG,1VrnYP2CJlA6TbzfhZK5BImqepa4C-496
A7C06643.JPG,120_Gozk6Gk6gWRjjIemZwxgsVXtpY_pv
A7C06644.JPG,1g_WVTU6FevSP9JuFiDQdGdawCe6YH9F-
A7C06645.JPG,1RRS0HaW2-wXWqRd5a0DQdnqG6ySlNt4u
A7C06646.JPG,1lhbpm07zsZCbCjg-hmiJfkv895bSjFIL
A7C06647.JPG,100AWas_tFbPnplC8PL7osCX6ehtsLsHP
A7C06648.JPG,1XbOkXhFhLNKY88wduh_Ek5GRQx95Gsen
A7C06649.JPG,1UVnhz4nMxeTVXkssEJ5SoeMmNmyC9-cE
A7C06650.JPG,1CS9DGhSy9K3RutsNp0nB-1YoDEykbbSj
A7C06652.JPG,1k5pFP4wZxFV8Y4nylW_EInmGQkXunifc
A7C06651.JPG,1uTDlx63aYUXDTKxUeapa26Mnfjk6D3nm
A7C06653.JPG,1d8fZN9j4Wz6Fp3bHm2HJtAQR2Uxh-983
A7C06654.JPG,1hImb5UqVUIUCjFKvGiOFtW1nfID1wtYK
A7C06655.JPG,1HgcCsU7slH5uPqrUaSvd0uttP0u6rg_f
A7C06656.JPG,1i9rTh-t-yq1xyW9VVoOhQUG_CJizrsq2
A7C06657.JPG,1HDD9w_7NIfojn1wMpv8hZ4JDAcBTsxYY
A7C06658.JPG,1COYczYxPVpUbfDwTTO-5KNFAQJEEfBA6
A7C06659.JPG,1K-LjDA9uLXz7xw20RX5SDukIGcvo__Ys
A7C06660.JPG,1qXGMWHsfz5kVLyZ0cfLlOTmXdrfOuesl
A7C06661.JPG,18K4Up7qCCar7vOVfuCFkjh_hZid_yXqM
A7C06662.JPG,1ZhuWSXf6WwJh2YDEQ8iPVuQOpVRsWIMD
A7C06663.JPG,1lz-bRmnUY3ufeHRBNR52k14EtxtEhZUM
A7C06664.JPG,11VgYnwj52izboy81M3gsYYXn96WYBPKD
A7C06666.JPG,1KIhk_XQpaCNfsJ5z-7Y4Tj371LKH264e
A7C06665.JPG,1GoIHCCb6Eu5sVLuW7LDBtQ1KH7atU9r8
A7C06667.JPG,1vf2-lSZ38A94mu-bKuP_UxxDvMEt6MHd
A7C06669.JPG,15f-50IC6Ru6pVJGgmkl3arGKJ3St3UR7
A7C06668.JPG,106F7Zt47P-xB3x5YkbGg21aqi7z9POlB
A7C06674.JPG,1cVd2YLq021nDC66d38vPYWlZu7reCNEm
A7C06670.JPG,15oLlO8jyjW_bQufYB7WseiwUdaFGg41Y
A7C06672.JPG,12uylOhVAU1KBBEQz8ukkgtYTF74php6x
A7C06671.JPG,1p4Iw0iJLIKwnvznbqJr67qqmNp6xra0E
A7C06673.JPG,1rmFYgyYjluusSuFzULX3WdQoXvrSm5Yv
A7C06675.JPG,1LFRlQVP01Tj8y7ANLs-2rozEmofXEDzG
A7C06676.JPG,1J7oOzSQhicO-is3Xe1TkNb-K6mkaxL31
A7C06678.JPG,1cbIaDjDeU-iZrgxcrIXApQKOgqtMbsSY
A7C06677.JPG,1TFGEXR-NbkpVVH85H6bCLbe8JSBrHXK2
A7C06679.JPG,1bRHyXqwfTwxt_w1Zh_f5rocdtrrQa5aW
A7C06681.JPG,1F7qbpIcgFY7iQiH9mgAD5Ksf8qE5ns8L
A7C06680.JPG,1DuN3RlCtFH5R8OmA9h95eJpWOvHUbmIB
A7C06682.JPG,1C1L9R5V6CT6swAxhJfrLe9263l6JtKUU
A7C06684.JPG,1V1bSdMcZRr2nzzyEuArMrfuo839obRQk
A7C06683.JPG,1yfUCbjE8q4w16O7efKuhNM5mxQa79HTQ
A7C06686.JPG,10UGUvgJ_sYY0vYuFvT0m5jI2t8_lUpPY
A7C06685.JPG,1FjQFW9LCWOTiZZOI0-rQ-MAUilT6B9nr
A7C06688.JPG,1hEGnyGetiAVgph3VAJJJH3bluQkqoCiT
A7C06690.JPG,1Mn4S08xGAXLdJ7DiG1BWzM1j7th0HeW6
A7C06689.JPG,1Tz4WRcHpFs443iGdApCldrGn0SqcZFQQ
A7C06687.JPG,1Kawmv1j0lrjDwXmOH6O4_3LufRTfpuCl
A7C06691.JPG,1xvwAsdWq-SrD5seuv5S1vnGZl-FJA5c3
A7C06695.JPG,1QKkpfT5i0OlN-4gHQMbnPPT3xtGk-kz6
A7C06692.JPG,1K3C1U0iN5H0m27YV96MYO-Ma6wAXO87g
A7C06696.JPG,1NNLp93RAyFsOCdTb4tRgrfQCqGckT-fz
A7C06693.JPG,1nW7EBQR-CVlirp1clBkGaml4GsdL6lap
A7C06694.JPG,1DcKhFqAb9HrlYe9JDAMSsCY3UP1g9vUT
A7C06697.JPG,1ufuq0A7l-bYXwlc3VQROtD0F1oeRKTG6
A7C06698.JPG,1VUAhkIHs-b0Axvaemfc4aAbyfQeGS-KA
A7C06699.JPG,1x2Zzrv85gBVxrmpqZkDGUNSDvJOx7ZJ1
A7C06700.JPG,1qkiFDLjcMODiPqmcaqH1MASlYOi2N0SH
A7C06701.JPG,15rQ5cyoG8oJ5veQYrrP54RskMFRsP89n
A7C06702.JPG,1BOaSn54zJVT_QKrOEkXmqEJ7dbwO-vIq
A7C06703.JPG,143YbvpsJcPrTDhvYozsJQg31xtHr5Yk9
A7C06704.JPG,1wKc4rakiUygbOn8c22i9uWRh7HAOYFPg
A7C06705.JPG,16OnwpQhjgrPe2t30TOD291vh90NGosQ5
A7C06706.JPG,1t0Nm-4m3psyvQBAnpSmgmqJy0QPsYtwe
A7C06707.JPG,1nhBDQIx3cjEkr7oVerGw2sCl14842iYc
A7C06708.JPG,1qEjuRpysk1_WSr9ICSKf6GSt0-ruPNtJ
A7C06709.JPG,1cczvx_21HQq7Ga7s6l7tWL9xBqmonR4r
A7C06710.JPG,14l3QbiZmUBPh0a8B2HJJ_9w-KYELvNI0
A7C06711.JPG,1hNvyXPq7KB63kBAY2dPKeAUfzYmPmBfP
A7C06713.JPG,16_HLVTpkNQ1QlCuIInJEV1zO9nL18Dii
A7C06712.JPG,1pJxUl-4xja7NsrlmAYN3wjl09_MJGKc4
A7C06714.JPG,1GRWrQWp-m9EgM2B6j9pSrB4uASiAPrqb
A7C06716.JPG,1xk6lz2zVHqxm2pzsgAy81Ljq_prfOAu_
A7C06715.JPG,1LOXz9UZa33N_nId8nQdsoYd-4nNTdZLg
750_7226.JPG,1JJFS2wpeqlxSFE8IhwbJYy8TgBArvlib
750_7227.JPG,1tx7zCsQqnRlokx4TEvQKRXqgcvsl9Tmz
750_7259.JPG,1u3DhtDTB86ZHJE6jBfo2FbwQgb8hdCDw
750_7260.JPG,1dtDrX_bisAuy2811FwFHtss1jgmsVi_3
750_7261.JPG,1meF1Zrb1V3-B7sGs3fd5GFvtsLYgxyLw
750_7262.JPG,1uwR5FeQe4trD1-fqquusOtrNtHjmpjDj
750_7263.JPG,1KwR3VsErZT60l3r1nDQcZo4ZI6ClbNCQ
750_7264.JPG,1k9fa5D1nXW7sSr7dlzltz5Am3LkFSMy3
750_7265.JPG,1rqR2KwVIj2bvFUR9UP2OtSWe9NstepRN
750_7266.JPG,1WnOT7HqsALE1LbEVUayXp-WsemGLeHst
750_7267.JPG,196MXJpNK9Huv4jVpILodu1oK0BFnBuyv
750_7269.JPG,1lFZ-aSqytwSOqu8UdmQbDfYLGjAdFeBh
750_7270.JPG,1PN5Db7kMsCS-RSbpi9Cz5-5_MrlUamNi
750_7274.JPG,1Raujnt0OI0dDe5QmmGCdkKhga3aceB_3
750_7275.JPG,1r0aQ4nEaPUJ3o8sIBXfOF9ci2pEt2dkr
750_7276.JPG,1rHUsgYFe4BTSwwyvJD3Uwk02ETGBYYdC
750_7277.JPG,1IUgBeuAI7bo1Kz6JuHJFGyYxzYAWto3d
750_7278.JPG,1qqdr7LGP3oLMX051fiLd9j8ObZUmRJrF
750_7279.JPG,1scT4yBxdHP6Bp7JSkq7t7pt9lmzbYVoj
750_7280.JPG,1kWZ0LadvM3b-IHBilpQSNKnJLjXotHep
750_7281.JPG,1r42B6Zp7tl7XvC5jq2LkAGQp0nEArNk3
750_7282.JPG,1Si2zo7hyVz93GSoKKYv2k8rrLONF6MVZ
750_7283.JPG,1bc607GR2M_zcQ7_XRGMmM6HyeaCfkERX
750_7284.JPG,1oi5ybgn83CJHCJdGwiwgdDOrX_r0uw7X
750_7286.JPG,1X1viwI8TB0G6_tnurennPX9rjA41afAB
750_7285.JPG,1aIk7yEimaNjlkvVl33zBlTleLEDPTFmi
750_7287.JPG,1YWNSCTE2noOw22MGH3rc-u2K9O2pTJzA
750_7289.JPG,1ssqv2ndgnrQeqqUiM3u2wlwT_TLxZnEu
750_7290.JPG,105aPQEyzzTJF9njZkXqHs3ujVeXJUEQ0
750_7291.JPG,1csS4Cj1ZBCFxvNLvkhdhPXZnRe20SWfV
750_7292.JPG,1MtNeD2NG4Ef-0EzBlDUq9iRPw0PrfIqH
750_7293.JPG,1sVYWM2x8HXebc0prsYV0GYj1ND4hT8nm
750_7294.JPG,1s84A3hp3GXz45rBojngNM4r90m5bynXZ
750_7295.JPG,1vCwftkaubj8AhWvov5OMH7atAq6bNve9
750_7296.JPG,1emkqwbqUfjhi9luijeX_94fztco0FbFe
750_7297.JPG,1JZ3Zzv79rUe1pa7_6eDT1_f21jXAhxqy
750_7298.JPG,15fwq9NKLkdjpzuPwv4UBTsVRGqKNriax
750_7299.JPG,1sNFmCfC8Q3Kfz3MdRgd7hYrlRGSPsGKY
750_7300.JPG,1-yA7Dt0LpeypmmVz9NuVhWlbmZz-gx76
750_7301.JPG,1TApm12C4bLdU2R-oiVsDN4lKt-90gxN6
750_7302.JPG,1SbnFY--j90YmWhzw2y8HT9qJ-6vQGmtx
750_7303.JPG,1jH8kzqXB3h5MFDRWlmo4YA__UoGmSIA1
750_7305.JPG,1PPilgp5fsfwn5pXZTiSctAb3EUy2ZZ7t
750_7304.JPG,1dxtUt9OBcE8siYO9T2rzVuyT8Vk42dvf
D75_2797.JPG,1nDHgDjvJ8hAyZbxv3ylWCldWxWnHM1gc
D75_2796.JPG,1_7mpmEmitJxb35SBoGf0VV-dUOoMyNZO
D75_2798.JPG,1V-SBPs_Jj2nD_wCB755grxl3LAWkkCB6
D75_2799.JPG,1TqTNW93XhMNaFfrmUq6DcTGeHABtj0z0
D75_2800.JPG,1L4Ij1O3Z1irkm40MF6kjOMewYoN_J52n
D75_2802.JPG,1hr7gXXDGqRF55jV4xeZi6Cp7SY0spymg
D75_2801.JPG,1QzOyOja4qNU4cMu4J78CiVi2sdcW4Ns0
D75_2803.JPG,16IGNLa8pUNx0EIKoW8LsD4S_YG-2gmG4
D75_2804.JPG,17O5UK_0bWdL46-A_lNoQJB1x1kl3kORg
D75_2805.JPG,1NFJqnKo5Pi2mfjnqglj3hyeYlxnJ0jGw
D75_2807.JPG,1iLab3W3izinpY3kJPC2OrcPo0jWpcNxo
D75_2808.JPG,1qmTJAFr0oqPTAEVoRuCXZGO_ZzVUGIvI
D75_2806.JPG,1WYPlUv0WBBC4Gt3t8pAg6yQwde7btw05
D75_2809.JPG,1TwS-7p_Q5b7o6wjaVK38kNClmG0aWPLE
D75_2810.JPG,12wVJIfLr2p_lRtwWEre7IrnILTOV7mqw
D75_2811.JPG,1ZL4NhKULacnQ8yEDjYACus5QyB-SCCFQ
D75_2812.JPG,12yPatvjvQBhtoXj-DvtyQXow3xD7VTf-
D75_2813.JPG,1-7XITNv36O9EV6_XMIfyKrFycK_L3i2M
D75_2814.JPG,1Nd8XNSoukzwy8JClPKqfrz-o9QZaltVR
D75_2815.JPG,16H1Y-82WtNTA1L-jvQxy3NSaC0Y0_UKo
D75_2816.JPG,1Ezvof-k0U0Ig73mKQH6pW0bG_LuNZUUJ
D75_2818.JPG,1bXeaqkuPv9_KzdkRdB4rK5BC093FEBYn
D75_2817.JPG,1w4rOwLbPM2XoGZjjHZa6xJVgD1YJ2M4Z
D75_2820.JPG,1-zdsjmi1QyxxqjuD5GvSpNrV5qEnyab6
D75_2819.JPG,1V5h1_PWcQWJue40BqDJN1VllXbHUgYrZ
D75_2821.JPG,1tYz5qnp5XHbYZtCZ_KWkag0v9nAOaVIj
D75_2822.JPG,1PtIKAqEtOKWINR364sM3ntzxekNiIR_Q
D75_2823.JPG,1ZCTjTZZJlH48vOwTlyHd2IJyhsRAic1A
D75_2825.JPG,1MDwpu1Gf6I5mEILZNz19LnY3NL9i3kiJ
D75_2824.JPG,1SgXS4qNP7ssl61MJabAfX_UCIqmt5LYY
D75_2828.JPG,1v9z8Lo8OM5EdcM8joZ6a2TMiwiCxDR71
D75_2827.JPG,1wsWRNd1qc5p1IdWRyiuZ7Mr6LTCb9dms
D75_2826.JPG,1sC8PgJT0hF8SHDCt_ZdYggtymtin_I-Q
D75_2829.JPG,1HUm8yLnUKWLBZ_GCYUaL2d-qYm2wLkDu
D75_2831.JPG,1WODM017aDMlPdJW75wFWfGe95h5g0HmO
D75_2830.JPG,1O-LncyaSrBp_RAApyEZiEEg9RjNMeAqO
D75_2832.JPG,1UvgEyo91TjkUh5YWQ45Yx_H-6s-bk8oH
D75_2833.JPG,18KDg4uD25gIygwIwFv_TlW-wRK6pHCCW
D75_2834.JPG,1CE-W2Li0AzVOezOCt1YZhpHxT3zvMrTx
D75_2835.JPG,160Bz9myeP01DjwaPOzdTElY-fLtuOGYP
D75_2836.JPG,1EhwYx70l95VrinLg_Ta7AGSIaoihRP0Q
D75_2838.JPG,1Z8YJaTDubhVKshhQHRjgW2aVmuzfXFi_
D75_2837.JPG,1qRuEaGIhXpiWx8HNBsW41-YAxToLsLUM
D75_2841.JPG,18cHguFkH_QtMFGADvjx2cPIcWbhJTy7M
D75_2840.JPG,1rmiyn0LDfFc06mIV_DnQ4JauSTX1dznE
D75_2843.JPG,156HS_9kP8b3DtwqWfWUSX96EIZVeW2FS
D75_2839.JPG,1MgPRwinQJqJSGvA8Dy_TRcpKnBnKBmfV
D75_2842.JPG,1G2HKc00acwriTWmXnLxN2OIYbZntAYUw
D75_2844.JPG,1CO49hiJTXzd7AHD1xsGocC4AiHq3fUuw
D75_2846.JPG,1MTj6PFYiuxCxYxoS1RYcp4nfX4nBQDc3
D75_2845.JPG,16f5WX4xzKlxcE6kerrN3BIb5I_47Yh4b
D75_2848.JPG,10WVXs7OtQkQNg06zG_U_Pzd3QwAuMn0d
D75_2847.JPG,18FaMNuoEo_ZDrJDY922xloNTRB6vAPLv
D75_2849.JPG,1K51H4QH9TzTIjiq9ENFcj26MZPzhze4P
D75_2850.JPG,168YuASPo8cnH-EZRnDOMt4ryj4bUxTA0
D75_2851.JPG,1i3H3z7cDHUIYB4FF6LylPrD324UHCmBX
D75_2852.JPG,1LG2w17uNgQ89XwHdzZM0pT7Fwn8gDGTM
D75_2853.JPG,1pR5G6B-BRrbBd9D0_fNWHVc9YeNflby4
D75_2854.JPG,1dEFe3cEjufjkE_IiKYktMuNmq0MzAsAU
D75_2855.JPG,1U0Xx7Zr63etXBOU3623BAVOZgrtmGUV1
D75_2858.JPG,14fnhEM3cwL1eBwt7odLHqKgAclYsogU7
D75_2859.JPG,17edGPm1PgkFC-LFbW9dHfc9DpQaVMPDO
D75_2856.JPG,1ekBIv-mzw8BQyMOgfwCq94aj6WdASy47
D75_2857.JPG,1PxQGmyRWQSSb6OtxfNDNNKf_eBEziGo4
D75_2860.JPG,14la2AcRsN0_cmZ48aPS5hf93NV_SYFhA
D75_2861.JPG,1VkkBMBi0bmP5GvwfHvy_4Q_ohJ-gB_Hx
D75_2862.JPG,1XZoYVcaSumVddbe_jz9-GdX72HxcOpUE
D75_2863.JPG,1vhV2z2bgrb18A7pTUBwKcIiRAOi5aXpJ
D75_2865.JPG,1r2bQGWGETvPDF3p44w1mm7STDnmR1u1E
D75_2864.JPG,1-5nZLPmOaD7OEHOi0Mlb-fYEZKE3ahdU
D75_2868.JPG,1RPDk-6agEgA-_u0XL7sHM-Os_5vGwKSA
D75_2866.JPG,1HNgySkn_wyn8KR4DHyMfpPsnksk7zHA_
D75_2867.JPG,1kLAbY1aH-gCCmBOZdwzEIu6zkNEktJ7v
D75_2871.JPG,1h9_xerq3DjqxlubROGdbQSiUFOivMNxB
D75_2870.JPG,1SIzraUFuaZFkqHH8Ev9z1dScwOeQM3TU
D75_2869.JPG,131bx1P9AyEXO4pcHrbZpvPEgyJq_Pwu3
D75_2873.JPG,1cGmAM_JEtPq8v1o2Vj8UhPvA-T9MSyN2
D75_2874.JPG,1bmmauWv3N7Ei0vTZKGS1axMdUKxo62t5
D75_2875.JPG,1zGzlc92xCT1yh5Ygy6MXhsQocpLXyOar
D75_2876.JPG,1WQiCJqpEodmWVFa9mkRLcL1-2KxcFCCS
D75_2878.JPG,1E_jvr2Z1k07Yz1Rp1t5SYiLjWKYP6kR6
D75_2877.JPG,1b1bRCABT8MSpjiGox7DLXvrSUyHp-86x
D75_2879.JPG,14Xck8tUCF3hmvL8nYeCY2B-JHna4JYOj
D75_2880.JPG,1xVIrovDECtKDEcU_UCQrrlQ4aooZDIIZ
D75_2881.JPG,1vK5SGP3Fypy_5T3MlN0bpeFf0gqJXnzR
D75_2883.JPG,1QsKuXbN1AizV42L6z6ElIwJsNsoh6X6m
D75_2882.JPG,1zTWTvImTXjvYrF4AZVeAnZa8Ncv5b-AM
D75_2884.JPG,1vlFP_tqJ7K_9rhVifNzhSW_lPjjohmj7
D75_2885.JPG,1XqXT20YzGCvCtSrXCz1BzaWWbQ2n7iA7
D75_2886.JPG,1i6xaDcOQWfC5jE0E2nGQ7wRrP1WWXjue
D75_2887.JPG,1mbOlqyKKmtM325rZoEYjeqttOK4e4GFA
D75_2888.JPG,1LrgPipJ_Dr83vAIPaiv4VkzD8yRtGnGm
D75_2889.JPG,1k6BE2OEYfZeWMuol-WOXSh8s6HJNoD_w
D75_2890.JPG,1zCxDN1ixAf_ewATNtb_QZiYrQKUGrZ4j
D75_2891.JPG,1V78kmG9ONf7BjWJHJxe9C1TNcPJR5EUx
D75_2892.JPG,1F3O4DiZgdLtBo_-wuHQkLHR9lcxLG7Bg
D75_2893.JPG,1Isr-rBjHzAoCIz3csQxs8e-2GQ4iRnyH
D75_2894.JPG,1F-35PtW_wweXYZmmpmsfTQQw2nbthtBe
D75_2895.JPG,1xMTsneqVJEU3Wl0T_WlbCdVXVuxQT08O
D75_2896.JPG,1NHN5CKT3UMziylfl6ZUPauUfyGPqWfJK
D75_2898.JPG,16iEszBfySO43-hg3wxt08qhNVxuQZe6O
D75_2899.JPG,1frRMXmCBpu4LtkQ9iFvb_VrIIqlyfSFo
D75_2903.JPG,1XZJXMiKFB7h_oMTRKk6wLpOLkBuEWUR7
D75_2904.JPG,1aGatLWWhkb84vAQqZ3VQTjZ2eQlufbsl
D75_2905.JPG,1_Qnp5sUPe62Ge3nnRbviSVrZp_-cBmdf
D75_2906.JPG,1Kqf4DTOC59_9p1QWfliRgkDoi2AcEIXv
D75_2907.JPG,1fEC4e1U-8DxydUal4g1qpHr7gtLnFVed
D75_2908.JPG,1WhqzKjdojfXBgKcTCVTfCRKczh_EVCcA
D75_2909.JPG,1gCbEc34g6m8BQQAORm8Z7-EyzuVbQ3Xi
D75_2910.JPG,1y065CD-TqmIqY4Me8c_ez2HfHQW2Z1YD
D75_2911.JPG,1ubglEV5DypNRivjWDg-d0yimSEDX6C6S
D75_2912.JPG,1MY5VZZaQTv2-t2piZAcaO77BV4OCQ-4o
D75_2913.JPG,1wNDsF6Coly7DD6ZdgndP_-GcTVDFJEaQ
D75_2915.JPG,1ltehiS4LpjQhlfqIsBv_EXke41jfCdIg
D75_2914.JPG,1EiuHuyaTKwyLF8AfbE3BMw60_zvL8kaD
D75_2917.JPG,12upHeshUiJby8O55JjW5l6NBDds1jWP9
D75_2916.JPG,15GjMVBLg9PJClHTnxGHaPf3lyuebQE7D
D75_2919.JPG,1ilB6pnbeWKO2k2T1JrqE2etyaqh0jhE7
D75_2918.JPG,13_0qynIO9rwgvn2wTRw8S54Lrgd_Oh9_
D75_2921.JPG,1x0FVeJSzA24uW65AUcmFhOlcA8aWTms2
D75_2923.JPG,1vmXKVTMTcIozx0Bw1RsAOgoVSGHUZLCV
D75_2922.JPG,1xaD8yt0oyTjSntrtlQUyEx0Z7O5z_BMw
D75_2927.JPG,13AKjgBqSeVtRsHECjftwXGyVv2MwWUjw
D75_2928.JPG,1Q3C97PXQaMMXP3P2wZ3naawdbsn4h540
D75_2930.JPG,1ieludpVuDpHkumsiakQePTlB4QihJiCY
D75_2929.JPG,14ce1x5br-szF6YrCl9-KCuL4Ssszm4b0
D75_2931.JPG,1wwWCXm8Pu6Qz5k2wZfMBJNlI43QMput2
D75_2933.JPG,1tm-09RPhwtJaWVx-P-AJVnMYAH_Msrqu
D75_2934.JPG,1D6NAm6j0sPDwkfnyzQ45vUX7w4QY2-oc
D75_2932.JPG,16ghRDyNHAO08FUCcoz-VE0HkoKI2rB1a
D75_2935.JPG,1CmGWZ8amkB5i8GLDxHe99yrLpqTrzG1o
D75_2938.JPG,1U_hPH87Jojg4zqdL5BFhI4O0ENIG0PYN
D75_2940.JPG,1I-7qyhefYM61hcgExJiAXPMHjxT6PnEn
D75_2936.JPG,1vRbC6APUpxQplZxEs95cFHu0KG14ZKEo
D75_2937.JPG,14EW4WEtnGuj54YL3WW2tEd8Gv9c4VgVc
D75_2939.JPG,1k_7PQf4wAvbHv30C4_nxhQl6SE9ZZ1D8
D75_2941.JPG,1zQ6maTi9C5ZJ-Do_hjy2EUbsGSUdeCem
D75_2943.JPG,1YSuewEXWrQ5APZeX4yo6IV4WKXfeSLQn
D75_2942.JPG,1-oJitn_MbrHGCZ1PUx5yaZ4rk41-WmSP
D75_2944.JPG,1Xa7fGvnReyTjZlGvcvtQg-P8iluDWEEn
D75_2945.JPG,1Dw__f52g_Ys4-uXefG6X6abh2ziOUT_K
D75_2946.JPG,1vIzvhcMqEk69kuGTM5ZlOPCEqIzgzz4Y
D75_2947.JPG,1cBZqOg1UukHmUYgQ6O7ofmtHuZPg57YR
D75_2948.JPG,1LCe5pQ67rkac59AzVWlIGGg3p-q2GWbv
D75_2949.JPG,117PvNxlX1VgJEui2cAVpaoQObwJusUo0
D75_2951.JPG,1kLmpYvgSUzwWvYryuFGN7bNX32NrYLic
D75_2950.JPG,1OfYk0XAlAlIyFFWgufG4WwTukzLLzBMj
D75_2954.JPG,1iXh6QkbH8lQxq9WWlUSFgCA4e9850fLg
D75_2953.JPG,1ymeGGhyzTIqjVwBgRQbZEulFAreFEakS
D75_2952.JPG,1eFWQ0RVS6tQdgg4ogJVMDlUCO8WP_5nC
D75_2955.JPG,1ANQl36qRpCOAA-jBUakmb3-K-nOSuToT
D75_2956.JPG,1Y8pf3sLfCMDhTdNxzkkhyKGG1ZYYBfqv
D75_2959.JPG,13fZz3EVTeoGMLMRvIWYYB00LilX_MrX7
D75_2960.JPG,1BiSY7K4qUEus9jmi77x-cII2bjM1dZp3
D75_2961.JPG,1Uh3ZGBdBcFqrYyXTIhJs1zEbrc-4_1lc
D75_2962.JPG,1K32HB9avZNej1pNRoIxxKNeYcTMlInSl
D75_2963.JPG,1CzasTPRbSUrYGFj0Lgh4KH8jSlbTRXGL
D75_2964.JPG,1dq-ZABS9V5yTcxgMTKxMor3BCVj6--2a
D75_2965.JPG,16VhEww-J1SwGkF2zSFuAhyZofAnbIfEO
D75_2966.JPG,1DtyVaiZTw_WTaXD2GEBGkbnTrL-hiJ3h
D75_2968.JPG,1Gfap2X71zXaI7rOKihRMCdROGPakzFRZ
D75_2967.JPG,1vR6yHfASjEQnZW1xBkR29jaNegba7MXA
D75_2970.JPG,1sVufZ_G-Cv1PsTtEzTQNWvknryP1YhcW
D75_2971.JPG,1clQnj-6lVNeD5mlcTbIu1ERXUG4Rrw18
D75_2972.JPG,1QC5s82dsCApjkF_kxN7G-PvGgrHdbevN
D75_2973.JPG,1yd-B-VzSeCEgAwumHRcGcIrNk909Bt0Q
D75_2974.JPG,1ns3X6DieHHcbjUZanWBIOUhqYzl8xf_a
D75_2975.JPG,1G1g64nmDjeOKzvVSRurkpLYNgYKB8dWH
D75_2977.JPG,1NsqWxeT0ZJGqBbQvTANqVcZ27EAGk85U
D75_2976.JPG,1LgOwXi2CbqZ-3G4vfD9eZf4FyuZXr5nQ
D75_2980.JPG,1YxwEBLc7DPolYAY_j5gmWVaN3YzxUYMh
D75_2978.JPG,1uhwb-6iSoYmc1bGpXrq0TGU7qdp_U3m5
D75_2979.JPG,1evVAwLDFK2YPQHUvAJh3zcOcb5xEMjRd
D75_2981.JPG,1dMWhQ89trizfEzBreNQRchah-rE1__4J
D75_2983.JPG,11-H2l89oA6DjQYdpzSOZjlnB2KKfq7LK
D75_2984.JPG,1CxmibZUV4zfUq2DcFUHdN-FZdUgPk6i1
D75_2982.JPG,1dVN50aYHMMkTMdrcL0gRVU9TTvq-mP7D
D75_2985.JPG,1bQtvns9PGkR0goEl22Y9HsNCOgDwR3z_
D75_2986.JPG,1C6HDSSv7cy0e9SsffZ8s7HAJq5ElkcXa
D75_2987.JPG,1_lpZ4-3ojBjU50G-oxbGRuY41596SsD_
D75_2988.JPG,1YrwVKIuHuNYdxYQE2I48yeW5yQutm0vV
D75_2989.JPG,1AaJZwcs23OjO4HOIFOp1-EVuhQet7hR3
D75_2991.JPG,13H5fL8qlY1Ps3kiP9OYyHXMy_qf7VcLu
D75_2992.JPG,1l2KvGy9BQ7E0_fAzxjRgvUsY4aCP0PpL
D75_2990.JPG,1nFRctj_jAdLcjta5fhKvW0_6jRFKDdrB
D75_2993.JPG,1TxdYSKzGHjnhtxkSNzKQTP9IcF6PI8x7
D75_2995.JPG,1xevedngXu4Y9mvVfSWqYc8I1b-xcQnwL
D75_2994.JPG,10RiCTlawajLgiS_rC-5IqbbrzqBdCwVz
D75_2996.JPG,1YFHIefsUY3WmVvFS8IA8-vSFUwWuIxSz
D75_2997.JPG,12_wPenrMgdzO0H4zYBH7_PYw0-gCzIss
D75_2999.JPG,1742BXlDFGv2I5Tx9CGqNFyTr_GO-FKFX
D75_2998.JPG,1_XdmXsLrfWbFIQHOVrc9l4V-_9EciKbL
D75_3001.JPG,1Cwkz5joEZoTpq6UrlFG2t1lUTIgQHePY
D75_3000.JPG,1ILasODkQcRq8y3f9lvSwUTYu6r7R9-_R
D75_3002.JPG,1SU8c9cD8MfISF5hdSv8e0uIf3eHJsD7p
D75_3003.JPG,1zfhGa96yS2S2jPwhiQ3Vr8mggrCFzErw
D75_3004.JPG,12VSThxZSB5q0muFbFy7gVLuV8u7FuHxP
D75_3005.JPG,1_I3UWCE4vnB1SyRNCssX0D3EKiz3qy6z
D75_3006.JPG,1P864hqO22jZu2F4icMyg6kDHPqnZcKlo
D75_3007.JPG,1kRG_GX4F_PTJwuCXNOi2hakqTa4VhhN9
D75_3008.JPG,1rcqM2GKcybMYljuS5CHQINQbfi4wt79J
D75_3009.JPG,1ikiBR677y5jzaLrrt260KsF361vrqJ5E
D75_3011.JPG,1fQvayF_dQV56aQbcBHWRknRePwU3dhoe
D75_3010.JPG,1jdFEoPYaQzo7KwFZ6QZCRoAugH4prrwk
D75_3012.JPG,1Ad44DVmxEIUF6sBShleQyUtTe0lw6xPO
D75_3014.JPG,1yqGccn5b-LE1-Bq3QGgNmMXz8dXIdBI9
D75_3013.JPG,1KO61GkAFZJIJrKQLr5MmcPou5A19DL7r
D75_3015.JPG,1jg-vDAhq5RI1Qqhdh-hWo8NeHpAIgX8a
D75_3016.JPG,1EQPVCmbTqe_CJWI8oqqnVYYQ7AY4m0GR
D75_3017.JPG,15H_eSR9qW9l5a5mW6N3v7l908EGhl24h
D75_3018.JPG,1HnQVq9CPeMcyFu-PpcWY12tkl9PGiWOH
D75_3019.JPG,1R0Fxcs5IsRVqfbyITCJOK3Hj-iWrl9C0
D75_3020.JPG,1Pje7gGOuFYL4aB7nHA9TWrj9Wi0kll7j
D75_3021.JPG,1rZfa3fhcw9i-iWS817WoSRXIWZ987ipr
D75_3022.JPG,1dXm6CHpihFJl-bpLo7SA2LtUCj6B89bK
D75_3024.JPG,1R02BHLijMEGrLwVkBaO8XmSnI1KAMzCD
D75_3023.JPG,1V8AADAp8MXYWhZImiJFpqUEh0GPUWjs3
D75_3025.JPG,1EIeTQg4xBmr0IMzdfEr5IwRiF18bIqBy
D75_3026.JPG,15Coixz-I1wEioAnpkDh1f8ql_k_3N3_x
D75_3027.JPG,1UbsbHoI91JRI72R6u6pQeJHJzN6eJjsG
D75_3028.JPG,1lSD_bGxGWD-yoQaEP4RPpTyBfO3VTQaA
D75_3030.JPG,1NuGKiQLqmVVXUwiLeqwiRmCCMU486Hpe
D75_3029.JPG,1ziQS5KHFseUgshL7ABjSkbQmWvC339gP
D75_3031.JPG,1XCp9nQSc1KuYPQPFXCvtdStsP7m-KE-h
D75_3032.JPG,1ghTqgeq4_drSGTmi-_1Tt4J4bWEPm7rG
D75_3033.JPG,1Fzb1V7F5CO2EeV_l7s8UvLxgAcYrIQ-5
D75_3035.JPG,1klLtbdIzTnZuUY3lHYxHE9gwMliNM0lT
D75_3034.JPG,1ETi42Dh5wP1KHCwaap_BG9V5dDlOxKdO
D75_3036.JPG,1rW-c-2ofnaZiClQkC91E_wNWZ4SOy_3C
D75_3038.JPG,1h78QWTgjGE9mXcRwA6g3Ud84BCfXAdNc
D75_3037.JPG,1Y-FiDf31Df8EjJU_ZJBzlhTAIXqI1j4e
D75_3039.JPG,1lqLyy2tCFjFHlHeWRhGl5kgS26xLuknB
D75_3040.JPG,1KzqwbN3prDM4KwnmMj6VtAayeWn5uXxe
D75_3042.JPG,14tsexDANq-Se6Rq-Ft3TVU4jpAiLitAN
D75_3044.JPG,1FL6iR0XQwEnpN0PD98q-gkyuJ2PDSlmU
D75_3043.JPG,1TK1iiNqoANXJYwLUQUfqLIIo0fpmJQUn
D75_3045.JPG,1Ek_AUQqDOSOu39eP0pPb6IgxFzp30co9
D75_3047.JPG,1Jbt8YdtCYGil6Y-Xkptgubj5wHkLpKsl
D75_3046.JPG,1vbNdNts796xB7dte6HDVSJE7aDsoBt68
D75_3049.JPG,15fF2AywIUCb-OCV51dMcVUZxx3AWZWcx
D75_3050.JPG,1pYCD3kmtVL3xCnZ8Lr_JP328pUyJ32aM
D75_3051.JPG,1JYHTAqaON8hrdvfRTQAJfEMScg59vguU
D75_3052.JPG,1e6oE2e1aZbqHzTW3KEQvpLAg1yn4F7bt
D75_3053.JPG,1WtmhypOfIKhwhjC40asy1WNTLwtGUPRo
D75_3054.JPG,1inQHZYtqVQlJRVZhDKD079N3k-6EwbdG
D75_3055.JPG,1aXcl8_eS_7yn-2NCv1fLkY3avKEzpesx
D75_3056.JPG,1DrwAtLRflHuL1IfR0L8-hU4IESIDX81H
D75_3058.JPG,1GCsce8oVt3t0PDpePVKD-eYJvfsWbU4e
D75_3057.JPG,1vzf3_EvntY_2m_09YB6mEofbyYlBDv7w
D75_3059.JPG,12Ezi0QGLYCsH-LV7wq90PeNQQBmhVH-T
D75_3060.JPG,12lYIaYTIgOM878P5Z8laK4mIcePZs9yO
D75_3061.JPG,17GF14zBIf-9nHnHeZGWizROicWc1p9Gx
D75_3062.JPG,1a7FTmlM3efb9xeL6Kb1wf1aQ99DFHxTm
D75_3063.JPG,1-XcW81pO17VE0oKR4xoYH4iGyp968la3
D75_3065.JPG,10UPyD0tQ-2tZd0Bbx-AP5pkW13-h9HEB
D75_3064.JPG,1aaEMloWRPF18TcC66gMcSFXRHdFyVSdB
D75_3066.JPG,1k8bHm_6_ETlwstl42AmA5u66ZHZO6vVr
D75_3067.JPG,1wk8v5rTRk6yCKsy3CPg_P9DBzUmuskTq
D75_3068.JPG,1K_f4xVdQH7Ow-UyUrjj0JTIf08or0y07
D75_3069.JPG,1wNoH9VEB2p91UPlmpwOcWRPhpvVvZ9Nd
D75_3070.JPG,1EkdsWKXoi1V4FcllPzKwYYz4hIoNsw0N
D75_3071.JPG,1XhiQCjwomVl628h5Vcd0IL-XPcRzANV5
D75_3074.JPG,1IhT-Va2oj7i0Ey7KSvWmnAiRoe84T6Ts
D75_3072.JPG,10xGytRC0N46oRTQzBeA2T5pVwV8y38Xm
D75_3073.JPG,1r-vb02Xk_SqAEymVWHVOO1omZnkLN32v
D75_3075.JPG,1moem9olk-nxI0srmN1OhbedbtfijOeGf
D75_3076.JPG,1mA_ZZxQqt1sFjIi6cmvyDotSWijUND4u
D75_3078.JPG,1Xn_2wsdkePa_ZvU8kN9K1pHCIWK-3nE-
D75_3077.JPG,1yz-Oo1bWD9o9zOMCqgAlXyD4Vrxd9ngO
D75_3080.JPG,1oSOzp3QPjXbDHnF4_sFmOpYP9jeBEDSK
D75_3079.JPG,1lOvr06L-DnRmRme5cgLFblnJcZMui-0t
D75_3081.JPG,1h-jP2gmY4F6VjHVstcZhFXrT8BTk02Qo
D75_3084.JPG,1AVYSFrYLDCqIiXKK8pKgG4OvReBu8lLt
D75_3083.JPG,1fqWtkEqjnzvjiizdS1ZVBK4qK9iZoY7U
D75_3082.JPG,14aaiOO4eVc-Yfb3lh1LRXqYXnPhma3QJ
D75_3085.JPG,1Vr8RBOGqH0hsvg6tBwv23XQVmg7paob1
D75_3086.JPG,1BNONObr6wgkoYE9xCUbYCJXAzPOcc8mU
D75_3087.JPG,1eC8UV2FDASXedFgIt8ZP9pm-NaLOTyyF
D75_3088.JPG,1hZa-gv5z-2yOu_bWBY0iq40wwIBzA_gh
D75_3089.JPG,1_v_I85Jtc0r7UtKl3ctcgC9MO19QZb4p
D75_3090.JPG,1ojXwywZIVnSfEJWbcO775NfqrM91vCWK
D75_3091.JPG,1z2T1Iyo1jmpqJsK2Tp8lnEa4AxaPk5dZ
D75_3092.JPG,1gv3YurO_COSLOr9q_-HfXKCoqvXBxpiE
D75_3093.JPG,1DBOhIN37zJglcilw7c75YJAi7g3hT37T
D75_3094.JPG,1MlasCSzBAKAu87C7we9n0G2FL4R4_W0r
D75_3095.JPG,1IqmMDCooZhJGdsgUtp1-Ff0iIBbj8J4k
D75_3097.JPG,1_VWFh37AycPLkV0-umMEqWr13HqExzqF
D75_3096.JPG,1eDPxTVL7FB003U9vPl1zJ0i8hrTlzmR8
D75_3098.JPG,1QdMyrs6sdDJ_83T_J9TyozrC-DhK7RSi
D75_3099.JPG,1LKycrmiusDbMJPqSuOyIMNaKJHo_IytC
D75_3100.JPG,15z6gsUuPBU1ohnHKN6yGCT4j4OO1Wa-Y
D75_3101.JPG,1rwY76nVTN-bFg3H0o7PGj_qtRoWiilwe
D75_3102.JPG,1Bl01z0pir_NDf57ueKt1MO56Mbi-lxY4
D75_3103.JPG,1cFkpD0C_o6K4-xUNm9iKzcLyQWdjUXVx
D75_3104.JPG,1AfUoh91vH3jRlE8J-UxE88-WiwmbomXO
D75_3106.JPG,1T3YE5gehEHYqMHuzVHiwj0h9VPURmwWF
D75_3105.JPG,1VhiaqMiXerctw_q8B-sgigRnpCCB3eGS
D75_3107.JPG,16vKN8O94WbAASbOEBPsaazHBnvPXiFJh
D75_3109.JPG,15D-LB35G9VA_I9zNqKYQO1vXIAyyMaw5
D75_3108.JPG,1pIftWXPcvWNO8Pj4Hvcdioc62e8EC4lk
D75_3110.JPG,1CS-1IBmy2DK9a_pvV_tizRrDK7zoPqil
D75_3112.JPG,1wENyOCk11LHVYiH-by7sTwE_ArICEhJh
D75_3111.JPG,1IfCZb46wMeoQ9LCddfbtQ34XQAufku3n
D75_3113.JPG,15cH4yTuzuRQ01RgD961hk3V1yRd_rf6d
D75_3115.JPG,17v_jABZZaEaTWQjdmS5mGOSEkbM0Wig7
D75_3114.JPG,1jFWogRIJ6g8n1zEm0FnXxdYhQacwax4S
D75_3117.JPG,1HNI-AFgqZoRYYhNCo8VSy9vryitCvOaL
D75_3116.JPG,100oxz7x83qkapvBkK4UpPeblxhZqvPFs
D75_3118.JPG,1JoNVVwEOtQtcgwme_YOIPa_QXZpzqEe_
D75_3119.JPG,1RF6dqTeB1UjvFxHx_SR97-AzWLEyuQLp
D75_3120.JPG,1KDNdxXGIgX2B8rfMuuA1elBtO6l7xXNK
D75_3121.JPG,1vvXVnhEOUMdafzAzAOnRPexiEFMpti2y
D75_3122.JPG,1zSwSPg6RYVg8xs-ItxZnGgWEFlwNtJi3
D75_3123.JPG,1wS32Gpd_ERIuSOUtCaQj7x2kabFLXiFa
D75_3124.JPG,1HAUdYBRiTpYleF2OLtc4HxJ1CmDJTFDC
D75_3125.JPG,1BvqoVo6fxfRYA_SAPcnYWmfuv55c6Tfa
D75_3126.JPG,1n5TeRQW2CCUYvo21El2timWfH-USJZqH
D75_3127.JPG,1MVnXm_WO_H4qqa5YJOlKL2fWKfm0ZI2a
D75_3128.JPG,1clY18e1KlP4wrt05_mqwoGpiYdM5nVVV
D75_3129.JPG,1aH2CJmyTIECFM3qkhBWcGb2lovVOUuhw
D75_3130.JPG,1rUR5XkHe7raaHhc5AbxwnKvYvK3Pvc26
D75_3131.JPG,1zZJqX4deOiXjVa51NXRfWrDbZH2rCI6l
D75_3132.JPG,1kkWz4NfHFkfKqsYT2wRnhiM66w0_r5_u
D75_3133.JPG,1K9gOV686aNGxct8vLpD814OrVbtrGpvy
D75_3134.JPG,18Csr5SCaAb7N41u9gDWPN0GmbW3pQGit
D75_3136.JPG,1SjKbDrMeVMrJ_kwDenCh5Da9UzllXEEt
D75_3137.JPG,19JUqiaIliCLIqrvoKibW5Hlay872oGbr
D75_3135.JPG,1pibNJFw0aKarWP5p8gD2BazEXWpQzt0s
D75_3138.JPG,1oLplJZzxvmQx4tR8gPv1LcSCt3S6_fKR
D75_3139.JPG,1qyz7_z_uRjszDyR1_WJmu4vEoRluOf66
D75_3140.JPG,1ggI92kG86-ja5HLm2OeEOuCzoI51Yx0I
D75_3141.JPG,1aTzHdJ6eGLLpLlKGPsYdE7fE1vMhjQZ0
D75_3142.JPG,1RYhqDY8j4qEcBFke6Q9cmCSO_rFRQvNQ
D75_3143.JPG,1OMnqhmA_y_vppic-fOkonRKyA8MXednS
D75_3144.JPG,1zvEtNvstZJWziqVcz0feDq6B-QBdUQpy
D75_3145.JPG,1aW88JFbpXDd_RaYEmugia8alGCdRxHj2
D75_3146.JPG,1by3KtspXxvM2Fc8_Cmwp6RK36i1JJSXr
D75_3147.JPG,1QBqoznxXP0Vzevb9FGZ63iFSrH5ghscs
D75_3149.JPG,1FAdRuHevDdPszYF5G6CkiaMzeThm20FU
D75_3148.JPG,1H3yI8oX75aIHJMz1UjEPipbE5qNN5bwQ
D75_3150.JPG,1D9fUvgvfdAXckUy7gUAQk6coSui2Hx0u
D75_3151.JPG,1hbpIXbUqDu-FTYFPQBy93nyxcFyDa6ZB
D75_3152.JPG,1ua32VT1154bGrQHPZvYqJ_Q7_JeV4xfo
D75_3155.JPG,16_EyxW43797wpAaw79BDyThk1KC57SBk
D75_3153.JPG,1ZHG89yIJACFDUDn1-1syUDXNEp8d8jQC
D75_3154.JPG,1KjaURs55P3NXg_9yrJ9xa86l7O_2GH4J
D75_3156.JPG,1HTWawDVCJrhd5l9ydKtgX8scRO038aaM
D75_3157.JPG,1GxCr1XqrgB1Y0fGUI4fnX-QCBGe0vdgK
D75_3158.JPG,1uaOWRHNLjcwkCFx-LCzCW4AnPvYlxAXu
D75_3160.JPG,1h9hLjVeqGxGPLwXEBRu-wkrDxaRruGtt
D75_3159.JPG,1gtZ9_R8UyRZaeBkwiOnx6Z-N2xm7L_pq
D75_3161.JPG,1mhr0G33MInB-z2E3BpMiSCQecgqTNvPW
D75_3162.JPG,1sqGGOzhTlXH-AO20uFHD_-4o0itqLcLu
D75_3163.JPG,18uIlLRL-ilrwHMD4cNt89Pu6Favts4jP
D75_3164.JPG,19DqfXO8sbQ3mIlzNeEFbYRzdLEQyZtL1
D75_3165.JPG,1nSel37AlL0Lz75E-7PfzUhb0xqlhJv-T
D75_3166.JPG,1WSO-TG7jQK2pXeS7xsel_U1zXlfNzhlf
D75_3167.JPG,12XkTlotbC0zWh1PxiJqI7dijXzBxeOgo
D75_3168.JPG,16sRqbfe2qb40JML7OHKM1kTgC6FW4LHq
D75_3169.JPG,1y_iHEh2p1MH4BxwA6neZpFMYg2V9rRpV
D75_3170.JPG,1bRAINjUi-KDRH4aoYXoOQ2tAkMyuxDKu
D75_3172.JPG,1RwexqMszSHCnbdW1UhpPw6e1iW-NqZ4o
D75_3171.JPG,1eFMrOxIi6cQHPGbcyqUFiTv18NI6TOyb
D75_3173.JPG,1WKW-ebR_zzPuMvOFwAf8rSWgoxAnSyMW
D75_3174.JPG,1iP8JecsRk_YxycV3uDm5aXAyWxU9MIpy
D75_3175.JPG,1g-SkV-4y0lXgpys_jDOtJSRsJQmrqZc_
D75_3176.JPG,1i_rDGrMn7WOeKO1etCN871WzNChWyxfP
D75_3177.JPG,1k1lc9AbGaqYPbJmUYnU0i5msvuSZQK-p
D75_3179.JPG,1d-wS2SUPiuYTapPAhbpGz4a_6AS1VLgN
D75_3178.JPG,1A3WycLywIcD7rrb1snUM4IftSKiIwC6U
D75_3181.JPG,1UHEnl6pBhH5fuVe0apXhRADKFEoBKFIQ
D75_3180.JPG,1_c75631eceL1MusUHsAahFcUzChJWmfb
D75_3182.JPG,13TJLIYyU6x78dUARlLTH0TR8FRBx6fZO
D75_3183.JPG,1o0kXcIvjBO2i21bEtmnhcN7LLcXPLk2I
D75_3184.JPG,1W2csE1ZiblvCR1dNk2xRQTiue_tomVHD
D75_3186.JPG,1sp5rA8HRWONO3EqVvygxq33fL_vWFFCv
D75_3187.JPG,1NuD_L7pXUWIEih5jmZHPZqffLB5zYhh_
D75_3185.JPG,1rpDHvq1OheZwe-aM1e8a732_dwhb5ocT
D75_3188.JPG,1lmdO6GG_UUIT9aCtm-sHr4AYSPydpO5B
D75_3189.JPG,1p-dAkkmOlEKOUw_tz2EiBBrbbeaEEAO4
D75_3190.JPG,19KxL2QH1y2tgx-kJQqzorJuUdauo8_5L
D75_3192.JPG,15qWU3z9Eovfg6RwnsIq4dBY1oyMRhQjU
D75_3191.JPG,1CJ0eKpYqZ4vuBwogwNWeXN1OJ7Vfayke
D75_3194.JPG,1zsn30BGyL1CfOS2qXyF1JRN5UjxkEbdA
D75_3193.JPG,1MoxQu0L0zbppNlr9GHzoe3s5UAutDN7d
D75_3195.JPG,1qMuXGJPfHjbU8W1h85IFf-pRs0fNSaSl
D75_3196.JPG,1ib7GD9I5iBBP5XPuogFGH_MyMLL4f0yI
D75_3197.JPG,1GQRAcxoA0NL04hyLbfy4mEXawQ0Fhxk9
D75_3198.JPG,10URz7T29HDzCyCpPrDH9uAeRRYxfazwe
D75_3199.JPG,1BTbO58y9YcpbNjNxM38mgGA_vhxRlGQi
D75_3200.JPG,1bPFcT10RkGckEd3JoDfz2Yj5gvtg45T2
D75_3201.JPG,1sFHO9gpF2NelkOuXOKHnoxcLZ8N29eex
D75_3202.JPG,1xO5nGaVcU-YGKt0VoD0Anz7EaLK6qmbl
D75_3203.JPG,1dexMye0PH6fOUTOSZUUeplgh9FodCIfV
D75_3204.JPG,1PstVPenLQr-Wkv5_24GVvNUW_dIVfeiQ
D75_3205.JPG,1AfIQ0J_M7F89IChftVzKnJP9Nc69OD_8
D75_3206.JPG,1XaL0KUdMwBYkkTwbR3dRY1sk_9eaKtVh
D75_3207.JPG,1WQWXPr-cAzDGDXaF9RTY1cAwmiQqlfU6
D75_3208.JPG,1d1fu2xvKMtif3SDONpFLfMBdADm9ORdn
D75_3209.JPG,1BHmOokinZNN7eiOXRj3qYSJJyvOhNfbD
D75_3210.JPG,1IjHby8Ds9IioR2nBTHOsW0SlVhtiE-sU
D75_3211.JPG,1Uw78GNLLcawlgqmq14ZFIhVX2y2QeJ7Q
D75_3212.JPG,1ho95NcRfQm2Su2hTe2H0jiRYN2wWpCKl
D75_3214.JPG,14i3mMocOPIAQ890bs3IdCn2bqhuRreQ4
D75_3213.JPG,1ZoJ__w_NuKLcigAumXLByb6hVZ0ujHC3
D75_3215.JPG,1160OlpR5ApgKFkLIJdO09M5i6unuyuEu
D75_3216.JPG,1-3bWQb-XkKn4GrMSDY9222uVlwA2XtzI
D75_3217.JPG,1R8iisMv4SJnRng8RrvzBD6mwOtHGKJoB
D75_3218.JPG,1Jnme_1QZHnfQWEbTNopcDpwG9yXxRhBh
D75_3219.JPG,1DAw59D7SFzXSfVautbxG4qICKEJdtnTT
D75_3221.JPG,1EDkfjSjDzSnujX5flH2CCHjxrDqD9iPF
D75_3220.JPG,1O_L9jQDb9grVjr90gpSOr0ZYxPUAdmaB
D75_3223.JPG,1XklMZeTDSurMZKKhlL1dERGGqiupxToR
D75_3222.JPG,1wlyUOWG9B-yENNScvPK0HsUTuEF8UiXb
D75_3224.JPG,1vQsCabc_hjcSMQeP_2mGZgLHVLzXA_PX
D75_3225.JPG,1zBGDFadH_vSpqo9QKj5Fqz35mXOMGUGM
D75_3226.JPG,1ug5Vwn4oU-Y3a4Liyc43VH_jiTgFa8Ty
D75_3231.JPG,1BlhKpvmVl6fvYYhWJC9MqW5U3hbrR23C
D75_3232.JPG,1t1sAuS-RMgM5KrEbEXKcRQhHC5vkFj5x
D75_3233.JPG,1tz-_qHzSlpFPSL0nCky1zLpPJPLbRxKp
D75_3234.JPG,1GQ-63IuWV7UYAUpYOgmK2U2oCSjw5P9Z
D75_3235.JPG,1TKGFg-LSU6pHGjrdRx2aG2mGmYBQjGk5
D75_3236.JPG,1cAJeyZq2viIlXH200jeTOnfDL3EaqH0O
D75_3237.JPG,17ijv_R4NEs9bJnEcinLoe1NCZiFhF2QZ
D75_3238.JPG,1VaJuZ9xg1hP4tP-rFzYakDCtyA--BZ_5
D75_3239.JPG,1rj7dRbKZcL5wQuaV3-9kuwbtSs37vpQW
D75_3240.JPG,1jy0FdDs11ovPxWnF7LiR9VokdpxpOiIH
D75_3242.JPG,1CywGS8ZLFap418zaCRTLB0eRJ63rRolB
D75_3241.JPG,1Ux-dgSpsrj8qyR9Fl_CSRlRZOE3KCmWc
D75_3243.JPG,1q_6ubdePgh89Ihboy_VSTBDWu7g_jPQV
D75_3244.JPG,1nDlE22UotDmjplrGPQsFaqSqRgonNjrt
D75_3245.JPG,1rSOX_1zLtHIFGsgRoSJs2GKaRLT8MaAf
D75_3246.JPG,16yiGd4yaJBDs_2-5O5vnZOWer4twcJ4w
D75_3247.JPG,1bH16Vexi9QhH0jafajf0dJhI8G9R2xWI
D75_3248.JPG,1XIe1-eAfb9iFCACqGbsm8OYdlYEdMjd_
D75_3249.JPG,1J8kRX95duk-xSdBKl-ubF1FIr-IdBmJk
D75_3250.JPG,1RfzJA5Xdc9i3j43CnH8FA4j2fe5wxB8n
D75_3251.JPG,1_x2KDVI84HMpvdG-MRhY4xu4zaainnDE
D75_3253.JPG,11THcoRs9GKbqDwp4UvI9xdLw_DEGzffW
D75_3252.JPG,1-pt7n4RrikEGSwXbGg9Cilv4MPzhJDtJ
D75_3254.JPG,1V5eth2g3PirYrV00ZIo_a5LX4FQ-L2fI
D75_3255.JPG,1jALzxtlqu1KgojP1Kjv2Fa-25cztf6vA
D75_3256.JPG,1jhMTaymh0LJdMNQm9QPaKS0D1ADH7M0F
D75_3257.JPG,1qAeUy-UeIqvNSsORMfxHyiWgyx0X2kgc
D75_3258.JPG,11DpsYG5kwvTLzAS_F-FsKxi9aaAjigfz
D75_3260.JPG,10fRIBoKKdS5uutNZbHXOdvUAwaVg6yv3
D75_3259.JPG,12s9i4SQZGUnIUQIliY_kE3_v_L3NuTMF
D75_3261.JPG,1ZvxMkHqVwkQLPw2X3SSgGMdN1xqcI00o
D75_3262.JPG,1iMIw-fkHmrzZtfvH4c4ojYfkYTo-3Tco
D75_3263.JPG,12qdDCPJDuBjVPvnr_a1MUuGYLQ83lPau
D75_3264.JPG,1ojm8oUYJhVtkaSczHICOEJAfQB2uC-h6
D75_3265.JPG,1z6E-03AwQG5zmWi-RI4eYBMsbBYg-IeV
D75_3267.JPG,1XCY_IN8Tf-lVyuQ9mXVXy-mSwlSmyzBK
D75_3266.JPG,1q3J4DZXVJU3w0STXaQGU4dCenp1pl0N-
D75_3268.JPG,1YsCq6UuosiPCu_9oVXLrv08Vef8cDurR
D75_3271.JPG,1-A-7rkT1Y8pArwlBK_McXMypohfi7drU
D75_3269.JPG,13b_4vFeth6uW63Lib39nByK2Q8KJ5Xrv
D75_3270.JPG,1rtE7AAkj4cHDRc2btIy_7JeMSRCzoRBv
D75_3272.JPG,1G2mGw-OKrgn0SaIV67bF-N_--uI4w5bM
D75_3273.JPG,1t_89f_dDnRMVvkT9TRqvrrQDhqvsPNI2
D75_3275.JPG,1aumqxv3Kjj-j1Q32wndANcHxB6DexOgm
D75_3274.JPG,1ry3spH5-arnEG3ppruvQtdZqu1ULbPVA
D75_3277.JPG,1-r_VEWIx12x6Qy-7VXuuMSIYPTJ4sg9_
D75_3276.JPG,1OCf_TDDStiiX-NhY2Jn4XtKh1GuQmgHl
D75_3278.JPG,15s2ZGFdSGzqxxdbW-ZofO8l4JqTStvOD
D75_3279.JPG,1uOBt4S6Ce7a4Og2G6Dv92seCrnsBW03c
D75_3280.JPG,153bEJNTRlK17Za0LlSsL6agG-HGe5xvF
D75_3281.JPG,124TJzxe38CJP78cmY2SoKyMgKaF713YV
D75_3282.JPG,19TS_dS9NeWaCKCZ4cyjVcQsckyvoZ0kI
D75_3283.JPG,1Fi8EgFoZ_q6SErBykDnM9L2g14E1k6Sg
D75_3284.JPG,19Ukbj2vOK9bk1cl97Sl_uhjH_PBBjHbt
D75_3285.JPG,12J4TpvpWaECJKxTlfStZL0mfcTzJKnwW
D75_3286.JPG,1N5lmwdBHfLy1em42JGQmzdpa5NjTMBx-
D75_3287.JPG,1fKWOTjXhkUgF4ewqaN1S2w6ECSg_ol29
D75_3288.JPG,1T1CNus1AFbBjCoQ3u2pTSajLP7CWINy8
D75_3289.JPG,14gbwUFDLvGcKKuG3fh29bRnFgLgAfYFd
D75_3290.JPG,13brij4YcLxAywy7O3Q6CzCXIsfzGZ0Eh
D75_3292.JPG,1qGKVNdpx4_DOAjA7jje8-IUJP20FxxA8
D75_3291.JPG,1Ha5j8NlYYZMDphk2MNOpXYRWZ9XoFWkc
D75_3293.JPG,1JmPdvUE4l9OoHSZj1fMbSk-kFZt87K3m
D75_3294.JPG,1GOYlPNvEGspkMzmh25vWiIliU9CsraBp
D75_3295.JPG,1bp61Nng8PKUVZ_B7Bf36AzRcrNHpyZ3t
D75_3296.JPG,1rHBORKGwJGi5A-CmzXrXwh-I3zc1OZVc
D75_3297.JPG,1NrweGFevihbBhpP46s6lLZzlG33MTsXW
D75_3298.JPG,1tfk7FbRzZzpy8aAjK0NLI39eX_mxCUpw
D75_3299.JPG,1kjMXS5lYWJ29GRAZnhllVrsAbAS4Opf8
D75_3300.JPG,1lmITJQw6JKczS73mkbPoGMlHghh-WqZw
D75_3301.JPG,1WNI_9AOT6WT3dogOyviFrhswddfTl7u3
D75_3302.JPG,1hxlyKa1s6WSZaUvQPocvdV2bsvEC5fuW
D75_3303.JPG,1rlAkzHeKznyjF9eBU8T26dndxvZDheFe
D75_3304.JPG,1cJCw-5kHuZwPJ4mkH7E4-Seo4kyAx_WA
D75_3306.JPG,1aOy-dLQ_LIb592dy613U7h23Skhe73_Q
D75_3305.JPG,13Z42wbg7gbBtSaMSlST1Ml9bb6plTc_R
D75_3307.JPG,1y3dl9UEoGnAtGeOX8gfs6lz2oBBIWu17
D75_3308.JPG,1q3YSX9qQKgCQ1BmGb6eW5dhrRDo7bb2V
D75_3309.JPG,1HJD8y67lkOXckw0iP51-nL6JrDo0IzIu
D75_3310.JPG,1Y8W_A8POP94SfDQGGqS1Oi8yC6ZzB_MK
D75_3311.JPG,1B5ZQPB_WlmOv0XxnYDQ9fITKYMyN0Waa
D75_3312.JPG,1SnxxE5osc24AFzabNUmV06vS-0iirijX
D75_3313.JPG,12z8FRKS1NbtJDNFJ8L-sTrCHYjD1pEMN
D75_3314.JPG,1dXhOp-bXSimWjJ2ycI_D_tgBLoPXcsfq
D75_3315.JPG,1_s9Mce46Hb-47RGe5FZXIAAOcBwyHByk
D75_3316.JPG,1GMMBfjuY_knhzM88z_JSgO9UZPKJtQRW
D75_3317.JPG,1Z1PJbeBvpdOW5Sga2lSfcIgK8pPbl3xT
D75_3318.JPG,1ALF90Auw7t3QIz9vg4Ruk2eZ9LU_MsDy
D75_3319.JPG,1eagWl8jVYYaoVNj3Jxi_yGqDsMRAUaEm
D75_3320.JPG,1d83Cjkt18Z-fw2AMR2RdHJURWmrepZRT
D75_3321.JPG,1Bz7OiCqaCHFISmZzHPRNVBvrI0zpAfrZ
D75_3322.JPG,1cj78mc_ggh_xpEkit41JiMhu47ODDk6g
D75_3323.JPG,1q0RkuG5dcd8jNq2BO_TWuutHg02WP8Jh
D75_3324.JPG,10GZuYtkyaYSGfaSzHdY3NDw0IJPtDpr9
D75_3325.JPG,1rZO4TwcBo0Q1AxUzdVw5wixlMIpAtG5R
D75_3326.JPG,1ics50dUHWoUeeCXkfJXfGSAibE2LZiIL
D75_3327.JPG,1WZajoA6kFNyERdZxrDv1vyj_7vJxKtg6
D75_3328.JPG,15X-3C6HNsFLpVNkHgq6L6EzxwTq2hlMD
D75_3329.JPG,1DpbG6_iLPSQ6v99gX8E6uQBMuTqLaWn6
D75_3330.JPG,1b1ga-wMmGkPWa3Vf-hKUn48BPIPR1mj-
D75_3331.JPG,17lZH1itoVBStT3Epq61DQHSVeJojUIIs
D75_3332.JPG,1eUQTc9bIEy6XvefzMNKbk05Z0G05CASj
D75_3333.JPG,1GAe1LybEO70zc3WXFrQc7Ofp656eoqUi
D75_3334.JPG,1yG169fGWYp8dgtuPBi7NyBmPHq2_NmnG
D75_3335.JPG,1VbMSP2BQiU74xPiBTzCG6lTqc4YR-PXc
D75_3336.JPG,1W5Kw3EX3UyDUuFam_zAJ92eTQhQpGf1X
D75_3337.JPG,1fCR8ieB0se4bnjWqQcL9-EAtDJKmFbUo
D75_3338.JPG,1gldqYQeL1tH1izLLcXdJPxTLur367oyg
D75_3339.JPG,1uLy93_F92R-mKvq7arDK5OlSqyNCQbhi
D75_3342.JPG,1InPF9b2PI1ArDaE9xT4_f8S24IiYjWJd
D75_3343.JPG,177uVnHl4_0udy51JAzQEJscD-FsF_ahV
D75_3344.JPG,1aU3GfI204LyXsz3ay_omdmU6mzYr9XnZ
D75_3345.JPG,1LLM_1a42sicKfCpGz8ZGV5KPtZPsatua
D75_3346.JPG,1CpgxN4hg6djkx1P5NR32aGjJyMEk3KfB
D75_3348.JPG,1i-T8lURn1kfa3uNOxSk8pvqRPdSnfNIy
D75_3347.JPG,1979kT1GbcyMNdW5MzegaRbJWihKCWRpq
D75_3349.JPG,1uUM7h3lC9zeE5BRj0ODqfdGEe6X6vg7A
D75_3351.JPG,1NLPw-W2h6YZvr3ild7bNw_CRXjMsLDCi
D75_3350.JPG,17ADgCni99ABvesoSsNAsLUYJLdjInFbB
D75_3352.JPG,1W49C_BaS0t6J1-psa-BbfVPBMn7h0fPO
D75_3353.JPG,1o5vhUtrtjnf60sy7wsVOhUNaRIya1ixv
D75_3354.JPG,1S_gbe0b74ujjA-mw4RHzoAorVOoexTmd
D75_3356.JPG,1X01O_SUly2ADQTpNUIWEcjL_3saDAjfU
D75_3355.JPG,1GuN2RWTr_sgColtlAwN2gV1C2G9X9egv
D75_3357.JPG,1yzF9haGAPCNvZgEGD56obQEycXnBUGpr
D75_3358.JPG,1YExMZbwgTSJqcdstkL9F-epJ0AVLu1gO
D75_3360.JPG,1-8W2sXGzEud24WkgwzbwLs9L2cd9pcdp
D75_3359.JPG,1hoR8CWVuiDWz-lB9JZ7MAzTg8-T3jrh8
D75_3362.JPG,1BwiKvFUw3hkGOyi90LkYjpMHLnaa3zXU
D75_3361.JPG,1tcptqU5cUjKjS8OwRKUTAT1e5FqJChzF
D75_3363.JPG,1_htK-5_d-wNXgvZfnnh0w4Z9fORMPKzU
D75_3364.JPG,1j7jlSbvtD_-AJjIEp3gwra8BDDlFgSbz
D75_3365.JPG,1OJYUAetMRgKPTZ2Jjn37ABCHQztR_VCc
D75_3366.JPG,1vK0lfvDxpBa6EETeCgz2FV47eBxP-GDL
D75_3367.JPG,1ytq6SW5m8C6vjAvMk_S_mYz4tUeImIEO
D75_3368.JPG,1BfG8TGEfAbxZgbGk4aUavq3Z16yAev5A
D75_3370.JPG,1gTUpjihyQb3tS5KVifWA_mukjLhq8vqK
D75_3369.JPG,1K6KDDfRboaAie76tE4th3a1XQ3C2oNAW
D75_3371.JPG,1NZJYYVTAYgG7So5Y9D0fyZxd7tp4zH2R
D75_3372.JPG,1owDpgrIidLSTXLZNwwY-Eqp9DX-lUc4n
D75_3373.JPG,1JpBQlJ4PLT5BakVEE0Ud39Jz4zihh4cO
D75_3374.JPG,1_h0Y4fO0QwOz4AFB0AaUvIEaRgx4Iwri
D75_3376.JPG,1ZatlBaoAfrZ68k5iOMd6x1LhSzWYQsaJ
D75_3375.JPG,1jmWBJMqXGv_5s_MWIDe_5nkBcCjvWdx3
D75_3377.JPG,1Svz7CzUUF8KU0r1AB4OjWeWGWlNrVBy9
D75_3378.JPG,1x9kpLHiLM-WWKd35MLSHHOJLbL63O9iS
D75_3379.JPG,1sSxA6xxZQVCzkwCVcxjIWMxCTQbK2czy
D75_3380.JPG,1ZD97gnOgbLHXPEz6LC3OgX4a0Smm7msN
D75_3381.JPG,1RZruxHHIaVvoU4mSdN0bsUJGXX6Jvpkj
D75_3382.JPG,1iwu1VPfisnPMy3i0o6EVj-417sBdGsKK
D75_3383.JPG,1QHNPzlrecCJV5nAFXSQpMnpXmBxQNt5a
D75_3384.JPG,1tgcyDv5kq5Ic338yXvsi7JUxryh3URw3
D75_3385.JPG,1_t8yMVku04aNt9X297Aq6zypewIdvkpJ
D75_3387.JPG,1TnBqkIbmx4CMbK5BNSYe3oSFR19Q8zKJ
D75_3386.JPG,1DdOltvdjmpm0QPRnLOS_gs87_6zTqBuA
D75_3389.JPG,1_D2JIkwgD1XcHBHLNuJd6fdestnACTau
D75_3388.JPG,1Lrlh_Xn6vb_Tv8LJRqp70hx9WTT7GvRj
D75_3390.JPG,1Vqq-NmvvSLL-RKGEcqLbUqcGL-xYCauf
D75_3391.JPG,1JcJR-pHwzvoTNYf-RjrMgY9uXTQlt5JV
D75_3392.JPG,1huKVAf67auc_6ns8X6ckuCLg0tnMtuax
D75_3393.JPG,13Bik2Ovps6urZB3zozS8UIHYjiqjXQDF
D75_3394.JPG,1SZE35DGM1NpZ3M5DugpBxqu4Dilomzj0
D75_3395.JPG,16RdKijR5dIoKADk3G21S2WKVTnDD_GAs
D75_3396.JPG,1IduksIBzlTFuZn1rmoWREFHkUStu-1T_
D75_3397.JPG,1c8qa8GOSrEV93YiqlJ6S-w-saao9f9Gr
D75_3398.JPG,1yufu-jWxwuPruKG4Jf8DuYcT5uzM5C-S
D75_3399.JPG,1RXMZhzpJmk3nXXd_nvAHgEyyexh6qeHY
D75_3400.JPG,1TJUQNAxxj0F_eeMB2NQMziwwamriLk1l
D75_3401.JPG,1UHk3XrxLsfNWju5ntCGFBVD2upm0u8gF
D75_3402.JPG,1LAXPQhUDwcCcQSbDPuZG7pemxbe3qiur
D75_3403.JPG,1CKiRCaEkxF51wfs1zYwyMJ6-pSRMYYTN
D75_3404.JPG,1FRBTJTdyZjylSPPm5IcNQc6xHTMqPJPr
D75_3405.JPG,1J6chkOudyqCc0DpBcUrOVPx8g412jgtW
D75_3406.JPG,1b-QOlBA1N1DMMC8GYOOQAXHBG8p3E5bO
D75_3407.JPG,1Z9LcrkTgzmHFG2LGRU9mJDyZmr-geKuO
D75_3408.JPG,1VGyfxavfN_84Dq6iU3duvpOxrQDY1XA_
D75_3409.JPG,1QOiN8_MLlDcG6TFnBGfs1b4jssLgiNsw
D75_3410.JPG,1BzQoiTVlEudcxODEMP96XQ2L0bl_jwKM
D75_3411.JPG,1L09NBOXSSAw1la3OQvSNCFFXnQcZb6HG
D75_3412.JPG,1p4eA5h5Jkdwfm1taWi9VijuajDrPC2PX
D75_3413.JPG,1XQvWfEQZtxgWei1g141oDY-3jmNcVfX3
D75_3414.JPG,1J9f8d7-Y6X4JbjnQvZ5KQKrvx9Bj1gLj
D75_3415.JPG,1izbswl_uhMe5FG3QorrPRZK5duP3jBAO
D75_3416.JPG,1rKlDdstXw2UAuozIBlDnaqRDGSeT-QG-
D75_3417.JPG,1RHFp2Rs2TZ4Z6mku9TkCNc5fWr-KPcqQ
D75_3418.JPG,1KIZ6xMHVEZ99Kf65y6tAJT39cKlLafWp
D75_3419.JPG,1Y4m_9XTR5OhRws7aO6J9WC-0wBuzHCdj
D75_3420.JPG,1e71151NsK8X_IxNbRVa2zb4vllt47x4b
D75_3421.JPG,1BpIdbiX38Uep_5NYycRdoC_1e0ElEBMB
D75_3422.JPG,1kIcOFhqe4QNthwWfdlyToxQjk6S7HE-B
D75_3423.JPG,14rPiACCfWDaLGgmmIqRYvSTZM0QE1wG7
D75_3424.JPG,1UdHRBaVAjtaODiECwangVFX6m1Cjts-Q
D75_3425.JPG,1ZHPjtjWKb98S-4Os0ZlMvn5HSzo5ZvxR
D75_3426.JPG,1ULqtqoaJSSam4POp6qG3TsyQiaTs6IYO
D75_3427.JPG,1OPg_SpMTrX1WubZEeMNdIVCNH9z0X3LA
D75_3428.JPG,16O65UWew-IjxWlw0Yj9dlZUu9xiE2dQq
D75_3430.JPG,1yuQvfcNE1JBKsZFREiv0JmcwM50ejt4K
D75_3434.JPG,1ETXM26t2pxJPrTgwgs7U7EFvGRN0ARx0
D75_3435.JPG,1NegD9RWFrvg8s47LeMV26b4kT3_8Weow
D75_3436.JPG,1CG_RQJ5QoIxsoUTT_p4D8jFzUNbMZhmj
D75_3437.JPG,1jnfDh0KHAZ5ZUeM5IseWs-Cwh1NNkIPs
D75_3438.JPG,1lcFRrgynE7W8KX6l_RAkPEyd-I5O7SCE
D75_3439.JPG,1YJ2GLOjARCXzlWXS_kni2BDPSFVOswpW
D75_3440.JPG,19wZJ19t0PwCHkmk8MEVFES3lNmNsYJD1
D75_3441.JPG,1S_eVP-pGzW4dWmbKcmg4nf3ZCfaVWpo1
D75_3442.JPG,1Fh1Ege4Lhylcm8LMs5x9UFJGBuEfWbPi
D75_3443.JPG,1GTBwOWCi_p7xhF4-cb2tKWTermtgtbdT
D75_3444.JPG,1ItQLKuarJdaN99fsKA41K88U5EbWZsy1
D75_3445.JPG,1HOiHimCPBFV1ymPCU5ezK4j935qJ_w1e
D75_3446.JPG,1R4uwD64y6CUbHNNZ8urNR4K-1MjGTbOT
D75_3447.JPG,1-S0EdyXsE7DuJxg4xoIS3DHq3UTCfxcC
D75_3448.JPG,1j42ZTxEH3aU03S6KFXmIh9EV4SEVu-gj
D75_3449.JPG,1tBGksJ_NrmV_-_wBLRuV-knBs1ECnSbL
D75_3450.JPG,1lJQcCjVhPLsx72KXVmttMohE_DodC-wu
D75_3451.JPG,1XUzWtW-2ypNUK_EgpF4Xe_gcqxImddWe
D75_3452.JPG,1mHBiyxI1Do-uS6iwj79SCSisD9Mtcv91
D75_3453.JPG,1XADJPKG9cata5qbgA1vWqeVcd68IE24f
D75_3454.JPG,19yYPB3HDrQ3k-EEQbnHbZKYcUTWZrlTl
D75_3455.JPG,1Vn9M01wbXdZPAnZvnG0lS-drgW96MFXX
D75_3456.JPG,1grwqeF-a5OQqRpaznbFvyP4RTmcw60gR
D75_3457.JPG,1DphbfGv7QtVk76C2pF7km0j-Et3DjXFv
D75_3458.JPG,1TFxcyRaVM8CsgSPED3njlOLaAsR90Jgw
D75_3459.JPG,18ebUdwYYz18LSXjF0lrP-cCTXBrovl9U
D75_3460.JPG,1TmmNichftIZWBFyTqT3h_CWzYqrbLKWR
D75_3461.JPG,1TNRAaTrpd7uhelodmArGqyQQhlJd_qtS
D75_3462.JPG,1FhZG0kZHuSTS0OVAgamymTYSgHV7Hwrk
D75_3463.JPG,1UbfoZJ7Tlg5Z73MyrSbOpco0-_za0dlz
D75_3464.JPG,1RAQVmZjg9DaSHx4fJ7EUkSm0uwbmlsRd
D75_3465.JPG,1YJgQXgLmgoBQhJQbnjj4MRIfTpjydRBo
D75_3466.JPG,1NDA04fHmJmiCgmrT_MJ661dvqNXcEsAp
D75_3467.JPG,1hYwsCsnaeFBFhsuHwUx3xc8dEyasj9wX
D75_3468.JPG,1fTJHT4vonXHWNgkaOoI88P0EWsbOweJt
D75_3470.JPG,1lp53C5wnyhnurp6X8X4OoNlLjUeseNyh
D75_3469.JPG,1KELuH8D_I16z0ZPuCQnGMTtjszAyATKW
D75_3471.JPG,1MzswsG3iQeejS7rKtvNPC24wOFelH_cm
D75_3472.JPG,1p0jsp79_ktNms-KrmPwSuKKzqW0_n4Xg
D75_3473.JPG,1Aid1_BjL6EyH9pbyfBCqkq6NMqueibF7
D75_3474.JPG,1RLwS5ZD8p8MCQqt_ERwE8RlP9GRgJImT
D75_3475.JPG,1rHjVbKfH20WL60OG0HALBROvMU8zv4Xx
D75_3476.JPG,1HPITsskMhFHTR4YEemfFtP-Ks8aR9BWx
D75_3477.JPG,1-PNntsIdyrzBf3avN2SHN6KPUm0qRy_-
D75_3478.JPG,1QTpBqcgn_zfBmdCpUjzYyu1oV_XWNZuZ
D75_3479.JPG,1z2HPIX07oyK1LgPRYPMTLENzfnqxC4-i
D75_3480.JPG,159NupNOoz0Ij0AwCN_3Ade7s1ZV8YfsX
D75_3481.JPG,1NmpzonMYWzZZb9lidneIwAnhuFwfFGdU
D75_3482.JPG,1HX8NszVul49SIICq3cgAab2QRc-xuRvn
D75_3483.JPG,1-xxu2jV_1Rt7Kfr2lTfhft8X2VvLun78
D75_3484.JPG,1fbCA5cwcEPilsNJtFavogk5_7Ww7Cg30
D75_3486.JPG,1UpNM8ZrU4_FV_zCdIOSfER6H_HV6YY-Z
D75_3485.JPG,1WfiQ8jcVyKekGXtRWFkqXdqOQTEgqNVe
D75_3487.JPG,1cKkTQhfZ7RH_O8VW2GUA_EZo83sC693B
D75_3488.JPG,1xn0B9mpF2fGkBnlQ-NuaMUUhpY4xnqpS
D75_3489.JPG,1S4YjXhH4ZX7RlNpEZkVlTE7T3iPtv1Vz
D75_3490.JPG,1IOX06YT-UJ21TX2oY_EMCLvjWkJFytXz
D75_3491.JPG,1d2WQgJ2rLH01SZZKUPweOWKTt-2vcqr0
D75_3492.JPG,1jGUtDM5l7Sibv3dIQGhRAk9k6X6DRIBF
D75_3493.JPG,1A3hG3nz6SyR5gcqlEu7OklflRiP7cAQQ
D75_3494.JPG,1mttdoWTqJQR6uMlGPMNwGGgvtc6O8cWb
D75_3495.JPG,1MR85x4x8zVyIPS1G7xXsyPk3addB7GEh
D75_3496.JPG,1l4Ud6AG9I45lT6zttw4HXT32kuar8r5M
D75_3497.JPG,1t9Urn8aNgnknDK_FjC1qtjFK_dlKedBj
D75_3498.JPG,1Sjeyc185YS3xd1Nr9bfvQoR69kztw4GR
D75_3499.JPG,1bYE_FRqDqlJA0IIHSJpWXa6XmBZM5NSn
D75_3500.JPG,1SFyk8cgq8pLozG7u9cdvHeRvOx_f-KTN
D75_3501.JPG,1FIKy-unDlsupm3CaArLFg14c6-c6YKin
D75_3502.JPG,1WSHrhvPEhoKAZccH8Z3lJ0JjootkM7GM
D75_3503.JPG,1fw0gYfReO6Fewtf4KevkQob8lrbAFNQZ
D75_3504.JPG,1vn9IrwCU9RQebbCZpAb7-2BePYEhYL67
D75_3505.JPG,1h417Gfc24AceoMwovb2CIOCpkPh0EJF3
D75_3506.JPG,1TGSh5H7YSco8N-1Na-i4sYqtL7NqQrnZ
D75_3507.JPG,1xNsAMYNRJ9FH0PKLlDlRsNJlPl7wqO_E
D75_3508.JPG,18M3DLL4SmnEd-kJUMUD0lS3EkQMV7tXc
D75_3509.JPG,1NkfegUQnw8CIBwxAaxpOPZF64kHZblmJ
D75_3510.JPG,1Ip4IxikLogPIWKScDX1x-j5Q8C6U_97z
D75_3511.JPG,15Og2BFsPZ2LInBLkhma2GlAJEHR4ngY_
D75_3512.JPG,1kFLOdwzkbe7UT0aW1UQ5VOshzobEhgHk
D75_3513.JPG,1sP3ew7VueO0HPnFrVNWcykw2GwHZ68f4
D75_3514.JPG,11wdbaAWQ4W1BpeQJqgsWAgmukj2s31D5
D75_3515.JPG,1JPHbvANGb2SVgxe2nB_nyw40i_g0QAmN
D75_3516.JPG,1LSlmCHuY7TgLUZm9rYsMtgxr2_FlRHvs
D75_3517.JPG,1uD-z3LmS0O42jpisw7MYghMOF436CTZX
D75_3518.JPG,1pgW9u5aLeAI6e6zM7Jy4kCVv772sp3CC
D75_3519.JPG,1SzVGO1CoNi-OfemewNo161oJiOwgExM0
D75_3520.JPG,18HN5DmtMXd6DD1616CYPjHLUELxkvL2f
D75_3521.JPG,1TCVeWcuewmLAlV5A0i0lhPins1xlSCIJ
D75_3522.JPG,1UdWePhnekbsV2k1_E2ZnIDclb4xVHDf0
D75_3523.JPG,1oTLnzmEOBj37t2-MFOvaOqzDXBjpO3x8
D75_3524.JPG,1sWQxrm29GbYWMD3he5X3vV3q9r_SExdG
D75_3525.JPG,1Mtd1sDVktcdtp-OcmahmFTHhVG4Dfsdd
D75_3526.JPG,1S0n2DX3nrNOv88yRzsT-5RGSLyNgvkjB
D75_3527.JPG,1oaIqxJQLuGH7rSy22qfqbPvCJ9GX81IF
D75_3528.JPG,17JmJnmkKnCpAu9wa2zGu5QRRZ-B6Ly0D
D75_3529.JPG,1kxW88Ib9deFrWDDRlpltnSbpjBE6ogAK
D75_3530.JPG,1frHluXg3XwodIfjqlm3839UCaBO90U0o
D75_3531.JPG,1KX-oWuT1evtdK0_hCBQBOg6YubT3pHGz
D75_3532.JPG,1bT1eNjc8WAs0mLzx__G3wWjzbdGmnKwH
D75_3533.JPG,1t0bKnlu_mi1UuQPJRBj-XTxsQ3rbASMz
D75_3534.JPG,1CFuNiuvuxijDcfX-Hs8SrQ7ajx20QD1y
D75_3535.JPG,1kE1Wdtw8DCeXuKLXMuHzimLwo4UiBcnc
D75_3536.JPG,1E0LfSvjULWs6TJ1TVx7TOT_qFyJgDv9K
D75_3537.JPG,16z3Vg-3EDgIj5FtLmOJhNLELCs8ccJIe
D75_3538.JPG,1FhXsNaC2M30UlPbeo7UM0Asn9MZu-e7e
D75_3539.JPG,1vLoHOa5oJvJ_InFBFcnILBldr6QsU3ch
D75_3540.JPG,1vDWsafVDHspe-gQG1xQXopYhR5ydgvF7
D75_3541.JPG,1Mwis621J9vosfQR5dJw1km_xV222oBTq
D75_3542.JPG,1Dw9RuVsfaiQlb3GDcuRB1vcJnVn3A5Ss
D75_3543.JPG,1nH3J5M94bFwH-shbWIfPphDVIektPoA2
D75_3544.JPG,1xpYf8Jh5Z_F3YveUDXH-aY7SzEiqne-Y
D75_3545.JPG,173B0wkaUO_M4o8T7A3s2zP3eufDr9ZWe
D75_3546.JPG,1ZQMe8csSdDKTuJRnOvfyxkc4cJDuDNzZ
D75_3547.JPG,1j11NfHg_702EeWuMJO29Zoz3u0liqwRA
D75_3548.JPG,143gGZPppsskdo9Zudk2azTMDPRbi8fMw
D75_3549.JPG,1sIkReHg_lK5c3iKTHJusevq4Hx8b8JHW
D75_3550.JPG,14im0IETUXCsCaq3bKh-wp6SVK2AfOu_M
D75_3551.JPG,1qJM8DamJ0S5KNulJo3-IwouulZtGQEt3
D75_3553.JPG,19satc_2ZFOuT5T6etqgT6u15B0TAAE_K
D75_3554.JPG,1Avt-wRWEeOw4-_1QUd8GAsQoH9WYPLV1
D75_3555.JPG,1Sk49ZO-Jiq_gE7byTla_fjBTZKqlpNI9
D75_3556.JPG,1jNwgnZtVhZaiyxbpwBvmOQ2LPsqoUi4y
D75_3557.JPG,1Gow_YLTi7nTyDENZNDezIAiB7inWHxW6
D75_3558.JPG,1x9EiCUxMZAjivIYiikCylgXpJMJ-NGAt
D75_3559.JPG,12HqbsANU7j1QjKXx8fuxzoPATKA3RSXI
D75_3560.JPG,1jTbR7dkvAq6iHpGSeevPXQcFFqh68cOO
D75_3561.JPG,1IO0JOCBPDDq9QbGUF7xwyxpkuAct1BDL
D75_3562.JPG,1yAkhbwoPQYcff8lRwMjvZHDEmutLKQx3
D75_3563.JPG,1l8ijOFz7r8CqLBldxeDfxicMXUDMVICE
D75_3564.JPG,1Stc-7dTUZtnuGWcM76tut8jVwGLA6Q63
D75_3565.JPG,1xfVusHGIQuTHK9jvQFBSpNAssCD7YuqO
D75_3566.JPG,1YjaeX4y3a3OHuJZa_RmOz129hVA0hkqL
D75_3569.JPG,1OZxDTOoqYvuJtd1R5oWakkpug7cue1mD
D75_3568.JPG,1YI8y5Lf5MVC5U-FRlIM9h0biTA2hu3il
D75_3570.JPG,1SCviJscE_iOhwTMbll-vR6wuWkNUb6Zx
D75_3571.JPG,1hgLTiAFrbUZk5j77MmaFI7wKARZi95PX
D75_3572.JPG,1WblwPv7aPh_A7v_a5pYofGtBQ-SVOeJY
D75_3573.JPG,1PuSpsQbzz1hMTJgyLShWv1tdHvtWwJRa
D75_3574.JPG,1nsSrDL_2TDs7KUO9Y36nmXoopYUxz0s9
D75_3575.JPG,1ce85q8gdJDPfFW5yzpZ4Vv2_IfYYR-WZ
D75_3576.JPG,1EV8IveS8KZF-7PK8I1Jmv6j5-Xatfr9k
D75_3577.JPG,13_ZuaG-C4PwgaFvUK0l2zbfDN6Ftz-kT
D75_3578.JPG,13cKA1dOU5_b51JmP3-Glojby6HBt4tCq
D75_3579.JPG,1E5Qbu6wSZE1uG6JSgbcxpfSDvQfifkqh
D75_3580.JPG,1F2MLUE0dM6iv_XcG21GtCUwg8GVB441s
D75_3581.JPG,1-i3T5aNY8XkSsUnFVVb70BCgiamQUoYE
D75_3582.JPG,1IXAibuH3Ypj7nVYLc7UwJbgoVlhHSQpt
D75_3583.JPG,1GhfJ5qg3tp7SREigo1MQLKwpLjVhRI78
D75_3584.JPG,1UUzXJxa6mzj76RubD3FUudIJTHhG51oL
D75_3585.JPG,1ZpyU3KT6HDeHnwbLvHbJzbogyjwfBOw5
D75_3586.JPG,1N6jaitcAY2xW6HCTOh6sP9EpHPqVYYN8
D75_3587.JPG,1ahOpU4_DQL6giHnPso0TtNbwVa3xWg9l
D75_3588.JPG,1EILvdXk2mo6oI2Z8a0-5di2pJjY6oWW6
D75_3589.JPG,1Fm_Xuy0jpHUu1QvCU5rc7QkaS15R5vLL
D75_3590.JPG,1aw2xpJxd-PCbf1qKhCA4huDvxzIxE0mO
D75_3591.JPG,1b1tNO--n4_lvPV02JTg5_1qUcrE5CsZD
D75_3592.JPG,1ASlsM1cwnngq9vSBZGl6yUTqw-t219GW
D75_3593.JPG,1xf_EVdi85RPF33mjhg-4hmtq1InKj9O_
D75_3594.JPG,1kDV_Oa-0iupjGAb7ct_jCvhcXyy23s0K
D75_3595.JPG,10ZcwZzOMbW7qZytAvZ3vM0vOGIwMfMFl
D75_3596.JPG,1_RpwELG2hqeO0tNAlYsn07jzrrKwzI94
D75_3597.JPG,1Regbeh9Nvw5GO6RMxcaoxcTNx2IDSAYA
D75_3598.JPG,1aS-MPBqtt8xtAjIeq8MDaS5fUHpOVwjV
D75_3599.JPG,1B3ItBqTecZ7XDTwmuQux6N2xJ1yJhw-p
D75_3600.JPG,1teaD-5Z-RmXVYFS3fAUa8zS0pc6myk7h
D75_3601.JPG,18BTsLdNzf5uf27TDx8Wh2OL9Cvely_hB
D75_3603.JPG,1FC8GIfaRHdMbmakr-nyDQmEcygsI8ohu
D75_3604.JPG,1OsfCXz_blSqwg0AszIDEfXt7Ujfv9pQs
D75_3605.JPG,1l1qzWOh6LgMMjmPcKXc8Y7LnCijnJ0qJ
D75_3606.JPG,12Q-ekLsvAveDmja5__kClvVDoVSMcK3R
D75_3607.JPG,1g_7NnIcxQUU6rfu4CuUcRh2zXOnPIn0D
D75_3608.JPG,1Wqlf4MpNG-sCrT9pNTrcmvNyVg5ygcjx
D75_3609.JPG,1UBDq1_HuOskxGOSAm3j93KOBNn_7e1WR
D75_3610.JPG,1nwouRDhdWQSYzvNWsAh9mCjSbwApd9bH
D75_3611.JPG,1BqD5Z_w_qvODxiJMTWNMahsvom9YcaLS
D75_3612.JPG,1gT-I6R4-bdtSmHrcLSpb3QyuK6tzU_Fq
D75_3613.JPG,1zIL0rDIwvRNhjK2nwd7yIRQ6rwquwlpZ
D75_3614.JPG,1kWWrPowg7O2jbvwVIvcYr2mL4dVe3w1l
D75_3616.JPG,16Q5r01EC0K-y0bhzJCfmlBHniwqVrRhg
D75_3615.JPG,1uZJw-cQNFgeZbFo99EGb2CBo_6DeWthr
D75_3618.JPG,1pyuuRT0-Cx35H_0zIock0xzbIU-WA2gy
D75_3617.JPG,1bPEO_dbNob5Wcfy3cRwOQSgU_y4Ouy6d
D75_3619.JPG,17kV0NtAjZLoqP3aKIKLOYl88nDXPHZmQ
D75_3621.JPG,1-Kjb8rhpM7lps71qqXLXNotPB8oz0vbo
D75_3620.JPG,14K4MQSpZYfCNGNqZ46eZw94D-c74IeRN
D75_3622.JPG,1kqYa2TeKygoToL5S7MHn0WED9ui-7zla
D75_3623.JPG,1EEdS6mMSXsbY-Mdub7amVZVy-dRVeP66
D75_3624.JPG,1GHwMwOMHiqgNX0vZRCoq1l4pjMxIYFOm
D75_3626.JPG,1PWgjtvkvxbv3vwNcp5AYKPL9HA0HOYrx
D75_3625.JPG,1Sj95TOTdz3npc3JyG7KhHBSE91z4Yg1i
D75_3627.JPG,1ci7CtbZjl1ROgvx_eKmbc8BCLQa14wY6
D75_3628.JPG,15Zdxj0ZJPnFt_1d_UCHvfbKLs29AfYrw
D75_3629.JPG,1R9wCiYIDM-2tKPpeMWMJyZONbO07yyaB
D75_3630.JPG,1mcOBZXj4ssjgN6ZT-aP5b_X9Yt1OS-aA
D75_3631.JPG,1LO4Cx0CJZCVSZq-49mfKNPRTTs15fkCq
D75_3632.JPG,1YXXpkTOfcA7F2EFwGQs2zE6iUo48CeTH
D75_3633.JPG,135SyDYlSvkKaFuVO63HKNVJftO8i4Vqf
D75_3634.JPG,13WgyAyYKl0mby8sTZVFVefaQyub62K4i
D75_3635.JPG,1skqkbx3ZEyRFHmDJljzxFdYyrkPTgXJo
D75_3636.JPG,1f0dl1jR6MLSSLT-uIqB_Tyoih2rp5R8T
D75_3637.JPG,1fRX-eQjku6F1vKoA7AivgqT9ZFlFMvdS
D75_3638.JPG,1xA7TAre7INouN6529KZ9ElZeMAwALSdw
D75_3639.JPG,18VtMYLZ_eUROM1piynvyfZxr2ptWDmU_
D75_3640.JPG,1bp1VRsrrpkJu_emg_IgDdp0MixuB1C7O
D75_3641.JPG,1v884ZBB8FrkaGh9o-8S4ZncHn089XelC
D75_3642.JPG,1wHinnI0dcHGhwyGQaNDij29Db5Shzozi
D75_3643.JPG,1n2hbtYIFLpwX7jtINLEzPH0F3-GPxVlc
D75_3644.JPG,1eJFt8vKaDVjpwxdaaaZQ9A_cByzESRo1
D75_3645.JPG,1zdUYqXb5jIQYcavbcuEP7okWX3JwEzzY
D75_3646.JPG,1h9bJ3PRVWed4stR79_OSuxQvimqos6-7
D75_3647.JPG,1ERsKFjWky3UpvdjgYpYYuXmQbDLKM6JN
D75_3648.JPG,1gTWvbfqCriSoGMATUmt7SGAHAA3XI6MW
D75_3649.JPG,1D5cOyJTpRLwJ2Qj_MGIjATmuBGG_UP-f
D75_3227.JPG,14Zw6NLuAx-mYIHKmxJQ14vIz0ZEd23ht
D75_3228.JPG,1pBLCW_2CttALo7YRH6SqmpJw6s376jxs
D75_3229.JPG,1xX89ijESdP55whTZBjqyBkCfXKaNWFBx
D75_3230.JPG,1JPDaRujQJxJTqiuA7FdYMaMm3a89l91-
D75_3340.JPG,1AyU8qbpA-e4OJeaUd1H2ci1bKS0ITC-D
D75_3341.JPG,1ZrO7gQvSQX1Wr3TeuUO_N1fGizhSwk7j
D75_2613.JPG,1Y-0IdBQpuYH5qE5E9p91Kt-aoTHX7MVO
D75_2614.JPG,18drZIq1TwLanbgiI8Ws4DtQ_zh99nQIA
D75_2615.JPG,184nMplCfjoO5085tJGl-ZWzweynwyUr0
D75_2616.JPG,1XZ9qNKCKD1qGj-r0i6OaGXKDnVYs3OsQ
D75_2617.JPG,1kCIfh9nVxM1Rvg1Iv3rpXYjE1pIDwvjo
D75_2618.JPG,1uJ5Bfa-f9v8XwgDn0NmgMbCs3H7Gmf7o
D75_2620.JPG,1p3NWDH0f3iZhr5R5_DkHUC7fuj_n04c5
D75_2619.JPG,18tqzHypHc0O6YBwrV53HRDgwFGsHWHXv
D75_2621.JPG,1Cmk-a6A2MtKi8dRdqSYxw5_HxLyLufow
D75_2622.JPG,19wsn7raeIpROaant2Ze2wXpXDah3ACCQ
D75_2623.JPG,1CR_UU0jPgeLKJGCb7shiw9Vs099dyj8z
D75_2624.JPG,1L0baNZ9kMDHTyZv9vYzOPoIcPZHD3ByR
D75_2625.JPG,15wh3fwpd4ZBNfnY-FnN3ci3wFvRYtxeN
D75_2626.JPG,14JGHR_OdA0Ltyp6ijr9aIDTgLBdMuDmA
D75_2627.JPG,1qFoWzOuspM00RVIAYZHaiZ1FUCjfpwVx
D75_2628.JPG,1KET7qx_MSWr5N3jAQVI33nThDQ-r0zMF
D75_2629.JPG,1q4uJXKHKEPAcZKOaLhOEtZoSbXYEHHKE
D75_2630.JPG,1WhzlIa5bWQHtKVsPxCzSFXClt063YkYS
D75_2631.JPG,1gqrVqjHYWZLVxeqUeZQCM0uo5RnmA9_o
D75_2632.JPG,1bhwfDm3QnZFqj3NXWsL-5ZMvtAUk_EUh
D75_2633.JPG,1NMKO4oEP1bRENIrxcsrwlfQRqgdMp6SG
D75_2634.JPG,1ySTtu4-Hx8sflGc2-LUnDGAVuplbWOE3
D75_2635.JPG,1eUAsfWgPYTWmHeaVJuaDniuTrKK0nRCL
D75_2637.JPG,1TBae0oI9PHAn2jbw5k1yf7RLKEX-laZ8
D75_2636.JPG,1U7n2DKE8U0Uv-W93aS5Ic4nn-7UhYIPc
D75_2638.JPG,15TmAXqM47pu3iu9PhXrmjnbva_mkhgjZ
D75_2641.JPG,1YYf5it9KGnY0vAi3omgEhW4wX5z7yETn
D75_2639.JPG,1E8R7bRsjbzvWn_6lUCaQDxYEQyBoGGdN
D75_2640.JPG,1VuP_-_u7J3rYIUNwD-bnK_IwGCCUFSDr
D75_2642.JPG,1zI0LLB-52u_wK_SoKQhpweGBXYIsxDGT
D75_2643.JPG,1PJSk0wFOeySC4SQ9um_oVSApaY4PPiXb
D75_2644.JPG,1yBSFizfTjw2rPYXhj7g3LuHU3H-H0Au3
D75_2645.JPG,12ZKqnJ4yVzgqIbWINNXcLv9fPuKWp-Pz
D75_2647.JPG,1AL66RWgwC19Qv1X2B9gkkXp5J5RKTMA9
D75_2646.JPG,1AcFZcFhRih0XKL6ZqXYBNr1GtNY0_CTv
D75_2648.JPG,18102P0x-50PPo43aWcp5GeySIgav_2yx
D75_2649.JPG,14n1VAkFHsKdxFI2vnFleWivZ_zZjStjS
D75_2650.JPG,1uSs0TAu7390c0_KDaw58lx_KlCxSj8r7
D75_2651.JPG,1ho8tnkWlr6bRpgsGJfQrQtibfV9s7AM0
D75_2652.JPG,1jVVoTmnSyaJEKn2MrScZmuJo2m-K3QeP
D75_2653.JPG,1i4cJl6zukLTXZ8C4GsHzcYxJZfne-EiB
D75_2654.JPG,1kYldsdbNl_PViiodp0zyqR381vMz2O0C
D75_2655.JPG,1IKTnHZ7U38etupWHwAxmW985opVMBUoo
D75_2657.JPG,1rIaBArm94W-0Wd9wUitLP2SGWnL47CKp
D75_2656.JPG,1ge2tiO5alkn8_hTRWZT07fPa-NyVDHoi
D75_2658.JPG,1pjZ3wG33IB-1qL3PyuyUxZdS4VXiSj2a
D75_2659.JPG,1sPFH6K4EFxTqQq7rPC-jY0lKk0AahaNv
D75_2660.JPG,1YeGxAl-xMFa31L98W0Y0owe87fO2JQjF
D75_2661.JPG,10s-VSsTl_ZRmqvgIw6mbIM6p6iipQYaj
D75_2662.JPG,1cIfPUYPDtU4F1MiEMWE-6jaPskxlxwST
D75_2663.JPG,1MTDN7-WAKVCLakfeAbDdefXcBVK5-J1C
D75_2664.JPG,1E_QaSHcNKS9VP7rGFZ4U0ja9Seh_bnZu
D75_2665.JPG,1A_v7vrRBrRudcDv6tQ24MBnT0gO5_qHW
D75_2666.JPG,1wR0ZWUrDGUtv_03sIIGa8v-ZXJzWWEeh
D75_2667.JPG,1cfFLXKpHb82QThLGlxeYZV-_Ug19sEHJ
D75_2669.JPG,1VVE9E8hHJTbGaxjGF4RPjVH7LLkD6F5I
D75_2668.JPG,11lAvq-d-lME5cN63-yR9s4E573nRX_iP
D75_2670.JPG,1uVyPU2KWvqw7WNP4j87SVn3-wOLqyhXQ
D75_2671.JPG,17ljKBUJl5I1fOZG-NDzdEI8orlVQbAlJ
D75_2672.JPG,1zB5rgEx9XYF_Enrq2SYiS3OjqfpUp0wt
D75_2673.JPG,1dYMv3r_Fq6a8tT4QSsxw5uUaokLHnUgo
D75_2674.JPG,1hYjq2ZU1vW0jOFH574jhduMgcN0nDg7a
D75_2675.JPG,14Ve_WjfghZAXxg-VwJo1Pt66tmGjw776
D75_2677.JPG,1Sy55ui-yjUpwVsG9gvkUOfesa-0Aejcr
D75_2676.JPG,1kfkQqPM3oIjxr1a1T3sAwB2sq4EdKx6y
D75_2678.JPG,1a_EdgD5WDbGsvQgtenwxtEsrn1PHhj2j
D75_2679.JPG,12PAvlfeG4HZb1YBYsgVGClQ8kUHj8qQe
D75_2681.JPG,1o_EpRVaCFIs4o18rsxaD8D7iGH_eelPb
D75_2680.JPG,1UxWWnkpyxjehH7WuDa0tcw1IyrnU4fUD
D75_2682.JPG,1RfgKv_Ok8fSr4AayaaElRGPBJLHBRAkS
D75_2683.JPG,1aFyE5mz9j0ODdNYN9yspZvxgFhZhjS83
D75_2684.JPG,1x5rDVukOuEA5wR-NnFveSlW8TPyvlFTi
D75_2685.JPG,1OaKr0A_zjK7qtL5X6f3vIOPMX1F3DQ40
D75_2686.JPG,1apDfm0qz8_IPdPAburbN-asyJHQ1ZWa7
D75_2687.JPG,1LRwPnLa9KS0sWpVf2wG8ETRvEQF5IzWj
D75_2689.JPG,1vnuxqi9jeX-hm2hP5-Otu5o_cnmS5SLs
D75_2688.JPG,1JtGWFtZlVTOzJ-MOnahEYotVgReb_x0R
D75_2691.JPG,1igvBr7fU7k62NcBiRjoqSEHdJ8KeFZt0
D75_2690.JPG,1bClF81tnmRbIKWFqcsnWm2f8SfFU9xdN
D75_2693.JPG,1J45Jek72y7_jhHZZW9KVEpix9cEqXhTI
D75_2692.JPG,1b9WxR4pZkqPhf1eHqzH9pOQxEdAbCU9f
D75_2694.JPG,1vecUDdI3JxZdGFtBf0Tc13cUWpvBD5PH
D75_2695.JPG,1f3OBbEGMHgihvuFaAq_YBrhCYYJbBLdF
D75_2696.JPG,1wsEZhMh7qMxyJNEAooZvS8z7B35S72KB
D75_2697.JPG,1O4hmXE8QuFsbG3oMLgC5kD1GEurtasYQ
D75_2698.JPG,1EdHNP1OXr_uyGpsIsJor4NEEZmv2xR5m
D75_2699.JPG,1hUc2X2Jbq2pzuRLZcMoJNKtbJ8K_xckw
D75_2700.JPG,16rbAyzIi2MQNJ83BSUFmEufJz_-VcV7Z
D75_2702.JPG,1AflNn9iHFmgO18MPglika168I5jCW3Ta
D75_2701.JPG,1do1F1WqKZGQq_Dlh0yJH01oi_M6PsLmm
D75_2703.JPG,1WtjjME6AMgl8-UABBIi6-_HPD33CAltL
D75_2704.JPG,1Ln9DDKXYhgBrWuS39DXqvCRruxqGCF20
D75_2705.JPG,1barR8QuEE9riivCgbM2QQfPr7BSYTmo_
D75_2706.JPG,1m2kgSxuYQj4kYO5sx5rikukRirfFuJbQ
D75_2707.JPG,1s9ZAjEFO4mvsRI4u-F0b_dAKLoDRAyG1
D75_2708.JPG,1rgM1h94iS3wPbIbVu1KfRkCg8RnfijvV
D75_2710.JPG,1yzWi_w84YjxoTk_4kfeiEJoYudIZWRnr
D75_2709.JPG,1sdMn7yTPffNNh8dC4lE53R3LF7jYGt5n
D75_2712.JPG,1Ssu9hYlguyCGcE7sf3AqFmkghe-oPEa9
D75_2711.JPG,1tQQeNPkHhFvVzyzc7-0CG4JusJBnUmQX
D75_2713.JPG,13j0nDsWD2ZPN3WAxSYJHKDbMxA4QoMce
D75_2714.JPG,1t9gZb3E5qCo6XlU-18bO08_7eIDrqn2R
D75_2715.JPG,1Y2h_l1hdTusmhssmO4aLQcndo6fRfwsG
D75_2716.JPG,19tpLr9Y7jz8NSpMsrbaR2bDTVTDw5xBW
D75_2718.JPG,1AX1Gr_qTmmlU3E6OCnIuC-Jqc69RvlDI
D75_2720.JPG,1FznGOgOT3ICrVaERHPxg82rvLUHcCRQF
D75_2719.JPG,18OzgIvGWrDpbaZizgMLYNukEWJzNIsbi
D75_2721.JPG,1o_QGsBeRsJ_9WItfNkFxfcZ56N8WRkbk
D75_2722.JPG,1fYqfKAseRaRJgOCWrzLFng13bUGr8OB3
D75_2723.JPG,1Ktb5GrQcluUOCPb6hlgIE1r58lEyItsh
D75_2724.JPG,1iW4LReVKpRX5jqT0PjuS_xh_l-q9sIcX
D75_2725.JPG,1vaU72KqavNMRwMg4cRJxBqdta44PMlwg
D75_2726.JPG,1Jaw7ShzlrfTqo0zjJOn1SpCSjasmvOyB
D75_2727.JPG,1CqZ1x4Oaf-8TTgyXDlgjQIo5AY3tWaRJ
D75_2728.JPG,1vTqGI8pMUCPqieJBg0rvYcU7DxMT34eq
D75_2729.JPG,1OCbAp4elenE3BKkiO6yd-PZYZqc_-xS-
D75_2730.JPG,1hWY1ZTGbsXFRS1amZU8sygOcg8YiKrqi
D75_2731.JPG,1QskL496G6vQl8ID0q2Eb3vzGxtYcXUUo
D75_2735.JPG,1-K03SRT1EB5DRdQYM-ypq8Ja-kfJ1TAt
D75_2733.JPG,1leMwZ_x4qpj6rk1ngOQVL-WdCoL1ZuXM
D75_2732.JPG,1nzWR1s3kLinrafwlksZeJjMKcziaCjpY
D75_2734.JPG,1NPx6N9KsjGHI1l2SX1fmh53lfHEvMSl2
D75_2737.JPG,132Zx8kQDbUyrCSA8ko7-WHz4MwzG0fBP
D75_2738.JPG,1lcIffmBNeKLmCZZP2bl-tEcWzuEvurYV
D75_2736.JPG,1myIbk4ErHJVO9PJFqzHIdk7ZC2SOCVVw
D75_2739.JPG,1UtObVp-4BePiYiioLvRsqtxjERRBm_Sg
D75_2741.JPG,1JEuvayvBMaTYhnEnjDA8VT2KQO9R7Siu
D75_2740.JPG,1FraYnY9Xi9g_jYi5qmgBeDE9P5Ky9chj
D75_2742.JPG,1-fjqLNTR6BcHIGIwspZHlT6JW2xGzeGG
D75_2743.JPG,1F2w61SCWYBD9PYlNWUUL4r-jarGtKP5n
D75_2744.JPG,1ZuTgqWQ5GdxX1BHv33cNhg1pC5anlL9e
D75_2745.JPG,1tKKr9qswC0VXd-9XIIzaLfueOrboafyN
D75_2746.JPG,1fYIkQ8oknAKrL76kfwMLv6j9gb4oLFOV
D75_2750.JPG,1_RHoMEOlIQr6WQj4TNuDhZNd2UoEOeKs
D75_2747.JPG,18kr50fVnGwFyS12WvPYhdv6XKkTjU0R7
D75_2749.JPG,1HO2DrFUl7Y_SO4as6SddM6yJaFhgxify
D75_2748.JPG,1DZPhngDu8KHOrDT9YTfCcvDYW8AGiTe9
D75_2752.JPG,1zco0Cek80SmYpomvz2OXjfQYioHJD3J9
D75_2754.JPG,1WEwplGCqsY0WsGdGrhiViZYYVLrMQKVl
D75_2753.JPG,1sgiAlN-a58iUYF78uFXfp2CI9pPHhXxi
D75_2751.JPG,1sLBDk6Xtx37Swpc03zAw-J9xFkhDBGQ6
D75_2755.JPG,1gPrCLRK9EaPEXMHU3W6xrOXbiCBT8scd
D75_2756.JPG,1N61UNV1-gVs9Zty12pSNlnpS4bXr9cqW
D75_2757.JPG,1c0hCnrYTYcv2GZg6c8dz-kv7gmDGX6x5
D75_2759.JPG,1e5RpdxuiD8i2zyLLMIfRtjowdSctqD8U
D75_2758.JPG,1O0C6L9JjqXiJAwY6N3hcvo2wKpDUGHnL
D75_2760.JPG,1yh_jHTqICRyGziyvm4W2gFnSAy8JMAvi
D75_2762.JPG,1N5_Dqi88mwAv-lKszxsyp2ndL54VgLCI
D75_2761.JPG,1ZdiYYS2VnpMp18TyILsPyqXDsNCWSwbx
D75_2763.JPG,1zyEcEu5orvyYgQ85g4Ng4-8DKtVSPqXJ
D75_2764.JPG,1WVJhnHAj3nf50c4UO-Cq5vfazJBA14TE
D75_2765.JPG,1lEJQfaPSt_O0NHYA2SVcot1QrrWSOkEw
D75_2766.JPG,1Zog3QK0-U0Beg4cWlb41U-mb6gsG0Yqa
D75_2767.JPG,1PEVPSo5Qk6umeQBRhXOpHwGBs_Ff2Gmj
D75_2768.JPG,1-Dhog0UV5NntuoaugPBCG1wn5hrRy8N-
D75_2769.JPG,1jKi5dV_AkE6RERkHNH_2g_4eN5tqTm_C
D75_2770.JPG,1zYIBFqtI-AiFBDZf3_-3wu8VnGzbP7Cz
D75_2771.JPG,1T7Jy7GmEl_G5I0-dp8_t4b83NZXZeG_r
D75_2773.JPG,1tBPqPD2RpHid_jxRhs3SE9EKaA3eIqg0
D75_2772.JPG,1oIoF8bP7KrtSbF5r66FwLAgO96ElLTio
D75_2774.JPG,1aWY70JPCYYyf2Cvq3yzrFw-zFNlv-VFj
D75_2776.JPG,1HROyNhij4cO8ZsVBKYBqdDJdDVnmemEY
D75_2775.JPG,1HYHugM_6mUS6h-m5NiBZo16UkNLVptMn
D75_2778.JPG,1C4sPmfX_kNnDIZRayDx8DV3GALG_QJwS
D75_2777.JPG,1wx5TQ62ZL1wAu-HAW3fzCr3A7mSABLTR
D75_2779.JPG,1h-D4XqRB4mpKWPcwW_uChcMZD2uwXGQ-
D75_2780.JPG,1eR9MwsHlBY0ScPhIBFpc3q7RNvdT8sTP
D75_2781.JPG,1xZQgY685zLSJmh-lgwLXk9GMCXFDxpX9
D75_2784.JPG,1tuYNNj9J8zdnZzQwpQb4kdf6sGZNCg7x
D75_2783.JPG,19UunuSuO7k-IT_n_4EfdQvIAIAwHVrkU
D75_2785.JPG,10DsuhKgGz_1H1nSWOOkFKn6J4lw6WYaM
D75_2782.JPG,1s5i8HjRkCSJZqN3QfiHJybzM0Sz6kFM5
D75_2786.JPG,1V2DmagGMI4yDf7BBvL4pM4PF2qmYlOVZ
D75_2787.JPG,16e7OR-LaqjjfD5Ipddc1GNdHqbcNRvXJ
D75_2790.JPG,1hPs1AG3kGq8dpMd2GUP1gMpCEGN0aYxQ
D75_2788.JPG,1amCbZg04xTSenJvEBZIRVnTCaS8xS_M8
D75_2789.JPG,1a4Xiv_AqqcjbRtaYnVYA78YF-ETieUsv
D75_2791.JPG,1LrXyxCIF2ZXVkNm6-t5VuJDqkStwJOPo
D75_2792.JPG,1xggkaruqvVBhN8TM-Tv2SWzSZIYF6mbc
D75_2793.JPG,1BMkPMWCUsP8R9S3ae8evZUU8HMqXwi9Z
D75_2795.JPG,1WCc4sXGEtUMJi5TdWPiuLz0yoiANxyhe
D75_2794.JPG,1NKsCSaaguitlOAnRDzYlKjLIoq4IiLO4
D75_4025.JPG,1SUBvoY3iPM8qA696IQwpsBZj2r1TaJVy
D75_4026.JPG,1BatC5VL07T1PPHld-f1KTPtxhZN7HCvR
D75_4027.JPG,1Xfg3hv9GCIGYdrMKM_YUnelAwzVUuNy1
D75_4028.JPG,1Y5Sm0iYFlgSKnBlbwHBACcqkQMtrnJp2
D75_4029.JPG,1wPJTPiHEtOlht4mrTpd0-1foHqqdAixj
D75_4030.JPG,1xA1rIsAiedBNnTGbYfmtudyXPMY0Zxsx
D75_4032.JPG,1geTQVE1zZYZOV0wkSmFFiO7-2Uj5J6VO
D75_4031.JPG,1LkiHmT17pS6lGX6bLpcKq21-XkixM-Sj
D75_4034.JPG,1z6gZVPNMn4Dam9Y5zkl2q0IiDCkPDq-e
D75_4033.JPG,1VYdsaFbGEb5vdVYqEvTEDt2QZVWPSQWg
D75_4035.JPG,1WNMoT8n7OFCxq2h4lQ3taDOOyAPwpCnN
D75_4036.JPG,1Sv0ja20aQLA5-gXKbFehTGbukjGTlqZj
D75_4037.JPG,1DLjNNqhPnHXwYCga_evT0k2W3FVtynNI
D75_4039.JPG,1QMMKizqN6AtKXtYCnmDRIA0nlbWnXjZB
D75_4038.JPG,1JY3uSnS0Cbvm0KsK6BpRsty1A1V6mjxy
D75_4040.JPG,1lD_LCTUCFbWLGvGCxQHGZQfji5KCFACj
D75_4041.JPG,1t7s00DuDVAecr0KB7rfjgy7Wu8W9PUov
D75_4042.JPG,11QM-N0Od_wXkkdCEFcw7UpsCOk6s_FNC
D75_4043.JPG,18iovYbzz3W6lhRPKQocBL1lVNd8XOvUa
D75_4044.JPG,1ovsMyCXbzpyVlRd0zvYxx_8jCsknyf8u
D75_4045.JPG,11cqaI--FDykzpOODYzwx9FLX5P3V9XzY
D75_4046.JPG,1ajgurIXgVYthrncA6_Y_c38hBVTJJsca
D75_4047.JPG,1SZY97YiBfSsxQP-19MFhLWdmioL_Ikgq
D75_4048.JPG,1eI_4IkR6MpxczDhAOIXGD6KdOJBW-DiD
D75_4049.JPG,10a65la7jkiLt_USm8qclCotE6zciCmFr
D75_4050.JPG,1GcVZYTB9M04FToVP_ixz8AMoxHy7abJt
D75_4051.JPG,1uFnJkFBrLjwZYeh6qfAelTtCJ0tdAaoU
D75_4052.JPG,16e0G7VClpMbyXgTBijpKZMBwcMYAdVCy
D75_4053.JPG,1pPqzh6MvP7aX3IKnr9QfWX4_OrTY4AnC
D75_4054.JPG,1RysdoUGkl6rPgaNCP7PInJiW81l6H698
D75_4057.JPG,1b5HTJiY8_L0oRg50dYh9rAnVdixBDhx8
D75_4056.JPG,1P8zfs9W6xVLR83UNgkI3tAcE-O7tVrGn
D75_4055.JPG,1eLvvTpLJ_40l1VHnBIg08Ww0Fm4rxGNP
D75_4058.JPG,1jhACrRrsIfff3XxJsR9yKnDYnEq-PmG1
D75_4059.JPG,1M2pZtTl_Sp-KITPzC9ckB4sEZ4prEPpz
D75_4060.JPG,1O8Y2xkbLjnigBkOwz_kTkdWN3bj8MRvn
D75_4061.JPG,1-eyOcFJ8CuqiOG1A2rmJiGDj8N3Tfev4
D75_4062.JPG,1Xahu0WwoUvPkpdBadvQhdHjwU_FsjtXX
D75_4063.JPG,1Aw-d5aY835xhq8CNDJb5ID5730moW961
D75_4064.JPG,16O0pRCgmqWrweX-kmz5UlTjo0WvXm9FP
D75_4065.JPG,1YIV1mzyPmdyzUSdrRsTkvS4DKBNOrsVr
D75_4066.JPG,1hNpaSEceBe0fAXVxIQDozDVyPcQbsI-i
D75_4067.JPG,1HbVR45ztPGnQqCO5ZIRjBVMO7C6CXyBv
D75_4069.JPG,1aCq0zro5_JnR_TBl6uEZgOWHr4nEVhHm
D75_4068.JPG,1W8e1hYu-E8F81reR3G4HheFLs_xVP7_h
D75_4070.JPG,176pCY7B5gIQxiCbZQca41chV2Tj7s2G0
D75_4071.JPG,1kSgF_0Bt_HK3J3SYDGUxCsKAMpLdpjPs
D75_4073.JPG,1HmGRf7ZbAK0xMgAOip67xH6nauSzLhkl
D75_4072.JPG,1cBNZ9u8qpTb4DWA9tPTfQw5AjAmLupc5
D75_4076.JPG,1ES2lqNBRJTsyRQiU0-9ocme6QsO3Dzlt
D75_4075.JPG,1bOXAumvWm0O6-zqKKkBuauqt_kvQnVXT
D75_4074.JPG,1bUPxaMcE8o90H1YZmw59Ep3VQLKIO0i8
D75_4077.JPG,18mQQDI-FwOsrN1EdbOs0lt6AC6FqFR5K
D75_4078.JPG,1geRnnU1o-hij3odpfPB3uvd0K3az4iQv
D75_4079.JPG,1FvuFaKohM9_YXJcOgmrmgAdpleHkUKAB
D75_4081.JPG,1MDeieWPeT3Q9Dlz78pW3aEIe246Ox8XA
D75_4080.JPG,1c0Vt7pksU0_nvlgH0v_gvlB0APNw3gSd
D75_4082.JPG,1Sie3V5UuuJw48Y7j2SUoh8rOmeE_0KSU
D75_4083.JPG,1MhRUAiTL4HiPSdPNvWAU24iqnpq4nH8m
D75_4085.JPG,1Lx-Q2kPwwgpr6CSxQTOL-kQU8R1EH08J
D75_4084.JPG,1DO8E-LSkksYrCBbbSDGUyF-UNwXyIOyB
D75_4086.JPG,1aPE9EC7DnW6f2JShipx7FLU3tnrxMtXz
D75_4087.JPG,1u2MdpOogzYbp-_ecKUrKS0FhPg_Edp9t
D75_4088.JPG,1ujGrc0VF5ymPXPvz54WeM4xp6nZZXM03
D75_4090.JPG,1Yc2OvYBwO8gUP4NcJGE2klaL-rhVG5gV
D75_4091.JPG,1eQ8ecey5TnSahCAfp7vuqOOPgfY8LwRZ
D75_4089.JPG,1kal51WOANQRzFMWYSQEf7YOMYMZOWXlI
D75_4092.JPG,18jYKhkWf8BgtWY6ecgSZsU363DEBPEkX
D75_4094.JPG,1DKOKtJRrNriQnhvErhn7ZIHkyM7l62Ro
D75_4093.JPG,1Czc4dw1LPuo-NIdg6vZ4U3IiYh0KH9lR
D75_4095.JPG,19hb1j7UgB3ooWeWTzR2tWKaSWnj11Lks
D75_4096.JPG,1bUi7D2sbedx-qLt3KKJ4xgOgjteSSr1j
D75_4098.JPG,1TKCJPPU7HLW7d2aHZ6dwjNeo0gXqMWRm
D75_4099.JPG,1MBGUkxYy41TFfJ6XGLJ3Nd-XykAma-ba
D75_4097.JPG,1Ub_HV77uwlcq9c59klrBygSIaR1SodUi
D75_4100.JPG,1_3cwkMJ0Hz_qLXUp35icqx2kQyOlSuOw
D75_4101.JPG,1zUA6C0uth0SBmh2UW2m9yum7O4J9ufj-
D75_4102.JPG,1KotEBNE0wVpqOg2Yv5olpYCR4vxI1aSn
D75_4103.JPG,1lNUMjPJVT2JcIOjLUqL5QqzxGio-w5FI
D75_4105.JPG,1EDFiOrHyL__Qvs50Ac2GiO-DUSTBns_6
D75_4104.JPG,1bv4Ywch-cf3Sp-LLv7UVC_2P8WrON4YK
D75_4106.JPG,1byKIAI9ce3KQ4FdfbgZU2HwaoaKf2pDN
D75_4107.JPG,1aXy8oXbSzYLWrxtxsWBaJ36RzbDnA2gq
D75_4108.JPG,1sdocoyQ8tRwP2t9IWlgB7wEF4TRYPKWD
D75_4109.JPG,11syPPUh-KzNM3clCCkKSJ4Xq8yuh6O6Z
D75_4111.JPG,1xe6_78WUZT-u9Zx19lAma9pfT9hy4In2
D75_4110.JPG,1JydfMlkx6K4mc6-wsX3xJa6mwjstMwnl
D75_4112.JPG,1nSWzdSQYpatStIwjqydg7jSsb-HLbaps
D75_4113.JPG,1TOhxsiSxFCwgfPmRwGFYw3m33az3MJr9
D75_4114.JPG,1zWIbfzbialgLpmXcFf9Q5BzGjLhkpsGS
D75_4115.JPG,19Iw2YD5o_rJoQ8xO7-ItNALiPrD8RSAI
D75_4118.JPG,1NsuChx0fQm0A7r8M4hL1n1bB3idlk38Q
D75_4117.JPG,1QsmgDHUSza1qn98fLzALHzW8OGxpYxkV
D75_4116.JPG,1KcLYe7DbINz-YvpS4jCy3k1-VW06kqsw
D75_4120.JPG,1XL8vctOI78gqS04XWwDHeokoe1cm5mvT
D75_4119.JPG,15LQ69FctMmqKqduzmvFT32nUZag6fi3z
D75_4121.JPG,1-MFggofFIqNzQ_t2hLqNNO_LqFgrzES6
D75_4123.JPG,1Nsv2DRoc32hs5CG1j7rGI9_54BUtm73U
D75_4122.JPG,1hmOz38h7WNl8UHu3VtlzDfnFJIU0gHuA
D75_4124.JPG,1hNz3fLY6UEwhib_IEi9t9tYH3_Y4HFGQ
D75_4125.JPG,1DkIz0VGdipzOzNVMAm146sju5AGVsgMg
D75_4127.JPG,1bp3r0RfETeKD6E1k5j0taWFmGLrMMHsc
D75_4126.JPG,1QoTyN5j3qIxjq52h0YCHnS8EyqMX_YMN
D75_4128.JPG,14h7Vlq5QIKAjSjdybUs4Pzv5h5-HY44Q
D75_4129.JPG,18J3wmnaYcKcQPnytPaC4UGjA3YCvrH8Q
D75_4131.JPG,1atMukEZsCXr5YXnum9AYqWAYjK2o301I
D75_4130.JPG,127BcMJ-SXhbpPaLIg1260uZ0dElsugBE
D75_4132.JPG,1sH7F54klTVP0PSnucGyXZI4ifyg4onDn
D75_4134.JPG,1zQJIJs5sFkMSHWwUQKaG0LrLk7Vlvcyc
D75_4133.JPG,19-MCM9dFI3ZNXe0rhH7TSSL8GT3BP4hd
D75_4135.JPG,1aOpMIuYDWCBJEN-aj1FVSTvpMamFHlZ-
D75_4136.JPG,1ALSjgO70PMXwxe1OIlgxLvS6uIcjj7Gi
D75_4138.JPG,1GXnEwbSRO9e_EneoBzXYH_S1aa4rIbmb
D75_4137.JPG,1RtA5ZkozibUAC4sGQrhBG1l4TM0vH79s
D75_4139.JPG,1hMU-RCL8hjHXoyvTB3iZZ3gG2sK9Qbmn
D75_4140.JPG,1mcUkDYmXXZw3q019Rw-hH5Z_TmHaahw6
D75_4143.JPG,1weM-q5d-SzC5wFmMuQSP-xPTLAaAaQWi
D75_4142.JPG,1CJUxlesITvrIn5fXD3Uz5qhchQ-GclCl
D75_4144.JPG,1ONAGdmq3BUEuZqRINEK8srubcQzj_fqx
D75_4141.JPG,1V33DZejo28RM1ic9YVE5oR5w83E7wYRI
D75_4145.JPG,1om9uE4zhz70o_8OsuAS3b9UMk1l0n2oE
D75_4147.JPG,1LOvbphhAfWzmnzJrf_zRzSw8OZt3GJgw
D75_4146.JPG,13RBTCezdRdHgxMdIqZxN1hahH94I5X4p
D75_4148.JPG,1l5d0N2TZoAovRhPPthXQmlcqpCVSkDG-
D75_4150.JPG,1MXQ572YvNXCLlrtxrvdTGRO0wCigZVsk
D75_4151.JPG,1FyVLp7nL68daHjNi1h4QhRHvJktqGyxJ
D75_4149.JPG,19HxsS_BBFKmq64tfcYnlQwNkvo87KjtP
D75_4154.JPG,1NrFsDGcFs6Mc_Kw3XdDYqzA7eQjxedXM
D75_4153.JPG,1eKe9We8RAHGh6J_uaLr5c4kjfqNHcS9K
D75_4152.JPG,1lmC5k_6zzMSxGNUgYlviSwdAOnqclt6i
D75_4155.JPG,1fr6uoznEK2d_cZVQ4b7BOAMd5VuahU5c
D75_4156.JPG,1i7IFiJ6bWW38Fj5I91qiEHyP21QJntSX
D75_4160.JPG,1S81fdQkUpadWrUIF-AHnY9dBpBgH98rC
D75_4159.JPG,1q6ys-9eJ7q5yueFeYY6w2myELNZ7M-Pj
D75_4158.JPG,1Wn2iDJQFI4gxAyxKTuHsKCij_HjaLfB6
D75_4157.JPG,1gSP8asb8lrmYuGLg55neerTJiK_vPzoD
D75_4162.JPG,1R2qTQQb2nGa5Ra4Ugyn2hXy0glRpTRni
D75_4161.JPG,1qNiYo7IfpRZKsHi0s0ZQ7bBWuY5Ly1l4
D75_4163.JPG,1ov3Vmyico-9xRWsR_2Y98vY_yuJpf5ZR
D75_4164.JPG,1TzbwONb6PQ5YvrzG1p_u6PhxpSDK5eck
D75_4165.JPG,10ydqRsiZxWUjLhM9OrdCDYR_EuTVlxYO
D75_4166.JPG,1jvz_VDbcU_hyfh3eLmZ8Rp8_kQ1rrT38
D75_4167.JPG,1WoATJ12ZO-4xdK4vv8ygHUySZZALM8oV
D75_4168.JPG,1wH5V-G6i4aCbTvyYV90phAHxcQUyS5Hd
D75_4169.JPG,1Xw_55DGbgg7KSE06FEmMRj1Q4EjhtgMi
D75_4170.JPG,1W05qvkw4N1maSuzFbHuPpZ_Rlk5zyRuz
D75_4171.JPG,1zEuhghMrIrk35HS6U4WXWW9swB7wUIDG
D75_4172.JPG,1trgsaGokHNzvoGnomCIGI0FrjBHIzzTa
D75_4173.JPG,1L_9_xa-SOtCRByjtBznhsBSJZj1PyNIE
D75_4174.JPG,1zhXVnM6P8mkex6plFFXPqVf20uB_2eXW
D75_4175.JPG,1UxkykifYkmrjx1wanYNsnknOIPXNcUPf
D75_4176.JPG,1pM_wkXYGR0xBCvWhhx5hKmoKSbwD4t8A
D75_4177.JPG,1vGy1me8UPGbNF4k9tC7v_l7x-GkDxk2v
D75_4178.JPG,1j4HI-uu7CRKelITzkLNHg4-Jf4AkoSWf
D75_4179.JPG,19-ziGY1UnRM8RaYMXPXz27SGombj44_7
D75_4180.JPG,1y7wxgdK0pd8PdQlG88Fe9HCuWQXBwqaz
D75_4181.JPG,1kYENoK7VFrfN0AFtTda2HQxxMY2q_PBm
D75_4182.JPG,1IcrK2k6uBY0dcmkQJiNA3-NO9_I8LDNf
D75_4183.JPG,1FKe5GQDhE5dEZhBWJ6a5nkc2jGPg9BzH
D75_4184.JPG,1BUoLvo9Sefo9bwb3Kg_UA4ayf_u_Bn-o
D75_4185.JPG,1QqQnJUkyp87OpYbTV9VrqEyn0Ga3L9c6
D75_4186.JPG,1XvZKjkuGTxVIgpubpnNVDTy2FCUvxtWa
D75_4187.JPG,1n7Kjft2IRBOabmp7AD5IuEkcP4hsKoBD
D75_4190.JPG,1myOrE53NLAACzHqhgtRTK83pQfDclohX
D75_4189.JPG,1TUlVTqkGXT0WbtzGrVFCIbB8N8574w-l
D75_4188.JPG,19VYzcb6pzJLSpm46tUPhTxmThperkIkC
D75_4191.JPG,1zxnMId80-c8pg8fuPf8_WF6uO9KYx1Zm
D75_4192.JPG,1PZZjBYjWpFvRTaiNi3ioeOiA9V9FkQJk
D75_4193.JPG,1UKtx_M9NoGtdPIfbXHyDE5VDZtAc4KgE
D75_4194.JPG,1nTjarywhJk0OtcfiHEsm6eR2F44X2hAH
D75_4195.JPG,1n6r0UIy5dTWC5B768nMgrcOXJ3ojqt5X
D75_4196.JPG,1mQUDJgdliVy1y9KP-3QDmj09qACmLoX8
D75_4197.JPG,1C1yXmH5gGe4yiX8GEN1oD1SAV8uBEQtq
D75_4198.JPG,1zRXLX-H9a6jIdJXLt7iHcsNKg4Oq2h9H
D75_4200.JPG,1x3LqOQ00daD4SLCUT9Qs5ckgKlbe58Oq
D75_4199.JPG,1oH1eD3jZdUB9bL_W5DEGvtbDPvGgGZsS
D75_4201.JPG,1hrCSEij4rMoTGwyAbqMGyP4RHyurLvJH
D75_4204.JPG,1YG4MiI-_z-Fzarwc231Y1ZsBy2tQav3C
D75_4202.JPG,1k45shvSmutWSs7HHY_icS18g4wuLsC1P
D75_4203.JPG,1cx-b15xFUYChqfAe7LKJvD0RIuL5S_-P
D75_4205.JPG,1Qk5nKho6McZVbz36_lAEXp5yKJGtmfDv
D75_4206.JPG,1VEKNh35Cm68kH6Aqrdjz6qx38FFzACPa
D75_4207.JPG,1L1GAYOM3IZAzqZVen2jkRCxn8nODzq_Q
D75_4208.JPG,1LjfJqM2xXvncjrvisxtte7ZLoIrr_Yqs
D75_4209.JPG,1YsYk91l_apSMzrv_GT1le6eSUdmzP6cg
D75_4211.JPG,1BPR3bz545jIR7IpcAAM8c9Bkt1NOaA0v
D75_4210.JPG,1OxkoozeHLdKMSxpa7tsbenTx3zYHT3op
D75_4212.JPG,15916q2ORsTr5JFPpir_MokBN4MwGnFTL
D75_4213.JPG,1oo_zfsJ-eICC6x-B8EPdbIVPFjhekThM
D75_4214.JPG,1jb5VupTkDVT1QZU4P3Rau6e67qLpyWz4
D75_4215.JPG,13wbxK1KwqnIYo9acyjYMAHOQySan8VOL
D75_4216.JPG,1Z3yB9AIgFob8TU1cNTqXv5BcUV9m36Wo
D75_4217.JPG,1_KeLdoeLycTR5Df9qSfW10hBleN1xDD4
D75_4218.JPG,1XIg9lteEWSfHCc_nxhdBydryBykiEuON
D75_4219.JPG,1ev0uHlgxgK1sMtQDj-JclXnPQWUl8_ol
D75_4220.JPG,1xWw_tRRGHJp_2ygBsPMjic2loz8MIdpG
D75_4221.JPG,1uxnDCcQlXSpBk6FBOPsHnP6zpoiLfcz-
D75_4222.JPG,1K40a9BHiEr5hiZeYT0lVI-DJt7_UD5xN
D75_4223.JPG,1H9nftgSzVvZe4KI6C3lfulRNIiVPpzV1
D75_4224.JPG,1kyaCPU7yX8X2BTClCluoS_-fPt2ueBk6
D75_4225.JPG,12ZqWtA-3AgU25pCxP0o3tkjywicldjSC
D75_4226.JPG,1wTQLn9HEMsjlKL0qVNFi1yPH_bmrsMKq
D75_4227.JPG,1kGP1G5bMJzjlAAU-ocnFsPldFvEWYCdv
D75_4228.JPG,1o8ytNWvkX8b_zmwVU_fzypTcpOIfEldd
D75_4229.JPG,1SCK78Xhp1Ym0AbHDozUrylDzlC-Be4Wk
D75_4230.JPG,1rvAg_snLD2JOlKDlwXWEZaxqIDLmygbE
D75_4231.JPG,1_qhDo4fwVFlKQFM5NNLja6fRKngDW_oJ
D75_4232.JPG,1IdHvCu6YreGr7TsjtV5WXhbOqjj3Omck
D75_4233.JPG,1RR06YGNHngbKjZse5pM-H25-FQtyliQ1
D75_4234.JPG,1DEoK1WGusRRs5ppIaM7gqWrQV5JpBvjB
D75_4235.JPG,1ppxoqRykEq55XwanOPaHwEMV5zJvDU59
D75_4236.JPG,1gTFipfrOxYzWxntlnsio8KYRAH_mXmzN
D75_4237.JPG,1fGc_9Y-XJ0-TBZ27n_9nXXuxsSI7sD6Z
D75_4238.JPG,1j-wGbFfIQeZWJ_z1dINS1DIwcSdDvb2Z
D75_4239.JPG,16yTKsTlx4TO-XE2ybo8buhfM5PlmSymp
D75_4240.JPG,1cF-C7Bts5Ipkcsk4FRmr31mx_L57vZNe
D75_4241.JPG,1F_3Yom_HZUoy7GILg30UFbEAkKXhqGsx
D75_4242.JPG,14IMqh1egtQbgFgYyVwhJZ2ZH_Wc-_B3v
D75_4244.JPG,1GusqgE64Od2316XWKcy08m9DtT9opt_A
D75_4243.JPG,1ux4NEu9j1PT7lpiLnEcs5jVmYe_pyJk7
D75_4245.JPG,1jfSe0eAgVuTrH2XQ6TSBfI9yZ1icmvcb
D75_4246.JPG,1yfxNhMQvVmB2McYKCbFCx6Uo7jVymIq1
D75_4247.JPG,1pf01s6ag50cQmW0VqAIlqlUKfKCA1vkR
D75_4248.JPG,1FhHjPSJuy_ArDUb9Wou8_2PGD5s2Ethh
D75_4249.JPG,15uRrmt06uiI8FAVsq8B156sHnVLJ8g1Y
D75_4250.JPG,1xzJWgXL2BInLapdnbk2tFlYsg7l_fqPd
D75_4252.JPG,1Ltn-BhB1Qi69HASDkaheHE1rT9sI8Api
D75_4251.JPG,1fK_wz4nHFhxUGk_HLlqvDHAiohX8rQOz
D75_4253.JPG,1RUlXOaR2QXZJxj0UOVyho8BSCzMfWx7a
D75_4254.JPG,1WdCaNgyzOrSGipUX9ZH2BvU7sSn0jkE5
D75_4255.JPG,1VIbd4F6nM3irsyGMuCQBFPZ1G-PPK5tf
D75_4256.JPG,14_aToHI-DfkrgMP9wX_qNnGetKtjoOoj
D75_4257.JPG,1SPFU8odClITDkGRlmfnzXsG1O_2U-Odf
D75_4258.JPG,1-4nPlKj36FIq02UcDMY69w4eqHpOStZL
D75_4259.JPG,1z2M6xEHwCPrQLwGC_Iu3rYrLLA8C4AU9
D75_4260.JPG,1_l3e7JVSmwaxh-1w6iHYlTjRFs6FkmVy
D75_4261.JPG,1WMD4fQv0HN0KATCbbSy-WPzSlxXgHlNj
D75_4262.JPG,139XGQ5coq4USZ7p6VYfMg5ZyLMEoXPZO
D75_4263.JPG,1ezdNVSz0Samkq1RCqJDLNpfpy2YYNQkS
D75_4264.JPG,1t4X1hdWIoEAQtmLvNc0O5Zysr9SDyRl-
D75_4265.JPG,1ctBql9OPCOa39q5OdkwNnU7Zjh5nEgs6
D75_4267.JPG,1lUeAKqSrS6H_d0MA7XOi7WCT3UdavQbv
D75_4266.JPG,1gGzx7O-RF3dcLSDktqt1ZVzGMVJUPbxT
D75_4268.JPG,1Z3-NI5CkaEjNfS7yDJ_A2Rs6QUAdnINC
D75_4271.JPG,1HdgLGgWFpg87-xXCB9E6St8eZc-8ZT-H
D75_4269.JPG,1zeZq0KAKjh0OG7DR9CKmlesvCaF4GlQH
D75_4270.JPG,1m2qhnSZtz8KsLTGCTttQuJdhvW7kqo36
D75_4272.JPG,1n815PCRWKy2IqbapAWG-891CX5h-rvZg
D75_4273.JPG,10odz-2SXgKhvTOqQuIP0yUhp1O0V71-c
D75_4274.JPG,1ko4r9ds1rPJ7wvZQ6pXggvCKdLmpgPN_
D75_4275.JPG,13cUmaQkIgX1ywc4J9ydMOhjwkG5qgMds
D75_4276.JPG,1JkyAYZTWKa9m-ERWnmH9XAI3Ok1nsKgc
D75_4278.JPG,1PcBtD4XYhsYYweJOZG3Ianz3p985egn1
D75_4277.JPG,1_f_lOKPIttMzO8y6gd_1EU9NY0xwXXcW
D75_4279.JPG,1Hrh9mSiusDXyrNCgyIPhxSIto_jUPqOa
D75_4280.JPG,1W7Pfbu51hjwq_8x5MjfJ5KEl2on5gi9J
D75_4281.JPG,1f5PW1oVUsFkxtW6hBpiVXmzJqQ6TwK3d
D75_4282.JPG,1VV2vdklgb6kdA2dg-pAPBrgOnctOFPNO
D75_4283.JPG,1xFgGEXQvpHXOf7nmEFxvXg9SrGQvB38o
D75_4284.JPG,1cKY7ZD_mpZ4SChXXknBKRnN52iU28BsH
D75_4285.JPG,19Kq8vtqHcDMDYfwCUXPhcmA4n2Xw4UDJ
D75_4286.JPG,1TQKRsN1mm7WADSRx41rWt5WkVOO49h6l
D75_4287.JPG,1L1SrQDe3yLudivoEeD-J7VJdnlHoFKqH
D75_4288.JPG,1bWmw6tG8niFyXmr9rl528ouhkAAlpapQ
D75_4289.JPG,13wVnRoIYyeIWJrZj_kOpGNhaXfjRHqi8
D75_4290.JPG,1FjY7baIqbyDXAqeyBRA5eRem2ElzhqJJ
D75_4291.JPG,19Pxv05UDNdFqO5oElfujv_53bBMboEu2
D75_4292.JPG,1K3cJWFaaekfMeoUFUtDbc0zhk77U8LpL
D75_4294.JPG,1Kyq9AiCw5Fr7gzQihB3ePOak5iv7EP3o
D75_4293.JPG,1vCl-w0DFFOGj3PSvbEfiqX5hAC_bIfur
D75_4304.JPG,1618t-k3Jvj5PZpk3uR8Q6Prb86PbEXBX
D75_4305.JPG,1eTpWKgIzyOuV2Z0J6mBhK_RKBKH-G5Jg
D75_4323.JPG,1vhKu7zWXCTT_1Fj_7edQsLUReva0-EOK
D75_4324.JPG,19nwcgszrf93xnfKNAobI8GowR-Zogxdp
D75_4325.JPG,1wxTNQ9P7aSRizOq1x5fH-JmexhyFipVJ
D75_4326.JPG,1pyKktYunaKB5M4bQZZmvpgZPw0Mtjc25
D75_4327.JPG,1Ofh83oOHP0UAZeOidYIIo6hL9OdjFThG
D75_4328.JPG,1ztadB9HK9bViQMdSUheTgm2oxkeewvlr
D75_4329.JPG,1FGXl4Ekz6ZqpLlO9Ifi1ThTX_ZH_64Tw
D75_4330.JPG,1IpDUSlONttwF9i1TAEwvkPYEvZ6gU1qq
D75_4331.JPG,1rYoEyZ7RyImOTz42Uii8kjwJKgSUsLy5
D75_4332.JPG,1ct6CeXIO3c5Pk52prwUj9ixnTBki-Msd
D75_4333.JPG,199EL2bJQaxFS2gXvk_TnKN-0fpbN4SVk
D75_4334.JPG,1Ijse-TOaQJTyBQnr02_5_H6jcOsFseQb
D75_4335.JPG,1ZSjKtl8Gycadtxq4cLReeaB24sRo_KNu
D75_4336.JPG,176bGKb1S82Tq-OhAdqi5icx8uGzm5pdD
D75_4337.JPG,1cbSlbWv89DmCHOjqFAsrXQldFRpH1EK0
D75_4338.JPG,1T0AfarJyMQIV5csBBByFmcgaGvlgoxYE
D75_4339.JPG,17tt4pX1xzQjTNk4RToIXTo3qbQ3fP8It
D75_4340.JPG,1r97JF1RMu8xHU4u3owrm1-NuH40J2dh6
D75_4341.JPG,17xTx5Kf-3MnfxlVZynukIBTi0q65Crq-
D75_4342.JPG,1M8r-RrD_0Gb5ATLdTzjbqq4mSteW_JA5
D75_4343.JPG,17UdrSNJN5wHbc6MOlaRosgyCfPKz3x91
D75_4344.JPG,1h_1g4hdJj2DGPzjA4-Wd-7HkWvABjcNi
D75_4345.JPG,1n8B3cw702kFuzum5y6H9L3pjl0vLMvGC
D75_4346.JPG,1rNGUVxspXy6JslfU8rX7AX8HT7Jbttl6
D75_4347.JPG,1H59Ny6MXHwpPJv0fj0Y6xku77sLpBcR-
D75_4348.JPG,1eh_xYUvNCjUgHxnmyHhX4RroRZ-kLy9y
D75_4349.JPG,1xgs4ABxgCQoMZZdHWbbyZ2CdPyLJfGwD
D75_4350.JPG,1jpqPh8h7NHqkJRnuebz91Juvc3ZYzKTf
750_7320.JPG,10nqQHAvOBtDdX0EJYsC1R1_SGgUeHwL1
750_7321.JPG,1QFZb-9gUqUK8vjoyWB1inof30rziJE1o
750_7322.JPG,1kgu38EHY1v9orXrs9K6byb4rTOhbPnhD
750_7323.JPG,11QifRGq-_urpS7yfO4rbQxL1kmHBYOqq
750_7325.JPG,12K8JvnHVytNzPlxQpwHkBF5A-dJUwb8-
750_7324.JPG,1v7ovWtqo1i4DI2UiGIZ7ElrqXDzT4mr9
750_7326.JPG,1kXm8g0CGYx8Tc5IDlJDwaMI81G3SdFU1
750_7328.JPG,1MggMlnXNerq4sKaHtvkQRorl1zN-ApGA
750_7327.JPG,1wiG-JeA9ioy_eKQ11PlWVsRMfIPDYaIL
750_7329.JPG,1jbiEFpIflnqk_fKfmb2B55qV9EiUyEnG
750_7330.JPG,1_6W_trwe-cDS15UXu1ZSOLFRnNE_9H0D
750_7331.JPG,1rKBDWh1_W4ByhUhyCNCbSlSODBnqIi0q
750_7332.JPG,1hQVawzkbL845U2QfMBPCKRBAocOj7GwT
750_7333.JPG,1xfez-2z2PDdcdnypFH5f8yEh3lKDoicV
750_7334.JPG,1nY202Za-IF_QHKo3ljtoz0WulwMruAyk
750_7335.JPG,1-UVaS2icUZD5IOeiQJYkEyk356eo6cpF
750_7336.JPG,1ytt0ZMJsp93bW5TQE9pWAX64FzO8ai_f
750_7337.JPG,1muhY2cPeYPF8nJuNLsoTS1AYMQjXbYya
750_7338.JPG,1OJAYJlCUIhW3zUklcLw9RdiXyTn6WFj6
750_7339.JPG,1gIv0Psyia4ACPdQARhgeMvCZHvQ3eL4W
750_7340.JPG,1RwzYWdVhfzySoLcVrccinQHLkfh0eC4t
750_7341.JPG,1EaSTb14ob5ZScUPAHwOeXWjU_WkgWQAX
750_7342.JPG,1HoFWpXECjgpjlpuNX4EUvs1Og0bXlAuH
750_7343.JPG,1NIPGiUsriidH1E5YbaxGr53imAp1Lz-B
750_7344.JPG,1KKvxYKpfOPCKEyjBv8BklfNeehlI48l8
750_7345.JPG,1G0inPr_kttnrbGqvnr6aPpN8z9YyBpVS
750_7346.JPG,1iIEg3LDHEIMIuH-XXsiNaJ8a8tcaJqm3
750_7347.JPG,1A9lUzQsMX5N-JNxdSAIo2bU5e0drPTim
750_7348.JPG,1jdV0eA4ENjKEwk_7I8zTrMdRg-AgyhDp
750_7349.JPG,1cSMfBE15BRjOGcD2HcSYVSzlbwAAsdGb
750_7351.JPG,1X2_TnqWfkjiz6kE-DqelIhWhiPAJynsh
750_7350.JPG,1l7bh3rfAKKQjT57Bgfk7QSvMMQsqqqIO
750_7352.JPG,18PnKvtx6xDKV1r2C3d_FFOKlaIeyjxfA
750_7354.JPG,1120_cT0TfamK9GSqd8Pekzfe0idL4HuE
750_7353.JPG,1-rTZbsd3oRF0FYyb6KKooAcVu8yI17Fx
750_7355.JPG,1Cmji8N6ShpPaeNSwctOdP-Hu3t6sxZIH
750_7356.JPG,1mmBgj2bBtiHP41k934QkQze28ZVBsf6l
750_7357.JPG,1Ntpw1aRs614tcSklLDQAb0D2uKp5M0PE
750_7358.JPG,15WSvUSfB9binZeWb1suGdDwLy1E-56dY
750_7359.JPG,1hqIBQDppa7g3_3h8wBcoI9mn4IUihTt8
750_7360.JPG,1yEmFbjuDpf7OoSuKcJZsLlsSARWMLtzo
750_7361.JPG,1u8TXuZ6qx5gPp34IoPU7BaJPL2DyEg6Q
750_7362.JPG,1rGFWfH9CjKV-T6UhqX6pBRbNKDQ_4qak
750_7364.JPG,1pN8GcIwMaj6eH5QXRnsdarjFhHGJKysl
750_7365.JPG,1gCpiF_X87L2yPDnEFd6o_O6qwVx2Qe5P
750_7366.JPG,1jvtQHC-Z6krMJjwr0KrBzhrlvw6r9wsX
750_7367.JPG,1Ww4oImSenJg7vvQRC5gbWvNM1B-Rj2a3
750_7368.JPG,1FjTsQOnH07J_O0xqYifL3RRs8dU0KhsI
750_7369.JPG,1EtrEZmP-MBhTd_5KHLvNW3JCOQ7xwkd3
750_7370.JPG,1hQbn4hX956C6_pxeJh9YuSIv3IX3kU87
750_7372.JPG,1alxXtD3u1EiIezXycNivXs7piiJj0e-D
750_7373.JPG,14Nl1vwiQlmt1YPCH9lJCDW1KaNbnq1WF
750_7374.JPG,1alCBBIX5uT-oG3GYNGpxwAUbdo8ZvCEN
750_7375.JPG,1tViWVFjOYt6k4OHArJ-ET0HoQjtFYUF0
750_7378.JPG,1QkCLYKH2PZLAVuN2KVr4Fn6IgHEJ0Cfk
750_7379.JPG,1WvNqmGhO_79DI3MBpjsANZjJqjDI_tny
750_7380.JPG,1cBNDcKhtp1F4R7BZOuA6lwBumeGrLOBB
750_7381.JPG,17e6nWgaROs6a9KhNOodz22PO29RGaOb5
750_7382.JPG,1344LkltetGHPUqOsWESS2xoNagQPIddL
750_7383.JPG,1FmlDErU2Ciunsz5SRF3R-H8ZhZNmtEx-
750_7385.JPG,17e1w3dp2iwvoRMJD2gXWxM2NkOQvsiC-
750_7384.JPG,1SViQ9kfiIbp-H7n_vj7hIRRan4ikdrWX
750_7386.JPG,1dcRTuz3mE85GdsBdKOSxknJZ7Qt6EswH
750_7387.JPG,1TRtFHMU6HwK0-bh0VtgU4WbIgO6u-Pdi
750_7390.JPG,1QEwQ-eDyJ2ki44EHVbut9XEYLa7SzP3s
750_7389.JPG,1BwX31bh53Rt6lYV8fwCg5xQnv7NArx8V
750_7391.JPG,1YskxowRI4leFEBsBaJ_epDvskmaaFqeD
750_7392.JPG,1wbpknXPLf6RWPe6BiIIxwA0ThCOlj7UA
750_7394.JPG,14o92yzTVQH8_uegKaQY_IT5Ha7IF0TIA
750_7396.JPG,1FOSqncjSPOm7eCI51QzVRs6Poqz2SySJ
750_7397.JPG,1-7Wy8vJpDNygWL5c59emIrKTDPLxzkdm
750_7398.JPG,19rE3nMXqWIuyNbOKW5zQg3RwMZYiiQxS
750_7399.JPG,1E5L9HD0qD8Kdxo4w3NXmfCIZxTLsxfsE
750_7401.JPG,1XJsB5jRgNXrgT3V-n52u_5Ffd7gDz4OH
750_7403.JPG,1QzipoJjtWr38f4xvPFwcLYAniX55m5V4
750_7404.JPG,1z8sjfvW13d4sXuMxXLj5YgJPiBfV4DBG
750_7405.JPG,1xvSwP24fKOO52girhJ1mFqd8z6YCgsMm
750_7407.JPG,1tss0uvSLUUf8i21md991DwoPzfrYPuzb
750_7414.JPG,1SRam5eMWNbR6wmKR8AQAcKVPmOeU5G_i
750_7415.JPG,1b5-kHZL1sXN58dpaMcHqpxP-QthqHXaG
750_7416.JPG,1zHUVo71Lq4_t3I_P7PPm-sX2ozFhaUX6
750_7417.JPG,1HvNMFlI7PKUdYOSl0zs1eMm6WYGf2xdr
750_7418.JPG,1VCFOC0NFCDT4LcZiTJUUonoQ1RjSs--d
750_7420.JPG,1cwjoyjaDBoN0sKY5NCCt6bwjqGYTUNWe
750_7422.JPG,1foeLj8cF3FlvizFBb1-5Vd6SbGbXFhN1
750_7423.JPG,1ViNkJ7iqKxGVTRVncYloPuSYd7Iclayp
750_7424.JPG,1NtkzGLBKzqFw3saPfPG-Ss4haQuS2yJq
750_7425.JPG,15t42Mok_NUV_Ui3I4ziF6Nh6w-XazW_o
750_7426.JPG,1f49puaEWCp6N00J_u7A64WkHZYhNC6kD
750_7427.JPG,15--_eKxIuJXDlQuDv4-Urx3r5zH-ughH
750_7428.JPG,10dz5mIs9Cl55euN3tzikWUWYRd0oeSBe
750_7429.JPG,18cws2mQBaKsegCnTDsC3qiI9WIGIV0tt
750_7431.JPG,1k_dB4HVwT-OacW1KTiT5HUn6PKymklwo
750_7430.JPG,1Onn0vmSN8z0mrDKRxApkQeLuuWvGqO3j
750_7432.JPG,1XxplJM7GMQ-KMKIIGU19NEbzdjKgA-Ys
750_7433.JPG,1QRqcNKABTO_NTjgYV4ytpvpTfcDaBACt
750_7434.JPG,1ffVlK2FSozvdK6vbcMxGa-9lfjDLTZLH
750_7435.JPG,1PaJT_T_avDN7VDFreDdrZBTrIRhguMPJ
750_7436.JPG,1gNx6s_1ZX2R6iyJnoh-Qef373vMa5axV
750_7437.JPG,1IZDOVHbgBz6b2Otp6ejmemTnJ4IdJZsB
750_7439.JPG,1mJR-VuGutx8eXGVECLDBCqG8_Xk3XCOh
750_7440.JPG,1U4bsdiEbKiL1Kff_1V3jp9qEm4I7cMMj
750_7445.JPG,1xXfV8WtvFt_-49dk31-cUI-1JD-afy13
750_7446.JPG,1GklI7kqievvFJRUbHRnayrCdFXopvJFM
750_7447.JPG,1pqCYxHpLxdPByOJ9iY5YXQnQUb9VAvYx
750_7448.JPG,1XHOaKbJ-yI_ftUkJcvKqzs0bkzXgUklB
750_7449.JPG,1tL-FG75RBOcZlzb8adGCN7wvj-v52FtO
750_7450.JPG,1melMu-uw-9oUJ1guLO_1WBixwLFvwwuS
750_7451.JPG,1On2ugaDntoa8GhfIv3N-GHXLHmfx_QPW
750_7453.JPG,1tiVXaE-tr8sHfgS_OGwEuKAPkfKoXOM5
750_7452.JPG,1bNBss_8CfS6PCJJC5s6BX0Da28AxToDu
750_7459.JPG,1Hr-ypWzIU-N6dvu_Ioz7g60f3grzvTve
750_7460.JPG,1EBPU79cNX1DdnrCw63bNb49UIWB06Hsz
750_7461.JPG,1LBCbUixB3jsNoq5sslBzRDHOyoYJubED
750_7463.JPG,1zEOW3YnJaNmv8Z_XIjOOOuDURGFFC1Ae
750_7466.JPG,17kZJBL9l6pbkKWKoTUCYi-85WyocXIre
750_6652.JPG,1275y9-kJE27I_7Da2N0DOo6mSZPb8TDp
750_6761.JPG,1MfkCsBFKe6E3WVer0Ww_JM7cdev41lIt
750_6714.JPG,1IzR_djom4LXUH69ZMLoMENAz3Rl30t1u
750_6703.JPG,1O4OsItafmYzqk3985Cqboi8pw60uRQHH
750_6620.JPG,1OglG99Ur1QJQdpnPAy2PpZspJzGvHOJi
750_6639.JPG,12Sp9GaVbvWCzg5qLWMYhN4fSJhXRFdXm
750_6723.JPG,1IPyhkDt36mldTGFmqsvcF88v8YyTRysw
750_6601.JPG,1LgM9bRsY_k3CLXXZL7ay0sp1h24FHfXS
750_6709.JPG,1357Om8KmrxU-iXXwzuhANA_xyB0VxOlu
750_6643.JPG,12rZXqOjt-60yzDQ4GJmf3vqwlO1KlUZD
750_6732.JPG,1OSMnum-jb5OBxUwVT3ItkKkvADUfjZfr
750_6717.JPG,10FK6xAUjrRd_tVB88CF7HMW0ZXd5oet2
750_6782.JPG,19uUmq4EYteeEqc6pGZW8JMucHHi61hNC
750_6727.JPG,1Ly3ngE5WlO5446s6Iy8Cq8XZzwCdg9dY
750_6657.JPG,1BY6LfuXpmQGCqfV13vJOweCXDO7OL822
750_6759.JPG,17ehXByI8_S0-RnCkdE4PHZroJUx6smgY
750_6787.JPG,14CKujvaY1OHHLliJdAN_A4O3AQKiewYr
750_6683.JPG,1RGuP9VzfG2vhuqcaC0KG4Ri8uhECr8QL
750_6641.JPG,10qw5Ue4ICaNAm3BihDg3J-h2M1tXwQa5
750_6729.JPG,1E-CGFevRQv-JgD6n4P17SzYTc_vZtDDR
750_6720.JPG,13pq7V5wiIuPydp7rorjT90JwJSAOBQXD
750_6679.JPG,1CGNpE51zno9nkK7yJYKAEsdXFmgDjrte
750_6718.JPG,1EJuPo7IRboSQnxEEGr2rCyksXMEu8psq
750_6734.JPG,18lAPSc2yVq7GEYtIYYu740gYUxCaw61W
750_6763.JPG,12teQAzQysFpbFsnyzs2Vyn07ecSD6TDw
750_6595.JPG,1EMLMrAIFQ_ExIgbSKR2iXpoc8agcO6mS
750_6739.JPG,17prO6J7VszG2_Ulev08qRircupFC-gBr
750_6701.JPG,13nd5mebkzuhy5n4twKtEm3hMO_EUuG46
750_6699.JPG,1RpggQ6upFCZEceDdYItunCNCqcjLMc7Q
750_6625.JPG,1ACYokJl-E3OQltxb9jAARG8PMdDPt6Nh
750_6608.JPG,1Md9pqzEVxdQwbA_3OC7Gryo2NqHfyAjx
750_6756.JPG,17bx_MwqE-_IY0oVCeoPvDwzP2c3RKK8l
750_6757.JPG,19mVK6kEDZz0twuSNNaK21ziIMb36fuL-
750_6706.JPG,14J1JRCFW_ye5OC6RZyjVenNdGKKP9M9B
750_6645.JPG,16RwQQ5Pa3gBJv1uc3bpO1-kaH1tEoUtd
750_6685.JPG,19Qyj3SjdJ_i-6fWQjJtxVgQ1xN2u6NEl
750_6783.JPG,17YzbS2sN5rDVfVYHTrKITU4ihREVWPZM
750_6716.JPG,1Q9ITq5h9sUc0iy2tOUAYY7rHZJ5veb2s
750_6772.JPG,1DmeLxu_3JIq4eQrDnNuKpEhmN3AETLQ5
750_6644.JPG,1MphCNZikmimCz6Q5fAfBHbjsHPkcrL-5
750_6776.JPG,1GSDRg8xUdag_lBX_j89DN19UOZx2uy2j
750_6682.JPG,1Dz3qdYmi5oz0A7o3bEfWac4TtlH1He7l
750_6752.JPG,1Map0i8E5F6UVXYWUVS_o5YRkTscM5tdF
750_6621.JPG,10ZFOylqyokJAGOgqeLtZxDH-iSPY8iAd
750_6670.JPG,18VOJWQR1GVFV5k_ePKZL72BCV9Lcw2BW
750_6697.JPG,1EPo3w26hlsLPdnrLdj8C9Q9z-NxBnPW3
750_6748.JPG,13dPo-TE1N5ImtPdhlkyfz3c5Xlf7RR61
750_6647.JPG,10Wjc2ZTgnp7mVKci4PCcAUNbEFFPgKsM
750_6745.JPG,1NbVsHhg8kstvLJ0qwg9q7hgWcK41V4gN
750_6792.JPG,167AlQSku-xH-NVltkpDM673UWjc-Wkpn
750_6778.JPG,1C8I5MhWSbRk_vEVwdNgWT1Eku-IfFReb
750_6640.JPG,1CWiz893fvFGZQfygqG-7xgIhbSL9lLTM
750_6704.JPG,1MMBvNvZFUpxuhsjmw6v-dlsJAszuEkaI
750_6728.JPG,1ExujXcALAuSt6unAmLpsBTp7uIfGRWSe
750_6662.JPG,16b8fF0tddLrnxMjakr574TFGySY7Qdaq
750_6694.JPG,1Hv1gXAAO4X9sGyq8hT3n4Wi_m_j1cee8
750_6794.JPG,1J0QzJ0sBplQ6GDnt0A6uIxaqf1stNZza
750_6749.JPG,16qeXVc_cUM_R3eh5vunCeap886SU4XGS
750_6607.JPG,1D-xj8y9Zo3UtswO9EuzniVjrUyihWObs
750_6631.JPG,13UzoM3h5G5shIHYG3ZR1VFqDDxHKKb15
750_6659.JPG,197khwEMAjlob76kLLAHy7KjCRWJuxteq
750_6750.JPG,1892Qe5zTk1HOBfzjREFeuZwBzF1sXEuB
750_6649.JPG,1JdbuDipo0GhyTU8TomnwQ7KKXqRadJO8
750_6633.JPG,1CCGITqc-WngsuUpfZmLU8eShD11U5AkJ
750_6675.JPG,18oXNDXQd6_UUGUXJrRgxsaTbuBMhTV23
750_6740.JPG,1ATltj0w20VM1veP0Glj-DEOOGMV4iE4j
750_6712.JPG,17BCC8I12_xM91XqUUsK5pOs6idXOQZHg
750_6686.JPG,1K_bQ8wyCDsfPdkuCcPOS5HDxa7WTe_lf
750_6726.JPG,1B8pcnh3xbwKG1hNptlFkD7P0soLtCz-p
750_6651.JPG,1PyADSZFYOgSUKGhThIVZFdugXlI_fvPl
750_6784.JPG,1-XZlqP-uAY6nhYp-92Mbr0SxFAbblwCB
750_6735.JPG,1QwcGwbSSviIyasmvvNc5GbI6DoMg0g4N
750_6770.JPG,1Q6xrYEiNKhOTTJwZHwnIgiO44uIpeasd
750_6612.JPG,1GZVtwOR_dAJIKk3ajJ7Nlv0lzFPHRvjb
750_6617.JPG,1-wCNZ6gKhdP1SyQzfaXeUoEY1Vsd8qu4
750_6661.JPG,1QZSZCONYfO-4TqkQg2PGPsnxxZa2orLv
750_6638.JPG,1E_94UbBde-Fdf5Ob1qGf90JAulUAqeZ7
750_6593.JPG,1EFxJ4TtJOKkUveP6cU9fkpCu_FuVc62P
750_6666.JPG,10VVh35ikd-cr3kQ42_c4OY9pXx9epA0J
750_6611.JPG,1O5vnFH4ZMycyphW29086VeS5oESIRGgn
750_6710.JPG,1-pihnmIdwNDWdL6dZEdwHXtMud7vfu5u
750_6614.JPG,1Eto-U9jgi1JfKbpFsBY7yE8O8c4uuUaf
750_6758.JPG,1Gd7K-w61L36UlM4f1bIRLdh8GDarqhNt
750_6793.JPG,1CAsSaiLQ3_c-pkBDhTIOp7h_HSGPXsKp
750_6691.JPG,1HsCkO-8WQSwJV1YFz0d98dkAlUI7zBj8
750_6777.JPG,1N_zY8FkkeGlAyFVxiHdZIzgIAvHHRvwo
750_6781.JPG,1Hmbcq9BBUs0mxvp3BahJHLV4BlkFonTk
750_6680.JPG,1IUsUh7yqDM3v5Q4ThY2CPpsTjZFUGQOZ
750_6780.JPG,1KhCBPMGv1QuOy9YnQ6V03iSqSJBZ4sN5
750_6655.JPG,1AYyyB1awkOnaxnNF78diCcJoEB5CIjdj
750_6722.JPG,1P2-Nfv9b1oRkDONf2OuASs2sGVLtp3tb
750_6650.JPG,1-xJI0aeBmq63wMXWD_qpegww18PV7mT7
750_6622.JPG,14WNHcro9FX2txRmp45AyUUl7LEgXlIlm
750_6627.JPG,1K4wAtso5sYd4-SkAVpQ8PGuL5Nghe9di
750_6663.JPG,19oB05OgGTYvxCJpkMITcXf1LHNPPEPMO
750_6742.JPG,14xsFkwBBSX-RFJCwHhZzKTI25PNiVFyu
750_6705.JPG,12ek4WPl6DzsJ6eNEsPRTv3y2NoWmaAa2
750_6731.JPG,1D73kSqdVQTRFNf6SmLbPpm7G58UKJkCI
750_6730.JPG,1LoCNzkgeU5RoighJL1jnQAkkZoh0VZlR
750_6725.JPG,10H9-kfx7NHC9-9Yvq6qW3MBrY0_Lm-7M
750_6594.JPG,1yiyX5pU-xNRsvf6yjPIg3vgw0Zi1Ykye
750_6596.JPG,1nCJW-QxxAx9VB94u-IsYVNgRclIjJmhK
750_6598.JPG,1WDpqLR92rYz3M3BNhYMvk0dc0nPSL4-A
750_6599.JPG,1sNwGI4cNhlFYNLE5CSecXeO00jxrM4TU
750_6597.JPG,1cM51Wzobgo6wv7DSqcT3m6SaURJFsOAr
750_6600.JPG,1Tz5GdhRbMkuKlL7qxsgK_1sil_eQ_q4j
750_6604.JPG,1bFeKGQtF4yq5QypA7UQnF8bf3YlG-kRb
750_6602.JPG,1SgqGCyy0wh1uHlvicI7BwjpKgo-DOUAE
750_6605.JPG,1aBztwNwA8FG2bhEaehJOpAGF2Y1gWHTS
750_6606.JPG,1ps_SbrGWm2f34lDv8Cs8Xflf63kdjei_
750_6603.JPG,1c7N6M1pEq82VnsIVxCm2IE5WclAtnGTN
750_6630.JPG,1_dB1uYIWOrp7X3Eg3yKzS1J9QfFo9nY1
750_6653.JPG,1pQrraFyRIOh_TfaA1HHOJSXQWD3i0UhM
750_6667.JPG,1o_3wgpaABO3mHqc9c1U_Pt0leCha78TQ
750_6642.JPG,1WuDQshBcXSVGgj9JcDBvIeDRh5E1hM8N
750_6624.JPG,1wi1braDqYBrLQAFQAI-VlM_UgnNEW6Ku
750_6618.JPG,1d0Mkg2sd8W7Tcd7agKvkQuVNfyGmTkH_
750_6665.JPG,1afGRPu_mcDoOi-R1532SkVpNTW2fLHF3
750_6613.JPG,1UngL1NP-HVUkMyrpVlqwP6dFTMiIdBAS
750_6646.JPG,1rsBKYZf_4x0wzMxYj8phmreeld8a39Zh
750_6619.JPG,1idMp0on5c6zymrSkXOeLJfm_DUTJKlHw
750_6648.JPG,1zcwp6-bNphTRMyKrB9fAHSQb9U9-Z7Yn
750_6609.JPG,1sx-cWvlZ9nWimcfcoufbyDwjMLtIf2x6
750_6628.JPG,1zCL014Cq1pY-aBKtWdyxjZB3UsiExzxI
750_6610.JPG,1TGEqWlXAKqx-gqjtkFJmRF-qPHOJIz6G
750_6616.JPG,1qCoRbTllOTJv37LlZOhLeASc5xIaln8d
750_6636.JPG,1wR2y4DeepeQVIYPyKOtpYravY8afJGqt
750_6669.JPG,1nCs12uwZLo-qD1c1l7JlV4PS_uaqDZeV
750_6635.JPG,1fgyVlz70FSD8aUPvtqPfw5LOORf4XEel
750_6623.JPG,1riVGGT2YwPj_4NhP46sSm2frBLOwAlup
750_6668.JPG,1ddWcvezCvFqaSgePIuRYQqo5pbj-CIa5
750_6632.JPG,1UevVs44JRQP__imeXi1dXA5UvM8uT7A2
750_6654.JPG,1byAwHlP9btGaLfHzXbN6GId9iopB_yYQ
750_6660.JPG,1T_Y9tR6Yzk2hPXj40ezfaK7s1kYcKqJQ
750_6656.JPG,1XeMRQfSwshg_-CD3-cEcvrNBfJCwJ_C9
750_6637.JPG,1r0BbFW-m9Kxx4W2NlM-QWgqUHu9CRSJi
750_6634.JPG,1xkE3fQrxeOL0lFZU7FLnqXV2fDCWxNTN
750_6664.JPG,1fVxYYnR8o3ABOkENOKbzd9pW5l-wTuLF
750_6615.JPG,1v7cUcVSMBcZoS4xwtPqd1Xq6kK9Mz2CT
750_6658.JPG,1S5NbPwdXNRNA1gp6q2YCoGDscC7LOVnf
750_6626.JPG,1xVYhdW7XIscwuRlplH06eEWUOlXVzIxs
750_6743.JPG,1URpvwwLSpjxhu71QwaPTYVekHrub5qM6
750_6715.JPG,1_xvjRq2F-TtvaxRrKiywyuJKcXBfiZG-
750_6754.JPG,1lYUAOCG68P4ZaC3KuJcZit5QGSXMTzg3
750_6690.JPG,1Y730FzW9N6fsYdAhbhEJk6lTHSByAhjx
750_6738.JPG,1zEKSyJ1f0xmV1BfihFzEKYJvchG9KLlS
750_6746.JPG,1Wz3BWg5NtZYz5SBWTKgNV7KpBVPd5hbo
750_6695.JPG,1a_qq-xkP1iWjIddFx-XgVQw3v3MUe2JU
750_6744.JPG,1uQ-nUCbtwy3ktrVOITR597VDCxjZGzgJ
750_6764.JPG,1g2Ui2ddhS0vPWdEcdH8g-eMvee2lgUIc
750_6700.JPG,1p38xXaVk6oMl5FyvV5_8MQV5MWqo9PvU
750_6741.JPG,1jMjs5y9EOK_kQ2uviisq4noygW2afdio
750_6688.JPG,1_K6vkIyUJvD8G8fwb5qLSz5NdsteswVm
750_6736.JPG,1zvT4YwQ-IJxVoX9kwX1iCCjkHMitSa-p
750_6760.JPG,1hW77vvH_j8RhUjmUphYJQGn1uCjNqBFt
750_6733.JPG,1gyBsMuyfuIeet1G64ZU_IZNbIpPuWgpp
750_6702.JPG,1U3Xt-_XUMvZbbuV_ot1iH4E1JtKjbNoG
750_6692.JPG,1oy0xJRedC6wnW-4P3CS-e9-wmJSuOGix
750_6719.JPG,1XHIWvrLgiPi87gnhY_X7uVsSbhd17WhJ
750_6707.JPG,1u4ntDEJp8sFln5q9AR8O0kGTFiLyZ8D4
750_6687.JPG,1XzQuCSkX6iP9J1D0rgJWal5rxbqcwkRh
750_6713.JPG,1VBj4c67nGlmM2jOZ7ARlyDoYFpg1hyzY
750_6751.JPG,1lWRNcb8gJjLc5BOlqszMTht3mVtcISra
750_6698.JPG,1bwGqGc4Y16DaLPa-2QTdjIn_Xab2NAWC
750_6689.JPG,1Xq6LoV_jfQJT-FAdp60LuBELVDDzycI2
750_6721.JPG,1Yt2v9QmKzo21uz0zNpL05vvGXy4rF31h
750_6737.JPG,1VmPllJUq2Q_ifGAy-ljMEL59opBf7Jbu
750_6711.JPG,1yrEaxAj-XMsA7ypdcByQqV2Y6OXy2Hyr
750_6677.JPG,1jysD5rEK-XqPwqphzdVllcObU3d8MHCL
750_6696.JPG,1lWG4-YUpdRWyPJ6CIatLY92btClJ1V2N
750_6684.JPG,1WgNaYi1NIY09qy7_dS8hcvcUHDNM4g7E
750_6708.JPG,1bol99Z3O5bDIVhJXDRa-bwb1MW2PuqDc
750_6672.JPG,1leVUII9rmHAO3wZ8QYJo5V92OFJh9g_N
750_6753.JPG,1irWSfYNy1SkJxutvwwm9309G47cXEfLD
750_6747.JPG,1WwCNYIJpHba-aiAnU5qS4cZP8sEnjuDv
750_6755.JPG,1kmJUtnSAU9e8NT0yaXz1wOwNuHTZ2Ax7
750_6762.JPG,1i5-D3ILS9nTxMvXPN6WWRczY4pw-PiQM
750_6676.JPG,1mSo9HQHBacyCNMy1Pv6OO6VUyjsT9e6H
750_6671.JPG,1VxHkOSGdCsZo9EHXryhOnqcpmnpiCDR6
750_6693.JPG,1XCtD0Hzid3v3jo03iOj4MEZez3Wbavje
750_6724.JPG,1qcHcoxt5iiDcikC2puoaiuRsY5fTWSc8
750_6795.JPG,1j8Ifvkkep-pHDE6dWhCcYZzYt1AQoxzV
750_6779.JPG,1ZJElIwo7_SDQYOn5Dm0-aFCRWqC9oQ-U
750_6789.JPG,1lukMKlgalBBJTR5HAXh9SIYCOAVe8jw0
750_6771.JPG,1erGIbiHGIW-r_vWpsMgm9slkkTBZP2uQ
750_6769.JPG,1TCKlzCcQK4pNbHo8P_7Ajo36U9YzyK3R
750_6796.JPG,1bSHA9zE5taEMFgduVrPJdMIGb_E9LYSa
750_6774.JPG,1YFoO5VfI5G5Kaz4tjLhwtGTkGNP-Uit2
750_6767.JPG,1vRke4vQgtU5sH_kFzVlY_2JdLQq8SkTL
750_6786.JPG,1lQMkorTtf7cP5ewrJ-khAN6R_3tOEXQt
750_6775.JPG,1xW9Fv-IDtQimmiVxzTg9wvubocgZP6zr
750_6788.JPG,1bfOo-s7eWXPtE4f5De3b1CtFBmjfPIeI
750_6785.JPG,1VNHyFB38kwUIEcdXagzirE3an67XNp2p
750_6766.JPG,1jdgQQdNbJSVXpF-DJJbdlAiekl-9sXeG
750_6765.JPG,1trMDBipSdkVnpxeP5DkSMgUsvzBEBzcB
750_6768.JPG,1gWWUDVYrAEzdQ9cnUNZogQK_wof8SThv
750_6773.JPG,1uEDvZMZzEi5nE0uRlaYLLqnJ5addaDsN
AA3_3387.JPG,1bdgBEHA6pwa5EmZ0ZcupnISGj8zOH8kY
AA3_3389.JPG,172XXhf_0f_GHMdXSjXE5w4oIUlwve2w_
AA3_3392.JPG,1fgUA9Uj1_eQjUsDlEMzMjuVSAFqUvz0a
AA3_3391.JPG,1HtyrBqBzpJ0oxUDF2Cjob1xFwmTJSiRx
AA3_3395.JPG,1q6WuA7OAonTQPC-yz6Xs4As112XN3_U9
AA3_3396.JPG,1XnIxyanHDUaUJFQ-GnigRU0YflPDlwlv
AA3_3397.JPG,1ACSgS817qpO1ZSQtSNQl8-ZFlEARAPMy
AA3_3398.JPG,1MDGMD6RPzBNrbdQMggzblzRsmani8UwC
AA3_3399.JPG,1kyRXH8vQGvV-tpeRotbzfUfVxGTFGBkA
AA3_3400.JPG,1UZ8MJUXSodEAUHttp3jyb20gjeAnmRKK
AA3_3402.JPG,1b5UVoaIum2cLcDY_JgY6N249ey1BeVPN
AA3_3401.JPG,1WbNWPaFfWRCRtU7bDC_w2e8UNTcKUEPD
AA3_3403.JPG,1mVL77E8-r9Msylh9hMLL1k20rFcCxfmW
AA3_3404.JPG,16vQ_nN2aYpK6uYfma5LYnsr3V10B2n75
AA3_3405.JPG,1m1_pwAb-ByAloYLfNXgUGSpL1qj5_9jn
AA3_3406.JPG,1WUCVITqmzdw0DYfKzdiFHUAijYsZLYvk
AA3_3407.JPG,1-T6umLolzlA0BD9JhR6oEkSxXW_YNArb
AA3_3408.JPG,10ebfT-UVht0UjnlkjpHZJEm-Agkw0dd4
AA3_3410.JPG,1grkIJhlx0sOIMbnDV3e-73btbSrPAuV5
AA3_3409.JPG,1sxmzHkme6YcS-UzvtafSWPJFq4K4iqLI
AA3_3412.JPG,1UI6Gj-30ja82x7QW-93uzWR63dQPg0BE
AA3_3411.JPG,1pvcSH-ISGYThteOrx_ja9O870fferBj1
AA3_3413.JPG,1mfc8w-lDTxyQbF1XO1Q6xNijXK7Fa9Jr
AA3_3414.JPG,1Iu56gaNplKVTRbJzB8EjSHePyD8O2UnL
AA3_3415.JPG,1ThJgDbdc1enXUTlU4Srfo-KlHgbugPF1
AA3_3416.JPG,1Lq7NB8icY2QEgsGr-AG3Agbz1r3mZsO0
AA3_3417.JPG,1lPo5-Lp-JwXRIJ3AzRVR5bjeoQn1EZng
AA3_3418.JPG,1tPyIGKMEF62QWsdb_zXNx8UremlhR1uF
AA3_3427.JPG,1s-GRxQ6gNu9suDvusDwz5Bq_Dddb424U
AA3_3428.JPG,1-NLrTTbroJvmVzdLN3tTVaHDe3ZNOsCI
AA3_3430.JPG,1pb-twwAqCFElA-M6dxxnwlRlqlb-2Zx_
AA3_3432.JPG,1h3HXddH8qSP1I2kJIfNXfRnqlmFJz9xr
AA3_3433.JPG,1Zujq2Il7UDYAoTLuoJL0BFDeVoLTldKf
AA3_3434.JPG,1JrWpu-5bguF5QABmKa43b-1Y5F4JXeBL
AA3_3436.JPG,1jiWh-qehtMD388Slxk2cjz3Vmo--5XPu
AA3_3435.JPG,1gVI0Ba48UKo0uQcwFo8ri3po0_-LVxJx
AA3_3437.JPG,1rzI2ZmE7lHDjmQoQen4ZXvmfyRkV4GqJ
AA3_3531.JPG,1TNca-qoyAEjV7rAVZZDWEZ3l-ixnBGj0
AA3_3532.JPG,1yHxho_Ka7XBL4_Q7Gl6tMtdmm4LhJCtW
AA3_3533.JPG,1cAABG5hFjkVVMKTZOCUsfQccaVhJN9_D
AA3_3534.JPG,1BiMFkgn3jWkGBhJW8h3jMXSRK4nRczI0
AA3_3536.JPG,1MbVj8cbJ5PbZYYjqeQe4AcozVOiUDW2G
AA3_3535.JPG,1XO8zUScoCXlzkPSRYl7e84SKyBIfxbIl
AA3_3537.JPG,1irKvhZmMSCRFvjly_HduccMCxIWK1hHe
AA3_3538.JPG,1FKgMPDfTIP8_topTh6fAP46OhcdRriBS
AA3_3539.JPG,1Ve6-9yQwPFef4ZtY-2eqxEjFyjLQxEIw
AA3_3541.JPG,1yVSjDzn-0Y0EL3HxMZPtRGtsBnPRSGam
AA3_3540.JPG,1MSAYgqk119F53mDrEiERejKXr3XDrVmL
AA3_3542.JPG,1Xt0oRlKcu5OE_Ma6fB5qkeTic0OcYSct
AA3_3543.JPG,15HbNe_irgTBh96dipPVVPVnbPYEfKXEE
AA3_3544.JPG,1r9yAiOgCd3l3u8OEdUNn0t6oqiS_0Yq3
AA3_3546.JPG,1J5RfQcBK-pNQp1WswGfxroBqHgZKm7R6
AA3_3545.JPG,1gENDs71wNBOv5X0ePJFg395_n8rJDIij
AA3_3547.JPG,13RzaecLM4cXPxs-VszKuzuvuuCbtpGTG
AA3_3548.JPG,1igUJ5OLkvIhpBJGc91AEkeThST3YC4VJ
AA3_3549.JPG,1d-mSHiT_P-Ez5do1fhtrJs6J6SdosLIU
AA3_3550.JPG,1w9KRkNTjjosD3mgAI6M-S4XXrXbgRtxi
AA3_3551.JPG,1Yv_miZcvpqI8AUuHqzzFkV7lVZu92aSL
AA3_3552.JPG,1OVfUivoXu3TG7EeHon7b0PjcEQRvCdiM
AA3_3553.JPG,11nY8LNn0z5t37OLiF3i1L834kvyNVgEl
AA3_3554.JPG,13qVfkX2_aVWH1FzO-v0LKj_gsWmEB2z1
AA3_3555.JPG,1FzggFUW3zaip0KQr6MEwFMMwdMgGcbP6
AA3_3557.JPG,18rJzeRTdrMNkLM8y14FO3BGqQCpO5Aqa
AA3_3556.JPG,1JBXSGIj5-OLnmxINq55Ur-x6JED28upT
AA3_3558.JPG,1jjiy6X3_tWFCttAfvRJFB3c9jCiiGZO-
AA3_3559.JPG,1TdR5igwJ2ERUZz6mni6-kp5AQVonhUtU
AA3_3560.JPG,1dRGKTcrhJzgyoE30U4_M2G4DXmdzIkUL
AA3_3561.JPG,1psbCSxoUoPBjQcLNz8zG4Cxxkc9jexgX
AA3_3563.JPG,1gbPHqqYOr0eZLIXuwePkrrnTiLfBl9r8
AA3_3562.JPG,1r-rz78r56ODOfG4_2hoQ1YaRJVBS4mha
AA3_3564.JPG,16QyDY4LfgdMmrZ9-V-ecPUHiYdwqcn_F
AA3_3565.JPG,1lAHwyVrEBcdLP8Q-7jjzJyzYtaqiNpux
AA3_3567.JPG,1nbvSa1-8AWvs8Pu3fPY8n8_b-ds-qjmK
AA3_3566.JPG,1Piw4th6csa72zgmzf9wKE9gwMTcjUxr3
AA3_3568.JPG,1NPBUcJHoZu488LlpY1scabLMbyB4Q7A7
AA3_3570.JPG,1PlH4D8nLYZk93wuFIKGq6tq4mIj3HMKI
AA3_3571.JPG,1YVz2o8FEfFGlA_l_2rdRjcelU-RaN_eS
AA3_3569.JPG,1TzNuudleXjd0SGdSy4TbZpMj8bfKGnoB
AA3_3572.JPG,1bgGy1oEJ3k4YEOiJATFVCqK1iOJlDtLt
AA3_3573.JPG,1Nz9nNJjK2QsO02N9K-5qW9vhg7uQ1gjl
AA3_3574.JPG,1LnSOLBQfNKPo57W69zrhXsyLR7lZeExy
AA3_3576.JPG,1dxjSZG-NCZrlE_LUN75NXIyILkuheMVO
AA3_3575.JPG,1UFyXUzw2C8kIKeJt6tBmKofyvdLJxeY4
AA3_3577.JPG,1DGIHowE-PsH48bYscIbDj8LCgwhwPaoY
AA3_3578.JPG,1chahO-jVRl5USouPfsQ4Gz8rL6R2ZcvH
AA3_3581.JPG,10LQIIt9lRzp3UDMp3L-C05IImOeoNcpu
AA3_3580.JPG,1pxTxiGJ0h_QHs63uj3jcGsUxno4GVkPu
AA3_3579.JPG,1i_kACJhu8X742dDcDEpVR6WCJRrzIPnI
AA3_3582.JPG,1B7L_0b0od7UCpAo_zmQzYPp_yOX0I3FY
AA3_3583.JPG,1hmk_vYtLa18e7oHCBXoHGaLqjVN9qpsz
AA3_3584.JPG,1gwhvUDFxvW-CHFB4PoiSEIAEnL6NX9_M
AA3_3585.JPG,1-10AeOY2bRSrfVKQ4XiEk7fHt9ve7_1Y
AA3_3586.JPG,1lAJNiskOvVn7jh2p7FFJDJ5nXIvKDmqy
AA3_3587.JPG,1Lu40dN0RF9VVoHsrzo6C1N8dnHgeTP8R
AA3_3588.JPG,1_6E5HlmKdBVnY-dksolf1GmKJHdbbPUy
AA3_3589.JPG,1Kbb2Pd2C0IjXMnLamarLb6Z18fn00QFk
AA3_3590.JPG,18sWVPhkMubXHf4ZWO9WS4UdtPCwNsQpu
AA3_3591.JPG,1fnQXygy3CNsGIkmcF_RzQr8W6S6ivYwg
AA3_3592.JPG,15Y6ZckJL9_lIjonSLeQBa9YJBzQSgC3g
AA3_3593.JPG,13Nax5relIU_1qYlFkLsF-3EWndf2k5wS
AA3_3594.JPG,11VefqQ_10QKV1nbOQIhX73qycywi6hk9
AA3_3595.JPG,1tUx74p92NbBIvgpjbHXOratJm1rQoqZx
AA3_3596.JPG,1rsm0XyymfSTQ-jI_UFWVkA6GvXQnzQws
AA3_3597.JPG,1PGZX2rH-qMytYGysu8koJf3gZv5m7Tg-
AA3_3598.JPG,1c60K0CcwIEX8rgZC3w3arQPuelebDMzt
AA3_3599.JPG,1xQnrg7EeI9QYU00wWyYLP1pcD8qUyD7B
AA3_3600.JPG,1jQGWYhlf6YfyKF-AIuDbfHB8cqD81o1U
AA3_3601.JPG,16V78wQCSJRw5DNkW5MlS0W5OKnRueuMN
AA3_3602.JPG,1pK1FhMSXyvb8zVlfOYDdFko4YRC_UmZQ
AA3_3603.JPG,14b465Yr6i40W5FjXcVm2CaPGy5h-ww4U
AA3_3604.JPG,19IaIimwKCQ3qdAuCSoud6IybiKIBFkcq
AA3_3605.JPG,1nR2n9bgmz8CqcK2vNu3PoOSjhe_z9-mO
AA3_3607.JPG,1kQO9wrV0DqwGKQUGItRgkzQPrygVD9II
AA3_3606.JPG,1jVqnV3XAc99VQr4_5EuOqsg2nTeAXycS
AA3_3608.JPG,1jJPa4jiTUB1MCh4cTRGUL38_-q_BJyge
AA3_3609.JPG,1Egee7oXxbKN7WVLjTVW5mbnxXVeYXYK5
AA3_3611.JPG,1YuVAcpbaXLPjGrwL8DrYKOIIoA5fwtza
AA3_3610.JPG,1z5920LC01E-PZHuHoZfdFj94Ze9ljPwd
AA3_3612.JPG,1kOPrGkxUZ_gXgCTH3DBbIy3bfUE4vUFh
AA3_3613.JPG,1tJpATJpzt1WDj0nnX49TwuJBU_mLR0jg
AA3_3614.JPG,15HoHiiAFqxOkK-sNFjEWgAZ0ojW40Pca
AA3_3615.JPG,1Hdyv2tj1i-Kr3H37JaxAc_k3LXH9sPDe
AA3_3616.JPG,1mVqeIeav3-xIzGQ0d5iunNyFu1yTiXqa
AA3_3617.JPG,1wTCkEdXxjS7weBe9NwI-l1_Z6a0gYKIU
AA3_3618.JPG,1yDRF9x2pECrrXHbqq5KBJ8lzkjEyAKv-
AA3_3619.JPG,1brsnbynFv44KP4-yHJ5Afdl8CGQiPbek
AA3_3620.JPG,1hSyUC4sLpk1xoWTsljfbZ6TNcmbcCSV2
AA3_3621.JPG,1P-UXfHoQbgleVcCG9By7vgyFG4HPrBV6
AA3_3623.JPG,1q1n4NU2Kh0ney63lYg0NJkHqcPM4Oznj
AA3_3622.JPG,12XhOXikAoZfc4jiycKJHHD170izUXnbG
AA3_3624.JPG,1MyrnIoFNS4IcIHcoB79gHiUhduOUaBxN
AA3_3626.JPG,1eEUIlGN_nk_7HyayiMpnFqERXgPGWdTF
AA3_3625.JPG,1dWVoh6hDATWpyha7Hq0BgbtS_svDtEVF
AA3_3627.JPG,1M5ZHh4Ry2QN0abhdraJYuA2AuS-J2ZM4
AA3_3628.JPG,1uizv5x63uVG5FeLXhLjztoGf_oeDh_ju
AA3_3629.JPG,1vxO-2RHDKPfpb0OFwiiEg_JK7x9ZZeYQ
AA3_3630.JPG,1tICan17SvwsFm93a4eYKGcnXJSKwx5c5
AA3_3631.JPG,1axUDNV1iQ5jZNfVAdKIDoZQTOmd0J-Qs
AA3_3633.JPG,1F9ccLgO4KbFABQibJoWe947F0U3DJNl1
AA3_3632.JPG,1mN2f3yEIFxcWiQ2vOQHh2ZmFJg2GONaF
AA3_3634.JPG,1VwBbsyfQmtBM8kdJK6d5s6WrP0bkM8KJ
AA3_3636.JPG,12cwU8-D9rvOABZ6PlSNO82WyCRlpCqzv
AA3_3635.JPG,1rEBMgWlvWo2SLoLvtnLCyFXVk1-9DU3c
AA3_3637.JPG,1UbEsB0cwZs53qJhlnZe2dyauZIvuHbXu
AA3_3639.JPG,1Kep0eF7V8An3sQAI1ViA1-NJsj9HyqqH
AA3_3638.JPG,1qojgvjBbvUFAHXagg5VX5LIRyKCJvDjJ
AA3_3640.JPG,1sYwMGxcVzgXJ0wjMqZST_gWSx5f1ZU0O
AA3_3642.JPG,1zuTHeYuek5kiIkDS9Ag0tL1AuYiu2Npy
AA3_3641.JPG,11Jlikp8oH_9LeqC2KlllG3u1bpbI7gdE
AA3_3643.JPG,1hsno_xAS9_AbrLisqYyLCs2iDrKhbehZ
AA3_3644.JPG,1to-1a_SBw7tqgZNF3bjOVDpDSDZ7QQke
AA3_3645.JPG,1TrQOpfC6OMSpDtO0WLJPUgjsFaJsLxE7
AA3_3647.JPG,1yUE5Zci4rb6PinjIdoLtyD7sgyU-WiKV
AA3_3646.JPG,1vGGdmtodgE9WRRBR7cFh-rPVpL3xr-Qh
AA3_3648.JPG,1RYtS78cvJwqty6M08g5MYSsF7ydlDEkf
AA3_3650.JPG,1lJ8SsY4gKPRbanSs99X-N036DXivqIo9
AA3_3649.JPG,13hz7CTaIBVLXlvl6YWeVwHn9OXxJRU4y
AA3_3651.JPG,1vzIC8E7Wb5RCl5Oq1jlrpOJUH37kEg6e
AA3_3653.JPG,1vmj8zsF2pUbdu7YMk6XjnWyHRmO3PQBD
AA3_3652.JPG,16XyeySFvhkEx_plV-YgbpMMAzZFBPqo1
AA3_3654.JPG,1BLht0_wqHUT3ZjBhtv4virQM4QoF-FXT
AA3_3655.JPG,1UnJ8bNlNbYhQURqXB_8mp6ggGK1Tgcx1
AA3_3657.JPG,1siRE3oAJBNxDnqMGeWLo89Uh2IK5KOTR
AA3_3656.JPG,1McXyuogwS1QAf-1wHFrxbX7-9rolDUwZ
AA3_3658.JPG,1vOVF9-W9vX5MR8rs-6xUfkXzJkaozZuw
AA3_3659.JPG,1p2YShPtiaJ6ZjporCMKKzXCNDxkIfvNS
AA3_3660.JPG,120BKJt3bXxq9fm55X2sDWEgfHTEe4LAW
AA3_3661.JPG,14czupiwAg8KYQlWl9X03ix4jKZA0pdXM
AA3_3662.JPG,15_CZoqZUE4zEBNPbTiI_sx7uekuW0oVp
AA3_3663.JPG,1Sp58qlNpmZbnEl2Cb0kcLrKd5gINkIUf
AA3_3664.JPG,1Q1b17CxFJufKYBgzM_XN5_EjFSRajoYQ
AA3_3665.JPG,1hGHK84vxKc68k1ATjWUPLYnEtCb8HyA-
AA3_3666.JPG,16syBHrm1zcQv5Uh3shsdL3YgF_Wbrm-f
AA3_3667.JPG,19Wxk4lKfXRXV1QjLln6DHAAl8wfVGUc6
AA3_3669.JPG,1lKqQbLrkpM4eIGCdj84iqkWy_FP0ai6P
AA3_3668.JPG,1FisJEEG_KmfwWLMeuQp2U-juCGh3rVUr
AA3_3670.JPG,1m34V1LNjeDgXmEhoTaBxDpNJ207b5vil
AA3_3671.JPG,1FLMf2HVHRbBzUEzZi8MzbnsY5kTe9dyH
AA3_3673.JPG,1LiTj4GOHWcNohTByb1erKQcQCpue_BEA
AA3_3672.JPG,1xZv3HTq4_tkRs6OcfXMNCEYctAEZNpNq
AA3_3674.JPG,1txjDjVIsl5PMYGfgBz5GFpzfmRtU5URw
AA3_3675.JPG,1oPBkWdVnAXMHvwo7PWVhNakbdYEqBdBf
AA3_3676.JPG,1Sps4fLk2sBN3fdxtu0DP0ztIOPeKWkKI
AA3_3677.JPG,1QHlE1Zz16lLNxQrUyf-x129Jovxo3JBm
AA3_3678.JPG,153eUQQ1GeL7eW31knhGL4rpkoM0sr4ec
AA3_3679.JPG,19aMKulzKxfcanUex_CVKlna8Kc7iy0Nd
AA3_3680.JPG,1uCfs3gYhHDeww6ukU5cH-mhIsujSEko-
AA3_3681.JPG,1kuxi5EKx1BpWArmm6s4y2A-CD5kdhTQ3
AA3_3682.JPG,1UF-y8OM9Z0UUbNgcpheyEFeHELld8CHF
AA3_3683.JPG,1w7s1S4ddcANGFC3wRFYdlWatMfV4GM36
AA3_3684.JPG,1JYnCGTZk_CEycrIXEha4GeNsY_EWeCft
AA3_3685.JPG,1gnLCI_Z_4CqCG99h9F8vE8TCOVqF4S7P
AA3_3686.JPG,1KNyx6EPxKZJ9Wq_U27ng8iOLZbb6OL1L
AA3_3687.JPG,1RAFpStF7E6J-F-V2BCeBpq3sXv9oIgcJ
AA3_3688.JPG,1LMAI1MWdr4qHl74pxsQuArYBLV6oeEkp
AA3_3689.JPG,15xHbVhkJ3AAg4zshQJYv2Ods7XEhG57y
AA3_3690.JPG,1_VI8wNM0npRvo4O9lcBjOZiHAOz2cy5j
AA3_3691.JPG,1sRDQeC2ouFsMM6laqTKp_DrOceGTHuz-
AA3_3692.JPG,1fE9fmiHgAMYfahLi2vUXJQmtqaWTR05u
AA3_3693.JPG,1btm3MbHZChO4rfIcxCZ8a1cKPAKEYu8F
AA3_3695.JPG,1KQogfyuNhHHXuLbImVS0oxcYIXUkllmV
AA3_3694.JPG,1l6ivkvxftvHgVGGTJRRVQ6k27zOEhs1H
AA3_3696.JPG,1F1MtVKB6ZIFeu5qdvpAEuOJzs4YdS0_V
AA3_3698.JPG,1gDpVYkPx15JXHf_5yC43MyLlsxVcsdCC
AA3_3697.JPG,1sx4lChFvRP83pyWtBzinDD76S5WuWICa
AA3_3699.JPG,1QRucLmIro18ARwqcpcY-zMeU0TD4LKWa
AA3_3702.JPG,16CDy0v3KnW0vA2qbOehmgkXOMl9nEFBv
AA3_3701.JPG,1iRrQ7CMunqZ4hYa-AFTfje7_fNSK0tT3
AA3_3700.JPG,1ajIp1OuTaiFh222K0Ut2eUemgJ1RHIKd
AA3_3703.JPG,10LceEP424lpSuxWZdxHSHHwd1fgZJI36
AA3_3704.JPG,1pP4_bqybpnxr1hvccN0SYeamyADgCcA2
AA3_3705.JPG,1i9V4o4pfIK4Fd6Ike5rB2wccu0SJnYJE
AA3_3706.JPG,1a0PPr3j0js-q8a-Gy8DekNkOabKjm7P0
AA3_3707.JPG,1_UXBFvq1_VGn3b4LsOkTF_DIlSA7s79o
AA3_3708.JPG,1uMSyp_m0yCZgr9Hzuh9l8_Bk-awgnRGC
AA3_3709.JPG,13XLGm0LGrJ7sBrV26bobTPmrL4U1Qk9R
AA3_3710.JPG,1zkFg_BCuIEbZ51YY3QD_w-M6sFsDejmd
AA3_3711.JPG,1rPJYTuIJfrZyk8BrGTgbVtFmBLOkGh1J
AA3_3712.JPG,17UpdqlDNT55nRsKySVPpS_ynXSjsB94b
AA3_3713.JPG,1c6ytbEYVydsMevckSN4Rjir5i_KFueUK
AA3_3714.JPG,1qguZCFD_znan5W2AF66xl9wJRrLR4fKm
AA3_3715.JPG,1bx5PQ0iBjfL_Yv3Jm2vH10n3ZCA6hM8O
AA3_3716.JPG,1-L-IehtmipwxBzDBRgeiBQFmFAk6E8ra
AA3_3717.JPG,1hxMlv2Cdxk5_RHkPVEaS11gBM4LsUeqt
AA3_3718.JPG,1uuRn9oRi3oH-Q4I9fkZqE83_dhT-xV-4
AA3_3720.JPG,12sk2ATFsd3gFFhYcL4FkkgoQPpEzJVCK
AA3_3719.JPG,1yiP7yhuPL6dW1VxjoFU3zNtP8_KNvNK2
AA3_3721.JPG,1IP-QDhLLuC__hyvNl8gRvroyfBcIiMT7
AA3_3722.JPG,12HtqDGY6Da8-sgJ0vz7pK-BtyMSpEBie
AA3_3723.JPG,1cZGgqLyeWyDez7PufH6uUqgmhGK-tAn_
AA3_3724.JPG,1oyW3MhQjUvY-P50JTpAVAO_n0JtV1gh_
AA3_3725.JPG,1srDeeTvkRFzSyn1DXRuTJYzPk1HuEcYU
AA3_3726.JPG,19Hp9GelrEzQ43suT8L2D9yptBTfv7QI_
AA3_3727.JPG,1vWDJVm1xWMswpnNBzCeSZdR3QJp01gWp
AA3_3728.JPG,1z5ekvhA5FFCW51q_6YJfEjEX-F5BGl_8
AA3_3730.JPG,1Yu9CCtaOpttmHq5k6peXxhfChWwJLVf_
AA3_3729.JPG,1QE5lcGPvmJ1KhMl5nIDCIZNxETUK7YAw
AA3_3732.JPG,1yhMVsQZW3uiRuR6sy4wDFPgOxEzpwXbe
AA3_3731.JPG,1jA9jjBfUJty4oij8E3k4Z2gdObwZdias
AA3_3733.JPG,1wbAPozCyxEHBnmHnRIQVZmfj5HN4Zfpm
AA3_3734.JPG,1dL_wNYDomdY2-BF000Jh-pjE-NAqY7H9
AA3_3735.JPG,1s5gf5lCYDKVluohVMU-VmjWJ9P-x6mre
AA3_3736.JPG,1zhpI46k0iveWAX7OASlwCr6UgbSFyJXv
AA3_3737.JPG,1bKC--u_QVWZGInFhUQhZjLAVfQg33AEj
AA3_3738.JPG,1sQN_vmEobibO5b1kj6Ybgad8At0qP5If
AA3_3739.JPG,1mAKyXAda46Daz8GuHIamz9q4jj5d506I
AA3_3740.JPG,13a3XNSWtLZBOza4IhLr7cQrvEtKfjwzK
AA3_3741.JPG,1zrCbxFDaAbW5jQuP1kVk1ytFNb5JttZS
AA3_3742.JPG,1VWFFWHXlbBWr_SCLoRLCh9tyXOYaPbCj
AA3_3743.JPG,16gI0SMRxxZlmeSLl5QoGf2r92MpJHzoD
AA3_3744.JPG,1RukqI1oq8ImUmVr3k0tKRXmc-BSjxMgq
AA3_3745.JPG,1wlPHUuxyNfpK8ovGi9rC6bK4PW0LQoDK
AA3_3747.JPG,1RN6rLRuTvMMqDNeY1G1fPll-9eGEgiXj
AA3_3746.JPG,16cmkSDs7Zw8I3NkCDGR_VyZC0M5kgFe_
AA3_3748.JPG,1cl7bgr-hELW01mezKv61lFdfXZkyvqI7
AA3_3749.JPG,1R-mLnnUaYjyTykE34U2pJYoev34tnpn-
AA3_3750.JPG,12-7b-8DCXEY8j7J2EEf8731h5IOkufpa
AA3_3751.JPG,1qWPhgJ-GpYpaeMf1M6NfOoj491I2v9bt
AA3_3753.JPG,1nSrUrRUpqPL5nfDL57ZlDaQRDFXmvRH1
AA3_3752.JPG,1RENJmEpADJOPdcPwqIUF2lTwIt3gtoSj
AA3_3755.JPG,1geqUHVTrweQa73F4GDhDepHtNsBH0u2B
AA3_3754.JPG,1UGGanZY8PW-sJfZl-6xKJ6T9KumOY5PH
AA3_3756.JPG,1CSHBnqyCCHNYzj-Uptxd9PwWKjKsjnod
AA3_3757.JPG,1jNPRbuiEhzCD79mnClKTIoZAB5XuWWzj
AA3_3758.JPG,1qqOTcz4GYgvytYqQI1P0t6iP_Rpftf-L
AA3_3760.JPG,1SFshMKQNIsJg5M7MLWVNwCp0wnrloMdq
AA3_3759.JPG,1P7NggxhkXIDwdp9Lep1h93u7MYVVIg2C
AA3_3761.JPG,1ZZ-Th5_tM_P40LteIGmyVHELTmTPOcD4
AA3_3762.JPG,1-p9WuFlBnifrU5EwyAAyxh5itBV84z7Q
AA3_3763.JPG,1mbx4AZ4EV2S10oe6dLBwVOHnPMlHKGI7
AA3_3764.JPG,1aOR5spl-2DaZDOXQB07a4PO2Js6gvcgE
AA3_3765.JPG,1Hg4UAHuyipjC_VlJGeXwrhb28bk1Fiq-
AA3_3766.JPG,1BLxXI78A1wZRWbz9JcGwp9I16N-TUBtj
AA3_3767.JPG,1wQZRNcVlOLsbzRPFOgq5CrKPEmH3qfaQ
AA3_3768.JPG,1yTBVrY5GJHihcD_2oJoNM_UKyY9u8IqV
AA3_3769.JPG,1weIH-evUgWV91Rcp5c7AfrXwTe3WPeKw
AA3_3770.JPG,11LgGjqFvgOBctdP63F0FyMNDBNsWukNu
AA3_3771.JPG,1R2ot9bcfP_--mMFxLL7IUzdmgmeNizfF
AA3_3772.JPG,1AqpVeoTUSgVWDNJ8NhkR89tv6EM0mel4
AA3_3773.JPG,1Sdo82446MTH1Y-GVaEv7zYBQvFvqzKWN
AA3_3774.JPG,1bMhXWy8g4acI5ZD_bsE_5AsRu0P1ntei
AA3_3776.JPG,1mamXyfVLcVVS_1FbVSyMYzwvOQjmgk6I
AA3_3775.JPG,1A5ooERxf-K2AFirwfeSyjjyMg7CbYvNx
AA3_3777.JPG,1UHBTIi1OaHcWweaOYAURSf7McHabQkQ5
AA3_3778.JPG,1GLzJnFItin7asjtVLTHxhsQp-_rh2WfU
AA3_3779.JPG,138HZW2Zm-gX3vYj3VzWh2eMXuwqpzET_
AA3_3780.JPG,1eTMbSWUVcD5oMMYcgz9lfLZsPa4_pr2F
AA3_3781.JPG,1TtbvXuKN5wiKBBziwF0CxenGkf14CSXn
AA3_3782.JPG,1Gjv0imp3ZL3WUNWCT85YHyE-PgIPTqvg
AA3_3783.JPG,1oHFHl5bsptqzNnhWoFhCqjUKgelhC1xS
AA3_3784.JPG,1sJSRHny3VEcT5Ng-ORXjrGX1lwlm9NYn
AA3_3785.JPG,1g2enaV6XF8XSnJMnx_WdfpQZhheXS1rm
AA3_3787.JPG,1_aaVgV-_Tk5KE775kWJy8RlWL4SI42Oa
AA3_3786.JPG,1pUxk9WdVe--wW8FWdREqqrM-nFPezFt3
AA3_3788.JPG,1uHkvaLCAR_1kL3-4f3RwTm7lIaMDa5lX
AA3_3789.JPG,1U2BLzQVxyszM7SMIiH-PQeU1-KKtoH0e
AA3_3790.JPG,1_m4b_NpBKjFQ-LWaifM0WdvsQ4o_MRXF
AA3_3791.JPG,1oSA87TDWYe5PW-tv_jm6l1LGiZ7OAycE
AA3_3792.JPG,1krM1zt6RO-wVWrkuMJK7UY3p7VqPexK1
AA3_3793.JPG,1m-qhpxddCvvKxz4rZllknbQxTWhGcZDI
AA3_3794.JPG,1OPyN6oPCDDsfYAxYbVzcJNDR9EJgY2WB
AA3_3795.JPG,1yA9VsnW4Yf7ei9N2JhYrMpjhyaTpa08o
AA3_3796.JPG,1z79yK39CkCo7-DUANpWGmomoB99TcKaV
AA3_3797.JPG,1AvHHBG7RzuUSu9C1oBSVee9jE6E6zL75
AA3_3798.JPG,17brc-uYk-p7Yi5XjXaj4xZNecAe5n86f
AA3_3799.JPG,17yY8nloENhRVXpKev6oYGX2Vo7kU0l5I
AA3_3800.JPG,1_teNdrPBLVF6htnUaZReTrG7z77VbuWG
AA3_3801.JPG,1cEWTSvd_-gaahM00UNwRol6YlGQNrhUW
AA3_3802.JPG,1MoKpdx8165UaxvpMcUTYYAxTo_nem7iV
AA3_3803.JPG,10VdZLhijEzfC0JosiNRhB44lglEfTyoD
AA3_3804.JPG,1m_HQKewbm36uJqiWwRul-Nz4kbmNTW1v
AA3_3805.JPG,16T6IDnJ1X0SgicYD_csr9NKKH45nRvL5
AA3_3806.JPG,1Z1VqrEjvxUf61rX519ZnwsWrFhJ_s3lD
AA3_3808.JPG,1CrNVyavdY6vKVnaE629de1ASFweX5iuT
AA3_3807.JPG,1iPIsn7aZ1RhVPgU_GoSmbNZurKj6enoY
AA3_3809.JPG,1QIHBCk85L2cifibb6mtKifCl-4v-A6ch
AA3_3810.JPG,1lutXByCcvJUSCau73nCyq6lgSap3GutU
AA3_3812.JPG,1YOnPlzwi9AnqNwhRmeFuoSVmt-zJwRWD
AA3_3811.JPG,1uS3M8tvL6hhVnYzBzSpXZ-IDke9_Jpaf
AA3_3813.JPG,1Pur1CQQ3UDo9LwPOxxloRD5UVmXCFCai
AA3_3814.JPG,13TVDLMuRKA-tdqsyfQA5VcHvxIIkeu-u
AA3_3815.JPG,1DJ5yxGr3iqPZHG4N8z1ZXvc-St0YqKNH
AA3_3816.JPG,1VqTl9bK6wYZ9jxZmTmLr44U9KYReFb2-
AA3_3817.JPG,1vhUx6bMKjJYuyq4YZHJRa8S_0avIbcOb
AA3_3819.JPG,1s-FODwXPMUSXj7knCHvyMZfSl7Qg_vdF
AA3_3818.JPG,19mMWay7fjvHovirSqugr0oofRLTNnKxo
AA3_3820.JPG,1jtuShSyyzdVW1wYGyhld2Qpa-kAObYa8
AA3_3822.JPG,1p7HiLIKZz_BfvJfIZYXcQwCIQt6emdhp
AA3_3821.JPG,1GKPDr_kAswpbHLB4WlX1SX7eGcOczoTQ
AA3_3823.JPG,1vyOCzeFXHQCsDr7DRkT3p7OsJ3mdY5C6
AA3_3824.JPG,15qZMdjwqMhXYSt0TBY4fxP-_Zxe8gbVC
AA3_3825.JPG,1NgrDQv-Akoh1Lj8ICbs-4i_WpU6ia5eU
AA3_3826.JPG,18loLJWyY4uHc6JLiSKtdDq0DQjIR-qHX
AA3_3827.JPG,1wHeJgRWi7b6fli94h8iFOBs0usbe8f2l
AA3_3828.JPG,1poQSQs17eJgdsW39kWgEAZG-Q9iggbsC
AA3_3829.JPG,18aA8q4pGPSWN0A71q4Ek2IUkhvFDeA78
AA3_3830.JPG,1dxOKJzGwc9tI6DTpQ-KhcvYVFxXG9l_4
AA3_3831.JPG,1AwKVTsuoN8V07KTum5-TBPzRfEWZJ5tZ
AA3_3832.JPG,1FM02xyiTFvTfI_P-rddZdXpwK0clhSZL
AA3_3833.JPG,1FHehEywZU5ORrNcfp1IyCoJcVU53uPGs
AA3_3834.JPG,1hjOhMSmNmZLLQO0eNlHkUu3ED2XYN21m
AA3_3835.JPG,1A43WfPixIr0lt2cwCd7QBn1Uj7Hq0ys0
AA3_3836.JPG,1XillbGpzOKbuHu6Pdy0rsyEEXpCN-o_w
AA3_3837.JPG,1vFgQY45Hk3F1MOlSpYy19l-dtzjp0828
AA3_3838.JPG,1bsFnD_OcWO6r__Xfh1PFqIe6aLbh7gi1
AA3_3839.JPG,1c4ntkdmu8Nmrq8Mh6QavnsEx0dDdnSmO
AA3_3840.JPG,1nZH9qRTaW4chXQpdrrEzMic7foCGB21Z
AA3_3841.JPG,1Rm2gjGcuLHYlpNEJBTf3csp7VlfX5f1p
AA3_3842.JPG,1uhS0ywhczKKtfH9kzfYkUIJ9GKo5M6Vz
AA3_3843.JPG,1DcwNsvEEemQTH3ymYc5_i1WtMiRKeLie
AA3_3844.JPG,1hu5_0Re3i0kd4uhlzAgN8IBPZ-Z-7myq
AA3_3845.JPG,16V2nLrttVWpS_D3OhBA8w6CiWwClyhIs
AA3_3846.JPG,1X9gaxCb5qGRcOHQo0fxcw9JflsGW30bf
AA3_3847.JPG,1fAwP_HnqvmMuAXX252lkvDnIysn3-bSA
AA3_3848.JPG,1DPINhm18s4hBKQhbuDzmpzz42n_eHyt3
AA3_3849.JPG,1RPwRFKKiAHr2JvsGFpe8mq9tZwijIwuJ
AA3_3850.JPG,1hSTfbUW00_NqVOeDz21jmpt9woh_TTIA
AA3_3851.JPG,1NUvFu45HeM2fGJpEJuXXyabvu_Rsizfv
AA3_3852.JPG,13oMpr8zgn63_8fx0skLjTdkSby9kLz0p
AA3_3853.JPG,1XovDa-ccQSFKTUOPJGuEzdn3W4XEjnel
AA3_3854.JPG,1OpLit_eevI7Vc_UDq75exqu7L3OqrBMG
AA3_3855.JPG,1mKkSx1Dt0niOLO95jBvi1FZi_OJGNuBk
AA3_3856.JPG,1ytPfQGmW97Codv_Ojd9d-QWaxrAwB7pC
AA3_3857.JPG,1BUGjTgCvhHyc8tCQs1JjPvdCLFvcbNCY
AA3_3858.JPG,1HLSQ6x28V_p_t-f0lTswNWiayw9H_1OB
AA3_3859.JPG,1T9DnSNGmcLK6rUKp98F56awP8of-x2DG
AA3_3860.JPG,1DY36Ng6RQoITdG15As5QEelxoH22hQX7
A7C04442.JPG,1XxtVSq0BxD5BlZpgFrW3mEgvmll8rVB5
A7C04443.JPG,1z-0I6VZb1m5byvuU5x_KcN683R8JyAo8
A7C04444.JPG,1k932YxjVqVdGvbQYoZI3WdXTgL9bwuim
A7C04445.JPG,1GvqpY7Ex_cVkYCBJlAWUEMOcQNpwR1Tx
A7C04446.JPG,16hl5qQZyC2quN6DyYfHdMcvRUnIyVhqn
A7C04447.JPG,1ZJEe-8QE184A7J2KirQVHMSZiZnZPMSi
A7C04448.JPG,10TMN5rawEp_3AL8sCaZAhIiY7XwWjo5F
A7C04449.JPG,1WKalUu21gXdz9HYemF4mnLpCzgE2qqIu
A7C04450.JPG,1iVz5ygO90U-BxD4D1U53sXLZT2jME49Z
A7C04451.JPG,15nJucwCjsT7xi2Ph5zGticdiRFZ74DgC
A7C04452.JPG,10KtGf7IJbIWL_wkxcGIhaxLm-WXZItQf
A7C04453.JPG,1gEHWkE_9mMAvb7pemWt2CgGDYZKF20Cl
A7C04454.JPG,1Mbbvoo9xjmF62To-_qIxJNIfkj56VbLF
A7C04456.JPG,1ckS_KcFBQcyxw_D1U_An09A753OQVyTi
A7C04457.JPG,16UhYtJlPgH2I0WdQ0KQRu6HBT7BjYKXN
A7C04455.JPG,1ZIMBdscJDhK-PoFQRoF0VPWFKm01RY5F
A7C04458.JPG,1csM8-HXJM4ddxD7aWQocjtJhYoI51IxN
A7C04459.JPG,14_s3wC5u-Hf29jcjwXaS96k0eFDt2UH-
A7C04460.JPG,19T1O3m05O3VSY_mJldqamx8TtTt8UhES
A7C04461.JPG,1e_F71RDRjrHAzu0_lQfYnZS3MhQcENsu
A7C04462.JPG,166KqtKFN8xcv76Ku49NIlwXKQgmc6j6i
A7C04463.JPG,1Q6ZBP_Hw1T0ngom-aZR9IYVqy7N60E4g
A7C04464.JPG,1OQVWhqAbqoEWRMRxwiiauOgEvIgxl64R
A7C04466.JPG,1TtTNUPtv-L7MPWnOfALyw14nmi_1Udie
A7C04465.JPG,1M3Vi3oHOwDiqZhIBR2UnaAydLZ5xkWUU
A7C04467.JPG,1wGqMZUPR7HJx3fes3SuEaHGe-Jzlsa3j
A7C04468.JPG,1GxJN8BymFwCTT9BKH4avJhoWya1DGTPt
A7C04470.JPG,1MoZ8Y7MQ2uq4y3368ErlXMeAFKlSWYVd
A7C04469.JPG,1w0Xh6faVUnk0LqqC_gJbfgneE7CvSRf1
A7C04472.JPG,1RjjWJn2CbSJFAcj1L6zchwco8LFi5jAd
A7C04471.JPG,1KEf7wLlECwo_eDnYLYWziG-Y2Ws9nZz5
A7C04473.JPG,1EFGmZDO2ut0JX4832T81Pc8UaTyExMXK
A7C04474.JPG,1xYNlISmk-a1bOIsvEUv8DAnUMm6k_vyU
A7C04476.JPG,1YUKnLKi6guQX2amW5C_hq3LZ-SBlWSZf
A7C04475.JPG,1cM2w3TXvboSZ2hdRWL0ffbHivSidaC44
A7C04477.JPG,1BOZiSB8HC3oLU-jiNfXlYNh1gUnWqEoR
A7C04478.JPG,1A1YgHm9_8OkRtDoUHznYo_LrSYhyK--V
A7C04479.JPG,1AhDqA18kom8zjYKequl_JoNuDZwJ5ABM
A7C04480.JPG,10_ZUezDB-dNo-nC2ylI1cLNzCl9M9I0P
A7C04481.JPG,1OfVhLhb0v6FN3oBC4Fv9kGMx7QlRYudg
A7C04482.JPG,1mQDvi2vwo4c74_Ss6BGD3H4mDZ1A3Cmn
A7C04483.JPG,1KuTHuj-pqms84qGopnFVg9Q-UGWp-dVp
A7C04484.JPG,1QVmj6FB7vHoxiW0IFgQqOcs5s_pP5zVH
A7C04485.JPG,1LkpcQpza8B6n1MClhlrG9PktVGZ9IqJ-
A7C04486.JPG,1Vu2Pnp_atfkM6r4wls1BJaVfghyy19cf
A7C04488.JPG,16SV-p27UDsif0TS-_qB1F8JqalZlbcqK
A7C04487.JPG,1AljeANCGqD9xdTO9O0Lu9wwMsM_WDkqI
A7C04489.JPG,1YtsZlS1bCmBKXAuG2CcPdIeW-fXYc_YU
A7C04490.JPG,1xMFrlH9bDKdEG1KzTR9kwmMp3YvJYqbc
A7C04491.JPG,1gT3EfpWmw75NAWHTueVsEu9KKXELGaut
A7C04493.JPG,1qm7k7XIKR-2Z0PQ9vBHcukTR_K6EumX2
A7C04492.JPG,1MdrEO6l4o8y2W2rJ67jeGH3v0FMMk3WR
A7C04494.JPG,1eEfsk2DoD_tABEcqESIAAOXAWUbKgm5d
A7C04495.JPG,1y_le2LFmH9d9i-hpEpJ4ib9jsoNWL-cf
A7C04496.JPG,1HNKIRPuofJDB1VUkIRw3F9JDXenkz_4c
A7C04497.JPG,1LucRyV3j2eGijVnTg8K5S7_5MRRAQbGj
A7C04499.JPG,1g9nMztVQLCYtePXmNzEyZSnBCe4r5YBR
A7C04498.JPG,1UbkvsuOWPWSgwI0FXUWVqthPHOcCWWye
A7C04500.JPG,1n1eZx9fb2llppHtJp15qa90ZHMlaErIv
A7C04501.JPG,1anvSUjJY-cIi_U0OuMnYp8DzLhi6FU0p
A7C04502.JPG,171JquR3jnPcI8lEBrugOabEWkvOKDF03
A7C04504.JPG,1G2O71q9b-R4u98gbm-9zLNilAvsaiBIl
A7C04503.JPG,1n-h6vBhmeJRoSN6_QCVPN_PNOfN7Ozlp
A7C04505.JPG,1O6BxHNQAmJ3rvepvhcq2Oc3czlcYY1zr
A7C04506.JPG,1daKMoG7EM8pYevf3NrazqauytPOjDI9k
A7C04507.JPG,1usAh2rsQeVDw13LygVtu463B2b_96RmL
A7C04508.JPG,1ixico5emYghKpjqu_T8cdt1TW75zn3KD
A7C04509.JPG,1AJTYF0ZtNtqzL9V208rAkqBzOT_n_u2d
A7C04510.JPG,1NmRgT2s6Fqz9JFYgPhzViX_1yDuMIDt0
A7C04511.JPG,1fu9YAnE1ToxQSjxZ_AKIg48soclA2O4_
A7C04512.JPG,1_K2Lt_wY1nzsikVABvku_sJn4B43FOB5
A7C04513.JPG,1Ltw96Xsy3p51djIz-KWRZAQLSz_PydCh
A7C04514.JPG,1vnMdN_LuGMPbp8nHjp3SrScQZ-GbfVoK
A7C04515.JPG,1cnbb12IPOqULgMCf9ojbB2hwDws_1LUa
A7C04516.JPG,1yNWN3grFSeNtRtGGc1IwKGKWkiKg5p_h
A7C04517.JPG,1HTKX5iuoUp3W06LfW5xcPd9IOWkH7Buv
A7C04518.JPG,1AaMn0k70yp9d8yp8IX-JUErHWj4pakGN
A7C04519.JPG,1rbtR6vRNUsFYlgrXh1xP0_IQ-VkFpkVT
A7C04520.JPG,1baHi5nMTbDOLpfM8O5fCQq5NT9zeu624
A7C04521.JPG,1Amcwfj2Hww_KEo5Bkvg2GQPmH2ucO1ke
A7C04522.JPG,1eUuOoRNkyH2CGffEkf5Q7vUIrgJcHotr
A7C04523.JPG,1Uhk7U7AsYWva1aS-xcvjJ6f2zw6wtOFU
A7C04524.JPG,1LexDSn7bgsMKBvoRyWqH70iyFHZO0Gbw
A7C04525.JPG,1zwBhYW9ZWe3UZRjEa4w0vpuR97FDtbHe
A7C04526.JPG,1tAq6A0Jzj6KMWAAYKWM4BZuvbRkl7yl4
A7C04527.JPG,1U84DjsST83WueQ_btDjeiq2eTCfwSBwE
A7C04528.JPG,1Ylkm75F6pU41L0zKAb5OXO82tIDq1M69
A7C04530.JPG,15C_JHEUFK7QVLkFoJMI8Vfrlhj971ubv
A7C04529.JPG,1Lk583Gy_SmI6r8Fbv7tZiYX9bjrE1Mi-
A7C04531.JPG,1YrKluNx6E1k7j3cWS50bUxVmR_UGkzfo
A7C04532.JPG,1Qk4B-Eq2uFoo6CIUbVECwccFoJ4C78EJ
A7C04534.JPG,10XSuKdv_UClIxNAy-D_OEsCR_UA1Thq9
A7C04533.JPG,1Ob2PFlEA51NXMq3uoTFJXVjDjol78Qct
A7C04535.JPG,1aEUwQEtHa4i6D6iTIKRzRsgQmYCUmID7
A7C04537.JPG,1p4DYWx8MU1TSu2xN1eNu1H8YCE0OeUwJ
A7C04536.JPG,1bN4bbbJPuTCedAXwPi7XRog9JzicHX9X
A7C04539.JPG,1V-3rN_W7ku58tSDzdewLzLicpjU4UfqO
A7C04538.JPG,1dDZyNsTczwrcQxt53XZDFxxYgalZyXPr
A7C04540.JPG,1dJ3vfg68v3GtpImt1cmUEmKAevd5-DGI
A7C04543.JPG,1v6MIdt5aDkCQphe97jJyeHK-NpDe6aMA
A7C04541.JPG,1kOIqB6TkgShn3_KpbdvQXFakNRd-PIgk
A7C04542.JPG,1FMfHL-NwNPIm_GSUEMgPJk4_-Rr9p_mj
A7C04544.JPG,1_mHfXOGqW5PUN4kpGOqkWPCGIxdIpwtv
A7C04545.JPG,1yB3_6PGrRTx7svChx9cb9X5IqZMJwnTa
A7C04546.JPG,1Pp1jiKFCwNeDGLgCCmw3cW97zOrNT1t6
A7C04547.JPG,1yoI9Smem4wFCS5F2S8Sj0PobM0p_fHcb
A7C04548.JPG,1M9obOmIg2EHGyABEIAdWZkN07QGbB_n8
A7C04549.JPG,1050EmYqy94X9cuE0bSt2f60M3UZzIQP_
A7C04550.JPG,1KDaiCmBTuShdg0Jw6tvfdS4lzxVM2Pct
A7C04551.JPG,1odqb73UBRJCaRRa0YUXfq7sTUDhsXfoe
A7C04552.JPG,15FMe0S9CJlcWxyKeLMmWqs4M7rZuuxNH
A7C04553.JPG,1jwHNGSLZx1Q-wpsQg-PDtNoMuIlwmLb3
A7C04554.JPG,1mTUfyfgp36OYq0o3bXJhOUmNqNI16I6j
A7C04556.JPG,1-Tbf6DrIgsNH33b25kI2eR28AJtlrW-W
A7C04555.JPG,1kzsLhzKSvh18JPfEnDUHXWSAmoZon_sL
A7C04557.JPG,1VIXF-tETOOevugYjA4BbyTCp3PmWYofd
A7C04558.JPG,1E-794SSSVOTQdYqyebOd8Z2wl-m4v4KZ
A7C04559.JPG,1QgXqGntij9rDVrm9ZUBGSqNdyXw_f5il
A7C04560.JPG,1NBTF5T3WQFe3NMd4WyfMnNjyQfUm6SOP
A7C04561.JPG,1-gzNivlDGbJClWq1GAGLHda-ohQJAOiA
A7C04562.JPG,1AoiKSr9yHSZzHA5in-mGPXoeWHSJSZOj
A7C04563.JPG,1xgvGhxI0uXQTfiBaY8mNYDvHldRFYqYO
A7C04564.JPG,1qECr9xkILJzKDKM6Y8WUuGfJBqFi4fwx
A7C04565.JPG,1hG6z9HdoFC_UeHNC_SRKsfJx70H20hcz
A7C04566.JPG,1ZCw7VL5GifLUACMyKOZOG-Mj4Djzjwrw
A7C04567.JPG,1Gq6APUZ2CAphO5v3xfPkgqvm77BWxQZ2
A7C04568.JPG,1ILNbmI6FZa-1qbt3W2XMWxqcUSiUq-KG
A7C04569.JPG,1rM0n9_nzdUhjK7LAWIWtelWmLlK21yK-
A7C04570.JPG,1-QZQ5S6f48eagzkTj4JySOK8PmNKIt6b
A7C04571.JPG,1dhmLwv-JLT5kLXCUSLo3KGp6FupL5w0k
A7C04572.JPG,1RwKmZAvhiW5FyJ51kxHW5J4CXv8bry9x
A7C04573.JPG,1UC9f_S91dQfN3d8XpxpFMD5x5HuVsbyv
A7C04574.JPG,1V6ugqbECfyqGOur1rC1Rkic2Txn2eZSM
A7C04575.JPG,1ZBc09DNW9v3krYHmeKnFZQmizD_QKfJH
A7C04576.JPG,1si00N3NacdLeQ8ztPmhHaZ_zLLHN5hPQ
A7C04577.JPG,1wdRb8bMgLi_i1knOgwIskOwTEpGNKNYK
A7C04578.JPG,1n8VfwiCopx1uq5Uw27iW8l8ymzhDU3xq
A7C04579.JPG,18g4_PzZ7ZFWnMEGYWvVMG3Vy_RaQMRSB
A7C04580.JPG,1S2Sl0RuNbccQSCF4fVvI4XnRRX60kdGZ
A7C04581.JPG,1NLJ6Isj67Elj57RUdZv7rZgNy4BkMoy5
A7C04582.JPG,1JdCX6pAlKvYrU3DT2tFiL9QCa2mSiz7A
A7C04583.JPG,1KlRYy3ZIaJhzAqTSisYq1RiXFambbixf
A7C04584.JPG,1kQPaH5m_iMigQZ81F_2L-cLVIOABtgGL
A7C04586.JPG,1A5i3wPN7Hwap7DnGUw99bZ3xttSOQO0i
A7C04585.JPG,1obtMrKKsSMLgudOsJa0wHQQwbx8ARVqu
A7C04587.JPG,14C12zJaBibKXpIsihc5ShdBVq45eOoRQ
A7C04588.JPG,12IRQujMXKTw8M7gBEf0czUqc2bHYAbZH
A7C04589.JPG,1N4TER59ugr6zloPLasQ_tK4EAEXXHF_2
A7C04590.JPG,1IONREottnMCpmte-xvVHXAWCb4LcvrBn
A7C04591.JPG,1ulCHcvbvn8lpqbjLkGO_JIjycFSxzNem
A7C04592.JPG,1ZnlH-U8W1obsmQfcjxbL4ruKlWdDta0C
A7C04593.JPG,1gcomLiQJs03lAtM0m001wwQR-bvI4h5e
A7C04594.JPG,165j3PF4yl5Vpu3kQSi-oqWytgjnRxPUf
A7C04595.JPG,1lQhULQXA28MY7eV6C4-fvS73Y3tpvz9G
A7C04596.JPG,1ydHJJtOyKCsuX1bjvDD-1iKTnldC5_Vg
A7C04598.JPG,1PfNj9pFappqvdBVYjLMIxs5sVga21tJ1
A7C04597.JPG,1GF1fHlFOT_JmOfJmPWhyA5M76N3xX11j
A7C04599.JPG,1iJo763upgZW7LSluq_1mgkVnP9gHElTy
A7C04603.JPG,1yhDs8g4vFX6nHvxyHhmqux5F5k-D90Dn
A7C04600.JPG,1KR9vZ5gC_ryH-ON5-PXzCRKk8Uw-ph1B
A7C04604.JPG,1QCO1aH0F_o7XEv3kyOvJpCvpHoHdobR1
A7C04601.JPG,11YjIJ7wICn_FyvEbt9x2t44DWlGNrDX8
A7C04602.JPG,1xIJARPA2afbAcVMHDY6sw4QehR1RWLte
A7C04605.JPG,1JpngX-SLGoheuOcAYW1bU_q0KjxRFlYw
A7C04606.JPG,1h5fPCrGeNpSWOmJzt9uTyTEroiMkQq9a
A7C04607.JPG,1fTHt7UdxmJN2RYa1OPyfF6ho1qRx2T0w
A7C04608.JPG,1-xVJMTBakYEbz2wTBmSgHYgA_ueG-n19
A7C04609.JPG,1tTpvtIsiVuepWQrHM-AXlG-PIgE4WLhi
A7C04611.JPG,1tM1G6XnTqdkXF0VZ4g1Rre5jnlkpPsxM
A7C04612.JPG,1j9VVBe4pv0s54VqvpNHTKm0Z4etLGDqa
A7C04613.JPG,1Nig-8f1Dzr0bsTH5oe3xDTnfCwqQWWfV
A7C04610.JPG,1Vfx_f-ygQmBVQR3jfMJsoPtE0AIUi9rm
A7C04614.JPG,1o0_zOx4DzYNGm7uvapiwyfxs79w2wOoD
A7C04615.JPG,1KC1ettqKNd_bGtgpTBjHaIyjYdeLwIWm
A7C04620.JPG,1htd8X2XOf-nrQTiBDJqF3Q1Wj92PwTkO
A7C04616.JPG,17mZ50Ev3Kbm9bMOaphYyobj6fjsDlrlK
A7C04618.JPG,15zy7uJPFIzqY-E7UiyMnkDcqnoE1LcnW
A7C04617.JPG,1IzbOtLU9dPAY65RyeDratSsFD53NUwRx
A7C04619.JPG,1yTi1utr7VaS5gw2IqJLCRIbf5wRlU5so
A7C04622.JPG,1E7IDdpVmHvUyUs7bj5w25kRmboNnQCFu
A7C04621.JPG,15CAG1slGM0Vmfc6fInm8tkMCawLhVeHf
A7C04626.JPG,1xLUJegp_wLFXXeFFhr0ZPhshdeYIpK8O
A7C04625.JPG,1_4m6qDX1XeXpYqSJtz6oUwk8qe6GkAQ5
A7C04624.JPG,1dreMkIuxPjJBnnjoujS6y_c-5BIreYMD
A7C04623.JPG,1SOYHMzul2on98KyQl8wukRlMvCFqSjw7
A7C04628.JPG,1q3mBkJ3Ff6xTJRvJaS66HtEWKrqg4_FA
A7C04627.JPG,1NBRTY1Y8zpZuSt1zsai0pKUdeaQ55_-4
A7C04629.JPG,1N5UJpWKLa1FHJf4P1rtDarL2UGbMkwZk
A7C04630.JPG,1VHHEGF0QO2s5Pp4zFx5KPNOPiCenUU9G
A7C04631.JPG,1jlPayKQWLJqLX2VHNqc9oRPEX1jhCde_
A7C04632.JPG,1b1QolqU6AjHFc298TD71rAv2dUKy3ZZP
A7C04633.JPG,1tcZCRL4Er0YIVi7QRvj4I44MwYOBUtLm
A7C04634.JPG,1oJ4FgTnnJ3F8ddydKZaIKGWMKSTnK3eg
A7C04636.JPG,1uW6N9WGk1SKr_Rm0IVu-V8zRm_kN-i3J
A7C04635.JPG,1y7VBqozXv0Z5GEgLE4yk3sLN5Ti2F1v4
A7C04638.JPG,1rtg8S19TVM3T36gBL1ufOZDdE3uctv9N
A7C04637.JPG,1LLK3r-FOiUxW4utC7LqjU14PnqT4dKKq
A7C04639.JPG,17ivdQX8Gmfnr1U1hfSlgjJaegcLnb_M7
A7C04640.JPG,18XdoV0QOhIMQiaPNRL1vkgbtrOC9d0wt
A7C04642.JPG,1CI7SgcIROP1A0It-AbARcd9aMbK3Vdeq
A7C04643.JPG,1n0r5IGJIF01WPrILSbBg-wkNFrEjoR_2
A7C04641.JPG,1osHNLuLnnHGUBSzCzV922a6uRtiHeRfd
A7C04644.JPG,1IBVKXn3YDhOIF_T66M1MaCBpaKr4BNjp
A7C04645.JPG,1sz4zwteZKJn0u_RFNUgrh9h0fdZnRupm
A7C04646.JPG,1CQOJnF2m8SAfZ_yLnzAqrV6ubJa03qTf
A7C04648.JPG,1yBZEDkrAZ6d1zm4E9JK0gUiFyoKgpqWB
A7C04647.JPG,1IBNzAlF59N9dNU_PbnE9iYLa62qIt9d_
A7C04649.JPG,1yI5v6mr9mbAH2DPQ82ibmN6rPBfkCv86
A7C04650.JPG,17L0TDs7FYI7ZDNDM7LeH72xZXgHu052q
A7C04651.JPG,1uD_YFa75Cx7gnMqPgFovLAPKYQ7AY0ld
A7C04652.JPG,1rVsUzRfyqGmQFLoSxdib9Sx0NW0M1L5Z
A7C04653.JPG,1dy6w7Mc9jQfrbqF7VlcA8kI4-XHYJhy8
A7C04654.JPG,1zqY3j-p5LYDZjn8tzt3CEyQ7u4NTeBd9
A7C04655.JPG,1_VfvFvONr7rgjSFYc_nZK9apvLNG5FrR
A7C04656.JPG,1Hzy64zCQ2inXUqaZQfd4azG6MBYJxmJi
A7C04657.JPG,1xDLflKBcSIzJzehpMac_jdugJfUrUcBN
A7C04658.JPG,1COWeR_uB-0ujG-fOyvjef4lKCSXtACu2
A7C04659.JPG,1VZF33Zl0e3ueQT08l6AP-nexfK5e0taz
A7C04660.JPG,1J9tHaOJSnWW4uSpj-AU-qNJOYSCh7jbK
A7C04661.JPG,1K5CSuPAFfXw2LM13U2UNfMVCscSi8ryT
A7C04662.JPG,1d2fcVx3eD1i_phLwO2s_8WwBYabF06N5
A7C04663.JPG,1hCZ4KjyqxgMN3jNTYKq4fyS0LK8SNHsv
A7C04664.JPG,1xEGF50NiQxJ9aTcXF_2xBVj0wfmpaUAQ
A7C04665.JPG,1ngtQbxQVGQp1oqDug6BNhJws3LyEc-c9
A7C04666.JPG,1AITfvESBPHuM6voas1b0g5iB9AaG5Ehw
A7C04667.JPG,1_I-9cXgbn41BfXUNL6ab9mu03rdsw_LY
A7C04668.JPG,1QSoo7cYCXO6Tzdx3N0k1dc10wlRa-dKD
A7C04669.JPG,1mVAZPwIQ8OnzoHJNW0FPil2hYCQGDnab
A7C04670.JPG,1-x-jq8Nfm2HqnwJonLuVeu8JsW2cUpUr
A7C04672.JPG,1mGAoUlORyUf9ojHP1xJtyXYHM8DTTR-l
A7C04671.JPG,1nq3mdV_9I9SI3Xh7wrTm-pW0Ocoq8KDr
A7C04673.JPG,1lSoPFBqZAOGFb_vSAkHUHONon5-xGxqr
A7C04674.JPG,1X_EXu47a0ULNWeNdO7Zuns6U2W7T8DAc
A7C04675.JPG,1U_hV-QIUCFuesMkiuhMZywKVZpcpngbe
A7C04676.JPG,1LjYsnGU9zsiZS6-2AbqVxEU4jH4h2xfs
A7C04677.JPG,1pVSTiEILeMPjVDee10_6XtagELcFAq_c
A7C04679.JPG,1WuP2fowwKPiTX7oQMkiBSEWOrtoaXm6F
A7C04678.JPG,1gUy3nkX_c8F1d4ooQrnXrxyAu7A1Wha8
A7C04681.JPG,1_H0JrnnkU5XN_ytLm-eBgEpRwPGE0Zb7
A7C04680.JPG,1MsuyOaI4iXTQhIv-5m1dIzTvbK0CWkCW
A7C04682.JPG,190G_mpemacdvPxn6I5ciWV8r35iwrP7k
A7C04683.JPG,1m0uE8yifgUOUYYTIha4rhJ89q7REdmGb
A7C04684.JPG,1E9FF3QVHhcoXUgFfIBwm5ARVrZ8BwMML
A7C04685.JPG,1zUp76vQNLey3yEAZNJaKzXp9lC7WPFSD
A7C04686.JPG,1viU2KeGuQ4s4_HdA37haaW76oa1hbZzE
A7C04687.JPG,12GlC4jmfoiEaCAbdgewBjPSn987BYg5N
A7C04688.JPG,1COJTInFRWSHKtry9jq5_FfbF-vs5JkvR
A7C04689.JPG,1OJcQyGMB2N4M8mVALMvkeI6C-72Hn9LR
A7C04690.JPG,12u4xbJfI7flgIH5Z5I7DpNupYi5fwfVG
A7C04691.JPG,13Y-l7YQXqbnRHsZ4rJyNSDTVktl3uF32
A7C04692.JPG,1Fhx7YoLJV-EY6b-57eItBXXZ1HkbMMJU
A7C04694.JPG,1bl0-6L1UaKHIKQGUTCX3bwf8oKo65Kr-
A7C04693.JPG,1ktch64vdx9KIEFK2yM7dV_ry2X-PGCR7
A7C04695.JPG,10TzB939IN4f9pEytDPhjIrTJxxFWdXE5
A7C04696.JPG,1OsbfsU3HSJMB6axRyd8K4LEntBsBkJlt
A7C04697.JPG,15-VkX2kCl9F16bIpiTzqfVXL41gUymnw
A7C04698.JPG,1fO4cYbYSklykIBmYHvgNUVBqo_15ThaW
A7C04699.JPG,1p0vQcN0kuDW0pNmi3dohFBJ3teG-UsTT
A7C04700.JPG,1DakHW-cSACz61hnGSwOrlIi3igX69_Sj
A7C04701.JPG,11GyNli82Xm9Clf_rSIS_6KWChSJSYBbU
A7C04702.JPG,15RtslmOjNJUmBWUe9fwCHa2XdqzLlaQ7
A7C04703.JPG,1n3T03ReQnhVmmHnoeB-9M4AqkAniSWRB
A7C04704.JPG,1IRrXn0radn6NRlKFLEvGmmjv6_uv9AQG
A7C04705.JPG,12ZN6wL094B_JmL-LA5E8XTXYOvGa65yB
A7C04706.JPG,1RmBLDM-Q9_-dqJn46tf-gm9kft2ImxcC
A7C04707.JPG,1PM_LBXhJfjZRrpXK-8-hstVWIi3o2u_n
A7C04708.JPG,1-iphtF_Vs84eKQLcb3T-uOPKiVk9NzZh
A7C04709.JPG,1VbR--VQbRmpynE6aLIhBAhSUxZX048J0
A7C04710.JPG,1Gr_d-RTsuF4BRhqpsgwFipVIUd4dzGjN
A7C04711.JPG,1PH4ABrkgSwhNt3QZj04Ws_VlCxNF47fy
A7C04712.JPG,1pFttxCGdSMWcOBcrbCGqEcmIox-bCZ8u
A7C04713.JPG,1DwitPJip0jcyPojI_Ni4gGYGm7lxn_6Z
A7C04714.JPG,1kBcWyyYVnV6zp0eYt17fT7KxSj-f7Fxb
A7C04715.JPG,1diQUoXmVz2EzsqrHzzFx9e73Bgw0hNIS
A7C04716.JPG,1uo8RTAXu6iLQpkMBzT38WjHp3ryAi1Cn
A7C04717.JPG,1nNxHDhiEF2eyAGu9Z1x4Wpogtw9sdcoa
A7C04718.JPG,19mH6niDxow637JtBhKt5n4eMfPvoP9iO
A7C04719.JPG,1Sp4piumDQFae9_TWl23W7gsMZ6U8CyV1
A7C04720.JPG,1cTbPYHeuP8Vy1qltpsDFsgX8E5YfT8fK
A7C04721.JPG,13e8GBN0PpRMhjUJn27GPjPsYpwhSXajM
A7C04722.JPG,1cm65zdo8Z--2EtMxohi_rhhbpEBCQ3p4
A7C04723.JPG,1H1LlNirf6ytm-1k6CdPvMKJ3lvNuAkVJ
A7C04725.JPG,1s8k1DQI4owjzNtUqiFlmoKStv5g38Ka6
A7C04724.JPG,1g2uk4RwVS0I3EIKdO1pL4RyUHGhGbAGU
A7C04726.JPG,1d2MXlWDzjhzbYOsJBigfvSx57edgJKqX
A7C04727.JPG,17UrIa3ldxqCwbwFP2RpPljqLlc--5zv_
A7C04728.JPG,1lKb_dzbxoaVb1LUPJZiXVFTlFcrJEyRi
A7C04729.JPG,1PeD9n1Bx9GwTThaC3rjdYCXbD-r16xfk
A7C04730.JPG,1pUwy_2SAa0r-_1ZQ7xi4LkQl481y7UiJ
A7C04731.JPG,10y7IzJW3iv3ipDiogtcvVEK8PwJpkJiJ
A7C04732.JPG,14AqeyiTiEunNssTE5ZY6yM7Ac-QspHG8
A7C04733.JPG,1DGXjwEI0yqlkU0q1QXuRiFV5l1J89mhl
A7C04734.JPG,1IfzWAlIppeJSZW-3D0jufWZH1ygMI7xE
A7C04736.JPG,1Xkii7bddBH4XoKSGro_LhsByuzXzGzYX
A7C04737.JPG,14-x8PxQG7B63h9lSiHp3rTLKxebDummq
A7C04738.JPG,1FxJYmYRLytQLexjE7A44uCqov0o9DjLP
A7C04739.JPG,1ZUHOC62VJO1V6GYmaWCquJYl3tVLCeuJ
A7C04741.JPG,1RHFSovDN8hqPaV6u1Xu4hOeR14Jja_F6
A7C04740.JPG,18mQKiS5jg0B-YOFiKtCEkqIB994QdxGe
A7C04742.JPG,1eJO05nxPbCBdue-Xr61KqExDFnLz5p-_
A7C04744.JPG,11y-dArZWrv3yXJOpcxtoMOhYxktKkpKS
A7C04743.JPG,117LTjl4y_W9iB9xsXH6wiU2hFIysL2PH
A7C04745.JPG,1uH4W30RjTxjTWE9fKy-L0Lq6xQbz2cMQ
A7C04746.JPG,12ra6GXIziZRVnrm-14RtpAXyWQ3XuqAg
A7C04748.JPG,1fCuAlcYvRl0WspZNLiYj8XEOA-zXXrV7
A7C04747.JPG,10I9fw7Mbrv_kT4gLUR3PXaIyEOvCxwOR
A7C04749.JPG,1uk016QnCyg6g3QwK21YxOfsHszqOjCUM
A7C04750.JPG,14DPXwdz5knJW8OeEfpa-ilLzH5eG-kqK
A7C04751.JPG,1bfs4hCzqcjNGzOm_4sKQkoQ-9d-yeN-w
A7C04752.JPG,1631xL2ouYUSDH4XvlMzbBPLzhf1YUT4x
A7C04753.JPG,1nm0_DhWv0jGxaoYUNRJMtO23cFcLuFCi
A7C04754.JPG,1RnXJV-a_9hXNsJeqV4R6Ut9D51v4jQWK
A7C04755.JPG,1xmed6vmJj0lNH81Bg4WbcIAz64DTZ2ES
A7C04756.JPG,1HPA6xu1wcrpP3lsvaUqN0fXXJwGopAmP
A7C04757.JPG,18tfP9C5JAJtdB9cGRXW0b52Sw76ckO6p
A7C04758.JPG,125pxcY8gq7AcLYKFAOCLyqDj5qovWuWU
A7C04759.JPG,1zDvR6PSh0h7X8t7ej4kne3GauQPuE8O9
A7C04760.JPG,1MfAu2tzgO9owXPRT7LlXLYy6WB0ZCeUB
A7C04762.JPG,16edT1-u0xPyVe15ZloE4oyX5KQwWZT9A
A7C04761.JPG,1HDbJZ_Qma2PNYwBvSQxNfRebbj9R4bog
A7C04763.JPG,116e4vHBbprfpWMiR3PpZOPAvHpwY_zEH
A7C04764.JPG,1LfsW_8RV1dgNqoQCtia1m3jlV2TxlCuy
A7C04765.JPG,1jEqCF5ecPTM7OHvZvPwh4A4pSn5R-Ali
A7C04766.JPG,1KkZpjjoAx8B9iNBH3dTsxmXOqw0q1Hhz
A7C04767.JPG,1U5xQ9iRT9nn1YrZ1vEe2tZWLe4RT3pPa
A7C04768.JPG,1sOatn7ZXiGodPAqpMdDTcgBD_VzUmYe2
A7C04770.JPG,1cOzLZxM9RPyOciMrqoWaAUcNMgcV9tpj
A7C04769.JPG,1Dfs6W5Ub4pFR_ohtW2PLJCQI-Fy7PmWg
A7C04771.JPG,165YlvjlwTpupZy8znjSLDH36ZOjtH4_S
A7C04772.JPG,1uJhHMfBvSiN-ng-Jvipn9rYHomWjuWNC
A7C04773.JPG,17Ui3JO_AZXesZMlcl8p5bxDh4OdkQZ6z
A7C04774.JPG,1hJ_-6iIj8ZT5_e-fRzoZwbCZdjsRlaeh
A7C04775.JPG,1hUWrohY8FRQJAtU2qvyJCilgV-fSDcNU
A7C04777.JPG,1DmdyjPwfjCLsQi1izGvbd2vVsywHSkSb
A7C04776.JPG,1PYmAbzTibTfnGLsS9OZ4cEL3j9AAVLk5
A7C04778.JPG,1jfmQejAcCgvnjlqh0MLcpz5U7OFPPDxQ
A7C04779.JPG,11rwfI2SBSmo4W8mLBrGc_-bcXsdNignB
A7C04780.JPG,1eThrz-MZVFbXWCRE_C907Wz_KgkL0nFA
A7C04782.JPG,1_-9VPQBJbG3Iy17pOXBQBA-w-RkzIhzJ
A7C04781.JPG,156QPKyF9aBsBzyKeHVs_PBzpUxVuhRCR
A7C04783.JPG,1Lh9DnBNM23GKVXevJTW_GxbPCQZE0Ilq
A7C04784.JPG,1OVNViAyU-PdEM1VtROmBLn2bpUclsTNi
A7C04785.JPG,1rD8YPe0Oel5jx4LLHqTIv29M8LDrsJDt
A7C04787.JPG,11OmAc7D6uP85ZWfjdHEDfwShWtzv4MZE
A7C04786.JPG,13izjIxpCP9MOtB3ix7o3uIlLwapFVCt4
A7C04788.JPG,1YQLuVu_VaahIDtaZtmjH4cvZrtFFX2sw
A7C04789.JPG,1VyThUardp9u1BpXq4oi0oJ2aiUA0llDD
A7C04790.JPG,1o1xej9_vphyO1ycrxm8DDpVE-BMBZmmf
A7C04791.JPG,1q5zZuS4G6_tZ1U0G-ljRnIFVef6c6Qhm
A7C04792.JPG,1aLcnCh-wrcR1KdlVtp2sKWNuFzE-XO8q
A7C04793.JPG,1224WmAzO_uY45f_jdfJSjQVuMGfeFcuZ
A7C04794.JPG,1cZClNGPWxpMfxX95b5ty8c9Vmtc0S56x
A7C04795.JPG,1O1zebXuGoOclt8zjkrropwn5EnqUPhCR
A7C04796.JPG,1JEyk0TGPimt9NuARGDQ9oKTuDSS-Hvoa
A7C04798.JPG,1tklG2Rv0ygrAuVEePfc87st8kAyWy9Sk
A7C04797.JPG,1CQMLjg10EH90aZWa7F8cmyF8TDxDlEWu
A7C04799.JPG,1jNE6_rOJ-kOa22nDjBcnOKudXzMD3_Bz
A7C04800.JPG,1LzOFggKDYjqJMgpSCzmj_lGSwjRSpFAE
A7C04801.JPG,1TrG_9GgbJTJY3gmi5-HNoXleS3Zo7EyX
A7C04803.JPG,1GxnvQ-u1ObrzTLmnEpcmPCCnnbvz2hCA
A7C04802.JPG,1z4_d9H9EYk_wlrvBhqhuXu8YPuRgFR6v
A7C04805.JPG,1dCAtbRaX-yyBbyI_z2Hc68p3KX5CAfTK
A7C04804.JPG,1_xGrGmyjKNKskxBYzMkcPzigryT7dZzD
A7C04806.JPG,1z7qZAuttOQUXf373UQtHbhc-cwfab0ER
A7C04807.JPG,1eM26HWpf_XfUsACpJHpur3QWPk-Q2_el
A7C04808.JPG,1wjRdrL6rNTI6QjzV0GfnUNgyLenPr7AZ
A7C04809.JPG,1gMaTGK_KchsG02SW9cZVhxpgxzyBtiTW
A7C04810.JPG,1hSB4V_V3hnednS6sK0E_G0fJCjKV-O5X
A7C04811.JPG,10qWI2vBO1dD6ASeMqpSQBOJUXyePOzQ0
A7C04812.JPG,1xLm_jAqb8cSKjw87X9sOTN7AxeEDDYFB
A7C04813.JPG,1lhMpDeOnWe-kl8fQCHrNRIAiru0B8yo8
A7C04814.JPG,1UPdhaizBunXCJYPUCIOese9e5wAiIho8
A7C04815.JPG,19FAeAe8_7sbMhAxuyD_w_C_wKV68jeEn
A7C04816.JPG,1OPThbuHOwhCz54rUHyyN7L802-QizT2m
A7C04817.JPG,1l4uSILsJQooUJ62hI47DmZVdun6fcLNe
A7C04818.JPG,1UJGrXLNuHYpnKBuhfyGSqx8Q9L0CeFs8
A7C04819.JPG,1pLjsyBSfZGvSHxfQ0-4LycsX_Ba9oFNS
A7C04820.JPG,1fdLmtA387he6OPEoDueceCoZjX-Zb_Sy
A7C04821.JPG,1sbJO3RHQeSgs09eHHIyxKJFt-u2icwLZ
A7C04822.JPG,1xJcHELHXSLPU1H6OwAojlM8Be82tB4uQ
A7C04823.JPG,1IxjtVZGcPSrrndkgjo3syu17sHdJl8vg
A7C04824.JPG,191JthGHi1EL1dZXb8e1GK0mvnrDKqGDn
A7C04825.JPG,1AH9PNKsUrsX4Hd4-xL6mmzpRvLZL3SLz
A7C04826.JPG,1cHvSKVo8keXAiV5QUKSOh2U4T3HLIa1W
A7C04827.JPG,1kxWeAFdtYE9qW3Hf-rn2B_VcBP7ZjGm1
A7C04828.JPG,10_t3g4i2zuFXQb7Ruwlx5QvBOWdkJUC4
A7C04830.JPG,1KiwGRVMEtOHRQUbbc5LCWB6964ygH-j2
A7C04829.JPG,1KLjsq8Dw0utv7y55alG46cEZuDIMOuyY
A7C04831.JPG,1x28RZ8Ay_9BlC792hOdh7sCGJRbCwOGF
A7C04832.JPG,15zWOLjxPK7vhwq7bmkhQxNG4rark9a0d
A7C04833.JPG,1aVIUucFuOiKZf5heTO166EEGlQtRN7hq
A7C04834.JPG,1IrEbGzOgcZ-xJqOToRcfy9eRY1pURSX5
A7C04835.JPG,1SlbT8G0yANI59EIOJ7W70ZnzuWwIBIKZ
A7C04839.JPG,1NzYmWAzw44XlholaZi_OY7_aI9Q6r-Gj
A7C04840.JPG,1ae2mGULgRQcnhs797wvL1er0qIFlOFfa
A7C04841.JPG,13yO7iEfp4AagUzWnjtEJyiw4qskWILpE
A7C04843.JPG,19wU-2uqnuCPdKEQilVoA9QEse7mhYRYI
A7C04842.JPG,1rL2XaccIq7q7JTp07Hx14hh0qqtlP-av
A7C04844.JPG,1f7pg1EOA5zWANAHPb2t0cWHje_dSRmVH
A7C04845.JPG,1t3-7FTarcRxoIs5214NbwDeFtNc8I_b6
A7C04846.JPG,1uDFYsn2jAcviqP6TwoS7Q3qAs18w83dk
A7C04847.JPG,1FNOHDK3jFybBuEgg7UeRrA5Ds92_wQX3
A7C04848.JPG,1lge7L5rB9Kp6A2LmPd7Zwg3pv2rvJecj
A7C04849.JPG,1yZAfSI1KH6g3ES88_f6Vrtc-JNTFsc5F
A7C04850.JPG,1xVWpI4d8tHKLjs24aww7Tk7Uku3cCcRR
A7C04852.JPG,19RS9vARY7TdvJiJgMh0Nw7gyH2NKjpzE
A7C04851.JPG,1oXLzOamnnj6n5OmlT0lSQOXpuKPn1Kon
A7C04853.JPG,1_t5nYzCUj3GY3tDiH7AW6aWZGdsbOTug
A7C04854.JPG,1VT8vNM2xOkxnQo2udrLiwD1KzPhSN88e
A7C04855.JPG,1lGTNRVIRLbese3ndtbj5ermsAUixj2-2
A7C04856.JPG,1wAOzGVX4hLuoibBbwXD1co-LAjZdWc6z
A7C04857.JPG,1cO2wWzDr0rekp1oXtdBSd6gAYSlSJwzx
A7C04858.JPG,1GbXGA4f_DaGIEeQWVLfqC5MFI-Amfx7l
A7C04859.JPG,1o-A9EQuS54ZpnzC5QFlOnItugCp8W8Yb
A7C04860.JPG,1WqfZ3eLLYKz3Fdmi4tS8Pr5V7GPS_3Pp
A7C04861.JPG,158ziSd2Rv3hJMmjh367sxnMPXhIdCEY9
A7C04862.JPG,1c9yesZt481uCYng2N01w9gayrGGCNFYp
A7C04863.JPG,1uL6oea4sQ0p5bu5qu-LTCaypBJD8k5Bf
A7C04864.JPG,1AacXLJZcCT5iKXXEqIYHfPhh0W2zMyL-
A7C04865.JPG,10UyyJw1JP36pDGf3VNzVocEx9UoXrn2o
A7C04866.JPG,1jumqh4c3bG86Lw_RfP2hzx9R8tzPo1vJ
A7C04867.JPG,1y_vNU95ziSqicdpqTZUeKTD_KT-DU3L8
A7C04868.JPG,1rasN0hMyfQTC5MGV5Ydvg1sPN90CSAuf
A7C04869.JPG,12PQ4wH-S0CYeT9Q_9nYJIPUNhXwp53eW
A7C04871.JPG,16mDu9o4BkHWzHk6LNzOB859wXwKKpw7P
A7C04870.JPG,1JpF80DLLWJfoo1nqEr-RKDIZQLCwjNwj
A7C04872.JPG,1cLfFkfToKNUbRDerhiugBDV2FJMQxbsy
A7C04873.JPG,1RYnjPq9V-AviIyzncuHNI48V5VSUds-6
A7C04874.JPG,1iKtcu1CTGAa333DpBhLxisXCYKnWjVBZ
A7C04875.JPG,1MHm7868qeICJX34Kjg5W_SeNFkzpVy3_
A7C04876.JPG,1Tu-8HCDuKcPf6qmcArT_YjwjWae2oued
A7C04877.JPG,1qYHxI0-11KfONORb89NZs8MjlbfqT5D-
A7C04879.JPG,1eAgRH1quFHVoCrIQhkCbMsIiFi-PWVEP
A7C04878.JPG,1p8fhctHFuJFfX1kerr2HCcI4bZqBiY6L
A7C04881.JPG,1DJ1voMojh3LA2iKyNnCMy9tEMuigYcvW
A7C04880.JPG,1q31GiDn2E7ybpxyBf5eDUSJfSZEqGqTi
A7C04882.JPG,1uitdrl8nXjY0wpS7jESIQ4n1JE7hE067
A7C04883.JPG,1gNre1EG0Kr2kzWmBgL6tszTyBT3iPQmd
A7C04884.JPG,18Vkcs5f1Iw4mIpCIybH-oRIwOQYvMKU-
A7C04885.JPG,1BGna1jCSujmwnfC3ZAHXF7VlckaXI-ch
A7C04886.JPG,1IqOf1aPOra4WZOZo4oCzfo5xs7OmLLA1
A7C04887.JPG,1kSkVLd53sXusayq-Kw29epRsypENHj9R
A7C04888.JPG,1WMyn6k-5PRtT8S3lXKWQKCopEEgV2jg_
A7C04889.JPG,1Znrmeg4eGZNV7eOJ53H0wexq9RZ8SGhu
A7C04890.JPG,1qdjkVpnNSgIbjXMIUQcEVTv2WnPRLSvv
A7C04891.JPG,1u-suok5-2c-Xa0MaL-ihezQKMJSzLiY-
A7C04892.JPG,1GYbmGuVi0XztEKSXFSh00nhYIPycIKRq
A7C04893.JPG,1FEO6dIek8NevYTSxuHGueDF9Sgbi2MsA
A7C04894.JPG,1cm4afoIEO7sfa2Hl4b6HASUtyvtJwrF5
A7C04895.JPG,1XTlcvDL3t0ehnDPVQUE1nJ7ZyT3jgkFx
A7C04896.JPG,1GlnRUmSf9qa3YUyWNnthp8ydTuNWIhvg
A7C04897.JPG,1jAutahHbMHACJ6Bphd8TKgN0CFu-wlx_
A7C04898.JPG,1SZ2jiBKmqccvVQsFieIhyz-GFmVNBiJS
A7C04899.JPG,1VcYpNxkcQkQvRLUZkwlzkG2J5mXvsYjb
A7C04900.JPG,1FILuCo11I4NNYqVXSW7fCYFhQkBvF7Am
A7C04901.JPG,1bWy1GLkfksJua3V_ABV0BMiQzmPL8Ip6
A7C04902.JPG,1AmsJBvhS7fwR2o2dfD0n4syfCJap04GI
A7C04904.JPG,1d2UBgMFdype5qnHRdS4cKNLbEsOtxOJw
A7C04903.JPG,1sXeJiRur9Q4VW93Q7yw-hVOkQNq5HtGS
A7C04905.JPG,1QV0L9jjLPIBiqHUDeAC-gWuJc63izBwk
A7C04907.JPG,159ZkznF7qacCJToSDNOgZMoHwJoORjvv
A7C04906.JPG,1Blvf9BdUeFeOPyC24aET9chFzrk7SkMg
A7C04908.JPG,1Fev6eZIMrHn6UQGBAz4WXVCtco6INAem
A7C04909.JPG,1Ahie67aSNYc2yXh6STYieVG-sUS8RfT-
A7C04910.JPG,1dEjWb9j7NfdPugI1AB0_tEX5APF1WAsd
A7C04911.JPG,1lh381x_5aZknjQ8Gqh51lO05179gZn2P
A7C04913.JPG,1-4Oz0uxiUNbOcJFQetpd2zAwq8ayABTI
A7C04912.JPG,10sFg6NMscVeoL8zVAs-jc8uNyTn1sKM3
A7C04915.JPG,1qhB3kJNZZI-LgSm3ChqxCHvjQ-ttiOYX
A7C04914.JPG,1QZy3LjfjqQ21vKv8NmSYQlGxoG-1cWuj
A7C04916.JPG,1AsTi0owEViAn4-fZKAtFA8B9RvVO-i1q
A7C04917.JPG,1Rj-0kmUPvu9OtxH22RfI35SvKS1P03Hd
A7C04918.JPG,1PN-kfdlQvEYqjAZgdPJfzQx04cg2tl7O
A7C04919.JPG,1gqZ4xkqpd0g-maQNDcpYohmPbUG-np1d
A7C04920.JPG,1FA0uZltXUbF57WE4MK0bJllsVZSVfvGe
A7C04921.JPG,1gixcziHRA4v7Uksy-XhTYsQjUva4rbun
A7C04922.JPG,1Q3OKfTR_MG-vLPuShtDEyufIDIx6C3OS
A7C04923.JPG,1z9XrDroV_xdycSWYTty4MsHwxlDSi6nN
A7C04924.JPG,1ViW3HX5pvIM-0GlC19sL9i2JKan__lwZ
A7C04925.JPG,1cdZRxXTCJ0Xvs40wMHJdpol3ZW1TLr0x
A7C04926.JPG,1gSX2vAwPzxGKfc7QsNxfeo6bRMtz_4U3
A7C04927.JPG,1kXaXpCsgl1S9y4EqiN0TyORkBHBTXQQt
A7C04928.JPG,1DHqWEMnzivlxBQoHeH3w6IDp_Vuph9jK
A7C04929.JPG,1ep7-TlYkigz0YcY2F0FL1c7sApxp6lec
A7C04930.JPG,1DQi1_tnLUpTMehfq2FPqB7TcXrQh5CWf
A7C04931.JPG,1aRGJnzBVS3bkAHq6iTCVC41K8YuOUPf9
A7C04932.JPG,1ThbuYmEX6cUYpoBkAQ1iLJX2MxFKIwTl
A7C04933.JPG,1Mqd9ha9lZR0OZmi292S4DgdBWLDhB6mc
A7C04934.JPG,1WFR9ac5Ef-iTmMSXdtfMvhxekKfWv_ve
A7C04937.JPG,1pKsyFYebRSxeBHxA3fJjoPSM3l7thOGQ
A7C04936.JPG,1Mi4UVC62afJK4pMeTl1Geo75_OWBG_rD
A7C04935.JPG,12oxLhs_zDfNbDi7C6V0KWQ37292dOtdr
A7C04938.JPG,1YUh-K6N-zzrPp-dGBbQprYLJBS8YIPi_
A7C04939.JPG,1pFCuaioRY3PsE_s70J7pFbNqCnxVHTXg
A7C04940.JPG,15TIwnSPas7P9UMX9lgwVyC1p7H5LShTX
A7C04941.JPG,1YetlQLLYF8bLZ608c5wNTnsJyDRwhf9I
A7C04942.JPG,1e7QdvDH3Jk7xn3pXKJabuQwXnjxlE4QG
A7C04943.JPG,1_p4Mrz42q69LvNgPgmrML6caCmJIKOFo
A7C04944.JPG,1bznR39zX8pIRrHSJs-8lIT3CzxqSSo1i
A7C04945.JPG,16SXNpUIMaHTib4482n1SToyKS2Znrqip
A7C04946.JPG,1j_f4V36q_xA2wqaJn1RB0QvzgdYEz8Ju
A7C04947.JPG,139Kqo-LHtPq3YUCp4t408lo16QaMftKj
A7C04948.JPG,1EapwRHdsgXb2UwmM7kKiocqHK1ZvwSdl
A7C04949.JPG,1-iD_5TKl86Devs1k5Tde-9NxXf2bWdzb
A7C04950.JPG,1qSsxO3UtwoZr3Y6WRQufCGw_fEH59IjL
A7C04951.JPG,1rc4GV0xzurISb7qmyOT99qDUI1wuoVe9
A7C04952.JPG,1HAak08P2BWyahn9f74DjB2SevJ3_90R-
A7C04953.JPG,195S783ZqjL2Ki4oli7ke0gS1C3VK7kLi
A7C04954.JPG,1AjwnEbtTBXI-ja7SDQusuL0HvsLWN3hQ
A7C04955.JPG,1MY-UhxT8u6bJUgNBXJ2rXaaPi2PyxN1i
A7C04958.JPG,1SBnTGgfc9VUrWNm04zDsqGrHhNOpzLjZ
A7C04956.JPG,13mX_055jKJtrfHBUgtZ4i75E0nN3hMqv
A7C04957.JPG,1Ifny-wuxMDoB-VWzB7OIFvpDsgenoCN_
A7C04959.JPG,11cl-NG_Un3cwLnF4BDxSukwsHnJxqAtF
A7C04960.JPG,1jhkOjJgcd6DDm-vQqzLdY4-wRIiTrW_F
A7C04961.JPG,1XuTLp-AWjpCylbX4LfJxLqvSGrzq0kkU
A7C04962.JPG,1aTeOdI9tyfYS4_TLtHlgNHzb1FausgTp
A7C04964.JPG,1W2E3g8FTv-_iJc7OaZJAM1rRkYI-DYdG
A7C04966.JPG,1ERi6kJmy-SjVlRDLZS_3LU5IBzUpFCz2
A7C04965.JPG,1U8ELLu9uNb6eFgon4fy9LwzF53JkyJQU
A7C04963.JPG,1pOw2GKVxbdo19OM43AJp7cdR9a_-JjMp
A7C04969.JPG,1k2UCZOTaF9bjJ4hAvATqhhWXYVs15D9X
A7C04967.JPG,1c-s3Ok5UAARmtb8kaw4ZU8UgWWrduZww
A7C04971.JPG,10BpuBaeEp2BVxdz3rxHPAKEVEXxLMTMA
A7C04972.JPG,1dEUFwGIWxhFeH1BZOvKauLkRgrEmY-uc
A7C04970.JPG,19W7UthfSpOkJT0mfHN2fRJvVSadHDrZN
A7C04968.JPG,15jLQLcqTjcHxcfQERf4QcfucVUVljuDE
A7C04973.JPG,1vR9SfZYFTMohpSuxzLcih2bCtj2H5cdI
A7C04974.JPG,1b8DU9yug14wQeBcHKxDPh5MywjY0wges
A7C04975.JPG,1MwmuGMl1l9JcDk2JTi1iAvqIuQTMmta6
A7C04976.JPG,11ofcp4wU9vjw2zkB65CkOTWvETJXHHQZ
A7C04977.JPG,14joxXUQoRDHc5JInLbk3pEtoI487EuFY
A7C04979.JPG,1lorMIywYSHFCta62RKA-hE8AAjAeJZUl
A7C04980.JPG,1DV3DLNntXphdxxpsOEM0RFAu2QyiU3Lj
A7C04978.JPG,1tFFYabM9bj6FuFlmVxzmWR2ZUoC5_MN3
A7C04981.JPG,1g2gnMw8lE8QAQbUORtYUvwNjR2IvznC8
A7C04982.JPG,1ZgBWBoPagKjkHc_uGTHgh4cabDjK86vS
A7C04983.JPG,1Arqof5I9WDZIEX_zz40Mnnnaako8AKZq
A7C04984.JPG,1qxJ3qR8NagMDFp9BFrfuKuaY1K2jrvOO
A7C04986.JPG,1IEW3UcPmEgq21UU3v9ncI8z13_5YGI20
A7C04985.JPG,12o4XLPUO_VKYNOkbkHrYiZTTtuTUzhcR
A7C04987.JPG,141395r10tJZOjKlh0BvxRMDFfWalpeKr
A7C04988.JPG,1S8YYONGeiX8_kByWPFXcZLDiQsnmfeUy
A7C04989.JPG,1J74r2YOB1GBJoDftWLu6v82H2hVlC0eX
A7C04990.JPG,16WIXbz6bo1SoGpjMSZkfeJ_ChjHE3Il7
A7C04991.JPG,1HhY-krFQwoU75Vx-jNEJI2IP5buVub8W
A7C04992.JPG,1Gnc9nB7xP_RALG0ArVWq0dPGmMkmFGBg
A7C04993.JPG,1wYCL-YsdtnKRaBEXv_SM9Rq-Vu9ZBqPc
A7C04994.JPG,19pS5C6bZIRyVTDF-G9HFrkuweid9ujq3
A7C04995.JPG,1zhJfK9su0l3ZzUSbw7DCqoR5Hw_56MOA
A7C04996.JPG,1Qc3aRc_n27gT6_CtIfpXL4C6OCmDXJSq
A7C04997.JPG,1i2tVncl5ePmb0s3-GWcpkA34OUhw6Dvv
A7C04998.JPG,1Rq4inHy0HWV1XE4hf5481eOWWmoEC8ER
A7C04999.JPG,1NBDAZvNM1KAoqvZnQhYW8H2aS6Lnek87
A7C05000.JPG,1Cct_edgKEDf4FZPYuMDt8qDqyZhgS0S4
A7C05001.JPG,1KTymJqO561wC7dMkphjV8wJPatRByESr
A7C05002.JPG,1NQaXsf2uSQd3V3NsJzxi6cqluTsYlrr9
A7C05003.JPG,1Ti1tGSxpdITjWmRPcRgjlky0JnmeCFvp
A7C05004.JPG,1qEXjsWdFWfZttagSsdfBN6h7ZybZgZxB
A7C05005.JPG,1u9hlKrjge-s8SxiPknuWyz9SKXyrlWJb
A7C05006.JPG,1wv-0iMNeRxmeoGMvQ4wZC2okJraxNJMz
A7C05007.JPG,1_QXVJ6HfrDNwQo3Ubq6O2Gf63XitmIOn
A7C05008.JPG,1FAnrkyO0d5XkKsXD0Dp15gP0zzAvH-Vr
A7C05009.JPG,1y7n4JB39yIGPYsGCrAHyN6_6ZUyNoF1i
A7C05010.JPG,1j_KQN2ym7fzSdVyyOItJ9sfY1ZX41r1T
A7C05011.JPG,1JHP3pCM0S1r9nTq01KUHe6VeTCXsQtgQ
A7C05013.JPG,1hFGcBXzFsK0pAlKhPUA5lfgGj6wZUdUq
A7C05012.JPG,158svbIq2GtY0rcQDohyPhlggnwHT1KzI
A7C05015.JPG,1kWkQkVQlAQDDyC4ZIDxxdKwmsxy8B8eE
A7C05014.JPG,1rbqXLX_-bJRT_cKX7KRL5a5Jk1wgH36I
A7C05016.JPG,1X7s8Q1Do1sYxpr1tRBYaZkEQtpG2XHw0
A7C05017.JPG,1-jsIrmrAu9psaPHI-I9iPudQ4nVqmCUC
A7C05018.JPG,1Dw7naCF_Wzv5lTXQnGs-DAuHzvUs8qo0
A7C05019.JPG,1LenDB8_6nx6B3HAFUEdDQeJ_YOK3BwmL
A7C05020.JPG,1lV3UDoAkrXMC2EbM5JjjLUwMPOGfOv3N
A7C05021.JPG,1SJuvubmQJjdqDI4LXB-s6jKVY9oyQaDy
A7C05022.JPG,13Rj4t6OpC2k4Qym_a1s-UWU6d5L8VtyP
A7C05023.JPG,1e8AI8plts8NlVpuE1hkch6qaFGSbggC2
A7C05024.JPG,1WahrO4-IQk2vAy05HnWt5tY0RXLxG2fc
A7C05026.JPG,1m7Y30a55mw4ixBuH6I-AtMK2AfvXln_0
A7C05025.JPG,1yrkJx1FlAbUGv9Ow18jLPbqlcfjXItfG
A7C05027.JPG,1nhlg2ZEcpStIKkyQblaec-Xgpa1ugC-k
A7C05028.JPG,1lDUq-5U8ghklL5hpU0yrwX1jdAhg_sbl
A7C05029.JPG,1ArIT7h9jrUqwKjwwSDSC0ENK8cpUk08O
A7C05030.JPG,1xIuA97tn-mpL7FWdRdkplAIBTAFKpK9q
A7C05031.JPG,1WFmgOhH0NdcTktCZnopBAbhooNlZFKG8
A7C05033.JPG,1QLQq4qiihLigL8euKmfXV7AbH32k05EL
A7C05032.JPG,1UptNLvsQtflSkHNW_exkwwpyly67lIoU
A7C05035.JPG,1QSL5J1j-avntHn-Wo3E-QIbQaVaQ_K2h
A7C05034.JPG,1GtrX6j5Qrk94gucBy6mTyzJ5mu5dhc_Q
A7C05037.JPG,1fwsfunzKBbs4U40R9m6-HOoakjLaazNH
A7C05036.JPG,1UmX--tMxjFwOpUE_Hq8KPajDjpksSnjw
A7C05038.JPG,19MaE0nYEOXgLhWoewoAKYIdjsrN797dL
A7C05040.JPG,1hcXqprOzTQgBsd_mpvfOINjAvlUka6_U
A7C05039.JPG,1LK2-UGOb5ucFPueY2qmMRsN7KvOCrWsM
A7C05042.JPG,1jXKE3ui5K_tYP3MK8wLEdNNSSrjCWEuR
A7C05041.JPG,1w1ipYLp6WOdIJJJ0hgGi-dY3mFxG8KpH
A7C05044.JPG,1s59nBFpB4w_7QNfmQMeu5mrmScIsMzm6
A7C05043.JPG,1cZooITvmRs6cmoMJtDH12UktctIY4usQ
A7C05045.JPG,1Z11QKUruwhqc0JalwcgcNBuhLowiz4yn
A7C05046.JPG,1WXZSSz4VVbYK7r2vSx9WRpm1UjSbfSq8
A7C05048.JPG,1yszwomtAWwu23w5iC79eplRlgicAZpck
A7C05047.JPG,1w8oLMwAgPzmo8iFC_sDPP8--9vpk-Y8B
A7C05050.JPG,1-64OCT966XbPvHSeDb2RmOzRoiAL2I6S
A7C05049.JPG,1BAiDkLJCmD4mt7VhPDvvEvhDITKNzOhk
A7C05051.JPG,1cqc329ikU4xB48tIb7I0HizlPzhqbsJD
A7C05052.JPG,1_jatTDGmw37OOixCAl2eHHvRnE5kL_Ax
A7C05053.JPG,1FoObVwaQBT1XwHJN4YSbCfml1U0J6nJg
A7C05055.JPG,1Ry9R7wgUzQXsP7EUS8oTCs7m-qGZOpHd
A7C05056.JPG,10P-E_ep-iw7uvQFeSdhWzIBNTn42-ilK
A7C05054.JPG,1NLXAIpaGJ0JFq9bxg4CaY3jANxuvYsEL
A7C05057.JPG,1ahO9KwsW_X2VFsQNDBeNthaZ4CcxmIms
A7C05058.JPG,1-WmLEC5IW2KeLH-QSR6kZzdjyhzwADhZ
A7C05059.JPG,1IlxpVW7cbSjaaaggMpH9D3tuATJeRBvq
A7C05060.JPG,136jLr7EsXvH5u2yPH9hQezubkXgF1-cm
A7C05062.JPG,1CZ_46EM_TOaeZ2yAKKdvqISyAVdvH3En
A7C05061.JPG,1mpnp1h1JppO2cZp-5EPhiKTly8ebnGoz
A7C05063.JPG,1ZnDI4sjmVzS5a9y-3cPtGkaZeMmfB0B7
A7C05064.JPG,1ys3wczX628AohI-EdAbAgzUjLCfyLvrJ
A7C05065.JPG,1gocj5iE9NZwt5pcCqHvbTXPJNgiTwC7b
A7C05066.JPG,1P6BHkar-mbi-P2LejtLRcGlhUQqwe2VP
A7C05067.JPG,1hHCHW_DmMaxbIXqlMXaFFY6Tfv7s89e1
A7C05068.JPG,12npaC9bf591dXE_jp70BiJx3ETBuQbRH
A7C05069.JPG,1xoXPJFd6OJdbrx6N74qpVGmfq4XAKxX0
A7C05070.JPG,19ooHHaVTDlawHnGZsQf3VJ7zRFkp6YUq
A7C05071.JPG,1Cx9lIw_hOqFUubfUlMMfvnovjeFeoPOq
A7C05072.JPG,1gDEk0zlDWuIPmm0QQJk-7RuWXGB_G-UI
A7C05073.JPG,1GCQPc3N3Kx9PSF67if5rBbZ4Aewe_uLk
A7C05074.JPG,1tJj3igEgtoM9S7AIGvsXl1WwgUFAt4YV
A7C05075.JPG,1j54cGLJOtyvgDA8Om1f46Be390lBH_sr
A7C05076.JPG,1QTiA5N4FZm0YPq3oLqCtnST-NJYacLhB
A7C05077.JPG,1J7RXOC6Hn4_g2-2VDxT__GXybRUOs2pj
A7C05078.JPG,11UHNcRgJXrLHzvAxScns3fH4A9ADfp3z
A7C05079.JPG,1bNHg9wRl131GuwTcdWnM9eHkYO9zch8I
A7C05080.JPG,1vBJI2MQadvIN8032PErID0Dcw9O8SJT2
A7C05081.JPG,1iwhICr7ZoI3AzChDVqTbxix94lJmKfmF
A7C05083.JPG,1UVav5MKin7KuqSrYnHyOdorGIREzDcrD
A7C05082.JPG,1K9msrMJ8vP1aYR51vKyudVNt2C3naQzs
A7C05084.JPG,1qFZUO2IYdPNBwPnssJKrW6TizUfhgQ6R
A7C05085.JPG,1n4vITHgHn9yorrUvz2toJ_X7vSvV-WFb
A7C05087.JPG,1a2eFzjmaNgdTw0MkHYGCj7XWv-dPpxW3
A7C05086.JPG,1en7F4y9wh7fCz6FezkhWZEC09chj_uYq
A7C05089.JPG,1MnM4ELVBv1yyoP1mX-4yKFQClyoUALTQ
A7C05088.JPG,1yUjDMA0OWAiOhuUDDTX771qRhBqMpIhI
A7C05091.JPG,16w_lpHKr_70vijFId1kFYcAZ4DshJvRL
A7C05090.JPG,1L163ebRJRlMetYRTv_yMzjfa6KVttXJl
A7C05093.JPG,1Zvm-v2GdXR9jCNPmBjTcfM8WrpNCha4K
A7C05092.JPG,1Q747Nl09D-D4z6zDGdmBbkLqx1x6fBeX
A7C05094.JPG,1idTSVB59Dkj0Bmgybxl4Ff8YuUpnYu0d
A7C05095.JPG,1rk9amiOWp-AZrPAgFdoLj3CrdYPkK9mK
A7C05096.JPG,1OCDzhquh8X93sBUvpLuA0EjyYox8dw7T
A7C05097.JPG,1hloTIue0gCXAjOZQVGtNFXJ91J8eSCCR
A7C05098.JPG,1vJISo3dMAkIGOn8jOgo-uT-FOJz9-DZG
A7C05100.JPG,16Lhj7HozhI_C9McKYvscshdrQHDLkrvK
A7C05099.JPG,15Jj-EBaMgBZZpvS5t1MzbGOSbbsSE-xq
A7C05101.JPG,1zRwXgA-oGnu3Lta0KcAcklCiayAyCoMx
A7C05102.JPG,1D-uP3a8JXKbCKw-ZetN-aod2lUzerj5D
A7C05103.JPG,1hF7_Hu31ydJK1SKX3mW9QmtwjxJyurjU
A7C05104.JPG,16GfdDkEn4oaS8H_qxeBxg_WAcP-t-pnE
A7C05105.JPG,1rYbDJB2nyMmYdPPVewuWZJBnfgIR7B_9
D75_1214.JPG,1qFF93kcfxa7OYasivx9pVApGSzeOfYpc
D75_1197.JPG,1pZkFjqz9qP7aoSXDWPyK_pnQaRZ0a9EA
D75_1168.JPG,1nnznLFE7_L9Fjb2DnwatDPSg0fQH9ZnU
D75_1206.JPG,1q-zv5vaPywPTDkWBwx6zwvv5zNuE_kal
D75_1189.JPG,1orst645fI_5mxWPjPsws9nfCELgHC-jw
D75_1136.JPG,1lhGyzld3Wr8_vHumoQQrBfKWT0y8jzlg
D75_1156.JPG,1nATkkSBStpplFbPXAcAfToh0dvEp1JRT
D75_1144.JPG,1mRK838TAUyA0cKsz3-BhEFwsy-SAEtvg
D75_1201.JPG,1pr6KqBjpyz_1aHjseAr3d1CKLwF8wZ5l
D75_1184.JPG,1oTkxNzPqgcoLaLJXJGFII7KAODPU0_qz
D75_1150.JPG,1n-hRIh-WdIMjk52ZyshOq0L96RsA6-2W
D75_1133.JPG,1lcooE8y4lyIKyBzhzNQFz_esCXmrC32S
D75_1188.JPG,1ogCALf_rwiafeO1xrKS2-79jZ2J9lcLV
D75_1174.JPG,1oBKhT2FaH6klH-Wi_8K0PrRN1xtMklSh
D75_1212.JPG,1qCAh2wAvloQotvtnQNSrGqyh8pijJpf6
D75_1152.JPG,1n7I8_BA1zJsYpQ_G9gNJWc5lagFOb2-a
D75_1221.JPG,1quR68s8fZjvuvEju_wNxJBP3Jl-UBoOR
D75_1215.JPG,1qXf6xG-TvJfaJia7SgfjUvJHcQteDqT3
D75_1148.JPG,1mcwTdIdZSqpyd94dEtowjtpfYo2q_wC8
D75_1142.JPG,1m7ATlcS8_NuhNJiIJ7Z51CJPZmC60Q29
D75_1147.JPG,1mucYiXaW08zxLjMRod5hDqTnmOC3hy1y
D75_1127.JPG,1lShDIaQxpy_nXUy49u2NNgTGMn-lYUFD
D75_1132.JPG,1lYHkK-0S86U2r7f_m1oe36u2iRkrD0w4
D75_1141.JPG,1m11A2vdbzk-Z4TZBIqzWufwb0eRlbCqm
D75_1146.JPG,1mYuVfbwcKMl0grOC5WEVtPRwsm8r9v_o
D75_1190.JPG,1orHIIa-q42efB_KJoa4Tu8dcHW1igUxT
D75_1209.JPG,1q6fsWzDIAWYSjjjXA5wCFvWUjv6_qRe6
D75_1196.JPG,1pKblIFiHbh5jxa3p4a61J2LOe9VTU-tB
D75_1181.JPG,1oTKYX4SpTVVsX2-ZzRQBoj1HiOVrmhKL
D75_1191.JPG,1p-fXrrZMtHgH69mSVTQllmAAFcFR6Ogq
D75_1172.JPG,1o3zGXI-fYEW1_mEP5aTcrar_IcXm1APi
D75_1177.JPG,1oOmy9YBZSef9ZgfwZxI_wIA26F569v0Z
D75_1175.JPG,1oMbtw7G9ov8LjFzI4KY6UhQwGqbofoW9
D75_1130.JPG,1lVqN_CfoHzoI0v1RUxzOUnc5OLFx2dj_
D75_1161.JPG,1nTykTb7xNl1PnPAjVFG_uf9t8VMKjF0E
D75_1165.JPG,1nkBEXU8y7P_EovIKrQNRGfUcW32uF_U0
D75_1149.JPG,1n1FuRWj5IIH4DtXqmK0386sCqpbNbnm0
D75_1135.JPG,1lk6Nt9DcNxGtHLtTMyONyqpfkFkJayIA
D75_1192.JPG,1owRIffhhQGvDMWB0X3v_TR6BXFJ9KjSP
D75_1155.JPG,1nEAfgSS29j38yDqOvVSEUJ1ajZB6gMUw
D75_1121.JPG,1l5YnF3m9linJhes-3VhK8lAkFYtpqcBz
D75_1171.JPG,1o828Onbc4jopgyPP5VVxRKYRF5hUB7vd
D75_1128.JPG,1lO1RGhh1UVbp89o3ntUIvQJ1uTcDUPwe
D75_1157.JPG,1nLaVVjyRrUlgUmHZq4o2SssqIPcCzE3a
D75_1170.JPG,1nuoU2QjFXCrww4rZYetQ0MStuDeRDSxQ
D75_1202.JPG,1pnq544XIp5sV3LECm6FdINikenc8JjJ4
D75_1183.JPG,1oW4qQ9_B4-pa6CgxrwdADvUc4ZAyAs3N
D75_1194.JPG,1pDYzsVB6T7E-WA97L8uIaMZJn6MCAyeI
D75_1166.JPG,1niY3ws66NFP_j-ZGVr3kXbN7mrgv2SAW
D75_1137.JPG,1lt4_m8oCvw2N7GJk5Bo49dkaZC_knmt5
D75_1154.JPG,1n9rX_9d2J1y4i21YWbz5Z5Q_td-EoWvi
D75_1125.JPG,1lNcgpLIBlkllYBQry8w_iUfdK2b1Djqb
D75_1164.JPG,1nXVj7MYtNJdGJEvmRrt5_Gz_62nEaicv
D75_1167.JPG,1ntLKF9DW88N5jhzNkQhyWb9SMeZTmhzb
D75_1138.JPG,1lniKMAdLPbwE7J4tZrJxnVg4luJtn19b
D75_1193.JPG,1pF8TsGc_7OIFuFnLVDehbvYC9yJL66wu
D75_1204.JPG,1pw26dY2TCUjxZuYb2Om5F3oHpLNEmSJ5
D75_1216.JPG,1qTwPVtAKN1DXhOTn4ogEKnWvS-0GpJec
D75_1123.JPG,1lDnylRnw0C-50u3SxdVS9wiuSms0sctz
D75_1218.JPG,1qfr6hrvclyroNjIh9b_lrAdpHHzNJC3R
D75_1199.JPG,1pfIgoaFEV85zzRgP4pmJNNdPUfGkhH9L
D75_1210.JPG,1q4cQWiRKubblwkt-EVC0VwKUp3A-z1CO
D75_1126.JPG,1lMas7dIkd9ZhWp9l-6PlM71JYDPeiHys
D75_1195.JPG,1pN7YGEo1zmPQn4co-Piqu3MF2A5n5Kze
D75_1160.JPG,1nOeVBEQi3lMopC1ND5ZyrWdxTnxrGaAB
D75_1122.JPG,1l4lYdiokVs5NZTye8f6qq1zGDLGsFRDq
D75_1173.JPG,1oJnU9gRjBkm_ZckAxz96p8HXBzOJgNmk
D75_1179.JPG,1oSdaWQUXm_MlOESuN5bIDWXVaR_xK5FH
D75_1205.JPG,1q02c1REokr1EftOTGO9WDobuWO_vtIR0
D75_1182.JPG,1oSyrGYcgJeQ8yDwpuVArUii99yjCiNC5
D75_1158.JPG,1nEJ3kRx9eMfmbFFa_13_yNIril671Z-H
D75_1213.JPG,1qQDW1xa3Ase-TNNWZ7b1joAGPTcdG6xe
D75_1207.JPG,1q3DKPIwAOV4wY-yDLnES1tFXK7OsDCwn
D75_1145.JPG,1m_rcZ5zTxTA4kxf6PPkcvwODdplahF7i
D75_1162.JPG,1nSMewVwm6DUoJU8UOJ05CE5Bxrl2qyJO
D75_1185.JPG,1odUf5DG9WZdjFOeZFpxqABMMIW2LSOYK
D75_1219.JPG,1qvPai2gpKI9JFZ5xuz60ZZiH7IwsNmLP
D75_1178.JPG,1oO34eRAO6EYvJyf4_eaTjcyToKPhg20e
D75_1203.JPG,1pyLfTCtzOt3b_dW1lwSYbtfYaPrpJ0ex
D75_1208.JPG,1q42vSAWYadKKlpzo6zPx4fnQd9BEPzx8
D75_1159.JPG,1nQvdUuHsrHFi93q_4opnjVtqi7OzBbp7
D75_1140.JPG,1m1-kweamtBNpvjC3Y-3mVvFPF8gn3pJu
D75_1131.JPG,1lWfEXriiKCs9iT-lrmlrEvC_ywgOqEI7
D75_1134.JPG,1lcx9PzjjFJ54ushOGuJBQK53nK090PPo
D75_1176.JPG,1oKOrQc71H2gX17lXtHk-_gyIXfuN7kGm
D75_1211.JPG,1qCAlkJWIwdAxPb2R4CKD5Xuqa7US2AGz
D75_1200.JPG,1peiSZQlgSGdl6yiSPRVJTL3m3O6xfw6v
D75_1169.JPG,1o3SLArLv9Ch0NwLyRSlOCz6HSugbFUfW
D75_1198.JPG,1pY_mU5Kggj3JN5eDLFkcNOWyiHapxLLh
D75_1217.JPG,1qkrZzWNn4EJf_BOnuuw7-FcX62fNaQp0
D75_1153.JPG,1nAKr4_PIx2F5t_wUe0z1w1Aqt-0ygSeZ
D75_1151.JPG,1n5Zm64KvJg3LEaVIOUJmRxQwSRWPL-88
D75_1186.JPG,1obrlDesnZmIrSdp6sq8jBJ_I7L4UziVW
D75_1187.JPG,1okeEFzlmjOiUirKvtj3IVG5wJRdmBWJB
D75_1139.JPG,1lyHfNXdP_8Lx6dLN-03cCnwlFs78WyUB
D75_1129.JPG,1lV0y-yilsnHRb7YOcY40DxhAA4vcm4NH
D75_1124.JPG,1l6FC3fSyaMrRM35jhJRXX65OZcZKTA9R
D75_1143.JPG,1mB4p4u-SVEfRhpsWReS3LjmE0QicADzv
D75_1180.JPG,1oRRYlWlG-tsASHXK2_eEyv3CVu6hP42Y
D75_1163.JPG,1ncRsT7CqYRAKWHlA1xfTRYJuEAwOSoji
D75_1272.JPG,1uLU90NCzCu9InIc2oJPWefZAoeJjpg93
D75_1244.JPG,1s3FtA3E0LN6W0AbRmsY8AxSxJKx09IQH
D75_1292.JPG,1vKLq3FGnqTaoJV4MNFtaunyz5ACfICcC
D75_1282.JPG,1uox9xXtMgjhM7pNMM8pH9tFLIx5mANWR
D75_1280.JPG,1uhmuUSaTf6Je1JaL2-1gKv6CfuUQxwXy
D75_1269.JPG,1u1Acb9Rxa7bWY7FgDSxJHiH29aBxvp6L
D75_1249.JPG,1sXC9rZhQxjkBeo6YUzy1ZR9i5M16U7hH
D75_1264.JPG,1tcvRYWtbrjKB4bLiSpyhQJ1WSztqlt_2
D75_1239.JPG,1rvenvOa-9mB_FWtZpaGyT_r1GmN9SZd1
D75_1250.JPG,1sGICYsS8bfDQpGsysIJOuHfWfaTW2CY-
D75_1255.JPG,1szL6cJARlC-6shChxya-kRwkmWvLhINV
D75_1293.JPG,1vD40R1G_hTkqgNabuvOjvt9pguYu6vXu
D75_1289.JPG,1v0YcptHVoCxle7NzTLVSFROIIS8FzOW3
D75_1229.JPG,1rEpT0GYFryqunm5vMDenCmFlKP8CY6lo
D75_1223.JPG,1qx2t292z9pFTAJogZE_RWt-7OtZQ0X2v
D75_1240.JPG,1rpn6WE_nhMwh5yT177FfcWq8KDxCtOj2
D75_1320.JPG,1wZoVVZRsXLx-7L_EXPdRVCETbwKveGge
D75_1265.JPG,1t_urA2TBEPlJYlPuac2kA2hvlTr0tB-F
D75_1319.JPG,1wTos9z4vogGPA4Nkpo-PME28LbNTdaaK
D75_1245.JPG,1s5zl4t89wmydgviOGSDrUtVbuNc8qPum
D75_1227.JPG,1r6ece95IP6uF2SEV90iyQGKzsMmPkSnS
D75_1308.JPG,1w1sFiULotfi8Qa6m7r34T1kGhmhzr0oC
D75_1231.JPG,1rK-hcYi-DjVs7xqN_3LQQNUxdy9vSSDR
D75_1317.JPG,1wNuxFZkBiEJwjlNs4tlj6yVz13r3zGlC
D75_1251.JPG,1sdpbIu_Cn-LnBN-OEq809a_CgqPW6gwq
D75_1261.JPG,1tED9tFyKOv3rF-hi3mjWKCJ0koHFesBZ
D75_1235.JPG,1rbo0HHLYZfUFEPFZyfT7-jzqZTJbHPc0
D75_1248.JPG,1sF00cHi0gmkBJl4a76t9Y9ti_e40E_PM
D75_1237.JPG,1rjSQTBAxLAnseQXX_jzhabWtvbOF2r8a
D75_1262.JPG,1tYIsRVwm4b06LELYlqcK3FiTY0WDNg_y
D75_1238.JPG,1rnSpxMPQiTQk_RnGXKMshFYiXvuj8knB
D75_1268.JPG,1u42msoYxxkU4TjFUqRWQF5S2BriFPzLx
D75_1305.JPG,1vqgbdOrIxbDjeCSsL4aPVC-3Cu1hiiAg
D75_1257.JPG,1t2eU94KoK_md_wEoQC8DFPRlsGE-MVnV
D75_1276.JPG,1uXh25W0RJTUeZOUmOyOGqTCswkoBpavZ
D75_1295.JPG,1vK_1d4ZXPeopyU91Ep5dwLv36mUvoLfp
D75_1307.JPG,1vr2TSw9reANYCClLHIhYELgRU6Y6CH3C
D75_1259.JPG,1t5C8G1NPqpLOJDA5jhbVqxfZRATu2CV2
D75_1270.JPG,1uB6cfUhgX0TFUgOzFAheKTvMmyGc2tvY
D75_1315.JPG,1wLgMpxSIfgy3_HvmsqXyw7j2XqynLOpf
D75_1267.JPG,1thr66zaXmuEiVcJrCrKb7z423ghyDt3l
D75_1299.JPG,1v_L9Gxh9AbMAn1GYG2teFtt7f6qAsoaS
D75_1278.JPG,1u_unnI3b6kANuORJ2Vt4Zesp7iQOQUD8
D75_1303.JPG,1vkbBAE74fj10_DjK1Tslxa3n4Rxjs8A8
D75_1275.JPG,1uRZLSuPfG_PK0i-nwKsyv5BT9O3yke7A
D75_1243.JPG,1s4ISYBwhBXo4wk6t30trXXIjNXtuX2Gc
D75_1321.JPG,1wXeCajuFwTN136BqLIo7Ago5zwonpm_g
D75_1260.JPG,1tNI-d_6APVsvx4G5RShLgH_-I0R3K-fv
D75_1253.JPG,1sowcojzm5WynJD6xMdldo5o7c922kCUo
D75_1228.JPG,1rFOy4lvxRu5gndOlY3KLyyXV2K4hHuph
D75_1232.JPG,1rXfPzOFLBR2yNmrL62Z66OazkWQBLPFF
D75_1241.JPG,1s0siWXdFv2GMf3xk1ZLjqrBhUuig0Hte
D75_1291.JPG,1v9OJEE0TfO8zOgkWlUPcBPQOAVRlh34l
D75_1258.JPG,1t7jzYmWISciu7cN3EkRIInpd9hamybRM
D75_1302.JPG,1vkhNG0b4W_uxIqFG-5ShbNcJv5EnwBjb
D75_1316.JPG,1wPVsoAlxx5Io5OGixLnkr7-FerZg3E8A
D75_1287.JPG,1uvy07k6QFy0OdWe4_GQZAEKrnKcoaDSv
D75_1313.JPG,1wL8nWr7OI_hzZthPzaEznP69BFU9Cc5L
D75_1274.JPG,1uViyifQ1B5Tt6x7RklPzV5BgYJmpQhtX
D75_1296.JPG,1vVvz9P0EBRV9idZLTsR_hfwCb3-RatYV
D75_1230.JPG,1rQEpjFkqNIqHhx66VpPf4EFd7aImaZip
D75_1306.JPG,1vy2-H_2vmNnT_oahhqeJIobI9MW6yLd8
D75_1283.JPG,1uiQcuG7NJtXuNcvIPJ3m6HDzq4CGEnvr
D75_1304.JPG,1vnW5eQveSFrgNxlyjMaVmjiZ-o-YLRMC
D75_1222.JPG,1qxcjch83UqPk-hVcj6pyiy-FdOY8rf2E
D75_1290.JPG,1vC90qqwOn7ya3DVjyLIVCrYFLTp-Svoy
D75_1284.JPG,1uskMY3OiWSe9h1zI1oUKp-rCWc1bapYR
D75_1233.JPG,1rTP4Y5N92a3K95PIbOxBf_H8N5ovdNgf
D75_1298.JPG,1vb-bPOomUszi-p6-oVu0TyUddSacA_xb
D75_1271.JPG,1uAO38Nog9Ml7GYuu_ZXjZcATVouf_Lvn
D75_1309.JPG,1w0MmjFTB1hXeYoVoAJRRjmnLep_Bf6K_
D75_1266.JPG,1tx7fAsNe1JibwH_We1xsKr6E3gXc51CZ
D75_1252.JPG,1sc5zKJccmCSuhuGZO0nQUbyEEetWWjHg
D75_1294.JPG,1vLv7MIa9gR8n9GYyOHzIvheCBf3eHu_K
D75_1300.JPG,1viRVq1XeHJJFUefe51Aitqpadfw5fxmb
D75_1236.JPG,1rdhRX88Kbuda_FwrSnYHclnFovXWR89U
D75_1311.JPG,1w3vaEK57BmuQMDOdQ6QyBn5igsYZPq0S
D75_1247.JPG,1sGAGgUfAHc2raG6ExMV2OOpp6B-0HzLg
D75_1277.JPG,1uX3gJyNY6tTsC6o04WT97JQAcjHh9bkE
D75_1297.JPG,1vU-1lOjYhBSBISSl2KGdmOdni4w1qge3
D75_1318.JPG,1wX16vTpimXfZQQgs4sqsbtFkN-UX3jlz
D75_1263.JPG,1tUvapl1XnGC5u093CLVEXWjVnG0okI6L
D75_1242.JPG,1ryi77lbf1_Ge1gHM6dnsmehR9S-V_Xdm
D75_1254.JPG,1shT43MKHUTpbM41XDoS_wMYVxMt-mfLw
D75_1226.JPG,1rE8IFN55s75Ys6QWdTkAWJz1G2seaHCD
D75_1224.JPG,1r5JDclvv9Iz7HazaFuitzfHLqpQzRQKS
D75_1285.JPG,1updETOS2EAg9oQqBJelV3AQLULiCW9Sp
D75_1279.JPG,1uYrahqoMcJe2MpsOIvFHuMTsQgxgFY5f
D75_1234.JPG,1rYhMRy-qsihb0J9EDoTeI5g5UapT13xf
D75_1273.JPG,1uG3T2rPDecVj1wKeYgImfF1pI9q4tQBO
D75_1225.JPG,1r1l4WsAarQuPQOBy4jyyz0CvoFwHwZb8
D75_1281.JPG,1ufR6t644c3cBbfwao_tvPgoYbCv7PKQX
D75_1312.JPG,1wIKgqsavyKclhYnQH2-5cBwfSDQA7vwi
D75_1310.JPG,1wBh99_i9lJTSHjVbSSpfUHSD8wQaxWAV
D75_1286.JPG,1uyFB1BqW1h_QpUQJ-rnXyLzF-glG-I2h
D75_1314.JPG,1wMcqnvGwEaViMzY_lqWUEl6xyaevZTUP
D75_1246.JPG,1s5ML-FZmLsKQG7n-YcvYQzSe_2PZDaqX
D75_1256.JPG,1sv78zdp6p0buTVkJV83hU3uE6EftQn1E
D75_1288.JPG,1v6mPIGtDkAOYVgIBu9nzzpVnimwJaEbB
D75_1301.JPG,1vdYeQfrYXf31shstAAPHlNXmjRLD0lUe
D75_1394.JPG,100VFeFysbVl4tDcr-Z5uxGdatzEymNgg
D75_1348.JPG,1xyOIqn6RJwg5YGI-Kn903RrtizSyTTIk
D75_1324.JPG,1w_dr2CYBR1f_MOyMJ83qB_EnIdpC3agn
D75_1405.JPG,10ia21ooZBvwq0jzAxhAhzFYHNlZzaWFf
D75_1386.JPG,1-W_wzADbw3VgAh6VrCnE3abbUo-KvjE9
D75_1403.JPG,10bV3OoTds8PXhXAw12IHiJHyjxwJnNdI
D75_1367.JPG,1z0dp1lEtSNoFCCFwijZoeEoDmqHq5Zdt
D75_1331.JPG,1wzLCwGejqv0TvXHk-wAAreydhG4VjCgB
D75_1365.JPG,1yxVMg5nprnKl9pCbIqBGOhzlVg-tEG9G
D75_1376.JPG,1z_cuvjmOK_MswlvPsKm7ltjXrk0tCY94
D75_1397.JPG,10CsZkfFHSjaR_wrCGEcXwEjvEZf1hZfs
D75_1369.JPG,1z2ndU93gq-6EsObh-bMCtM0ExH391StO
D75_1392.JPG,1-zIbrV-Mq2MmBG3rbKbxBr-jTRBO2CnK
D75_1339.JPG,1xQgw7o1jR9R9OalBjnIXMlAri02OZVoB
D75_1340.JPG,1xRaeiYVmYVhF3CZVH2JQg4--RyYMzrTG
D75_1323.JPG,1wc1m2swFlDJjn2CWohXByf9J_aw2Qs8_
D75_1361.JPG,1ygEUMdlUG0DLZGIfQq2ifY-9dG1mzhgE
D75_1358.JPG,1yXgTW2bfEya_ogyLw2OsCdV0nd-xdqE5
D75_1364.JPG,1yl3QmR1yqGaBNKmql6ZuEl-fJow5f-zU
D75_1357.JPG,1yFYscwD2pP4BITYGewvc5YM2_M-GSX3w
D75_1384.JPG,1-GRIaOzj44MPladKGxnJsUJ93AnL1Q5d
D75_1353.JPG,1y1cFZ36q7Hn_omVw1XCFlmSVllW6gTsd
D75_1341.JPG,1xTWS6aNGj-OqQZdVebOHLdoAPPiRBjBl
D75_1399.JPG,10LXL0toNm6Dq_-h3mLpn24ElvAH1QdNO
D75_1408.JPG,10r1uptEUAawl3M1WZ9rZNTWPEBl3i7GI
D75_1400.JPG,10O3sqOvWfjYU_PzQMs4zjMUTcAz-41X9
D75_1368.JPG,1zDpOk-oxlo8LPBayE3MwXMvP8KIN5bvW
D75_1401.JPG,10U4bWMDwNa0Cio6XugdLvGiVkUHGgFDX
D75_1322.JPG,1w_C_sKvPwCDGVclBxEMf8VomTGpCaO2X
D75_1377.JPG,1zzY3bpdhlv2yWEiNRBpRNw4ShBod6uit
D75_1354.JPG,1y8grYKu09_F4IvofiS34V8rS4jVYGrGk
D75_1398.JPG,10FxCbqBuEmlrWOVyEFrOSUDcSC4a_P1W
D75_1393.JPG,1-pkomQ5h0c0YyeW1k_PTW7TE1E0vNbtK
D75_1375.JPG,1zPGLyekBm2auBYEPs-6uzJLNFdH626AY
D75_1388.JPG,1-bpEYTMG-uqvvFr8orZNoowfuRX3aRHQ
D75_1355.JPG,1y73_Nnwd1vfyQKvH5TnRVQz8CZV740Qx
D75_1345.JPG,1xgvHlwhZ8wK5UWILu_fEPtR1mskh93I3
D75_1325.JPG,1wq8AAqEr1ZDV4Gj4T69Tx_ryY7Zr-VdJ
D75_1362.JPG,1yiupyNs_8wMN3dc6TLA9zgEnqST3KGiM
D75_1404.JPG,10f7K30MaNC8gubluR47ZoJcXbUTm7con
D75_1391.JPG,1-jbVKyUoYRz2ahhzE0KYJVvrfyRgGL1o
D75_1343.JPG,1xZ98V8w1OmnKVDIMzk7Gt110gBohArjo
D75_1413.JPG,11CbTtP7si6U1grdug2HkME_LRu3f_pce
D75_1416.JPG,11Kq5pBUoZUpyu5ujdU_SF3XPnRurRPH7
D75_1360.JPG,1y_3j8H5xAyaTyCwTKBgcTjDrvyKw4okX
D75_1415.JPG,11Kjv0nHmcYvWcn9k2GW6mVDUQVZGxXLs
D75_1334.JPG,1xCE1QGfFCohcP3dpVp7MxVNZ3u_IU8bX
D75_1378.JPG,1-SMVz0egSZtidr_97SAePV_Ah65h36q0
D75_1389.JPG,1-fpUNQZDQ6X3hkggpbDKwUVQ2ULsvQ47
D75_1387.JPG,1-_bT9susnIbHXTvzhWBwKdFkG74T4qLv
D75_1349.JPG,1xx2Zt9zmdRWqs9tXMUldsDrXKTTVhf8P
D75_1396.JPG,108R32eLguTELABSlN3h7PtbkXJrVHWNQ
D75_1380.JPG,1-HQvA0MNuxF5uj88xzuyGm6y06nlcuFx
D75_1402.JPG,10_zJbRopG6K1jK4JY2coBL42MobBcko7
D75_1326.JPG,1wfBnZp1G0ey5EOZsjSxpRlAQKTfms2Jt
D75_1356.JPG,1yNdQStvtJxaNARfH8cyLOl0lU_T1CQVv
D75_1347.JPG,1xwTn3qg6DMYzDGG9LUxcF46lK65yq5XX
D75_1390.JPG,1-j-O1XlbnccLT5S2TlAGAUT1h66dz5Dr
D75_1359.JPG,1ySWf6Ee3zypLD4TM18JasaMdu_Ae588T
D75_1379.JPG,14A3Lt1AgcTtt9FKZZOeAF4EngG-GZ1vE
D75_1374.JPG,1zUnoNBmNzzgRLdTSVKn9XlgHNGaOYM1_
D75_1342.JPG,1xUg5fXc6Lvt9pwfGPikRtevhN5h8epkP
D75_1363.JPG,1yiDIw1CX1kFgdIk4ahrPld8w9JLTASTo
D75_1406.JPG,10kd80Q-TMRVQpFIQw58S-xkoCpslZA_K
D75_1352.JPG,1y3Hx0M9RaTzHOsePHufnl-u6KCHlu4ki
D75_1370.JPG,1zJtHJQWBhnOpMVMyXY0wW2Ln-n9PJJzs
D75_1372.JPG,1zP2zBcSpFQRjXS43Lrhy4h1rW1fdjt76
D75_1350.JPG,1y1ICUNIPYsYd39xSjKyzQMQV0Jq6rfzh
D75_1410.JPG,1151w7SgiW5bhsNtO7l5jTG9Z4MfjnPng
D75_1351.JPG,1y-q8H0SfXEIX_8A4VLE_LtnUw0GIcXWj
D75_1381.JPG,1-GcupJGSDyztRc_ZsudUXdrDQxVaHx14
D75_1329.JPG,1wwXLtZo6r33CX62CQVND0jTz6IXlE-tU
D75_1371.JPG,1zKjL6g3YnCpbCTiSzSqNSbGrL9npEoeY
D75_1382.JPG,1-FQt7k1rzfZ_wcvoJ0O5V3RNAFgyZ5mz
D75_1366.JPG,1yxw_cd5TggXQ7ZODFpnNDDKBTRSUgyxx
D75_1335.JPG,1x9NcEI9lePFoGUdyj8_tXMtvC0zeAQHx
D75_1330.JPG,1wwpbX-EMHVUULNSZ9ft3ktWxJL-c_54v
D75_1414.JPG,11GoJehdmZM8e05rVQ41QUizyllJLKujk
D75_1336.JPG,1xJ27Xh-4wPGvpIjsGPSKc3hDp4UAUgTy
D75_1409.JPG,10uxY6Di2yTGjA3WAgfxUIz5Mg8MWqToT
D75_1338.JPG,1xOhiiZcx8aYw4b0JfX3nvR0rgUL3lhWy
D75_1373.JPG,1zLquwtXMxs2dCKEAYfad7i8xAo_v1WrF
D75_1332.JPG,1x5VBU45mGwfluNVHaotPjj4sx0HIsUjQ
D75_1383.JPG,1-ChadQP1jHWROtT6JETiSGbWY5J9I1zA
D75_1337.JPG,1xLgz7bZk93rIcYm-5ThDijDjwTqOi3ec
D75_1411.JPG,1180qKV0SAErhLLvl_09HKG6DauvHcITF
D75_1385.JPG,1-Pc6sBYNCyISofkZSiwWTm1mT3E-K_XO
D75_1344.JPG,1xebFe7ouhise8wZbyAZhsk7zdUqq5oa8
D75_1333.JPG,1x3a8MkOr2XRirUiNJ1yqBS4aZIuP9NhD
D75_1407.JPG,10qKf7212ntrWRWhVwAvj7XzUplvu-SOd
D75_1328.JPG,1wspN693vDzwM2YAT98WD9fk71S03sGLl
D75_1327.JPG,1wvgvTFElorWG09TokgKKOiXuJs1WzDG4
D75_1395.JPG,108Art9UC1kG70YMjUJUV_tOXByHP4phe
D75_1346.JPG,1xgC5htuhtgzZduGLUCWrxITwBPXkKEEg
D75_1412.JPG,11A3JzoiXvQK3QgsS4ltHCOoHm0zO6Hs7
D75_1512.JPG,17hkIh3JuT4Oe-6pqbPzRMY8cVKwFqnW0
D75_1510.JPG,17cr5CjUrIXSju3JFIIxBSt3qTqHntvOf
D75_1470.JPG,14xZ48mHCrQfxowgX6ZE33jU5LiVdB0qn
D75_1429.JPG,129NDC4q4FQu69MpZvSmGmWBZpE_bZtt6
D75_1505.JPG,17Q0m0TSBxTOLCbrXsUHa-eUGsTrhijeW
D75_1509.JPG,17ZdkLjiysAkz5FWyOucCO3Nf3MQLU60M
D75_1495.JPG,16a8bDrEbQ9V7MJ6MXSCcjFI0XqiHptSo
D75_1441.JPG,12fOyOZi0-QujXE5x6Az4hPyk4UYf1U4U
D75_1453.JPG,13X1Ih5fdTQKhlZ6XEOkNn7iPcBepv1Rj
D75_1475.JPG,15VVe_lLuqaRrpKLVW05u0LXbjXF5V-6J
D75_1449.JPG,13EYBCWryCVS8UkHbvdOBwAmKhjgROld5
D75_1469.JPG,14YrV2XvXXsch7GAdMn1PQTtGPrLcr631
D75_1478.JPG,15YeVMPrQPTVg23gmFLqiyqykQlZbHTlN
D75_1440.JPG,12Y6J_T1araKyXWVkVy3BUm0mBIKkzitW
D75_1519.JPG,18FQwUGyJ6OqEMwXxNlOEVpG3T9ogyCRw
D75_1518.JPG,187O9c1iiY3mKMAUZI0baR0lq-mv2hLoD
D75_1506.JPG,17QriDWzM2akbvFThmRqxd3Mq99JS8pxq
D75_1447.JPG,13DKoTZrELlKevOiE-sAZXzZsvkC74Cgj
D75_1492.JPG,16_N3-n-hfUAmU4O1pHzc0EtSP89N5VKp
D75_1504.JPG,17P9j0lDP9FiSrHAchdc6RfH5gNISJJYG
D75_1471.JPG,151mhr-189kD_MjrdfZ8SFvbiE3gNuf5d
D75_1465.JPG,14MPCg5E45wyOF25PHQxbVWLCbg3QvFqC
D75_1485.JPG,16EkcKcMibMy37bn1bOVNSJPH-c8d090J
D75_1520.JPG,18I8wfiNl3Aum6RHJmiey0ciyL0pSbe6K
D75_1515.JPG,181Mpj-i0dCidynOSVziL4t1O5alXKoZN
D75_1481.JPG,15tJjYddG0jFMrcbioV1vsWrWPwic2X2T
D75_1474.JPG,15KYXFIrg-ZLfeTS1CS6oBtl8ZXoWqITH
D75_1458.JPG,13bIaE52QL-uYEK8p7H-U11K5gslFnNwK
D75_1487.JPG,16KW3d-BcxFumincAqA2wtZQ7FnZyuWRP
D75_1439.JPG,12RygHMKh-Idp9HVpUOE5EHBcH4yxo6id
D75_1489.JPG,16KpJUEUJLfeA6avUTsY71ArSADZWIKt-
D75_1479.JPG,15g2gd5nKWpZO6sY_HCvogVHiYJRUojGR
D75_1491.JPG,16TK_eBmkSQUYVNtwn0ZCPesA3hz6A5Sf
D75_1484.JPG,1690WmzXfXuIAKrOvWrf-sQ5cf9mur9DJ
D75_1427.JPG,127TsxR7pWxw5OgdBHce4vOQE7OXu8e37
D75_1450.JPG,13Mn7UnDLE5gRE4OKgImG8hMsihNKrF-X
D75_1496.JPG,16v0KsmcJ6wex9lr2AC6Yyn3gcOtHIaad
D75_1517.JPG,186jfbnbgwZntL7IQiS7wqz3naGzSkz59
D75_1426.JPG,120kc6tqDDi30rEgUBxloOcNAC2pTxgyC
D75_1467.JPG,14PuvSP7GG59coiUVcKAw5830SAqC7kXM
D75_1521.JPG,18PcSW258Q6iyd4AtbMQNCgiu0cdMoW-X
D75_1483.JPG,16DG12VoOfNYrEWTZqGiintJc0gabHtUX
D75_1472.JPG,155xtmPmISXjU7gY3UgGxVfXJl0OPEp1W
D75_1486.JPG,16Ib2ZU8gZ1VXp7q2qoNumrj88GYlu8Di
D75_1456.JPG,13aPB8qZkwYevmioHki-1E_xX-vInxzg3
D75_1452.JPG,13Yc0FjMz4QSw14rQ8VELbQRhQrcrOEPZ
D75_1499.JPG,177WiZxAL7016r6cNXfRegkKZVPWquBBg
D75_1507.JPG,17Tlj2CkyFqJQEiifVoq0dSsUqYjhrbJK
D75_1438.JPG,12Y4XvLbbjozLkp83p105kTSeo0QqLmpF
D75_1477.JPG,15Z8yYZDEhg_QTWbVQNQLXngzGFqKvvR9
D75_1511.JPG,17dzjHhRCNUf-eaXKzinQdDVr-IWdfv8a
D75_1425.JPG,125xf2ShUlMpzq1fUYCtLBvra01jmDhf_
D75_1454.JPG,13aKf_qnbj-9GAWCtQbE7pZMi9S-zZZy0
D75_1459.JPG,13m8qLj2UtAKv17HaQNXbjBVK9O4Yq52b
D75_1431.JPG,12GtpDErIkni2Au9uSZ5urK9m_z3AioWM
D75_1514.JPG,17yRGEHBoGyASEG7_nWqWgsT9ou5foT5B
D75_1468.JPG,14e4CXAMtXnq2HawSvNmYaw344-UYdGVc
D75_1443.JPG,12xug82rtRrtZKCO1fGj4U_5Pu6ua9UB7
D75_1428.JPG,12CXRLtBRnCeGZx1PyMmGfX56LuXmgqle
D75_1434.JPG,12JirFKcMikLfScvJSO2018c0LsyhKV62
D75_1466.JPG,14QZpzC5l8pAic9faaw3P-xBn6Z0kjFb6
D75_1436.JPG,12MFd8PLjq0ZlhCT7492fXdkgaqjzI6wE
D75_1482.JPG,15g70M9UjBAV7MAY87tIlLrE4h9Nrx07z
D75_1433.JPG,12H4lH4PAJS05ZPU9dl3W_8qiSR2vbx3a
D75_1430.JPG,12EnUgthaNb7A3VtqvajS701BZdIo_Sw6
D75_1464.JPG,14EwAYbsHdesRB6hkQ8I9RoIVyqnTcJve
D75_1422.JPG,11nwvUsQI43JwgSHfZ98CihNgUYAAaicv
D75_1502.JPG,17Nvi3fkgmoRjnwqjEumsoBm5aA-gT-zp
D75_1432.JPG,12ICWV06D4jt_X17ODnAj72QXc2dQKrCq
D75_1463.JPG,14BUzIWNWoZxQI8wwX1lCyxN5myi0Arbo
D75_1480.JPG,15ew6WRJmSkkJBCacohuwKUOcoFr-G-qx
D75_1501.JPG,17GE0eYID2V5ErKJ2LK2DsJ6XwVpgkvSL
D75_1448.JPG,13FttDb9zVvgAOV4W2Mc4v_5JqCYPokn5
D75_1423.JPG,11oM2wQ2IS-x2KrZe-l63y90_c4ymTqEL
D75_1490.JPG,16UF0XwfqjRAjQQY33HnBQ7kpe3uo6l9J
D75_1461.JPG,13nikERS3GbksbQQD93eRNDuiFjrZX6hy
D75_1457.JPG,13az6KakDbKv9njHkHbdvyorVoUoBTVUM
D75_1435.JPG,12JoJBsCHFnh_UCo3s-vToZ7UEdxWRoN_
D75_1494.JPG,16k04dP7cda_MAzEge7Y5k8QYKQEEpKZJ
D75_1497.JPG,176vyhZROTAmpNYGpNbB39YSp2y_7L3pO
D75_1498.JPG,17FPZfzkMptznsqFd0b-voyao0FR74Xqp
D75_1460.JPG,13nd1pUR1zaCrRab6-618Fa2a2655c8V2
D75_1455.JPG,13Zew86CnzreoEIxAZ39j4G_inj-Qw8tQ
D75_1493.JPG,16WIv54I6g_DO9ffBr3Oe3_hyug1FyGJC
D75_1462.JPG,14-PV_8bzDv71vSIweBxQ4_DJMSk7Vct3
D75_1437.JPG,12LRx6MoTMtv5_2ktQXXXVrrXNYeH0qRd
D75_1476.JPG,15VKvlTIjjIYxSR1HJ4soD6KyjXdH--fP
D75_1503.JPG,17Lpt-UFSNpd0L9FxjxyP6V76kdS9wrzD
D75_1451.JPG,13LEtaK12YPP4V5FpO90Ag8WFGIiWMo5Z
D75_1444.JPG,12oUluxmRl72NFVuoo1FTi8prUe_lX-l5
D75_1488.JPG,16N8uP0x5jLJibyOWKtuwmaPb-DQsxKtH
D75_1508.JPG,17Vg4XRxj14wuMzcHnZLMZxGHmtp3nyBf
D75_1445.JPG,12ziyj4lOU2eZPNsjtfD7KJ7mlj-ed31q
D75_1424.JPG,11s-B71h983abru_fWmrf4CaOHEIPiul9
D75_1446.JPG,13E851yaBIUE0eIpZkKSNxOiSm1BcZhTg
D75_1442.JPG,12ef4kywlYZf45kZWLwYunSR0reEOV0GJ
D75_1500.JPG,17J1F0jH3q5nIu2Rc3JPSZbvl_JaPLFDd
D75_1516.JPG,185zvaJwjXI95VJtOWIqfLcQoxL8-RkWS
D75_1513.JPG,17l_9mhIessJoK3zML7EO8QjZEh_gppMk
D75_1585.JPG,1Bi-mXG6Zuf1aH0hnuiY3iAdWWGh9Xdbx
D75_1523.JPG,18WDV3RdTHpDVexu0j4dSAh_jz5l9pqmR
D75_1615.JPG,1E4orj6WoorDIGbT94SlXoDD99rxOm3N_
D75_1612.JPG,1E2psDBQgnMMCUAoEuwM-0uemlXspRHSu
D75_1576.JPG,1BRlRvHW_Np502KPMwzheIM0WQj6AvNAk
D75_1542.JPG,19RpF1ngxnzkJAEyzDyNgaS3Tkul2wjij
D75_1599.JPG,1Cfcw-OGoH_yuS6pJUl_1K4-1DVKthUT3
D75_1607.JPG,1DMn3sAoBxkzVV1rCWCuSJSVmfqTiG_S-
D75_1569.JPG,1AuvFPbN3IBAj9Pgv5WSnTurcPmndr-o5
D75_1541.JPG,19OQAP7TmxWmELM8z51VTGBnrg6P3pbYc
D75_1563.JPG,1AT7ilRMEgXushWSnW_Ua2WeaQSaYM4Fh
D75_1568.JPG,1Ay6cNeaGYlM3U69-hZ0Fpzrq0JA7GXkG
D75_1573.JPG,1B1jKQtSMZlmaotH8kMZTcRBEBvMV4j3A
D75_1564.JPG,1At1Hr4yH05aqChKSlXK5oWt9F16Qg4eS
D75_1590.JPG,1CLNgPAXgueer3SLG9MMg0yFLC0lTnPyU
D75_1550.JPG,19oXeIN1TvFCg83m6MvkquBFOLqByk6FN
D75_1527.JPG,18nwb80cm3kvULKfNVginyZOaHDXZfrPc
D75_1526.JPG,18WbeJXN-dSrbRjFCVTl3ANum-Xj_zY2-
D75_1604.JPG,1Cz3mCHw14U9R_wXBKTVF_aYKuexqSOBr
D75_1603.JPG,1D0nYd61lxIC4smeOBbCOR1_ptLIdQx7X
D75_1567.JPG,1Ayb_DTjkoL0qHW7KANEbSS1q5HIsE7sj
D75_1552.JPG,1A42-GhNrUZmLQBiqQ5wMO_4Lw2HKmsvv
D75_1538.JPG,19Hw7KMIkV7KlhoJ4D2kKxpiIYhn2S_8h
D75_1558.JPG,1AFtvZ9mloqEvQOuvM3zxBxjn8xUlZ8ec
D75_1528.JPG,18mcAs4-FTn08ijHWxgNusaNQYKO_tzd1
D75_1566.JPG,1AdRvnRS8jQ5OKM2uC-pxAKyZZAlFMwbh
D75_1559.JPG,1ASaF-7iZo4pp8YkW1D7RWqQnx1ACEpdk
D75_1594.JPG,1CUCm1rClc_HEP2BQBALc49D0xdmjQRQj
D75_1557.JPG,1AFuepOXATMP_sHRcqYo1JQJkkS5v5R1M
D75_1600.JPG,1Cmea_R_dm_OewYxsIxDxtQpIhrCa3Hy6
D75_1609.JPG,1DZyqFx92QXlqD-5Ueb1g8VkBSQRRiFrM
D75_1588.JPG,1CAVzFxt_rBudxrY_qVAMD_B0Z56o5ReZ
D75_1583.JPG,1Bgx07ttA08OOYRwMAMCxNYx6v5kjpc1j
D75_1536.JPG,199hx7SNcg9iRW0NBwst-KsueXVQ6hyOm
D75_1546.JPG,19c1Ek29t-KkW_n2VNAkBiE5W-M5bGZMO
D75_1556.JPG,1ADQvJcbAN0DjKBKVOMPQ6v62uorcx66O
D75_1574.JPG,1BHoiofxu05nXeM_S5Gg6ENdpzHjS16g-
D75_1610.JPG,1DhYfWx1Bxmz4amQr0YOJCgZGmz6TrvZE
D75_1543.JPG,19QgSz_AJvsO-kDpIn1gzWJBw6c1Kb0kp
D75_1539.JPG,19ECajesMrLfXZ_TQ8oBwLyIj3Oe5VN20
D75_1561.JPG,1Acwg08pU43SnDzbvYKpEKl2fmsHXWJTU
D75_1525.JPG,18ck0we4LZ1kQIvdsElyqjtxP_Q3QUxmA
D75_1579.JPG,1BYAt1o-4OV-my54tqMijydf95RY_59_J
D75_1598.JPG,1ChYVuCRVVRAYglqZusIA12FFq-QNLXMd
D75_1596.JPG,1CZ9Bkb6x_gBnEkmpvnzgo9B_w8wnAZdP
D75_1601.JPG,1Cp5MvQKQGALf1SexyzqS5SZuREYl8wHF
D75_1522.JPG,18QME3q7sxrgJvlKAmaim1yvtLPzim4C8
D75_1578.JPG,1BXsIfoQZV_1Y4AJmQ0NiNB8FkNbIa2sc
D75_1547.JPG,19nbZ2wTJl1rCwSXgy8ws4vcrtBc6xUPB
D75_1531.JPG,194JmTWhJdpQRPoJGpCoeNAx59v-OLwEU
D75_1586.JPG,1BzgC3CNRVgm8Zo-YhUhJR6OEAzqE1I9S
D75_1553.JPG,1ABpFfxhaf7PZo7f9WCt26RbT8ZABtDCN
D75_1535.JPG,199hx1lo2W6OeSQN1ru6uBOWdBRsn5pEZ
D75_1581.JPG,1BdPwoIO0uMkNkxunj2nWbu5LsYparGfd
D75_1614.JPG,1E9fYTiym_1bfGfFd6DwbUch8SQlv6YF2
D75_1548.JPG,19icCoA7TRcZM5nWXVJjmkv4ja3OLW3OS
D75_1587.JPG,1C1Io8tlrhW6xlgW2sQPu2MMvAbWcUgjs
D75_1584.JPG,1Bq-JYgnpTR1ozRkRts-cqEDaZPWtPEci
D75_1582.JPG,1BdfyaUIpCYa9oJqsHc9ZD8bbIsbtisoL
D75_1530.JPG,18uvwLWfIZb20vXcsfzmXwy35OIT8cpsf
D75_1595.JPG,1CYRI-WyS1waA6mFK91ORzqtmDb2vknCf
D75_1554.JPG,1A9aiqq4kJ47EIKBTN9uaejK_ZXm9Vk3M
D75_1537.JPG,19BTSAaka88M57yLCJaVPwPzem2VcL02D
D75_1606.JPG,1D2-MZZZD31TYrSo9wo5sk1W1fzLMrvb6
D75_1524.JPG,18RL_YQ0MCfeZs0c7FmtMesa2PLOt-vYC
D75_1544.JPG,19bqgj_Yr6RuKkW51LNk6pjNDIfDKciT7
D75_1616.JPG,1EIrGFGjk6qHnaEyPehndv452qyK9453n
D75_1602.JPG,1Cpfy74q6gXcsGWrH03HwSd2e3R22Oh3E
D75_1577.JPG,1BUfGYJtrkfZTBONQRCP-jiGAM8ISWqXH
D75_1545.JPG,19bOO1GD4VJ4OIG_TNH7dlECT5eOefTse
D75_1532.JPG,18yVYsuWOLvzR5uSwleua_wDsBKYWj_A-
D75_1592.JPG,1CQRg4m601LnWzQ8HZvOyf8qNpp9U8aXb
D75_1570.JPG,1B-bM9GyCgz5enOL2eWlQiObLSLAAXqif
D75_1560.JPG,1AJUe5VLGvQbTkgDOJRxymGLGM039kodn
D75_1608.JPG,1DXCvEY0PMPoq6_erVoXp0SUxpW-EBdOw
D75_1540.JPG,19MOgw6KRlhwQjxaHg2qq6iNNGlQyGO49
D75_1529.JPG,18pbqaRCkxDClCo2ZWOn0KJzhEe3FSXd2
D75_1555.JPG,1AFO3HVQWobT_rB_tLupLDWIcOqchjaad
D75_1565.JPG,1AgKjZE5XSxte8kRYlMZS5CF49U6LfmbI
D75_1589.JPG,1CCnEgNJ5C6DUgfIIOLdyPWk-_JtyBHXM
D75_1562.JPG,1AYLUpCfG5hEYYg8bPxx1zeZ5kLLp9kAS
D75_1605.JPG,1DK1jMfHZZtfrh9ta1s3XaoIbpWE9jVVY
D75_1571.JPG,1AzkYphHNrBJosUJyiOZsAAcY_rLGpRCH
D75_1591.JPG,1CKRl8XrFX7Tc7b4SGHoc_ycISC3ui0df
D75_1549.JPG,19oOoj_gUawpjA6wdjy50IiBjiUvOFJwp
D75_1533.JPG,197seLY0wbSZ_7EAr059mtTrJN4wvjMtd
D75_1534.JPG,199L72400-aKrxi5cRkL0C19Z_vyvQSS5
D75_1611.JPG,1DaELZst33rKwWkSfYdFZqaZvSLnwuaj3
D75_1613.JPG,1DjTWXcg1dEURt_GpMLuKF4J7O24xZHBd
D75_1580.JPG,1Ba2qEBfM0HX3-wo1UrFuLBhuhj3lwESZ
D75_1572.JPG,1B6rF5IDeD2RjSMT9xb9kAuX6bHz_j7NG
D75_1593.JPG,1CQfCM46CyIBME19Lf4uSzVuNtwJR3HP_
D75_1551.JPG,19vr_bs7fgtf7MbFw3-xHRcm1Wmw-lgsr
D75_1575.JPG,1BAiQm6bc86iIpQEei5y9DXsiHoQYLJN2
D75_1597.JPG,1CYqR0ja_tLkHHWbUUqOqYByoZC7FVS5A
D75_1910.JPG,1Z3IqiHs_CFjPfmZyJfQIVHPYp3XcPuLu
D75_1932.JPG,1_S0HAU7nkz22D8rfsBGHQBe0HStjPN3z
D75_1959.JPG,1b2a__uuRzAD_hxclHeSA1l857H5aF5JD
D75_1904.JPG,1Yg6c7NfSIASjy4hPM0HLOMg5KEzHCNme
D75_1956.JPG,1afXj0fFvwu0_TQkOOPL-lF8Qm8hBbazP
D75_1887.JPG,1X713B03IoF2ZpbL5LsXA_9NDmf0qtLZV
D75_1875.JPG,1WfzWtDQow06IX6WkNyzX-Ia9IpwpsX69
D75_1918.JPG,1Znd46jcdwsTdPZpM_XTUZUWp98P2si2w
D75_1953.JPG,1ae7DoEsW1O4A8XMvljqbtJArcQWnTbie
D75_1906.JPG,1YtA88lhuR_TX6tyAhphxFmA05bjTE8nW
D75_1891.JPG,1XOIwDjQ4-NfZ97aL2n3oRSV9CMt9gMSp
D75_1903.JPG,1Yh6PtBtD8hDTlftu0MnN3Pr5pWI-nOIP
D75_1878.JPG,1WjUQ_alXoagzl3g6amBCqMhLtBqSff-0
D75_1907.JPG,1Z2dqUSzFQGpGYDoDFZkJbPLUSj3i0Lgu
D75_1877.JPG,1WheyMjoDgJuz-hrk-pQAUMdP30VRksLI
D75_1876.JPG,1WghJUWl4LWvC834mUUmGlBSGHLnFJAoj
D75_1923.JPG,1_4csmTPGbXfpgjADniQ6M7Oi_s4Uihge
D75_1911.JPG,1ZSpJy7eYuIPZnNrdn6S_Vy4Zdu-K6bD4
D75_1936.JPG,1_hHRyLQ_MYAAyF_6yAwjaSE9E_FqI3wm
D75_1895.JPG,1XuqL5fo7Z_POvLJJzVXLgvQABJvRMHH3
D75_1890.JPG,1XHBaLIBpc7sVWq6_75YbSc1_AiukHGry
D75_1943.JPG,1a9lOAbzxE-tNwcqFBx-OOF7qly9xchZI
D75_1957.JPG,1b0a4HdwXPdQ5jfAlQyCmatPbnq8LgPdl
D75_1905.JPG,1YvTTHqN-5CnfcumiSb7Qzd4PJGr9u7dG
D75_1889.JPG,1XKMPnht2nIfGAW3HiRvKUaFp1Pxh8gtt
D75_1902.JPG,1YQc3vYenLCEGFuTyyXYPH7j0-sS7Lsi-
D75_1945.JPG,1aDJEzrEnTbXeyqE19WLxQjTD94kFb8rL
D75_1901.JPG,1YabmuitpUuFiR7yO068IdM4QNZOGZPGM
D75_1924.JPG,1_2tuDFdecctGPgRu7HRbgB7A2qq290BA
D75_1927.JPG,1_FLMq7ytSBnfT7Ef8gh0-L9axWEbMjhF
D75_1916.JPG,1ZbUz3bG_kax3sLPbt_JxNmxvD8MbCES5
D75_1933.JPG,1_Yn468K8xdSHqSRv9rHJueii32Z824L5
D75_1926.JPG,1_52dzEwDkLmcRweYqFetlU7njGprFggO
D75_1948.JPG,1aFCObeSz8l3lak8wEayu8WfATdpFWT3j
D75_1925.JPG,1_6vqQHgcGK17Uv81hWFV3H5rR0IkuNGZ
D75_1883.JPG,1Wr6zysGE34c1z1fy8v4j90PlHU_s1fbI
D75_1940.JPG,1_zA3mZctdW13w4D-Amu2mgxliXvoj9ma
D75_1870.JPG,1WOkfaXp0p_jSzuYPxsD-z8XJe7FYRp9B
D75_1942.JPG,1a00nD7lSkr9Zm7TyVFOYtWB730ccEj08
D75_1915.JPG,1Zeb7Bsle3AZxqDWahn1BQGUqAsuh9URQ
D75_1899.JPG,1YIgqCzmCIMkpWq3glSme_TxJlhe5Xs7x
D75_1949.JPG,1aRSTxqxUSXeRM7xWSzU4DnyY64l1e4Bl
D75_1888.JPG,1XC7ZTvx-HXKX5mTcn5KpmTV9rlyBSKYo
D75_1900.JPG,1Y3epvi7ict4xcdtMR-eDTPMcWvLY7MWg
D75_1898.JPG,1XyDC-PcesVHeYXqB98DSZkXck_wPf21f
D75_1885.JPG,1WwTq3Fw5RnjMz1y7d5K97qWSmYFyPTDo
D75_1914.JPG,1ZWf5FvdXeBObIjSy9gPzs5s0AQ5-4oi9
D75_1919.JPG,1ZyTIHX6I44M1fXlWdIneBOgdsKoWy0-G
D75_1871.JPG,1WOvjlEdAztpYRAezktQwyeQg6C0MExyP
D75_1955.JPG,1anqUh26hZVgo5FwnLyh696rqq2fe2Nvl
D75_1865.JPG,1WC25ruZi1GUcI1heVHwf_OrVahAhKtft
D75_1954.JPG,1a_L2cQdwuE-iLmfugsEpLd_3h4PTdxjP
D75_1950.JPG,1aLvvkw3RfqPL4GaOw3WN2FakrgAv-x7f
D75_1897.JPG,1Xzqn6LnQ2-JIFTLU_oftkqrP_SYp59T1
D75_1892.JPG,1XNE74HLpvcAacHymm7WxGoKkPRY2vqPW
D75_1880.JPG,1WoXssniY3nQHpRyG5uOB_m6EdI11ILMv
D75_1879.JPG,1WmuLrcq3DH1SibfHtXKyWKVqC9LYGV0h
D75_1935.JPG,1_iiBUwpmYyU9GYvu8iPBEMRVHy8qBXeF
D75_1930.JPG,1_PtDV_-GeKyRx3B5ncXfA0aoSNTGFnnn
D75_1920.JPG,1Zw2bfbwamOHgbPIkjoafUPLKJ9EouoyP
D75_1951.JPG,1aXygQjZnoPLCWvUapEAgKzzaOihMpUV5
D75_1952.JPG,1aSnwTY2ionRo0jWMWeQQEb8QfK_ZUsHH
D75_1939.JPG,1_z_vrJIsaZfq2aGyZ-Ecs2d1FpnCwPeH
D75_1896.JPG,1XoBkyK1fM2jvX67l1F5nJxs6gESqrSOx
D75_1873.JPG,1Wa8sgxtv5rwgEDRHZsggKDFZ9TMGWGYo
D75_1921.JPG,1_0bsXbgrlIHq75kvqVtbbNOk_0ucH7Ng
D75_1961.JPG,1b8gaEZldE0LCr0EpkzU0u7fWRocRhry9
D75_1908.JPG,1Z-rhBdfo36Yti8Hceu0cEX7vXqi6DQkY
D75_1944.JPG,1a3AErU2aq4jbIvfHd45NHQBDqaEiUpyS
D75_1960.JPG,1b1ImR5Eb54pZAStr-IIpCAb5YlPQh7Op
D75_1958.JPG,1aoIpvOPkg2IctBRCRFBivKpvlZxqjw0u
D75_1962.JPG,1b51kpWETAiaW1no0ZfbHfe4H5Husen3V
D75_1931.JPG,1_TEhlmiqoijJ1G9Nk8tCyI-TL5Utk0KX
D75_1881.JPG,1WpSyjAnjaUYG0D1BX6TyvMQayZD3XU2S
D75_1934.JPG,1_TxPDL-H7LYWJYcuZoafntT4UQtQFn2u
D75_1913.JPG,1Z_nLMq94TsHL1lwUUo0V71PvlhaC7GF1
D75_1869.JPG,1WIf4tGuvPF0UtzOvUHqdX5Rcm6YJuS6k
D75_1867.JPG,1WFqDmvahqARKmvTRXKL1kuC1AMOUdDiU
D75_1886.JPG,1X35I_y7L8-HEE9E-a484A5e84IooiDAD
D75_1946.JPG,1aAo0asWJwK-07nUemobaNBefFEjqmOhs
D75_1893.JPG,1XnSitfJRXSBVw0DAog0tngScbztWBzQA
D75_1872.JPG,1WP3ql1duo4vdyitAVeC8MQLEM2eypkuy
D75_1929.JPG,1_QFyjLcs8dXXrUTolWPcEtHy-cwYOsSU
D75_1938.JPG,1_uCPCvfIa_5xUNC8MHqhywNC91EmL7xU
D75_1963.JPG,1b8u02vVzt0hF4jde_0QFCFNrO5UwiRvK
D75_1868.JPG,1WGEJlX2vbvwNKpgXjeImgtssnycsluHs
D75_1909.JPG,1Z5xym32elFL7E3fHnTlJfk8HhduzRlkV
D75_1917.JPG,1ZtY9jurcPA2bOM73TZ8DAZQz_G5ncBpr
D75_1947.JPG,1aKRpHX9So5fU0eTpBX-m91TNtCGA6VAR
D75_1912.JPG,1ZAgadtmOSahr6VhZGQxhUFRo8X0ONcSH
D75_1874.JPG,1WfCL9nK3dMby2jTpX628xWIifQ5my11e
D75_1864.JPG,1W6yG_0VZ7jfChfBCHYGoiALYqiu-sDJv
D75_1894.JPG,1XfprxnUDthgfmdmVEodqZ3RMqkoSb5PY
D75_1866.JPG,1WCuChCr6SCuphZVRQtOCeQ45JVMbllT6
D75_1937.JPG,1_xqgg60cRNChaKioELF_VkwPJCHwg-eQ
D75_1882.JPG,1Wpo9H3PZrOgyynJ_BiI_pPVlq0WdxBsJ
D75_1922.JPG,1ZyhmiqmbfGOB2Akwjfv7fCPIYgK8tXrP
D75_1928.JPG,1_9NjTFiGDSvW34UgAcixd1Fw8QJ1uhex
D75_1941.JPG,1a26Doy_lU4d5bt6sFoLvPyCmUCvCY2Sj
D75_1884.JPG,1WrduomTs3dWGUO2EbN9mydw3pSeF-NXQ
D75_1860.JPG,1VyIMvscM1m_mK8Hk3nfgHEGUK6lOcXdu
D75_1863.JPG,1W0K6av7fe46EMNNfVwt85sMH43T6fumF
D75_1862.JPG,1W6jhl_QrbWC4diPL1oWsyRG6lZ6FjRq2
D75_1861.JPG,1VwPKTHjPo6WdqCWwf1JzVCJUgEm0C2j0
D75_1859.JPG,1VrLUb6stmiEcXo-zg-t599tcAWZ3s7D0
D75_1846.JPG,1Uumbw5RKoEnuv95sDwtDV3mCEJg49DVu
D75_1812.JPG,1Rn0WSYNXT2y7LIiLOPwAlQFdzFrLmUjB
D75_1779.JPG,1Oj8JG_IcWRm75Ikua_X4Z825iTe9iuzA
D75_1831.JPG,1TaD__OEcx3kr-YLfQ0_k6DHs3AHQxvJO
D75_1833.JPG,1Ti4k3rgcbeTEIrwMTesopgm8PiOel_hI
D75_1785.JPG,1PDYbecGgB0jNwo8qTrgWV0b2mktZ7v0k
D75_1826.JPG,1T4K0xohHLVfds9SdLlDv9HKAmyaj2qPh
D75_1795.JPG,1PyGEOLRhYrHWwhS65lORNgjtYQzl3azG
D75_1811.JPG,1Rokj_pzSXOCRZkct4IzfLhcvMLXW7XPZ
D75_1768.JPG,1O3qcm9GHVtZZLpmZCNyFhdTcifsqps7T
D75_1852.JPG,1VWzYrOTy3xg6FUfUhbm-4okGt4QuTWDu
D75_1747.JPG,1MnhatLFzfozt5sT4F8WxoqEd3CkCGPH6
D75_1752.JPG,1N3YpR2bityH99Y_f1C1JmT8oqfcS5mA0
D75_1753.JPG,1N7bLZAU5eg00esVQ9aUc2W2qy_d5R0Cq
D75_1758.JPG,1NRfB1Ts8zwr7UpDAkJfwiqxF5Q2ECiX2
D75_1739.JPG,1MBlc6vBp-JOMT6mg__qZgQ8hf88i3wyE
D75_1751.JPG,1N62NcIp4KqOeMcQ_DX_r2LbhxUJNwMwN
D75_1755.JPG,1NGH3RetZgwOeIKeIspwiFR2zN8Had5Ot
D75_1750.JPG,1N3JyIiYJap3dgNOeI90jVQ9Z6RYj5c2K
D75_1735.JPG,1Lw6ilF3_KwVCcD_wJsxaJWcMRTFX942k
D75_1740.JPG,1M80HyhcoBuRUBOgSkTxaGm0lvCv0gBD3
D75_1736.JPG,1LvY5I0ELxfQcVPsjF6kx3PVjCPJl3Ial
D75_1762.JPG,1NmlR4V3W1vLYZ-fRBPYOTYPOPBs_-Jrs
D75_1761.JPG,1NmBPnjhtsHanIWNJprhxrczWZnC3h95T
D75_1744.JPG,1M_mx4gBt_Xw5qlXbAskIPX2Gac91RWmY
D75_1757.JPG,1NMsajZcm4fppm1-CM0XqyUg4aaAJWRlT
D75_1749.JPG,1N1Ttnx07tgdLC5TBUgnpBiPY4KnWbrkb
D75_1733.JPG,1LXbK_g7HdzwKvDPO-YgP6hve4ZQMDvzU
D75_1748.JPG,1N-Up8YeQke0J9cZhYb6suEDxscfNuyHo
D75_1745.JPG,1MglBWBxYz6Y1n-5ZyzgP9kRI21oIstnw
D75_1754.JPG,1NK4CNz7mKv2_eCVG6YtdT3BMpX5zXxVC
D75_1763.JPG,1Nq-esQBHoAcIuiQOeop1SK_XD9HB3BIu
D75_1759.JPG,1NerasAQJU6ytOku1DIJ2upPQ2Nly8x1s
D75_1731.JPG,1LRacnmrB6QPlmbQPKSm9sriCF5aC7Mwu
D75_1760.JPG,1NkpSfFre7_uxY_e8gHkLwMVtPGk0tXXy
D75_1738.JPG,1M5EtDxBK20dGT_vF7bWXA3F5Vx2E40PW
D75_1734.JPG,1LjlLlo51umnyy7H7d7FTGrFEJ2WcKqgx
D75_1756.JPG,1NK4LnYyETA9CjlE8rI1N9Ro9YRbrtrod
D75_1742.JPG,1MKrzk3DILl4TIgip7UTJDq6xVoTpR57J
D75_1746.JPG,1Mia3WosbTnCMMSNjx4zvyg9MA2Mwo7R_
D75_1741.JPG,1MIX98gmxbYKKu-StkRPX3GJPJ_XktUSg
D75_1737.JPG,1M1q2RqZlPA5XEyh3ZrABRH1d3s2-zerD
D75_1743.JPG,1MU9b60X3R9lN5D05O2wQe3WOkkEJYstl
D75_1681.JPG,1IYpmmyY3IoKOSX6k3cSM2h-OqK7RRKWp
D75_1722.JPG,1KrOVzodRQ25qYJdCkrkEP5gLP4K-MHGs
D75_1677.JPG,1ISsvt86InKEp5oloI_ICefNFSOzWIi28
D75_1698.JPG,1JgoS5ED7bFVLAr_arK_55q5qCHkt20Ga
D75_1713.JPG,1KY_P7WWPhykEYHZlK4MDsYvsa3hvfrCp
D75_1694.JPG,1JR7ASBAxiwc56rYLtdFyWYgHgMu4-4mD
D75_1701.JPG,1JiJVXNx8IrGOFWqMImxu_U8JBB4Zbval
D75_1716.JPG,1Kh73u3SQAL385hbwqNGb79nCeD09XrCW
D75_1725.JPG,1L4pDYv4iIc_qKSOAdsjqP_S-mAXYGeBM
D75_1706.JPG,1KGT5K3wvWyaeiYcOVtu2kJYqjKjRSg75
D75_1697.JPG,1JR_bJB-ekiIM252vL5ybPypLo4QtWVt0
D75_1705.JPG,1JvFeTBWJEjDf95nnW4w-mVvNut9KJYZB
D75_1686.JPG,1IpHTak71OGAxMSVPq_hJQhkFnVl7T7Ft
D75_1717.JPG,1KnRXDR3st30F9fnLb-0wurDMY-va7yLz
D75_1711.JPG,1KXlREqZGrdnAmzi0zs9kJr06_97AgQRK
D75_1723.JPG,1Kz1WExDmOQ03zJMRo2_WuosWepPst707
D75_1727.JPG,1L7xc3HI8dUaYIZFsunLWezcg5Swd-7Jc
D75_1670.JPG,1Hv3ioCULpza8cS89SYyivoB16V97H2lf
D75_1687.JPG,1Iw-ZoO6lwISHch3XTLazlfUciUIxrhmN
D75_1720.JPG,1KqW0KbIgKiWzcR4KtcnxUwZllZ2AtPtv
D75_1704.JPG,1K3r_rhRYS9MUvD-_cECyF_-v8eo8cPlF
D75_1730.JPG,1LGDUYk95CZq8s4oCck1IVDoN_Jkb0lJO
D75_1674.JPG,1II_nY7lBHPhQzjqyfmECO3ZL5fOCHH4C
D75_1696.JPG,1JZr_lZ2Ag57hT8FBDqPIvm7f5Xzt-W24
D75_1671.JPG,1I6CZpPgiKlOrfP6s7mxjJdnXO52MJWf4
D75_1712.JPG,1K__oo-ZtcI132wg18enx4xTWXNrxBWA6
D75_1729.JPG,1LE-Z2HPCNxChQ5cfDO68mTnaVkahhtf4
D75_1699.JPG,1JhEMyoixqjQte7Ct54_VqLnaaQIiZ_6Z
D75_1668.JPG,1HtE9loxC9jPb7Bjm4HBdM5mNr0ObehJr
D75_1680.JPG,1IX33XbHloDhrJEjFBh70e7CNFInsjSFj
D75_1667.JPG,1HqzDDHaUJFYMigi8H_uGmJIZPxUSJGLa
D75_1672.JPG,1HzFxNCwZsN9_G0rcA4RgbBVndORbwUtX
D75_1689.JPG,1J3X0ms4fzC1J-1EG6TFyvqhdXI-xsWx8
D75_1675.JPG,1IJ7bOEK9d7FZwTzSWeENHT25ee7lsM6E
D75_1666.JPG,1Ht2IsFe_J6lZ6Ls-RpQVBaqK5BSno0Dx
D75_1732.JPG,1LNMllp-skb4r02SQUp1UpldF181rAxFa
D75_1719.JPG,1KpUQ4TK8HmqdHns7aL-HgPM9ZT_GfVOt
D75_1682.JPG,1Ifg4bYfiyxBjd7loQ8HuASMAR1OhQfWl
D75_1695.JPG,1JQCfcYQNTP-cNqFjs7Bvilvis8TZ4J-z
D75_1726.JPG,1L4iyvuJO26Vw7Qq1MOJ2QunDxPibwb9G
D75_1665.JPG,1HpRJIhrnfknC4aaCCYb13W7qPROo87KN
D75_1683.JPG,1IfmnksmqZSVP8Wph-Zj6cwxezlCxG94c
D75_1714.JPG,1KbPVtlSIHc3CTcKrA3oYpiIbG1Mb9gnV
D75_1693.JPG,1JJfH7gxVzv2rxbQJSfHMj7_IIwHF223L
D75_1710.JPG,1KQ-S-dIhlMFSwr9w6IyJGDJgvcwF6867
D75_1703.JPG,1JoVkMjeGoWOPKcCKddffRCZWYndYO0pK
D75_1685.JPG,1IonPCsGkn9JdhOQgJEv1diE93IgwMRnP
D75_1707.JPG,1KIUEKZqpNt2pN90J_OsOzPCzNefK8MLj
D75_1692.JPG,1J6CY_gltAmSv53t2Qf2XegKQv_HJeFbi
D75_1702.JPG,1Jq4D1W6aLaiWbk7GDK2fjohWPUYCXRb_
D75_1664.JPG,1Ho5XYNJKuXYU2O411wf2eJSgjBsTDTJy
D75_1684.JPG,1IpBqvtgiOux29hI0h0dSUS4leCeTOTxC
D75_1676.JPG,1IP3lZmXB3QYzQ4IDCZOGtDxBcqlI32ER
D75_1679.JPG,1IWnolxzHCQzLPUbmQlbdeQxBwXXMp7He
D75_1678.JPG,1IU2XOJ93m4ouFYNQKuHIVWtdC_4qNii-
D75_1700.JPG,1JnORr07_C18cXNcK2Km_rjHCpeHX8eG6
D75_1728.JPG,1LDXDSWqVDReHE0htj6xefY1VnsdVmZgg
D75_1709.JPG,1KOEcqs0EiYY0NY1SwowTaEdnV6JRULOp
D75_1688.JPG,1IuEwc1gpVUlFbSeg-OpoQ1bauk2xtu4_
D75_1691.JPG,1JFd2Q68u2ZFpTZvwl3sd7OoT-gFH4PPy
D75_1718.JPG,1KoEUza-ehSyC0fwRHsTqD78woSlMTdgx
D75_1715.JPG,1Kh2fskRt7F4xBjlpMBxho3DiMsc_PkUP
D75_1721.JPG,1Kvtj7o_h28RpnfEiBxj3VhNXnUJo-BsF
D75_1669.JPG,1HxOJxuxBqMGGADRlNydfRlMjOgqI3BM6
D75_1690.JPG,1J2k_KVaJfqtcMZcewBAguKi66Bpx55zv
D75_1673.JPG,1IIEqliM2JQudXzt8YoMJtA00XFTILhQJ
D75_1724.JPG,1KzDkW-HGqfO5mdAUlFHZO2pKsR66yEpH
D75_1708.JPG,1KLUfxjQ80Hh31Pcl_pxmouhh5FtHLvgc
D75_1624.JPG,1ExdhlSyyqieIxhwoyCBaTCzP-jIRL6uC
D75_1617.JPG,1EHtXMNPSjsDUTT67lYYePUG15xCXb-8k
D75_1620.JPG,1Efkf5lOsye4L6cEEBApHhbQzQsjEzGoz
D75_1662.JPG,1Hfry1XPLvP_IPXcNtvhNa-5v7ki3fV9a
D75_1640.JPG,1GC4pEQyPO__mhgHGmqHTLMf47HAzt9bS
D75_1623.JPG,1ErDkVrIXeh4CBgu994O8e3PNH86ktHB9
D75_1648.JPG,1H42twOdoq5dvHazRZioOutZ3iYuPj4gx
D75_1628.JPG,1FFK03u3hMbZppgMxWPssX0oLgRmIzzjl
D75_1637.JPG,1FvyfSYDqUxJOIClnnRrveVFQxTa_5jZZ
D75_1639.JPG,1G8rT2i6VKM2qVd0zlcsCfjUM7SXQ8Rfb
D75_1642.JPG,1GiofHiq6ykVCovtg0-pmWilHiDugOrx1
D75_1634.JPG,1Fer1P0bQzRU48AOnyRRJLhy199XdxU90
D75_1626.JPG,1F4tyOuLId3LwAK5Mif1dupzH3ZPyqCJ1
D75_1622.JPG,1EpUrrA55AjBx3Xr5TIS8KUjHs7Dw0NEG
D75_1652.JPG,1HApWrk4dU9_4fIHnjD2AtL8PI3wRIL9D
D75_1638.JPG,1G1Jk9uQE68ifynR-5b9xwBtBz_XLYOP0
D75_1636.JPG,1FnAfky3HK_Q95julAg0HuHn1SxsFiVpK
D75_1629.JPG,1FRdM0yIt8jeCBETQ6kVsuMOU5CEvMvx7
D75_1649.JPG,1H84XojS9Pcf94f4RUNBl1c6WPGrwRIM1
D75_1660.JPG,1Hcve_BOt0LGvBv8NkIxzoZ2QHrPIL9IZ
D75_1655.JPG,1HRo15zCKo4eO6U4JkqP32VO67KrMsHQo
D75_1619.JPG,1EfZZqg_YUedmI5647BgUmTJaUM91LxPL
D75_1621.JPG,1EkSKA-Fjs3ZkT3CmsNfd9BMBaAKvJ2QZ
D75_1635.JPG,1FvjvtzDz0EhEo5BjsFnJWaPkhd2km5mm
D75_1646.JPG,1H2x4RS3Kpaa_glV0rHpwANc9y0gkK34J
D75_1651.JPG,1H9jOpR_AW8IyAXa0AzoUzfhNH43WkVd_
D75_1627.JPG,1F83HJdZlj6-QjDzDib5BJIRMYn7FtlVe
D75_1663.JPG,1Hj6LeqBZVXw7xA_VXU_MkSa5AhroYXCJ
D75_1632.JPG,1FlqHCz_KVA9Rnuh4qtDUKNKZS5D72pGC
D75_1647.JPG,1Gy8fNc1-eBk2fUCSYIhGTTG3aTbnvQbK
D75_1657.JPG,1HWD58RE_3m0WWwVMVWcgRHyYAaJgfN-O
D75_1653.JPG,1HG_p63Yn3gqrc2OrAwho7N_fObHP8Id0
D75_1656.JPG,1HTyJ9ttt8A0lb8f4JdXPud_p5WjlEaKn
D75_1641.JPG,1GMVdMQTOtsT9MUe4dR2_jHMzbs1mjTgp
D75_1625.JPG,1EyUE3YG2VriQXoDvVFIei7UjYPRC3-vW
D75_1630.JPG,1FSBleAnvxfcJ1-WTQkT2sTFQ7utlFiOS
D75_1618.JPG,1EaMwXlsMjisy8AyOJkeFlHapAs0tUKfj
D75_1644.JPG,1GpFD6v1T211PK5cTNvhB8lW2mX758RjC
D75_1650.JPG,1H9e46mAUMAG98PXsmt8JyPN7AnmJI-Of
D75_1654.JPG,1HHf1RmJkCsWcaylxe9RuXd3yejbVmJr2
D75_1633.JPG,1FkGE56JhWIm2x8-6_s0ZXIe7MpYWoggn
D75_1661.JPG,1HfRf1giI-P5t9JDHDolOt29_ZPj6Zpcq
D75_1643.JPG,1GmSpHniggMS6nN84vA646PTJgK_KdZIX
D75_1631.JPG,1F_muBpddogoBmScE3HgmZ4VyMogCnFN7
D75_1659.JPG,1HXtu0QboNry-ePVHYcKK3NorE2ix1YcT
D75_1645.JPG,1Gq1to9Y-DoC2ihfG1x59n4sHZ-sX2Qmi
D75_1658.JPG,1HXCw7bB1wsJ-YhG7D9d7cTrdQH36Lpal
D75_1772.JPG,1O9jlJmQqbmxaSxptBRlWQxEEymRbVqO0
D75_1843.JPG,1UjCOQ-TBWA6kLTXirTNSbQvzH-VgZjpC
D75_1806.JPG,1R3pM3Yaw2-x1vC_vfFB4X5ovd3APC02h
D75_1808.JPG,1Rbl3Oe0QfWq-KYa2F8JWmNWxou-W84P-
D75_1848.JPG,1UxPHnc3i-azizA1o9nCVzN2qYPSB5o-g
D75_1781.JPG,1OvIJZiG9Jr395eXv5jHRiz1wiEPWjC5O
D75_1783.JPG,1Oxy0WDcOMLQE6yMUpFVm2NTlz-TdwROA
D75_1782.JPG,1Oz1JEdlgtC4mC61Tgpmgj3dL5Jo31uQF
D75_1842.JPG,1Ugd0I_XlkkCRy5s_Q_qxlCnbLkiWLm8R
D75_1856.JPG,1VrGkzutyKwAg7RmoviHDTMJmEVkYg382
D75_1821.JPG,1SO-x0pAIrO3ahVIvUgQvzfR2NEablDGu
D75_1770.JPG,1O6gBSdtuGL0RCVTYq9fGBUu0jujFiwpu
D75_1776.JPG,1OMVbmORofJd_3Lcf6lm7XRASfV3ZPtPQ
D75_1800.JPG,1QTx0kmqxPBsHFRi8x3tIawDE0aZRnmJK
D75_1850.JPG,1VPtQyJh5DduMgerpXt443dIyVZWKpLCN
D75_1788.JPG,1PJ-E3Njl8ekZMEHnbA9KX_5VACnBiVjc
D75_1854.JPG,1VaD9J-2NYXYpc500LfQO41KnuTE4XUYi
D75_1784.JPG,1P9QcSV1fJ78plZfdQWy6KAqNKZG6JkWh
D75_1827.JPG,1T7FSoDOZwB_G2w1UY2-zqw2M_ZAEoOwc
D75_1847.JPG,1Utf5Pecep7uZeqWfOeQoue2H4ThYMAay
D75_1794.JPG,1PoesF9H62TrCENU0zMHPO4Ljo2HGOwCz
D75_1792.JPG,1PfCA-MG8jMBZMBP8fuUntFk4h2DmJhRE
D75_1787.JPG,1PEmVrWmUycXPyI3tJf7MxrEtAgZfckHF
D75_1802.JPG,1QjDbxDz6CA7va4UyhBV1tWudJwVKgFzi
D75_1840.JPG,1UN7H34nWyAsCMgUfAWblYgEVMZWJFSX2
D75_1818.JPG,1S6Dxgrb96lHozquJZYzZDDtI1Vq4Iab3
D75_1791.JPG,1PXe6wxk6AxhmHF3-4EccoWgy7yplq10n
D75_1810.JPG,1Rl9J3nXATg5y-CMVbC5sV4ps3hwkcdC1
D75_1809.JPG,1RgKptySktu1CXMI9psY0H9dvobgK7FJs
D75_1823.JPG,1SlwsBRNFEh7nA3WhofKgjQTp-xa6Jccy
D75_1857.JPG,1Vjn7OL2FiRKqt6pKAvvk0z_jhC_X78lg
D75_1814.JPG,1Rs8MBQBfzvW6dwVifP5Hg0zZSeih2x3w
D75_1830.JPG,1TZ6dzb5nylOt4Cpgf9m5iQvtiiydLZHR
D75_1858.JPG,1Vrh9mLZLOCOVjD0bP0wdcjIwEhz4M1Ye
D75_1855.JPG,1VfbN9e9-nm0FmMbw98Ww-Vbw9abomOMc
D75_1853.JPG,1Va265twAFF93pn5ApURENzSj4mhclHpJ
D75_1820.JPG,1SBW0NQggl2gooD65gIK-UTVExMD_RSEX
D75_1816.JPG,1S09d4Ra7q_29En_WEy312ogBzdKsAl3R
D75_1822.JPG,1Sc1FO9UMERrNdBIj9R69k_3DD3BgavLT
D75_1771.JPG,1OAJ6V3U51c8lp25AfvMXFhGRen_4BTjJ
D75_1824.JPG,1SxLG6LAoeH3XUtrUso1n8-NK5cHNOJ6Z
D75_1815.JPG,1S0joGRQufTU2FZfDIHMm6I25yoe46Acn
D75_1836.JPG,1U0tevn8S0MgD6yBRcIMlAlWXCwcDHBhb
D75_1837.JPG,1U30UzRvGyx-lqLbPRCMPG9EoJ6OBL9TQ
D75_1801.JPG,1QeJrJnQu4ngKmDVMY1tgrWrSxZBQSz6c
D75_1790.JPG,1PWafGX5lYGnwkKtV-TrNjPHlZmhGzMcC
D75_1780.JPG,1OoPjyFCjfTGGGkLoV9HFVV_nq5kR-chR
D75_1845.JPG,1Um8d_Z2emLGg1vdfSDLrr0MyuGTMqgVV
D75_1799.JPG,1QTO6PqM8eLqviRXKUxUk0XdqSR7WkySw
D75_1775.JPG,1ONvhWZKquh7kgcM_0dMzdRsOxO3L3VTi
D75_1778.JPG,1OPxMH8dgbVfULFx0D_TJKxXWAuxLGe5v
D75_1804.JPG,1QnE-Lq6PwOIZ5pXpUATz1jNQYOGAIbez
D75_1798.JPG,1QBrBuwjuIRmVyVBYro4MamdAgiv5CLJY
D75_1786.JPG,1PF2vztgGf5iEwA_VhRjoRem_OMKRX3bv
D75_1773.JPG,1OLgZDpXAKWwLadhfOQYk8_SC4glISaZU
D75_1838.JPG,1U5OyX67moHC89-jW-UcL4C6bT24ER4gG
D75_1832.JPG,1TeeDBq1S19hDxPacVlkvEfpWq_gnTI2l
D75_1839.JPG,1UHHct6is4AN3qpb5uePq4tsh-b6MefGM
D75_1796.JPG,1PpVghBeSyLIJaNtit9vNCPB6U8P_IGRS
D75_1766.JPG,1Nwa-dU3W_bDA4_Ncfmd7p9ledTcqrViK
D75_1774.JPG,1OEGP-g7Qt10ohcDkrjHtOgUe5kGQpZQY
D75_1829.JPG,1TRZhDbLT3FI3DHnaNzfMbQaoic7GhH0V
D75_1835.JPG,1Tof4vTeAc5_Ek1wzl8MQKvUwFKj9CKxO
D75_1765.JPG,1NsNDLXKHpNA04S_bJMJ6Cdb4ThL4AzCX
D75_1819.JPG,1SBaY3YXOBeDW1Ii_kCsBvf7hmjgmRer8
D75_1807.JPG,1RdaBYcwLESORxBrR-9dU1C808OGNTrvV
D75_1834.JPG,1U-hSQj_UKZb2G0DTYLzeB0RoRapgMqGO
D75_1849.JPG,1VMv0-dl-SdxXQ9EAA--PJsNTyScBJfYa
D75_1844.JPG,1UqO-j3tSPzviI-eZxTnE5_GUAIpGbN6a
D75_1793.JPG,1PoVAOr2xnqIvC9m2JAB0zo3wnW6l2K3z
D75_1817.JPG,1S9qkccNzOFJmEfsO4nUInQz1uoQFx1Xq
D75_1805.JPG,1RNio6_vb2PmnK3iW4W2qvFM3TD4W29X-
D75_1789.JPG,1PQcFWiiTlt5fHFRNf_n2HUQyCdIBwi9A
D75_1825.JPG,1SscoDe0Ts5bhY6-HXBCFccZ99K4gzpu1
D75_1828.JPG,1TLR70iGf8Dr_DGoS4sAFizcf8QFRNkjU
D75_1851.JPG,1VXxcyStmyU1AyEFWv9SQB7EJfq0ORvJI
D75_1764.JPG,1Nqke0CTYnMNndL715ZxeAFL62tXYTYDH
D75_1797.JPG,1QQMoo9OTvwz4NlQ_X3Sy1Ca0ryg5CTME
D75_1813.JPG,1RstOLphAVyzcidHg6HAQwpmtQn4QEsuw
D75_1769.JPG,1O7Wme6jAOb0DmY9H1SAwwmORN1Pq8Nnw
D75_1841.JPG,1URGH-zjN3yulNlIcH64nH_ogeMN580i2
D75_1803.JPG,1QqUVCumNrg5LvbDR_UaW9GbzN6hjxIPa
D75_1777.JPG,1OaDQcLGcijLhAiOd7AyMAC9KJyPatCCb
D75_1767.JPG,1Nx82uS-q0lMSY0elsyekwPmMI7sRfjC9
Z50_0539.JPG,1LATfpJklsX27RbJF7m2BFnG3RnGdEgjC
Z50_0540.JPG,1ro2hbWCrxdnCzW054cYZSqUDqWOF-DF9
Z50_0541.JPG,1ojF5Hj9i5ANgeoN9vW626SCWsFFfFhao
Z50_0543.JPG,1EcW6Aobm4Kt0I8-HxZ0RFXl2I41Th92Y
Z50_0542.JPG,1W1AZPmLv4f2NfgWGGH2fL7BBxGE0jzjW
Z50_0544.JPG,18OVi1xbUplJGAHfKujfN9qscrBhYtBmv
Z50_0545.JPG,1NVigcUxPywi-oCT3WLxSht5c7H8hwvak
Z50_0546.JPG,1B3I_237GvMRoO7UL5e1azL3ZLdn1DN0Z
Z50_0547.JPG,1LbY2gwi-S4Utd4yhNrEVQezqLq_2iTQv
Z50_0548.JPG,1ALXUb-wHea5-4t5n--HLCo-mknVPa2sK
Z50_0549.JPG,1AdnMJIT5JE9MOXkdcucVij7jN5Pf477l
Z50_0550.JPG,1TAnMynOd99J7yo1UKPmY6YMKu6nd-pxx
Z50_0551.JPG,1G8ndHSdgKdC7oEfDdBK2zz5XRrwUFhw2
Z50_0553.JPG,15vlIcLsCVhLOrb_CYLqe07BHaTZ2BKsI
Z50_0552.JPG,1W8DTvTFrFDm144xIJZN3F4fxpu-um211
Z50_0554.JPG,1sp1jGkM0GLZhk49zTfcyQis1wHAhSq0a
Z50_0555.JPG,1Wgm74FsDKLJbKvbC9NMQQsE40mwepHkP
Z50_0556.JPG,1bPgtqa77Hyq4EiaNujjyLn4yFmMHyysx
Z50_0557.JPG,1v1PPAcS4pJnt0AjLRDkEMvyxSOVAEUCn
Z50_0558.JPG,1EkqYwbLli-OqkY4oSh2gdT-F0NnhcUqQ
Z50_0559.JPG,1wrNtxa5ZDkGE2CpWCCoO_W3YYZByw5uP
Z50_0560.JPG,1145_xYthvJvuPOwVrVNXKKrNaCypc416
Z50_0561.JPG,14S9JGYdE9ldfnS5jKqT6YjkWHhreMX6i
Z50_0562.JPG,1lktpWIAAD7NQ8LiA6UkN1nLPoCpzijt1
Z50_0563.JPG,1uuehERtYE77LmPgNJRYJWeefxk6ufh9f
Z50_0564.JPG,1lCmXyewThg7jnUqX2FRRFMv0wcywkWHX
Z50_0566.JPG,1N3nFexoG9c1SBtd-rh7xy5ecSvrE4NeC
Z50_0565.JPG,1Ywv2DhIIGsYHCPK4ZaaTlYkH4g_4k8Px
Z50_0567.JPG,1PlsdRSpHioh3Qi7YUjPP7qOnLGtQBjRd
Z50_0568.JPG,1XUVVx0nVvmzjqfhBe5L5ZCabRnsJsrpW
Z50_0569.JPG,17tdZTUhPXwq-LYS6ZUiBHUxIiuAnpxmb
Z50_0570.JPG,1mglNySD7eUIOp5pcWSoXn-Z0mgDaK0Nk
Z50_0571.JPG,1AqigMlZc7ASU7ki1dJrwl_r5c2eTzoox
Z50_0572.JPG,1voYUM80h14gFJRGU1GPTvKxZ09FZ4NVm
Z50_0573.JPG,163IfitL3Yo4aGqf8d-LN53nWeZw_0dW7
Z50_0574.JPG,1M7dT5jNTN_tl1Monfxf7j4Lqtmo0e_x6
Z50_0575.JPG,1B1YWqCkFe1igW8ll4OgOqOQ1ULWjiza_
Z50_0576.JPG,1MMwrk1yIytG9fv6IKjr2FM5KeUWsJOhk
Z50_0577.JPG,12knYsvy8K2DsudMcTrNDdRR2RL2JqK_A
Z50_0578.JPG,1tjEaUjVd1_qyzXUP7nfnUinDXZ0V7JmL
Z50_0579.JPG,1hP5irZ7vaOWleXa05mvFMEmRWeRhny0G
Z50_0580.JPG,1fo5G5Q0VZNIHdDDqgeaVHoJsjuhHZKNK
Z50_0581.JPG,1HdJvhHyfKdOqg99ZB-JiGLoWVBkHjiSK
Z50_0582.JPG,18Hh6V-qsLFIUuZ3k-abTsDitAlf8ma7F
Z50_0583.JPG,1G6t495Z2G7Mp8MCkuABNE1_ZHF756w6F
Z50_0584.JPG,1H_YhWOJRApAeLI8GBklCwhbor25axKpL
Z50_0585.JPG,19hNPEy7aO2KeDvHNXdJTdCD5jcl6RtjT
Z50_0586.JPG,1vOVFdJc6sFGPNYHc3GHO32wx9DDnFekX
Z50_0587.JPG,1dWC0NaJt4QxZiNKb85yqL4OP6pzzLpaI
Z50_0588.JPG,1pYCsi07ViVHQ413l5KCQ7W8sSkgP8jkd
Z50_0589.JPG,1QAQTM536gePjMtf_EZqza2fmttW_8J96
Z50_0590.JPG,1Ss_H9VSb1JraPn70QIoUCIOdPjpJ9n9r
Z50_0592.JPG,1OxtAX-jwouSd9RQBLA2cA0xNPBS3GyYi
Z50_0591.JPG,1if5lR86Effrz8IOQqJdiDaEp34YFDASA
Z50_0593.JPG,1eYsN2fNEBXz3Hv9qIHtHTuGu-uvao8Rt
Z50_0595.JPG,1FBfzOqKQicLrOKUWeyjeF3VKlKtf8YMb
Z50_0594.JPG,1NqMswT_QENrbC6pORff3CiPK9os85cQR
Z50_0596.JPG,1T2kUSzeAgh57AJACzudU5QF5bchNQu1-
Z50_0597.JPG,16ILYPX1CuOD6qdq1Cy4s1q6naJ4dFa8n
Z50_0598.JPG,1QeKctZ09koSZ9Lpe9DwSgyn3ZGdhp1VH
Z50_0599.JPG,1WMqmbAEW04NNSJKdgx_xckkG4qderAy5
Z50_0600.JPG,1xkU3lHtNndGRyYpT13oATZ0NPi0KsRMp
Z50_0601.JPG,1HJzdJzSEHpo0F0zbutGGJd1AXXZSbpvO
Z50_0602.JPG,1zRcTQuZ2JZvAjYqDYq3VaUxr1X1EEMxP
Z50_0603.JPG,1U5vfwLzjRNVlvGkJ-hGlUvaKeVq5AQgY
Z50_0605.JPG,1qzTmmUo9WPd7Px3tz4wJNEnChj_jfJMP
Z50_0604.JPG,1BSZ9zbEqFk8lbMV0mXC98F2GM3FhmN0n
Z50_0607.JPG,1SxZb9bOapkMRoj6VsUa74q_BH0rzWo_l
Z50_0606.JPG,1SfYCM4Xg2IFAK7ocoQegQs4-BKD3rUR8
Z50_0609.JPG,1Br3hmLvcKajuz1_p227q-vfggpWCfKUC
Z50_0608.JPG,1J8otUGFvTHRvvXfUNUEmUkRmih_-YBj8
Z50_0610.JPG,1IAt87UyuvhdRESMA9q3GswHfuKjPhA-y
Z50_0611.JPG,1CTiqJFmh21y_VkhNDMaRGEhxM75L0zjv
Z50_0615.JPG,11ATefd_kVD4kr1vBWx0a5omxqX2UE8UU
Z50_0614.JPG,1_h6oSWiL-yFkEJz0xZnVjGy5Rd4GNdMO
Z50_0613.JPG,1WiNmS9HFgtLq1DWIun9Za2DRHJlP5aCK
Z50_0612.JPG,1xgv2DxJXHG8n0flzWOLvlnPvT6ZQ8gWG
Z50_0616.JPG,1I9MhAb9irVlLpaqnsr0AjNjfchvzMYmZ
Z50_0617.JPG,1UDmfD6qE5IC4m7y7k_dv7C0I7F4uPPGJ
Z50_0618.JPG,11rwwSO_t9NA3Yc-9efGvyvO6VuCW-iSC
Z50_0619.JPG,1gzTzMgqxUskPSz8WJJUyyRp3-kSqzFOS
Z50_0620.JPG,1ScK0yBw85nlngTZB0fkda0nBaBLyo8gW
Z50_0621.JPG,1iy-7jXVs8brn_977klKeaY2qPA6W6KkW
Z50_0622.JPG,1YmTB8STmScR-rqxy9aW_OHbVo9t4kM3o
Z50_0623.JPG,1ddUWeE423lSI_nfYwFNNLhMMC74T9wK8
Z50_0624.JPG,1t-hqioGVXF-LQrMxfJWDtyjXYpyamYpW
Z50_0625.JPG,1U4v2YCPjRsx3oG9GeSqrPyXQZ2iydmZo
Z50_0626.JPG,1ajPBy9NRRseh86sb2R7YQ82L0BQPSuBg
Z50_0627.JPG,12Xc998y31aQ7DxEZfBamGfdUPE3NQ108
Z50_0628.JPG,1OwXfDiRQBPI6ToH-3CPVszAwZMQfP04i
Z50_0629.JPG,124ceiatca4PKaJPqGbm_pKN9egUTT5NH
Z50_0630.JPG,1YC3gNtU6PwO_FbQLwTEfzsbDeZNswf6e
Z50_0631.JPG,1yRbPxoCXDaqufuYbB-ZJEd_nw-oq588o
Z50_0632.JPG,12VWlanmz6qoZFSYs5Gz6zuAhWhdPpz8b
Z50_0633.JPG,1TMJBJ0W4oL2LRsQUgh3dwQwgKqzejRZA
Z50_0634.JPG,1s6fy36tAsI2z4QUHYHtEzhrre-kwuOyA
Z50_0635.JPG,1Tz4rwggrTfxmEilVMRIcR_Ax7nuanDWm
Z50_0637.JPG,1SVc3NMI-Wodltiol-Q1ab2Ev3BtjviKa
Z50_0636.JPG,1UsaQ0mXXeQcRRSmY6icngpz0DdvrfTSh
Z50_0638.JPG,1Z1PpG6EoZBMKX-J2NOx2q-jMtUDxI0g-
Z50_0639.JPG,1eqPErmv3PYmAhhBJgb5EXPtR4gBJlnxx
Z50_0640.JPG,10ic0BiYTSZQzGxXJW0fbQZspFnYL7mbh
Z50_0641.JPG,1oJjtZxr7I3iteJbQA670E0uBvm1udl03
Z50_0642.JPG,1AukycatUZpWVjgRh5VGJTnO1Jofvp8HC
Z50_0643.JPG,1A09uXx8NM2rjwUjsoQEsMfA3hl3ZfnNU
Z50_0645.JPG,1_moOXLXCI1nlK6TFGnSNggTcAlkGsqUv
Z50_0644.JPG,1MU9cJ8V3XPrcImuqRond1KYnYgbO0ERQ
Z50_0646.JPG,1XUcqhAYoQhKqgEejPc6UNcaLJx-JKr4V
Z50_0647.JPG,1IBo3Nmh6nyXt73ZkDN0ppXquYNyUFqVc
Z50_0648.JPG,1Bg9NflJrzFucb7RUIIDzh6mmUMqMC4jO
Z50_0649.JPG,1sZh2A_iiFLWdUbSY5qiqmjmLm12GTQJv
Z50_0650.JPG,1MqQGwlnEQX9VPgkIWlCsqYgubqzSCGpo
Z50_0651.JPG,1vdSRjTtnWhPfEJrZaAjG6o5dx3AhiY5-
Z50_0652.JPG,1i7-F1s_Z0XbS4ivn4xuZI95Q0yt7IoIU
Z50_0653.JPG,1xymz5_oRRRE7LttLU_gRInnyWcAxC03z
Z50_0654.JPG,1s6YZO0QdDiG-Rd08vWkpY27j7nCz2csL
Z50_0656.JPG,1BdWGzHAOMCzm1MpmBy7o1ItVSR8gp4AF
Z50_0655.JPG,1YyqEdSKu7CwVKEpXybHlNKpsZr3dsqfh
Z50_0657.JPG,1XVtcVnw3KA6tF5hhEanMeLqvXyec8W0L
Z50_0658.JPG,1FXf_N8mVrAHAn8AGQeX4IIf9aqXNRkTv
Z50_0659.JPG,18bnWselkWmz68uHgNf6ts-97_7wEAMeD
Z50_0660.JPG,1exXMAnVxRwc4sRTJ47qMRM71AkSZHlHt
Z50_0661.JPG,1A3kxmc441PlsNrSs7IIXM6Q-koiK6l10
Z50_0662.JPG,1NFm3wGqHu4BUvQ9qigVpLuHFBqaAoQjq
Z50_0663.JPG,11-27WJ6FqowKLcebVsTCbSAoRFTdH9V5
Z50_0664.JPG,1Jm1c4_uhtv3rd0P4lioWUVfTHpvTh8az
Z50_0665.JPG,1TDu5JoEw6kew55t6wsqEglzi8Iv4IoeK
Z50_0667.JPG,145_6LdDqBOUqCR9f0SSiCm_ubwXlwN0K
Z50_0666.JPG,17mfkwGoBTALoSJPvIBoByIM9xDf8E7BH
Z50_0668.JPG,1Smdd0vXkaq9wVCUwOx5SUUqRIhO6_BbL
Z50_0669.JPG,14FdqpMeD94i52t6aXtS_uRkTJFR1hGaH
Z50_0670.JPG,1V9hCAvEGos-HrhzzsLlt4syhqR2wZHqR
Z50_0671.JPG,1IbxomnTGVCGzA2bI5rzRJESka5k-hkx4
Z50_0672.JPG,1i6d5TQRiQrC1pJT5_zxoUfIs0XxN6c5g
Z50_0673.JPG,1Fg5EGKGrfzCCjytCYvxfA5Ic47_qrnTd
Z50_0675.JPG,1Bn80Mre2fYh4Cxrorv7YZqfIL56UjXOS
Z50_0674.JPG,1Cv4Y1pJp6oO9qC4N5zMRI8Rof6WLqiVo
Z50_0676.JPG,1_zna18pvYknx2pT-9LspBYVYhinYvNwf
Z50_0677.JPG,1Sj2tEfj5FgcsBzCp6zXPZxH5_rnbKZn8
Z50_0678.JPG,1GF5SIjA9jR4lshXNi0yj_QRpsgM_BcPg
Z50_0679.JPG,1HOSyp7qfv6s70vHeTXstd6icT2YiSaGy
Z50_0681.JPG,1l7ai4TLxt9TtmYYp91OskS2jb1Y8r15G
Z50_0680.JPG,1IwpirplciV7m10JDfhkO73NxkAKFS0mx
Z50_0682.JPG,1cbu0aT6bazv2xvscX3rlvsa7dqq7LnvC
Z50_0683.JPG,11xza6qHauXe5jc7nclNzNLhf82YcNg_q
Z50_0684.JPG,1v7OFAMjWu8AToFq5YuYX_DhyOJ5gAAZg
Z50_0685.JPG,1uGgyMkdAOvugyZwJX1lGxPHLHiYtcqT2
Z50_0686.JPG,1SngrNiSllipZ7X_Bh_ZF2yRTaodsOZrS
Z50_0687.JPG,1UXsBNimmB0SeLztzcaDSLPEquVvewMTv
Z50_0688.JPG,116fshepdb_GKomWr6L1yT8VOLcAzHw4m
Z50_0689.JPG,1-w53fqhStvIbZR-zo_fSv4qgmgOgCDlu
Z50_0690.JPG,12F2g5csAid9npKXJXjDvXLrYBmvjXKsT
Z50_0691.JPG,1-LjtaUb0PT2tXmGs3fuojHdvfme78bgd
Z50_0692.JPG,1_DDL2sljUIZkzNS15LDt8h0-Rj-EsVs2
Z50_0693.JPG,1j3mg1COvt7MFGfkG_ZmcEGcOjmILV794
Z50_0694.JPG,1i_9molsp_vcx0SnYcYlq-fYJsNFaAfPN
Z50_0695.JPG,1MW0oMSOg8u7Kef2L1enkGijLNJir-89V
Z50_0696.JPG,1i3rvmH_eB2k08WZB4PU4Zi4paDVVpVHo
Z50_0697.JPG,1zUqRJ7upqv0xkQKa2lUMmKkrYo54IS9X
Z50_0699.JPG,1iLRhqfect-TKCLLRpEFukfUtK0MwlCqr
Z50_0698.JPG,1RWP32665qCr2ge44EUh20SQHinEXTpgL
Z50_0700.JPG,1zoVHMHV-QEycE-pf5V_86LGCJO2G3ubz
Z50_0701.JPG,1hs7euHYwgEsozDuZH4Q2Bx7oPg_VAWT7
Z50_0702.JPG,1tf38qnkImF_BdHIKocjgecfkwCF5eu86
Z50_0703.JPG,1FCkQLVZgPPYiI2YY3NNLe2SDXAM0kFU0
Z50_0704.JPG,17lu3WDUx5AVvJe9TseibNcnaVmv0eXpu
Z50_0705.JPG,1bBsRECpIs4O2WFbhUL2euKNfgR8Qw32I
Z50_0706.JPG,1CR_yWYuPjxb7mQp7Ko6-lCmQOmif595f
Z50_0707.JPG,1_IJYtKAYHK9GP6jLfRuD-jQBZS1p5BG_
Z50_0708.JPG,1daksyHTKxTw981kmbYmMYWwcI35t-zjX
Z50_0710.JPG,1H8-zf_i8iGte0KVQyCsVEHrUQ-Exy7AJ
Z50_0709.JPG,1KYJ2Mk1w4ufQJUEIk5GBQ8jYcLcr7dHu
Z50_0711.JPG,1m-vAt6vBJzFA5oAoUVep1lT3hx5QeZjS
Z50_0712.JPG,1Mk0BaFa61WehVsE8uPqCa2vCFmnVxwj-
Z50_0713.JPG,1XJ3nOuHhuMzVMLFZY9_WpCOWzSwxSy_j
Z50_0714.JPG,17-n8CLYyOUwZiQdwj6TcRa6E5EL04_B9
Z50_0715.JPG,1p3aAzPrgRW9_sGLoDGN0H4tChe3P-ln9
Z50_0717.JPG,1yLSUkGqYqKg14UzcBmqpsbKY03c5btiv
Z50_0716.JPG,1KLR8wYC23GGs2aEEox8tKFHY78tKWsnk
Z50_0718.JPG,1NkjMwEUjAVhvfwN7O8MW6Sv6CMbGCCD0
Z50_0719.JPG,10iOznAVvEllkJUS_82w-aijPmBvEY2MP
Z50_0720.JPG,1fTuwtrAIp0mtovOB-tGfFvWyCZrPEy8L
Z50_0721.JPG,1b0q5T4_yx1sFbDZLMdF-ytqbpGbH_6Dj
Z50_0722.JPG,1ReRGeovRwcq2_e6bG3OqQJCeg35pfBPN
Z50_0723.JPG,1_8Nm96pFAalGWqnNglLSfnUjxLmtAxkE
Z50_0724.JPG,15l0IqtlPWMiNnfkKpWr5_YYQQ7nKM4Rg
Z50_0725.JPG,1v348mDbke4WS-hPmBRES_f_5KbCgbBMg
Z50_0726.JPG,1jhwjW2hcj9yS8hV0Zbz_oBm3qRyCiJCo
Z50_0727.JPG,1UisWVsVygzupefllyuaCHZXQsIP9fMdU
Z50_0728.JPG,1BGjw7f3Th7xTjaH_GHK0MWsTJok5as64
Z50_0729.JPG,1A63mlyRXxsuxaZ5PoPo88kekbU8t-xHv
Z50_0730.JPG,1122JWDB4BkFZuKzZUHOw25miOyhxzClx
Z50_0731.JPG,1rv9ShW3-d_jjvFSjRYcS4V2KMP6sfFAf
Z50_0732.JPG,124ajyL1EIxfJsmEUzBVbtuVDaX_aonfD
Z50_0733.JPG,1yVFHAjaL54inw5X5cWqmkCRwccr0yaFP
Z50_0734.JPG,1sszv997KxPJBzoxOnKA8tyootxqZyMQ6
Z50_0735.JPG,1fSe3AMmIYF_RsbqWWLEV-WEaS96jkceQ
Z50_0736.JPG,1EbmQd65ei4Xa5siY2ODsNNY08BrX0KUN
Z50_0737.JPG,1_BiVTphpru-d-T17nKqzvqG6O2N8qCBd
Z50_0738.JPG,1dGGRGQ8mJoulIhEyw_83arLlPawnMKa1
Z50_0740.JPG,1Apjspnz7gFPYDvy3lA7HI0T1uaCAt_kQ
Z50_0739.JPG,1DWrmucr528THpVMCDDJxNN6lj6tOg0XE
Z50_0741.JPG,1yhlPV4xgvYpcxc7tkoA7r2BcnhAMpRFF
Z50_0743.JPG,1v-tBjlrVA_qEoHnpmLz_eIWyDueL67jk
Z50_0742.JPG,1_sFRxXyaoJ8SkhQ9ICDhMyhrTH-LgQQp
Z50_0744.JPG,1W-PDei241BeLCXJrCU3AfoFEGmV-OlT9
Z50_0745.JPG,1beebJVkoFv8e5QvR24Hck4lxtJgoGFMs
Z50_0746.JPG,1lEH665dZ1a_rIOAm2brfb4qvB-f1xc9u
Z50_0747.JPG,1tEMw6oOgah3uY3M0WzRYCeWIS2BB5Mr0
Z50_0748.JPG,1_vIN96i04cLaYrfZwiL6YAkQ6kzcVL0W
Z50_0749.JPG,1TLgtcaPcUMGmji7A69xarkk-NNUM0ktV
Z50_0750.JPG,1IBRQOxsb8KCgbB5yob4bGlBhNrtsDNI4
Z50_0751.JPG,1jpCLDk_2WSxAKJR7yGRQZyNAVpURFCB4
Z50_0752.JPG,1YFP__f9vkDjbJOn2udUemUx4cqj1fMwJ
Z50_0753.JPG,1PDQN__Nn28rE7sF16EgY8T-oiMykoobz
Z50_0754.JPG,1iIu4iW66MQMyIj95ZATGI59mWYPNGWSr
Z50_0756.JPG,1SmjfCQrCm42HskuzcezrAlh0Gd40FoLR
Z50_0755.JPG,1zCQ0c3JiLW68ZhDjLk0U4kRujm0srCzl
Z50_0759.JPG,1I3kMdwLsvWDyqAbStg0fK9Zx4-GOWA4z
Z50_0758.JPG,1BUQ2cu6ZU0deqYn2PJ6T9os7sESfWOFk
Z50_0757.JPG,1lA3DBZO0JFkcmaNLlJCUfvk8gOr5AArT
Z50_0760.JPG,1e07uyIM9Mrtdt-jUwwRUWg_Rr8taIolU
Z50_0761.JPG,1B3lBZ-IUKIDjPWMZniHwGPXRoKjq9oIm
Z50_0762.JPG,1JXbM8wjrHnyy1knwNTlsr0TBuL_0WxIj
Z50_0763.JPG,1Z9vhSYp7C4ERe7riX_vxoAgyakkKecr1
Z50_0766.JPG,17WpDAQa3cvdWvUa9fXaFJZeLUe3wRnQL
Z50_0765.JPG,1TMepo1kfFZ0vRvrzLE2TGxuO1qJub5x1
Z50_0764.JPG,1LnNnAho0UoYG6oVXnNgo-8h6eFUq6_vF
Z50_0768.JPG,1JSD0StB3gGSveK8wBLvI6ym-BsXyA2Ye
Z50_0767.JPG,1M8o-6AJYgYIYiHofegwYy8HBqAABFErn
Z50_0535.JPG,1qrnQcNQnMit5eNpcf-fddul-ggtFDUcB
Z50_0528.JPG,11Qu5E4n48fIPYoxfmqpiWgnEQ_niGRHg
Z50_0501.JPG,1dUjg4Nin8BSeNZtixODw0EaZX04VwrXW
Z50_0520.JPG,1e9KP9rblVylUp9h021lT0q-f4h_5TeEq
Z50_0509.JPG,1cpAPUhi6BKbVqtjo7naeeDUveeAEMxnF
Z50_0499.JPG,1kpHg0u-EkCrBWsHStq0UCf-O78XvLsrk
Z50_0495.JPG,1bVqSIHM8x7J4cEKgc-5Nio3J0G0gGTUU
Z50_0507.JPG,1MBWPTVQD6WmXQplDbOgfXvjg4YbA00kx
Z50_0526.JPG,1lJeGWlGmguixwLwTa_78YGFDRn4FRcsG
Z50_0532.JPG,1u8cdOznNdKt_ty18nE_dXqBJ_SJmUO0J
Z50_0515.JPG,1t80jDQ1VDMWd2SEyS1lPYE757zfwEeMn
Z50_0504.JPG,1icsXGMEzB84GqTkwFb4QzeC4nD2LXAhQ
Z50_0489.JPG,13wKoiLorQBj0gLSbtFN7vwSvml14esOw
Z50_0523.JPG,1fPZ29GxqNHvQObwLvOhJUeGIsTwwABX4
Z50_0524.JPG,1y9i1fTatLrXsSuR_Z8f6SxP3hoQqSnEk
Z50_0498.JPG,1HRYP-bUmjHNnMpl6VqQ4If6147BlEhUl
Z50_0493.JPG,1NyzbnQErwBP-mWho0nrNMYaG1omRcNG9
Z50_0505.JPG,1O5hO9V7DXaQZChqzBHKTwymp-O2xEexc
Z50_0494.JPG,1M6acBo0IPhUaNzA-SF1gjHj0kh0ZPMzu
Z50_0506.JPG,1yqWHSWWjfSz1jTFeboaiy7bnPyZhPslP
Z50_0508.JPG,1p6NzjTKaGa8WU8vn-WXuxSEjo0Gh-Izo
Z50_0492.JPG,1B2kFIoOpcEAkBGFYaOMC1_bzqqZOuRrb
Z50_0516.JPG,16a5PsGz3sV1yu-GVFmltaxIRXXYBWZtB
Z50_0490.JPG,1804HC9li61do2msXJU9Gtuq_rFXhR88p
Z50_0511.JPG,1C3I_rBTbKrDoEYx2BK_dsLqHYkl40p1S
Z50_0530.JPG,1AmTEK8P1278QZ7nxjroOrXtUHVFt7NDh
Z50_0522.JPG,1k9RMD3hr0wXetUHGJkdadrJGurCZp7kK
Z50_0496.JPG,16cpdf5tXXE7jxRieR2kD5IWUO1bSQejr
Z50_0529.JPG,1zgFi7SMiRQCQwzaRqnAM-2lEDlDRmse1
Z50_0534.JPG,1Ccw1h64luplX7PSPxB1aAg76voQh8Ows
Z50_0533.JPG,1xq67hFz5hh9RGPwCtfIpvPJK1RKJM1oq
Z50_0487.JPG,1CjWAHEvp-s5BVwzYJpXSrOBKxNEihF-E
Z50_0537.JPG,1_L64CnhaKDwo3i-bVJLZ5wTLHMkOHMpW
Z50_0519.JPG,1p_I9T6YZb-QW3SuWYu4mGjGy9fWNl8rj
Z50_0503.JPG,1NQzn1ioiIjt-4t6XhG70XBbskwkKaYkl
Z50_0514.JPG,14HcOmZwMYhv3cBn6CXDTf7OgsNtRYbhn
Z50_0527.JPG,1DL9wq6LygLeYgCvIWMKo5YLhvTCJu6Yv
Z50_0488.JPG,1QXAul_tbfVeR_lzPXF_y7pEoGjZm23Vk
Z50_0518.JPG,13XlPmVfxUPD3sRHEZZOx4jcDjPLMH675
Z50_0531.JPG,1zCzXeb3luDOiVgrb7wu4ZLAIFt2_cITO
Z50_0497.JPG,1pBQiQ0FgTSg2LvaaSlzjpWD6D1evLo4L
Z50_0502.JPG,1gNTf-fchXPdmJJ-L2tdBvfDK212Z2oKD
Z50_0500.JPG,1ksXLa2luS7t8a_VjjhZfnEYgmd2Oorkw
Z50_0517.JPG,1cgKQ-5nDq-DCaq11ghJJytDne4-ZL01w
Z50_0491.JPG,1OQ3kVrIiRNzgNaXEIZp1_tZx1E7_zwC2
Z50_0521.JPG,1CQXTJlH3dPAm4NqGLK36y3DzOKihxFL_
Z50_0525.JPG,1czUT1O9E6ZXxyEHp2uo3m0J2i5xdwTj8
Z50_0538.JPG,1JXUj_8WN7_FWCb14-6edsMW7Z4RSo-TR
Z50_0536.JPG,1_UGy7_se27qwjPamqW5fa6VvKClTxbYO
Z50_0513.JPG,1BNnfpnF7fK_XylTFZELwrShHUkd9XsEU
atmos25_1.jpg,1_9jrujBVuE6rg6L5gGbb2VIzSSKxknDV
atmos25_2.jpg,1_C3sSU4K-W0QCjBhVFvuyevAjTV31uFl
atmos25_3.jpg,1_GX0gGWtZP02VCy84NrkkubOoeAi9wo5
atmos25_4.jpg,1_HzmsMsjcD34a9XAo7jSu3TkqhGUhiQE
atmos25_5.jpg,1_NMkM6H4yYpT9KlK0AzULM0M5bnzc59T
atmos25_6.jpg,1_OuC_nEG9Qik1TaGT2gqrSFBweYavXN3
atmos25_8.jpg,1_YYjd46GERX0ZYgoegAwWTgC1WnpcvwJ
atmos25_9.jpg,1_mQH_4gV7A5VZQLNIPG2A8E_RXln2WWS
atmos25_10.jpg,1_oQ469DL_Gamx60OhYoWyZsReQe5E7JR
atmos25_11.jpg,1_oe6azoosA0njlka8b16eFCndLRg8ByD
atmos25_12.jpg,1_qi49hrZJz5rx9GwpoSa1XjKRNuaJPBG
atmos25_13.jpg,1_zOSkDc0CVQBONnjr1ASuX0tgeY0lVvc
atmos25_14.jpg,1a7p4ebEdZr0rbKx1vBs_4pd0IWKGlfaE
atmos25_15.jpg,1aDIcEDw8WHhdU0tdp53y1Q78WEJRCXTR
atmos25_16.jpg,1aJJ_YZXw2gY1_36_npgwPwI6C-nWjp2X
atmos25_17.jpg,1aKoZmQdR_QL6H8siKNPjIvpr27ruO69J
atmos25_18.jpg,1aOFoDdrwGBkZhXa4XURR7ITEPpJ9HHL5
atmos25_22.jpg,1aWSSWvr2nHZ1kTB3FrDFqr-i-qnQ3e4s
atmos25_23.jpg,1abGjbvw48cun_hDB4OaMxh9OPbdYLwmN
atmos25_24.jpg,1ah0ykFiz26Isl2PgEXyv6Ov9XhqnKxM2
atmos25_25.jpg,1alktVS2SSkNmKWASTZ4tQLnQPjVZSUlo
atmos25_26.jpg,1asJBW_JwXPpRheXd3nPoQ1z-MB9z5si9
atmos25_27.jpg,1ayRwZwuX_HKBAAJNqvopW3ObaYUv0W02
atmos25_28.jpg,1b0Vrsr4dpstlohhxno65WxVhUo2p-w10
atmos25_29.jpg,1b1GTUAcbf5rbrPLDE3t_rZuUax5WZxHL
atmos25_30.jpg,1b2hkGUQ06zipy4aJza516kdbMav0WSgW
atmos25_31.jpg,1b5EiGnlT0aNGSxRTw1ipHBmNPgNkVpTx
atmos25_32.jpg,1b8fyVa4sGjbp33yzP5egsT8ph3-l8I2p
atmos25_36.jpg,1bP1I-geCUa-3esJ3gGNVUy0JNQA3NvBx
atmos25_37.jpg,1bNcaJg1Nm1JzM6pPlNE4e5-KfcmsKnvu
atmos25_38.jpg,1bRbX5adR7wHFVYN9MNlG9ahrYlU9Qekc
atmos25_39.jpg,1bQzePkmHvc9zrF_pZcu1DjpH1rdP2JcI
atmos25_40.jpg,1bRsXt0TSzwe3DaG07CCE1ebMwvArPRBR
atmos25_41.jpg,1bRdTy4MiY8TJ8vewH1f2smPZIgGYhBHW
atmos25_42.jpg,1_osq5udsHj1a1_3c7vhpfZBzao6MPasA
atmos25_43.jpg,1_sT5x-cabevbYqWolC2BpS2VJRxpRr5_
atmos25_44.jpg,1_BmM3ZS1ovuTVaDrIWaBwdVTiTwuZLga
atmos25_45.jpg,1_wXXWUTveNcT4a5MakO1EB7XWyQRH6PM
atmos25_46.jpg,1_a2aa1bwDH_NGzUHxDN1Z6cjOrvaOpiG
atmos25_47.jpg,1_LeWX44t7CFF0kNpho-LB9oBiOWWhIRh
atmos25_49.jpg,1aPM35ka6Jlln3Y21uG32YWxfzQrEIu2u
atmos25_51.jpg,1aou43HShgY1AH800PuDsO14BP5mAEm0J
atmos25_52.jpg,1ara1dx_WFTGCnTpZGxeA7z0iHF3PcnaI
atmos25_53.jpg,1anJ5Qu1tqty8HXRT7uoLsa2EZaSMuD_M
atmos25_57.jpg,1bPYJ4uFDb4EPSl2DAnuljOZdx1ANYEi6
atmos25_60.jpg,1bTwgCSoNtUwUektBOxcTns1SB56DZUf-
atmos25_61.jpg,1bGLO845867PHlia5jWi-Kgg5BqScNR9p
atmos25_62.jpg,1b3n1x-Buv7t0msbRV6n48I2laFfLz9wJ
atmos25_63.jpg,1tfva-ZZzMeFk_cKA6V32mVqs0pSLnP28
atmos25_64.jpg,1rlvD3Vhzl8YyGx3dJaZkmoHfX-cKbz4T
atmos25_65.jpg,1p_zJArtA92EwOJ5snDQIN9h_qG1ir9BF
atmos25_66.jpg,1toVJ5wtYTB0-O-vOlUZP0tsLyK83dWfI
atmos25_67.jpg,1bfGBkFcpDsnD7-HUX5j68Hvva_7Igawe
atmos25_68.jpg,1i8N2U0MFPCML79HZptnbKY_ocWjbK8Ts
atmos25_69.jpg,1BGZa-i5OxOj0sDNoFdlC5V7zn9vMboE3
atmos25_70.jpg,16uXj1ka0rQiXfEhKQna_JG81ZYoM7Ycy
atmos25_71.jpg,1eatY2lZ2P2GJTLqMON0liK8n7tKzyXAZ
atmos25_72.jpg,1eVOM7xqYz9cMkmUe9UtDoVxZU9lnOJb8
atmos25_73.jpg,1eb21Y9xI-Eaxx-W6EMDqyZkQuN-aO95Q
atmos25_74.jpg,1ectxV_bZGU5hUY17eWTx97LMbuXIrOWQ
atmos25_75.jpg,1efWHPOiRU0op_h80IMn6V3mBhTGtf0Mz
atmos25_76.jpg,1ehqpHtXfAFLCxor6tp0gXjnRD6sKW-LU
atmos25_77.jpg,1ehHjkLRmpy_eQCt-ij1RRnQBVNP0l5cv
atmos25_78.jpg,1emuXp-RK5YEV2jeLjrZuHnZ72dNlzcr3
atmos25_79.jpg,1ekJm_Oe_TgnsN6D8Svf9dbzTTBC8EfQ9
atmos25_80.jpg,1enlYgfEIM6lPWUeC_OYSEZbaDRz4I-NV
atmos25_81.jpg,1ephqFwRb9--9KXcQh1drGv6Uve9EZpPm
atmos25_82.jpg,1es3AAdlV6v4awgEbncbkSxtWTsmRBSIb
atmos25_83.jpg,1er-x34WK53qxs395zXedipzUAO-I7TJa
atmos25_84.jpg,1ewmOEzCRyhLF0FyMYl5Y53-lSPOzNNxi
atmos25_85.jpg,1exD4A85CUyNsFq6MYLNNmdCQ2LdLBKYg
atmos25_86.jpg,1exeLtmp9LO_X1wh3fuG419OAKtTPqHLw
atmos25_87.jpg,1f6tU1OC5BJXg5j37Nc4-0_yOdXfkFspd
atmos25_88.jpg,1f8lKVRN1lDde0aQ3_trbJ0oEXnk5ZIWw
atmos25_89.jpg,1f84qgyq108eBA-ClhdY9kqvh7shJmJ_6
atmos25_90.jpg,1fGZRKqGyHCSKq8yWlQ_Dlh9ItFZlsBit
atmos25_91.jpg,1fEmVz4oZezJDAb6Tsz3Wf94MeZd8ZJxt
atmos25_92.jpg,1fIAajgWPz3W9gzJb1GlXD4ew2XGkwme_
atmos25_93.jpg,1fH1WU3ik93vQyQT4YAM6RXUNWW9128xe
atmos25_94.jpg,1fKvl_m_dygcYZXUI518S5Lmif2uceTmj
atmos25_95.jpg,1fInMfo09GFeJJxifVQ1Wq1UvtVdd66p8
atmos25_96.jpg,1fLPei-MR1fUEKlHDYW0r3yIJ43XxEAre
atmos25_97.jpg,1fReBOdGMvWqsa4pjcLzOp21Ke2jRd78R
atmos25_98.jpg,1fOUGmhsMiJ69f-lGExZO73-eEmFSj16w
atmos25_99.jpg,1fRykTTLyv3fQ6aX6N_SMyDGWSjGmJHuZ
atmos25_100.jpg,1fRt35V-y8Nwe0YZzO8fEt5ifKGUkB-uz
atmos25_101.jpg,1fXlxBCHVzIy2iiSzsL3MjNLlp9vJoSZ8
atmos25_102.jpg,1fUebs0pqHWHGjWKNsSKK0ccKnOCuUHVd
atmos25_103.jpg,1f_2YDS_5LVPg0sSBzyI3bQg3xnBlKmmS
atmos25_104.jpg,1fYgwd1xCnPS5FEi4gSAaXjTNeTBgkC3R
atmos25_105.jpg,1fam6bFb0AuVMDbzdPKm52_eUJolzqR90
atmos25_106.jpg,1fdamC88QgLIihHEbjPLt89bgGDjtPQah
atmos25_107.jpg,1fgUqbKafVeskFbJoaQbnkIdixjC_eD1C
atmos25_108.jpg,1fkIfpHdIV399j8hnwk6ppZtwUWsv_Jfr
atmos25_109.jpg,1fhDnsdhJC4V_GQTffmyqaGlhLd6m8myo
atmos25_110.jpg,1fp66Vh_juQd3iPlHqfiInSsYrrOVKEck
atmos25_111.jpg,1fkgV0pmFvTYvvI0VJioRWPUiwNPVWztJ
atmos25_112.jpg,1fsLW97wgmrxoXPhacQATWIy21LO2VAca
atmos25_113.jpg,1fqDoJw0j48D5-O93Ko8GBHX9flBLNshF
atmos25_114.jpg,1g-93I1qtDaNn5-4-ep-Zqbg39lftoHV5
atmos25_115.jpg,1ecqGA797Mm64lEFjAFX-78Sckyz6hYH3
atmos25_116.jpg,1ekIbi5irc6h31xDpKrNy2HwLG0g7oY_y
atmos25_117.jpg,1f1zTDAf5Ci-VHzhOgw4glBgQDEzQW_sN
atmos25_118.jpg,1ei58hkYTwUjkQyuJeCkfxS7z8VwJfhpt
atmos25_119.jpg,1ftwKi8YfW0TJRdyXRWN4K8UUqoOlhC89
atmos25_120.jpg,1f4uwCEgyAGpv5xmn795uaO1ZmSaqN5Jx
atmos25_121.jpg,1fUKX5lO0VWudofsZNXn5cVMPNdjv_ZpX
atmos25_122.jpg,1fsxDmS2mm7F6YlIhk8eABGpDxDexTjy9
atmos25_123.jpg,1f3NXAtPD7RFOqXGo-brX59io1RnRE4m9
atmos25_124.jpg,1fdGKgZesKcCtV4ecOkPIjUHfgO48gKT0
atmos25_125.jpg,1f0v5SAL2keTL7OJCTlJ5GrMmJGTKcjbG
atmos25_126.jpg,1fvPnvqNwfUWl3K850Anggtv79684n7RR
atmos25_127.jpg,1gHdOyDNtQs3gFdzmCl2zGqEmhLYAZFim
atmos25_128.jpg,1qwty9nnpVGvnInnL9DlpQHK_NIyBkReQ
atmos25_129.jpg,1fSQiPewTrof1VhbClwuGeUz-yuGE0OhH
atmos25_130.jpg,1GOMc0vxwgyDeTlkUZPRAB5EEiz0dzC64
atmos25_131.jpg,1fzzELPlgUa_TbLK-XyCv5h9V7Gcnrk_N
atmos25_132.jpg,1qVrXrjN2zbOv0V1ZMUeYwYbcBMbKrg4m
atmos25_133.jpg,1QO_Dcu7PdyYyHCBlL1LnREWgk2sDgFv_
atmos25_134.jpg,1slzuC6adPpYJvLp_ES5IqIsqYDBhUDu2
atmos25_135.jpg,1vkkNUhFp2-Nwegbei6oUUysfetSRXlij
atmos25_136.jpg,1ozvW4ptVXImORm4Jhk96CBkO_RgparoX
atmos25_137.jpg,1D1_soCeyw_Wubw-YtavfBfyFhGlmJe63
atmos25_138.jpg,10j9SOUhQn6SONd4VLd5SDEMENn-W9_LJ
atmos25_139.jpg,15cMjvHriV9HB1mJ_0T1KNyS5kHMz9UyB
atmos25_140.jpg,1iAwPR1PO90G0IIqUcn-3lYOt8UyJTos9
atmos25_141.jpg,1EaOiND0jf3TCTksqy_PgjrD3le41pIb4
atmos25_142.jpg,1cXXTiUqZqxpZ5uLhhyiol9ghiAAHhhhN
atmos25_143.jpg,14C1stfQLunV6dqXjO833hQPzIKf7JhsC
atmos25_144.jpg,1-rCIiEoWJK_3LGknIkTk4SgXjDSaMe5N
atmos25_145.jpg,1cCp7quy1zL1qw2cgoPKILfQsamt1umxH
atmos25_146.jpg,1YjkdMENt1eKsaqHc5jzey0nhtasCcZxX
atmos25_147.jpg,12kEDJO_TxTa_GG2o7t7W0jquqnbFQhrd
atmos25_148.jpg,1IgJogq7t-TKifskP2ptZAI2KB-f68txj
atmos25_149.jpg,19N8oD3cnMp9_sO_0nAFR62SWa5YdUaCb
atmos25_150.jpg,1xOukGGVYnPEXKUifPMihmeouM6PY-B2Y
atmos25_151.jpg,1cLmHa5iscO4VtvBtneuUVh7GzMxeERt7
atmos25_152.jpg,1SI4TOrorV7iGv_KZdkVOQ0FmVY-SmReY
atmos25_153.jpg,1TBTVEFOAbqlaTepyEFcPl0sLEqzDNYz2
atmos25_154.jpg,1-MUgjmw5CkYTLDVf9x0G8xndxWUrQ0Ra
atmos25_155.jpg,1kxGHxUiFShxA0OrFG1ptV6vzh0tOiyJy
atmos25_156.jpg,13U8YfJXNKJLxPKbvJvNelaFmvuBpupU3
atmos25_157.jpg,1V1kCbgh2lUySd-HN8_shhim3ifNOKj9Q
atmos25_158.jpg,11nVD-tmE1O89B7MNImM4vcC7gdpJtjj8
atmos25_159.jpg,1hFe1lwu5WEngIq4pHH_XylvpHr_2D155
atmos25_160.jpg,1gai9sttvaPTHG4DhyxrNsLp51azm9Kdb
atmos25_161.jpg,1IOAaTg1-MWC9k2bwOt3kclJGTjopr6Bp
atmos25_162.jpg,16KchEg5iBpkmXYmFYSFLGiobNBbzCUXk
atmos25_163.jpg,122E6vsV5ML7Zr__b1LBEYNlYrKOZZTJt
atmos25_164.jpg,1LHKRBVXBF_5GcnSxO210qT2Mr39p3atf
atmos25_165.jpg,1lu9oYxrYEvEHbcUXF2namJSIlU_2EY9j
atmos25_166.jpg,1TxXzmzov1dwM3L1a6zfPZK_S0lKBTjKK
atmos25_167.jpg,1bhIUdZx_O3eg-IdARxpRCqYaEbHL5WR5
atmos25_168.jpg,1yDoL-q6R18ErNKVGU8Pd0C92n2mKhfHz
atmos25_169.jpg,1hoxQqnIis2MKXaVJ05Ij-vuvPA4SjMC9
atmos25_170.jpg,1gvylAv0y_Q65nRNBIsNroBn5bi_-kVSV
atmos25_171.jpg,1yNAvfDkwSLT26eTsE0tbJWjdeoToPI77
atmos25_172.jpg,11tv0CgP4WuFmc9Y-RAUVdy-l2j0GTp8A
atmos25_173.jpg,1neOkFLTVV_tNDWZExQKzYHZgvAzOj_fn
atmos25_174.jpg,1-Ffi3AlO9VLB_C2Fl40X6JLVjdX_0qvL
atmos25_175.jpg,14SvGr1yAzDzgPIUgXeIfXxA8N4RtPD5p
atmos25_176.jpg,1SJQkNJwDHYTNiFk4hwVfANGgIm2uXQGt
atmos25_177.jpg,19Oo9pqCFUvOFT0eLNyQ1r8cfMvFGGwQ-
atmos25_178.jpg,1DIxWcZeHcm1CaCYUNbNBjnug_aUyjea7
atmos25_179.jpg,13VPCGtLStqYdVrdRHoYZutQkzIGWj27y
atmos25_180.jpg,1jMfn-fh8Wsps-DJ-Qq-Lmw-UOT7-opTL
atmos25_181.jpg,1KicyFxlw5nd9g11APH9OoEKkcrdB-DrA
atmos25_182.jpg,1HIo-59kofwOPO8Zl44A-TkANA9oGbxRT
atmos25_183.jpg,1s4srZXmEzTKAnBy37DdjHcBUfxWanaiu
atmos25_184.jpg,1G70aVvqC_e9fFOJDWYTvyXYy8DXfveXY
atmos25_185.jpg,1WsUYcXUZE4MW_i85kInrozUUvt1jaEpe
atmos25_186.jpg,1TKX9OpoYVziy5hFoEVSbCwCGbtug12e7
atmos25_187.jpg,1_IyWa8roJW2870yIs7A28zSyg7Y2_au8
atmos25_188.jpg,1-nf1S2ehDRVIR6S_raRZlc4UOyp9wbAD
atmos25_189.jpg,1TVMiUZxoylXnp1_dNHmG693shoih6j1m
atmos25_190.jpg,1j4xqCKAGltIVakl0QRlbJqTH8gzBlKpg
atmos25_191.jpg,197-JmySethS2xxa-klZKmVadNBJfUtEB
atmos25_192.jpg,12BsmG0CrypZAWqF9xaloe9rtIp4SmLdg
atmos25_193.jpg,1o3JCnjOEiHVO5bJ6pCGqw9ZSISJT640P
atmos25_194.jpg,1kv6UTNn8jNEgwsCy8tf6pw5nFSZapoV_
atmos25_195.jpg,1ld1PHM1JkVb0eRtD3aAzQMIH-3J7ncYJ
atmos25_196.jpg,1URf4gfdlaO9PmIoKHZaoy1-H9-2Iqp4P
atmos25_197.jpg,1SNpQNoKIMii_L03CjlXSTmzwziadrIhm
atmos25_198.jpg,1AFC7D77GrJ5pVVdkDflpnkzlpgclGjIz
atmos25_199.jpg,1G1nU0rfqXQoKLLfPu23cetjcc2TOiYGH
atmos25_200.jpg,1Yj6mfm0ln7aYblQTSRac3JB6mgordM5S
atmos25_201.jpg,1pZYyC8wGXIPa_gb58__Yown76weOJmn5
atmos25_202.jpg,1frKWbjORACXYkq6QozLA2woHuir_mlf6
atmos25_203.jpg,1rGFAGmcl3Nh4HO6E5EZSCafA0HRBJKQB
atmos25_204.jpg,15KsfSVDKP8E0iEKlLUVCUViLRnZQjzWC
atmos25_205.jpg,1AQatH8h3isa_BdoEUhwDayqDZIuneWxu
atmos25_206.jpg,1EqWzRQb4iCD121WpRwxIbehBzyIi2wPl
atmos25_207.jpg,1xTx6XmcCJR0fy5V-IQC6yM9hYyDAELYw
atmos25_208.jpg,1TXRKuBc8Qrzl5EXOWbE_qdfNQlgXKKG4
atmos25_209.jpg,1tU6CV5qjJL8mzDI8sSIHlOSCuzPd0FDl
atmos25_210.jpg,1DMkzg1XoBbA4c_gONqCSJ9woS-fliNjk
atmos25_211.jpg,1A5l7a-Pc7L2PYj-raf4F2rlBsWSxshRE
atmos25_212.jpg,1ff-ys4sJksdTrU9OFSoAG0tUd0A4p-ZX
atmos25_213.jpg,1kyRlRol88nI1fBhmnXD2dsHWiO_-VzKd
atmos25_214.jpg,1FYLFqNYRvo-9Icw-zfkZvzQSb54mFQqV
atmos25_215.jpg,10LQiPmg1TPHRrTkP-eYaYzbOKF_nvk9C
atmos25_216.jpg,1Z_CL_GgqsXNG0QTPiXnaIrhds3hkQ8F1
atmos25_217.jpg,1UAaQKf0U586nV7TAzyQF598lg9B9rKRe
atmos25_218.jpg,1UfV83f1FTPh4-BZZpSKhzruIPVWxtW5w
atmos25_219.jpg,1FayISah4T4H_fbs4XadnqSFId9KBF8SN
atmos25_220.jpg,1jlsp-9xykRRK_xQnESXsX6za4kVUAz2C
atmos25_221.jpg,1tx4OwphCev0Tx8TxSMIJqLffIfggawYo
atmos25_222.jpg,1MCRAO92kpssSGWSb0AdJ0PtiH2XHlZF3
atmos25_223.jpg,1R6QaOkKJ8eI_-Xr4yHnVljxPYSEmE2xf
atmos25_224.jpg,1YFxUeAf4AEKst1dQxVXFb-sej2s-V6Mk
atmos25_225.jpg,1d7YKoWRJ9pittn8aK3lJv60p7rOqez2k
atmos25_226.jpg,17-L8QeqcIia9QZc2mAHv4Vz6lXEr1pdK
atmos25_227.jpg,18n3DrqR0XtEeaU5Zc-RzKcoqmtjcK4DW
atmos25_228.jpg,1Vv0qq_uMdSwqJB9MWQGHkgtVazsckbPi
atmos25_229.jpg,1k2BcSeS_5lZu7VyQv8ny5z-OCP7Qfz8c
atmos25_231.jpg,1k1Vvz1AWal2wqMBoGp9VFsJDpNOI9k8k
atmos25_232.jpg,1k6Lwt0rVEJm9Ss7PbxVXAz-Vq7VB6tVs
atmos25_233.jpg,1k4hmpQaoYk8JbdbYHrLQQddbO_DK7CUr
atmos25_234.jpg,1k2_uWboJ74yNCjaJh-q8VM5SLzNHK-MX
atmos25_235.jpg,1k7aoNNOfUsJfH06D_F9sPkBJ_0wBOOjw
atmos25_236.jpg,1k6jyf5zeCE5ytx4Jt3IUm5xEke6mSdb5
atmos25_237.jpg,1kAUtNBzREq7wSZSBVMDGnjv17LBhFyM3
atmos25_238.jpg,1k8gxKhGIDycZXY6BMUA0qNeMz4DK6IRl
atmos25_239.jpg,1kD6JteTHxJtunGxeoewOnTIe0-5TBBOi
atmos25_240.jpg,1kCt2jg3vYHsatfjY-nf40rV8JcxHM2X2
atmos25_241.jpg,1kDu-IiIuxZuk7fTcZIy6z-rIE8x25djR
atmos25_242.jpg,1kDSPhJsyUsqyF_qU3gls6_1YH24T1G_w
atmos25_243.jpg,1kGSnYtbMRMqOPOXFjJJZ_EzdhIBd4Uns
atmos25_244.jpg,1kHWb31Tv1HjzGip0Pctuem6Hsb0d3GMk
atmos25_245.jpg,1kFfdSjwUmwX3GS0GAqtNevg_gcZpQ59v
atmos25_246.jpg,1kMgM11iIIrqcX8NdLm58yS7f12W-Psxv
atmos25_247.jpg,1kPmgKb8wb33wmeU9pMEWmontLpnlXE9B
atmos25_248.jpg,1kHOkRzhvGPoAZ0SKeVK4CTlV5GG6xwPy
atmos25_251.jpg,1kTofcdx_l8NTc3Ivu31D7gTAik61upvW
atmos25_252.jpg,1kTVH9Q3RiVbjOaCIyqOpskDavGyyymAI
atmos25_253.jpg,1kVw8GRKSJ4fPP3gse4pDwDgXeeNm207d
atmos25_254.jpg,1kVYVV0NjfxsrZYnFpYAGD76IAiHKO_qz
atmos25_255.jpg,1kX6tanRZLJgvCcq0vGmTxZcfQvNUEd2X
atmos25_256.jpg,1kWbH3cP0sCW6IfYWku15JcnfFFkEIbdr
atmos25_257.jpg,1kfIZTufhUvbTf4lRRGWjZXjlXNWLgi7E
atmos25_258.jpg,1kaB6UeYX_X6D_QFzDBrhSteup_rMtb3P
atmos25_259.jpg,1kr_G90TtxWB4hAVLLzq0VEWlG_5vpP8r
atmos25_260.jpg,1kqJoZYbndjeocAW-AmBZLCjy4Xb4DI-2
atmos25_261.jpg,1ksQ6YVxn6IB-643HFSYdaUSoHoRU5HVL
atmos25_262.jpg,1kre0OY804elrQxCB7Mxq6OKlWgYj8Gaj
atmos25_263.jpg,1kuoeqzjwnUsow_gH7Z48Srgk3z7Q0FWd
atmos25_264.jpg,1ktPLaexHTqpj8FrZ166qmVbwEdhjL339
atmos25_265.jpg,1l0I9cJA2LEd2C5Z_Dx-VQGE-PN7lgfoT
atmos25_266.jpg,1kyfWuLeiM8w1s9ZZWvvEWKGoiNnp7URp
atmos25_267.jpg,1l2GmTuTOYia4IYCVbpoUgooCTqRW4OIM
atmos25_268.jpg,1l0qdQF4nPqBdYuJ3hqQx5xweatSoYpdq
atmos25_269.jpg,1l58x3RtNVnm5Y1d23823ZUcBrPda-Kf2
atmos25_270.jpg,1l40Hla77olUA9EXVmYQ8Ve0W0fxurh0Y
atmos25_271.jpg,1lAf2stFFY_H4r_GDjf2pmxokVWgdY-Y3
atmos25_272.jpg,1l9NLlDvYS05MNt_Tw2WLTOYm60kLYpnH
atmos25_273.jpg,1lBQ6UM0-Y1YQPer4F7cuqSLnecNgebiZ
atmos25_274.jpg,1lBDeTDOn78EJatZXzTVCLTEc3oOLcr4a
atmos25_275.jpg,1lKUGiXVLNafnS6fqd_x2BvL_-t57JM0u
atmos25_276.jpg,1lEMfMGFTomwBREG7Fb2t1eUp2iZuQusq
atmos25_277.jpg,1lMTUdUNfGfjXY7DSAJbIGGany_YxoZIs
atmos25_278.jpg,1lL2XrnZMhCzt3mfS5B9VNkvVrFSt-l56
atmos25_279.jpg,1lPerimoTHRW1DAZoombLC8gUYzGEMR4o
atmos25_280.jpg,1lPa4r9Ru3y9aLdmheiFmW_DSFitW2bGU
atmos25_281.jpg,1lMuuwaZOCKTjZFZJl5SUc9DRhLbKO0yJ
atmos25_282.jpg,1lSgocE1BW7n18JqqZHvszzgUFEiojhIt
atmos25_283.jpg,1lSa5EfqrDQwYy2iaGXsDYSm3sT3rAIpf
atmos25_284.jpg,1lQ-Z0VHgG2AB560HMskbzVQ6DWBNhAUx
atmos25_285.jpg,1lUPaeYyn55YZAgn9teaAMioCZWkMJrKW
atmos25_286.jpg,1laQhkFfjxOysss0dMuud1HwOU5FsZuhI
atmos25_287.jpg,1lTU1vVcgyHj5_QTVCeXL1Mz7bnprBBA7
atmos25_288.jpg,1lf9xfgYDiIMWPOM_YU0bdB74ppKM1ZPz
atmos25_289.jpg,1lW7rATKO4-hM-hNO8pCfzPFggQWApsaB
atmos25_290.jpg,1lceBYZikuwbD7GW0rJwn2Ras4zzLWkAt
atmos25_291.jpg,1liEkH09oSjJbG-m6ms-Ej1xnq5_lSANY
atmos25_292.jpg,1lrWyW2vegMnZ6fK6wbGj1MMNrJjtsmS3
atmos25_293.jpg,1lhCKlf-kZHAMQBaoVINms7HLTbmE5IjW
atmos25_294.jpg,1lmpo9nV6z244S-ihX4k8vHMfItwx0ewv
atmos25_295.jpg,1lv1zV1VfzUYmKipIuW7y1dxjbcVu8gVl
atmos25_296.jpg,1m4EmN_ste5yYQs9Vg7xUDPJeE66VNGfp
atmos25_297.jpg,1lt5Q5FNuZ2YabWQXMgbTafHGph81WkCp
atmos25_298.jpg,1lxqoDvB-noaq5xq9F-a7zxHCeJzzdc9X
atmos25_299.jpg,1m6dvFChxhnsO-o-qQViF63o9a0_t3b10
atmos25_300.jpg,1m79qxT9elqNm_C9v-3bS9r7MPNEgngMy
atmos25_301.jpg,1m62fcUNAgrM-DtIXiKu3kH6KAa6NpeYm
atmos25_302.jpg,1lcbwyO8x-TO5C_CFu5K-jHuzQs-vhC44
atmos25_303.jpg,15fnOydh39UoI9HqRrjXShqYl6_0FrUrC
atmos25_304.jpg,1t3c4jGq7NXClT-EmMG9xOkBybeoTTfGi
atmos25_305.jpg,1T0q9Htmhe8alldBiVZCVHNB8Ak3dwIG4
atmos25_306.jpg,1lb8sJv8tE_30WjgdAjedGMUsE3LblamB
atmos25_307.jpg,1kmplQaN-mtOXWbVBNDVsuwZaeMuxv_71
atmos25_308.jpg,1KU2tWV2AA9gveizLyuPtZ-NlvvN3sj8s
atmos25_310.jpg,1eHRraS3YNQm93_ibDlm5748S5WlZSXE-
atmos25_311.jpg,179Op9PHztrF6wOPugAUdEKzWM9TFL8NL
atmos25_312.jpg,1u5qykhqUFLtkkN_FKMKHPCahtetnl8nY
atmos25_313.jpg,1k1bFjwhjhh8YIcGAwBGy1ckBhfyELuS7
atmos25_314.jpg,1tJ5rm8Hfw3t2_CbYk6K48g8QpV2Ypbj9
atmos25_315.jpg,1Ahfoq93BC4-dyItcFn-AvrguonhlROQ2
atmos25_316.jpg,1bEDqf2KFRgLdikJ9hKcG2ykiKmyH1KPs
atmos25_317.jpg,1ho2AlqBHVkC2dl7A9xzXUOStfcyCuCRN
atmos25_318.jpg,1TKGHG7Q49Yh8P-sKtMNzXXfD4kPZFD8g
atmos25_319.jpg,1-o9AnjXtaFX1dooU6Y_XLdiJyY4WF2Gx
atmos25_320.jpg,1wYeokAenXQSpMFFxZ62m__0q5n7paogA
atmos25_321.jpg,1CmzB83dWdIPwCZxGoDG9RIG_DdfZThBY
atmos25_322.jpg,1VWJYbYkH1yCoaMPQUqVpY8c_0U_5Cy7T
atmos25_324.jpg,1sb8J8m73L-yNyR_GUcoR2idopbPeSNmL
atmos25_325.jpg,1Jj__X6UQTqa6cjCAXmxtICuy6EjqxHxJ
atmos25_326.jpg,1oDBxCcioVdSXfKMIC2pVvuybHsJQCVQK
atmos25_327.jpg,1zEWFYYXsWyCq6pKvg2E1M6eJC78j6qn2
atmos25_328.jpg,1mrCb60vtnRnEk9UIJNq9A1v1XTR-3QG5
atmos25_329.jpg,1ZWZTyCmPy5xwGVj9hmuunTI9HIuzXJEf
atmos25_330.jpg,1scjSzRnl1mXJKBZc9R1gvE3DseBcpaFo
atmos25_331.jpg,1Ltghc-UoCLwjOSfPexwXOpYetbKmPeZ9
atmos25_332.jpg,1B791NXXsWkUMkfZcClMBuiJajiq-M4MF
atmos25_333.jpg,1x1yRGyavAb7FUZnzQi1lkwvt5gypBgXC
atmos25_334.jpg,1VbW55dL0Qtds48cuBFWWi3ovobiimuF6
atmos25_336.jpg,1CRum5Ds74BD614tUaKkbJORXWW27nKPF
atmos25_337.jpg,1jJV54BMfWYxcc3sP2RBCfc10_kFFXWck
atmos25_338.jpg,1if7ffTL7MPNC0tH4M95b8RtMEWvZVpBq
atmos25_339.jpg,1QHOaJoLErltjQsr6irpfwwMNVLFBcDbw
atmos25_340.jpg,1PrSPMpKIg6m0cFhnWWEAxQPfVCai8imI
atmos25_346.jpg,1FkguHU4VKAl249QVYNoruwSN6MMZMoo8
atmos25_347.jpg,1m1xb_9HexokYS1PDOyExGj8V4Ka5tgU_
atmos25_348.jpg,1HCbfUlefkSEnkoh5avu7_M7i7F5xfc7v
atmos25_349.jpg,1Uc6HJAXpiVpSyD9yKP-8BZLEsMEfro9Q
atmos25_350.jpg,1kUv89ch_p9U1TCdwH_HscsoS9nRxCkDt
atmos25_351.jpg,1cXgCq2mJBXYABMUtjuII1uojAFGkQbq9
atmos25_352.jpg,1Xs1rXevyP8v5LWlfg5NZSQviGhMU-ivS
atmos25_353.jpg,1lnWrl8yYcNm4AR21MIZEMlidhVEFKhLY
atmos25_354.jpg,1qyXzuvA0ibyiXa30JPklx1BZ_0mZcVRX
atmos25_355.jpg,1OEPeVT-E8FkMunhttmtx8XaIN9-CwjLB
atmos25_356.jpg,1raddDC_Psgcbqd4FYLNte0Ppc-7iYLBe
atmos25_357.jpg,1IGh_DjtNPtxfnaDAC43Jm2nxZIL89rk1
atmos25_358.jpg,18ufIKa1h0HUnFVrufjeSDZ8pAvNxVLxC
atmos25_359.jpg,19uF9QruJSZotty-LeaOTaW3tpMxLiqBY
atmos25_361.jpg,1Slwk3by9UY2Z1xoMIMfeHO5ZDuIs0lc0
atmos25_363.jpg,1obTSsG6pBDlSzjPTbFnGsnjUrZI4Cs_N
atmos25_369.jpg,1lJmKMb46NnXm4INY1cg0zTnWy8AaSFJy
atmos25_370.jpg,1Tj1R8mX3rnec_P8dyC1rcSnvY3HlFRaw
atmos25_371.jpg,19A5BmZfrDJfNqmDH5CFAeUgXpT8vJ37_
atmos25_372.jpg,18y09-JvRisvA1WmmVOioJxDPiNdIhNam
atmos25_373.jpg,17F9urAU8_p5Z0EGVdAQSaiefqFbDsH-t
atmos25_374.jpg,1QW79RIhk6o5K7flM9_sVg6tralDy0rlZ
atmos25_375.jpg,1bF2y63AObpGIG0MjSg36-uWbbvqvPM8S
atmos25_376.jpg,1YZKjVFpaPwfTFQmx5YgHj0C674kKuERs
atmos25_377.jpg,1njVzlqoN0Mikez1KCMjAUcL4EDBIVj4s
atmos25_378.jpg,1FU2pM9KkM2qGeT0oqU3iT-YEGKIdknRD
atmos25_379.jpg,1wGVWWVa7pN71qoNwR_-xTwftQXwjouwE
atmos25_380.jpg,1sPEnLf86hgaZlCpMzv3NdNLk_jVHLZgx
atmos25_381.jpg,1RcvAoIBuXCLS63H2dJHkorIpvR4A8rYW
atmos25_383.jpg,1Ub8dlGQdudVsaDsM94Dbyn86VbGNFwsF
atmos25_384.jpg,1Uce0lJYAvWUQdDwKPmwcGzhUaFtwdoEX
atmos25_385.jpg,1UbbzVtjMLfqFFF-JMTmXPQ1vrHPwIAmc
atmos25_386.jpg,1UdOx_Nc1tBaxK5uQbPTQeq03ERai1w51
atmos25_387.jpg,1UcxJjVvzDDRgUdFFFo5iFION72oc2v9S
atmos25_388.jpg,1UgHXPIWuC7vrO_eFcb1YEEUUjSvtkrqG
atmos25_389.jpg,1UdTGK9LqL2IgJuPLokNI9PDS3MesEc1-
atmos25_390.jpg,1UhZ_B3WtNYjC076Px9q9x_cK2qVlLhPv
atmos25_392.jpg,1Uki5pWeA6rTC3JAQPj6HeeT6ZKfczrld
atmos25_393.jpg,1UhaiFOqXsPub8c7KkzZbY04qrQKg2LKk
atmos25_394.jpg,1UnYOlHZQlzrSxsYvfD7OWk_Rgyum_SSw
atmos25_395.jpg,1Um0cbfYgMJqtKBbOXHjCI4cK2pqTmcKu
atmos25_396.jpg,1UpQGS0NpuuN6_bhqRKHr-36xDqcnJ5dp
atmos25_398.jpg,1UriI7JgZLQbEYRrPXuZpxwD3_7RVEf10
atmos25_399.jpg,1UpRsMx0B6fQiZgChXAsRE6ZJ4MnYY4Tv
atmos25_400.jpg,1Us9M8TuqK9f8Dcg_dMyTgyc8KYpp2p24
atmos25_401.jpg,1Us1FtXv9hdx6qTMqsCJGD8P9EapqM5er
atmos25_402.jpg,1UwgL_2TiL8y-I9eqGL-rwxchdGIlb0K-
atmos25_403.jpg,1Uxy_wV0d9NmBnckNPXOUQdNvgIdtZKTi
atmos25_404.jpg,1UwsD5Py969rwfjFmd5toKubEKnpal1xi
atmos25_405.jpg,1Uygh9o_JxpapNTYjZF8fgRSMSAe5Sg_B
atmos25_406.jpg,1UyRLSwjRileXBA7y9DQJdsPhNYdPec4H
atmos25_409.jpg,1V-wlNQS9Zsl3Ou6JEpjCnwBjlpq5-2VJ
atmos25_410.jpg,1V1YEjg7XP3_oF63X6u3-0HewJd0jxuUV
atmos25_411.jpg,1V-pZbY840GZCjKacfly2Hb7A92o4rGUu
atmos25_412.jpg,1V1WaLxnZPErAoLKCIdgAURTUa-boQUF0
atmos25_413.jpg,1V21a0qr_RmwEpQmYIq2ZkKJa4MW_XfIV
atmos25_414.jpg,1V1ZQjFmQmls5DdNEmRfYl7ypRxShcFMw
atmos25_415.jpg,1V6IqIeyZaM4Md_wcjErvDtYzzXZFsfHS
atmos25_416.jpg,1V2x3ICDvy1lWholHyVMXQloEl9Kbe4dq
atmos25_417.jpg,1V2t4UURzv7Q2gGyIgEc8uxIktOxE_5bi
atmos25_418.jpg,1V4XG7ZPka4wFY_Fjrvk3PzMuz5BVSJlA
atmos25_419.jpg,1V7tgM6jjPE6MpTpTrvqJQBEiQK4GLNQ1
atmos25_420.jpg,1V6KveVBfiIoHrR_G1Rk1pU4mXnwcjYyu
atmos25_421.jpg,1VAAskleylecGgnNHeQ_bEUOgEjZxEAqb
atmos25_422.jpg,1V8lpF40ezYsDPqwzcbGuhk5hfPCUzWcg
atmos25_423.jpg,1VBciFOjrDeddD5_L4LHajcHwFoZlBj-A
atmos25_424.jpg,1VAYFL1HRLBc2nMfZTz1srjzY32O5bsky
atmos25_425.jpg,1VBroNE7bE4cwwUEgKMGaUZJA2YyTHD2G
atmos25_426.jpg,1VC92efil4xy9RKvZA03JkyrCP8-_aYgY
atmos25_427.jpg,1VDY9k5ehs1LMfQ5HvdtV1bvGx8rjFQvA
atmos25_428.jpg,1VCWU-eW3-O7SmqlVYTC3AXwjCQRGcKq7
atmos25_429.jpg,1VGyy08Tc2DGb5be4ojCUKlK_54YFmosf
atmos25_430.jpg,1VGuapUgXbkStfMNt8dayOGCl038H3SGh
atmos25_431.jpg,1VIHY47q-y9MUGIHrYoOjjzx9S2b0tNqT
atmos25_432.jpg,1VH1J9esB5zaBKctLCHGtzDjcqnhKcdiA
atmos25_433.jpg,1VIJx8_burPnDcNZJ-19CMZmVw8UMtMEK
atmos25_434.jpg,1UbDL39TjuB5PGMo0h4n_YoRQCsuAZzVu
atmos25_435.jpg,1_qRfdJQLEQ2nCSHk7sZjgZ5Tm_96ZckK
atmos25_436.jpg,1sZOqNU0gCPK_Kdh_fYcNIBMZ98PfXhY8
atmos25_437.jpg,1f8FB_QKqZa_Ud85NNKBmCnX380m3kP8A
atmos25_438.jpg,12Oy0Xi7DeRmZv5Ns9A5pd8xavpb9pXjm
atmos25_439.jpg,1QkKlw9sduZ6sqUZLxJhJ8P6-CgdkfmqE
atmos25_440.jpg,19rBt3lcXgTAk1jQzkf854H5h1ei_9Rg_
atmos25_441.jpg,1qwe1bhIuWNCNP0IQ5UXAl0MPKxHVsvSl
atmos25_442.jpg,1vPuvpyjklToPp29sfRyF_z3xUBs2dA2r
atmos25_443.jpg,1mng9aZYR9GwfhLs1hXoKKDsOzXeuIY8t
atmos25_444.jpg,1R82tfB-37fleczFec7X0U-LQJwMN-V-a
atmos25_445.jpg,1g_fY3U1i6o2X28aKTlk-a43_Ae-knHu6
atmos25_446.jpg,14YuKYF5Yb-fzOU37SA1hiI8SbaCWQaem
atmos25_447.jpg,1Bhfq6ZePLCmAJ0ma6Z2oyr_5xcuwjh7h
atmos25_448.jpg,1coDAzYQaySfZwVVNSLyH5Byju4VfoiY9
atmos25_449.jpg,1Q_xrqH2eBhWceyTvok6qwUR4pbjw60WO
atmos25_450.jpg,1pFrkz60yYx9s6eD6lFsi6S_sO-_rxAiL
atmos25_451.jpg,12Q90DCfnDhK676uYnlKF8xzV3kpsFhgJ
atmos25_452.jpg,1CcuJDfAMRxy5VBC_ch1xJTlozFVBPXV_
atmos25_454.jpg,1fN-cYnXRfy-kKP4d8SStznOX_F2UlMjC
atmos25_455.jpg,1xR13bdaryfXji1747j7BnaNBJBTMTjVa
atmos25_456.jpg,11EjmvcLWNo3VhRYy13Et4wuaBg42W8RU
atmos25_457.jpg,12_Z8K6d9HstF2tqVOyH0IDhENAcim86c
atmos25_458.jpg,193YyMsUZNORu-dtVfOwcuhCmb4W5MUvz
atmos25_459.jpg,1BZpH_M4K46dCsPDLHt52lE5cChwuWI_Z
atmos25_460.jpg,1Z87RC0AKHsEudSkUz4WfXh9PFBjec3NY
atmos25_461.jpg,1SrooU7IzwwGVdaHW9uhLJN4J_2Q3-M0F
atmos25_462.jpg,1vUibbMFnerp7bvx8WG1JkLbUq-iVqU3N
atmos25_463.jpg,1ygsfybpbkrxTEIAkdqIwvlGDXSkd3YUv
atmos25_464.jpg,1Gfr03vTJ0S4gdc8sS0OV3OPRLQZGG5rM
atmos25_465.jpg,1EFghrv1uCJeYpwEISOxiEQELCqrgAAWi
atmos25_466.jpg,1rsryKfoAGKT2z-v7fQC05Q768vy316to
atmos25_467.jpg,15RUTx8jaB0lCxNQbtjrdPbE3HXr2CNFe
atmos25_468.jpg,1L0uQXIkR0jO80p2jZFYzjwr3YGYcGu4U
atmos25_469.jpg,1HK7heAIsQKCo4ao4C2IN6Yn4ter8lvoC
atmos25_470.jpg,1odAKyKt6rV3PusVnyX19N0_NExr4q56F
atmos25_471.jpg,1cZ6zpAllOyR2oC9rqbzmko8CK_tmqxHK
atmos25_472.jpg,1cboUL7EmDkvwW_IkSNXfRJPN6_vpydxi
atmos25_473.jpg,1cbhuYIwhhpswQDJ2aYzthDkEX_5sGRoz
atmos25_474.jpg,1cgtieNg6rDK_iOvLveTG_ZRXgt6wBvad
atmos25_475.jpg,1cce3h5uyhsw4cHhrqEVhkineDSeAp-Ex
atmos25_476.jpg,1cicwfaf3hI4M3sdKXivgjwoMpEukw3rc
atmos25_477.jpg,1ckGfDBw7Ve6EOLuKBohIkGc4W0PQljZT
atmos25_478.jpg,1ckvq_LXRj1_HNDe29OYQ8JKV6SQCQfEq
atmos25_479.jpg,1cnaWocZqjcT3HjgmbOH9DUYPMbgChTO4
atmos25_480.jpg,1cp4NdT7R4pbKX0pGiV8Kf8vTC6WD2HEI
atmos25_481.jpg,1ctsj-cKyTvY6lPbUyGX6O0k50PNEYfGx
atmos25_482.jpg,1csPesD_RiplSuNu2ciXN9BC4c5AurlMj
atmos25_483.jpg,1cy_c7acVPLjmStE_T5HVCXZWCLyfiNvM
atmos25_484.jpg,1d6tvZQAIRJK1qjd8_k1K800yDBLap05o
atmos25_485.jpg,1d4UMv-A9ydBW9XypMiQMN_XtWUf_fs-Y
atmos25_486.jpg,1dEgZ2lLC11jy8NWn9fp00enFzQmMdSwj
atmos25_487.jpg,1dEZQ12k1Z5KZnpit9_GxmDu7Z4eD1CMn
atmos25_488.jpg,1dG8o2274b8XybiAAfWFuCm6_jK_fD44n
atmos25_489.jpg,1dI9wJtwWU5McHHtpM1pp4d3D_1QprQAR
atmos25_490.jpg,1dHVqsKT7nqPIVDK7N2z1nffD-L6bLS7F
atmos25_491.jpg,1dIcOc5yYVCl4a_RlUgz3nvmKbcf0vmrh
atmos25_492.jpg,1dIJDF0GkmZtt-QT1Cfm-RdSXqqZ6_nUc
atmos25_493.jpg,1dKRbtNaT496_fREVC2T7ZCJd3484_Vcp
atmos25_498.jpg,1dUWdfQ_s1uOTntHneDekXBGkl0EznP9u
atmos25_499.jpg,1dVtOe4rv88xxSTsCmHADLug67-uwfZsF
atmos25_500.jpg,1dVCVWZK641CrbupZzisJdzamZkSZjsb9
atmos25_501.jpg,1dXoBNY1ZFGAZZfgNs0AooYuWgC06tv-C
atmos25_502.jpg,1dXcuny5VNgbOCW1LMTG_mWJiVHsKQihA
atmos25_503.jpg,1damvxlgDgR27BMIg0y4X0jJ_jI1JbOeZ
atmos25_504.jpg,1dYD5FHjghEv093uh2rEhNhuPHbV9RfXV
atmos25_505.jpg,1dcLA98CdmdArDbb2-ef8ABEgn529bpZu
atmos25_506.jpg,1df5K9jbgqesLhbJjhi4b26xyrakekD7r
atmos25_507.jpg,1deaZvSJi0ePEdcaTRG5u7spEofRTFsF6
atmos25_508.jpg,1dggXRLqt2gomDsPdclKnxIeraLX7O--w
atmos25_509.jpg,1dma-ByHDxyb1FqyBn_nSc5JudzzjM6tZ
atmos25_510.jpg,1doi3riZ2NsRUhN2BHK_hTM_nm2CIbsns
atmos25_511.jpg,1drpIo8iYcPnchpjAWgkmDQr6Z9XwS3Fm
atmos25_512.jpg,1dqAxaRNf1fZQ7G-WwCdGxcJZ4fABYbid
atmos25_513.jpg,1duW7vnqZB8L7KfLjY9xWck5ah42CnBMW
atmos25_514.jpg,1e2_ZOPyh8Qi1SUkPp05N3DGsQyVhfGON
atmos25_515.jpg,1e2KzmShI-vLEEqNJ9F86K5Y5lOYNrsCi
atmos25_516.jpg,1J3MxI9hRh5qPPoYCwso1P94OxxoqtjHy
atmos25_517.jpg,1JB3bvgSLB2de-anXTEGR7jsJQO57r1bA
atmos25_518.jpg,1J8QfrnI-Ujk_TuJovRcowS18qQovq9SB
atmos25_519.jpg,1JCFrNLwQZmNGu-uiNojbTV8IM8JLeF2U
atmos25_520.jpg,1JBPmt9oALHLmz5wMPYDY2lY4K-WAoLNE
atmos25_521.jpg,1JFBfPOWA22B6Ebm1ohVjkBTlr1XopzZr
atmos25_522.jpg,1JDzgAoScq-jCFhdAl1tQ6FmKQLypB0yc
atmos25_523.jpg,1JKet3ptwrzjwv_2PcpMA6BGkeBPlmJGQ
atmos25_524.jpg,1JFUWrVrrt_mXuuF9-r-mEM4uaeA7gLRe
atmos25_525.jpg,1JLSUEDkybd-MVRQCru8gr5fKmTimXVcw
atmos25_526.jpg,1JL9okdbeoQS0z0dhlhVN8OdrMzYqZXxA
atmos25_527.jpg,1JOSNlu8nqBerzqbHgpqjfwu3Hka7rqTX
atmos25_528.jpg,1JMzaUSCjQZK4ZsPC7WtoOLcJWMUkVXpW
atmos25_529.jpg,1J7ZrXF5JSOJvwnz_1VMOPgk6m6i5-mGe
atmos25_530.jpg,1JOiMdKejA89R87ldgWubHIQRaRuNOkVd
atmos25_531.jpg,1d4656egomDMhW4FBHptMCD8og0f7Rqrk
atmos25_532.jpg,1cheqCM9pA5elouUYba0N0IFuowHBDU7a
atmos25_533.jpg,1co15wpYagMcNYmeb-0Yjqsyp7IOP55S4
atmos25_534.jpg,1dL6dfgUB_d-Nmxs_Mjs3a7X_LL7hi61d
atmos25_535.jpg,1dMUu9UjYidLA8_NNd88mB-83LL3DFlEB
atmos25_537.jpg,1d39ZtoGbsXik9xHLf0zK-wmJfuPEK0DF
atmos25_538.jpg,1cwtI2VZaPDvvvDoqeK1K1PW0ubdvmPdp
atmos25_539.jpg,1cqslfXr-elIJ8m6rqlDTLJpYlCyI2tFK
atmos25_540.jpg,1dWKPmWANTWmBz27MEOwhnWF6QTk5_sYR
atmos25_542.jpg,1e-chDAKwBj_a85lzIcNi3yKa0zSTwoYR
atmos25_543.jpg,1e0vGn6hmLFTYabCgu8JWyoZNgnrNh--m
atmos25_544.jpg,1dL2odoNc6Vv3nZCJMVsod3oC88hu2lLb
atmos25_545.jpg,1e-mFe-VB-blFXUvRvv2Ee6SY-4beLx5Y
atmos25_546.jpg,1dxqYh1FHmEwXKI8izrgWq9xzWiHdAAkR
atmos25_547.jpg,1cz1oggDWWk3xlhWDLxWDETXZ7C_Xos8a
atmos25_548.jpg,1dWHZcCkct62G0ObkVOI73aJ-q8H6gOyX
atmos25_549.jpg,1dvmwDzc4G5VxNhyOqxFAiDMKNMq2G9dN
atmos25_551.jpg,1sxW312oDjCkF1w7mwC-bQFPB8r7bb48Q
atmos25_552.jpg,1dwJEx2jhX_wxH_Ptt3e21D9qD88PWqM4
atmos25_553.jpg,1SJ9SvxrLqCFnhEfdqEqVDTKrqJRqxtd3
atmos25_554.jpg,1AY-dQWBUL1ZJWpf0HCbs4YVth_AtPt6Z
atmos25_555.jpg,1L4Z7I_HxdQH6VS2d7eP8dSYsbSgFURM5
atmos25_557.jpg,1fnHKBwgkClf0K2DsTsLKN2Lkyp32uDC9
atmos25_558.jpg,1Cp6bJP_TIuUNhtP4bmcLNCWM09HEX3__
atmos25_559.jpg,1FEZLmoBy364HfOQeHuSkPWSlh2algZ-1
atmos25_560.jpg,1AjcrM5uTITk0aqs6zPsJgz8sk_YinVmD
atmos25_561.jpg,1eckRv1dY2h-MlarQQExvjNhrZGn3GEs3
atmos25_562.jpg,1fvUe7FSEo34hm0V6FgVx5xsqS2sbjh8m
atmos25_563.jpg,1gCjH87iM6LK1b9lPh21c0zshoKbjX91y
atmos25_564.jpg,1qB0_5GAD311NwkTNhjq24eDwGTYwLX4c
atmos25_565.jpg,1nt83CfkLAKoS_6v2_51VWUTTBpj28-Fo
atmos25_566.jpg,1480jIE_ZFR-nX-esPkI1qiG7W0ZtFpJA
atmos25_567.jpg,1TNFr1WBjiSG7lAz_jDVl6QpOqhHPmeTl
atmos25_568.jpg,1Kx-bO0ODHlMjwhglFBZPxHaczPSCOK2O
atmos25_569.jpg,1cEhL2xIuftaM07_7eiVW7JOpkbZobnet
atmos25_570.jpg,1C8BSYEOoBbzssY7ob9EOoicQTLbFsVue
atmos25_571.jpg,1l2T4EP-C8HJdUcKJxBZf2jv2aMwC-rZJ
atmos25_572.jpg,1aPAFg-1HUqYHKFJwFmcNM--BR2L3NY59
atmos25_573.jpg,11Y05nd38q7C3XBG73OacCR71zN5w9xrS
atmos25_574.jpg,12iTAHToACawTsCqPpVULIj0tz26Z0Goh
atmos25_575.jpg,1NePgtZO2SYkTnqS0dKmGDOpCKYRalG6X
atmos25_576.jpg,1lazpG_hHwpoMpPz_l87f6dvR_em6ayHA
atmos25_577.jpg,1cQLXQUhTVvDJlN2c_V-coGZW9qqX0z1a
atmos25_578.jpg,1-qXb4WrwyItt_JLQsDwWyc_N-MogWKh-
atmos25_579.jpg,1HoznjHzpp8NSTsPLUs9feL1P-phoO6na
atmos25_580.jpg,1nNpLmi5eKA5lg59AlP7E-HpwuipnvXV8
atmos25_581.jpg,1TOlGFxU0mJHwvkKRIMZl9tUSTzIr1PTu
atmos25_582.jpg,1KnS6dcJzOL03CHiCkwjnYCnxQbWU21zK
atmos25_583.jpg,1FQTJapJK4ImPxHWOu5YtaAuzNcpNKMKK
atmos25_584.jpg,1lRBeyJljR8EAqxcCeQ9QoBWVik5QGUyE
atmos25_585.jpg,1m66ZR3Oi38xGANT91vJnpW1w0vvYbGzZ
atmos25_586.jpg,132772enihdhCxxheDmzU2_flF4Xi1zCc
atmos25_587.jpg,1rkBnv16zDXdlHUg5is45kk0Cg663lwq3
atmos25_588.jpg,1mMWmIpQmef_4B-YYJdHqFyUcI-pmGq_e
atmos25_589.jpg,1vBYPbnzqFQrbW3SWVNTeSJrN43JmTeoR
atmos25_590.jpg,1KbHIj2-PC4slKNOLOpqVeVAXLGrM-gF3
atmos25_591.jpg,1Bx_4DVWDJFI5mIsWeW-cKyQBDRdQ2-VN
atmos25_592.jpg,17EFwTnjcJpn8JtRLMobYWQ7hiOXqtx9O
atmos25_593.jpg,1M82oTn6AkSulEvyeT9NtL73ZdKYG0uAx
atmos25_594.jpg,1fYol0xyyCHPePAM4TbddTIViM5SNNpDL
atmos25_595.jpg,1ca2tqB9gfoQ8GV0NKQVuqkdyEUbpWhY8
atmos25_596.jpg,1cncDOjQqBG40ni1gc21rOyFqMX6Z7Pv1
atmos25_597.jpg,1c5b4XyMqT_zXHnKotz-nVYiT6-_fwzaC
atmos25_598.jpg,1QiPrmDo4O3OCiHV_D0oFYqDZWWxG2Fnj
atmos25_599.jpg,12w_6c-pxRaq2hDdWfePhEL5j_oHAfehe
atmos25_600.jpg,1Rghs54HnaAR1HpPOSdjH_Q2210IsVEhb
atmos25_601.jpg,1Shx2ToVURlwBO66R5A9lWsXxuqyMeFF9
atmos25_602.jpg,1EF7QXXMyx4KrEenxwmM1volIwItdFeXO
atmos25_603.jpg,1cWBNcTMDQ4ZI-X5LDA1zX4ETYz92rJmP
atmos25_604.jpg,1VBcIHuCVRbHKjk4ry1S3ZC4bFANA35WX
atmos25_605.jpg,1M1IDrMtzCo6yr9c-Anbs4h8QAgC_glcB
atmos25_606.jpg,13QREMBiGJwF9KrxEJszkWzKO8_Co_Pov
atmos25_607.jpg,18b-xIV_lOaFGm9ZSzVLcbK2UtLeyX85U
atmos25_608.jpg,1y7gn0F9HeoIkK5Q2_8nelDMMMPw2zYys
atmos25_609.jpg,13DBv75k-hq5nFr75EsJuMsf8cnoo1kNC
atmos25_610.jpg,1azK-KycheTMX94Jgrjf4aFyC8Ae05rRF
atmos25_611.jpg,1f0-MTB3Huf83Xdl0jpxK_Prs_IvDl-Ag
atmos25_612.jpg,1mJ5iRxl_x1OeBV3mGN6nXbqS7v38uvkS
atmos25_613.jpg,19bWKs1VpDsyGZOeGBdnwM-ag7KDXOo7O
atmos25_614.jpg,1bZOBMA7Spfu75rV7f6NYRmaA5mcIwvIV
atmos25_615.jpg,1BqNFDyaXr81AnnumS9nSBtHXD_gEDibA
atmos25_616.jpg,10b9SDxjpDO6fOhZbGf4wTthb2kitvkHO
atmos25_617.jpg,1gMrIZq2sNAkRQBVdx9UX9jx4Og9s02-u
atmos25_618.jpg,1gNdQ_9NSjk6yMP-YAdbymD14jqbCai1R
atmos25_619.jpg,1gPW64KqovcYuqtmX-FKzcp3kXxE2og4D
atmos25_620.jpg,1gUK3S8w-jkJHvmqPrOoSPQalcEv3NYzp
atmos25_621.jpg,1gO0tAt7CqOcHOP7e7dWJOKqxp_Ze-IR-
atmos25_622.jpg,1gOwhSg_7IrZm8tO4ug7v3hkBKZv9uvRC
atmos25_623.jpg,1gWgot8RiwdbjlmXp0xXpcP9VbWN7lUwQ
atmos25_624.jpg,1s_mTc_HKFMGQQB4COBpc9DFGq9UELjSs
atmos25_625.jpg,1sZpwu8v4XrikD4lfKPdYJpR50DqOhLRF
atmos25_626.jpg,1sYlklHFOAFFjQ4B9f3mK9LtB2Iyhdho2
atmos25_627.jpg,1sbq-raMgqU227AinGKqW1LfaQvNRxoCe
atmos25_628.jpg,1sp0t6gKd5rFfA4703LXUUveGOQRAIBmO
atmos25_629.jpg,1sahhQuBfEfxRHbCp68rrspAgeVeL-SRo
atmos25_630.jpg,1sm43crVdX-YIFEOIuz8VFpQjRbIclvSA
atmos25_631.jpg,1si89_2ru0b4QdWKee9JQ9Rfmcpthro8y
atmos25_632.jpg,1ssELpwpTVsAPkr-f6uSePJMcXfHSxBgY
atmos25_633.jpg,1srWcCWsXLRK7yhEv7Nyqa9Y18dNAuJ3F
atmos25_634.jpg,1spBHujuTezN8_8kqpRhOMOFG-Yn-Ki-s
atmos25_635.jpg,1t2tQCqK2R8sYSzijEv_0b9ecEOwNTyG3
atmos25_636.jpg,1t-5Zn3tttL2qM6n03kec_uQ7-foRCYyA
atmos25_637.jpg,1szMSZ2LP7uZBwp9fGHmxXXD-p9h-wnHf
atmos25_638.jpg,1sv4612v8bJEhEga2xhihOwqGXlkpV2Yr
atmos25_639.jpg,1tAKyvr-CzTSoSgDLT8LsKCTL9IkjAmwG
atmos25_640.jpg,1t54wV2qXp1pKBP1qdyml-bF6wxUbI3bg
atmos25_641.jpg,1t3N0_fouMNITlaya8Qe2Ukx6laxTLQJ5
atmos25_642.jpg,1tDFpI5gmjduDKtZxYRh3cRLd2VOcv40g
atmos25_643.jpg,1tA_WKaKxfwEdeHmtDYHPPjfoSt_-ITsI
atmos25_644.jpg,1tJbixrLSIi5PwO5FqOgwe72fJAktR1vS
atmos25_645.jpg,1tOUkmqAuPBRX4FrCzZlk2qKeUP9L3C26
atmos25_646.jpg,1tJyToed9yeE9CXFlRTfx9ufKa2Nps8xi
atmos25_647.jpg,1tLiDDcSol7dX4fTaL-bi6okLoPSNZ_HL
atmos25_648.jpg,1gIVbLmcNKZB4bcMtNxPb9rrXEjjvztX-
atmos25_649.jpg,1gHluDh1ZV6Hj2MQLDNOxZQDSw0GhQ4pC
atmos25_650.jpg,1gLo6v4nqQYFIWCy68XspVS858cVgFNKa
atmos25_651.jpg,1g06kZTgLktmcZo-p_UbK98skGgDXKZIH
atmos25_652.jpg,1gXNMSPaKI2S29O87c5kZ5iDDRq-msBqr
atmos25_653.jpg,1gkHl-5SKZ_0DUdvpVwTKug4DwACU-1hJ
atmos25_654.jpg,1gZ2r33RRMsB5M688UHLLhFWyQpZ00Ikb
atmos25_655.jpg,1gbbiy7TD3psmPoaxvuhaTtHthQA1mZ1P
atmos25_656.jpg,1tFOJBXaev-FICfRhgYRaza9RXHuVyB8v
atmos25_657.jpg,1g_qD_jtOeVpBDHFi74u7-wzINbQ0F3t2
atmos25_658.jpg,1geu2U3rhshjJ-Ct49luSdTnpJ0gdAk0A
atmos25_659.jpg,1gWoxAMTjZSYs6tmwdzMZrsJYmI-kkwQo
atmos25_660.jpg,1tGheS_XCP2-PdyxDcc0sVOzvzUhA0Akl
atmos25_661.jpg,1sXhET4c_Z6PcC00AfgTggttjyaNhi3pB
atmos25_662.jpg,1zuskD72yzA7YUox5oluQGeWua7UYf2Br
atmos25_663.jpg,1m-L5jlMPXC5iTv8wmWPCGTxhbLIQoDr7
atmos25_664.jpg,1gOnyO-D-9Q5rfnkrExH-wY7TuGeOK04T
atmos25_665.jpg,1XUF8sqbzJVIUDS9wWxpnVNZ2f5Buu8v4
atmos25_666.jpg,1tD22OumF6HzGY5fHA3ayHyv6aqyz9caZ
atmos25_667.jpg,1_9Qklz2X__F99jf_6JiwOgyrctMvVkHI
atmos25_668.jpg,1jMatnKys8J0E6FNPhbVZ5XyAfPch9Cer
atmos25_669.jpg,19AgJ3yMfU_Wu9HSt_DR-7CoTsPn4zD6X
atmos25_670.jpg,1wvRwYtlcJ5l30abA_Fud_W8Y56d7Ps9n
atmos25_671.jpg,15o03cTljH2aliSD-gtaiVuxDa3JFg91E
atmos25_672.jpg,1QdDjpndCJjSbm6el_hWpr3kbrcXo6gIH
atmos25_673.jpg,1IXIgoW0BAH6xILZIQvznhBHd0lw8A7_b
atmos25_674.jpg,1vHLpci_XK9vR9Fx9ipWUAOvm8hMfS6-K
atmos25_675.jpg,1NochGBGsB8WlRa19YRPywmEpgoRgtXrH
atmos25_676.jpg,15zO_V1pbMhwF5s2W7Pth0vKB3c-FHK1P
atmos25_677.jpg,1WnUz0prng6QQ8wDhy-YxJMP8Oiw_cDY7
atmos25_678.jpg,1yZk3Rw809DSYOhVZAgMoeSV_CidRmvs2
atmos25_679.jpg,19VlVYYgxsbDFNfyihcG3VOSqdau9lxGY
atmos25_680.jpg,1JOCryXk72VF8Mg9F7Xzf3yA7ut15BUuE
atmos25_681.jpg,1ML_d-9VnaD14pFKcBX5UypKvZPhjmqMa
atmos25_682.jpg,1XdYvFjoPEZkc92383w_9SpDi1Iz5boXa
atmos25_684.jpg,1sxh37COt493xGuR1rSPS0mwfwnQeQVF_
atmos25_685.jpg,12t-P2BHEODWnbtJMY_r8VPc4jqcG31S5
atmos25_686.jpg,1927Y1hX9K46gd0lU0CALAyITEbV3qrnB
atmos25_687.jpg,1JjE5zXx93tDNL1LVUvDto_-kNzhDFD8u
atmos25_688.jpg,1OsRewOxQ5ZvTSSBAKEBmkt80jw9zQ09X
atmos25_689.jpg,17HkbywEBVm-8k73MW3fTwJcmcBikWuHy
atmos25_690.jpg,1u2DSzIJ2BKXorTTqQuz_QQofv9h0e5-R
atmos25_691.jpg,1tqpBs81gvOJF3bd-LhtHGdGjVHy5OK0B
atmos25_692.jpg,1bicOKh6v0QxDleuLjKNGLMprNZL4cKUb
atmos25_693.jpg,17yXxWUjHccYNUIeXeHFWlTU8C0oNNIYQ
atmos25_694.jpg,1AnyY8rIHMIgPG51oEBa4S2N0U-jsXH5H
atmos25_695.jpg,1R694Qsr2dGMzHTSAvvyRXDqPEKT2O6tU
atmos25_696.jpg,1d1Xg7L7FzjaJQQjdQZ3APgRfM8F7GGU7
atmos25_697.jpg,1g_CC_57s_8e3VoKUFdM3a1dPmB0uOlqt
atmos25_698.jpg,1HS-V9I15DR3UD62eI2BARhl7mimUdPJH
atmos25_699.jpg,1iGa6-hTnsAeioANFQV8UcfoDoG7RQcAy
atmos25_700.jpg,1D0Z4oPCoWn52p9JAAZY2Vtdutsb51VJe
atmos25_701.jpg,1-S4eaEYu8jM_qe20pJVOeUzO9Hb1y2eu
atmos25_702.jpg,1xnLNiNztHH1nHlF9OezJovPQ3EWhwhWa
atmos25_703.jpg,12315ERhqGdaSCa6b8cB831bMCjmIETxD
atmos25_704.jpg,1VH_IrKRU_9x8G_Y92LnlJXBpFO15b1oJ
atmos25_705.jpg,1XQfEQ4RugAcYVRTvKIvFAQA9PbNx2apc
atmos25_706.jpg,1qNqxngwCchl-5GpGZrP6mYyGkBTWjLiy
atmos25_707.jpg,1mfatBhYDD9XxUbJolkSlprvuYvC63KdD
atmos25_708.jpg,1qk61Msj-keNzl9Z_OOSATiVrcQSCfqBw
atmos25_709.jpg,12nk5oCK7r--gn5eJv9CLc9eyezU67_0e
atmos25_710.jpg,1rUumZ-1IS1svUIsQcAeVVkYiIQ_uYGN9
atmos25_711.jpg,16MizUDLYcgzAdC28xT3vowG1qqjaeFh7
atmos25_712.jpg,17TaZXAAFXHJBJlsHfn-jYaONgfBKJLSb
atmos25_713.jpg,15G99fIpNF0MWtfnWCBv8DCYVYBwfIP4c
atmos25_714.jpg,1oyVuIwSEW6nEF1ky1lH3LZQwSi-sxnli
atmos25_715.jpg,1Umgn-xgNXhLTgBElnpgBzk2GyGjYQth5
atmos25_716.jpg,1SouZrB37zz-WewYSv1rO2E-kmpIMhgxv
atmos25_717.jpg,1rnYSv2kEIWk5lIVsC9bY6RgdvjbkYfO1
atmos25_718.jpg,19-0FQoOuENw7SU2xzRBd4mYaRhrPPCe6
atmos25_719.jpg,1AY42pi2yLD9cr9FB_xe3BPYnlmpPRwfa
atmos25_720.jpg,1nMdPqOrcumnyFq8qdDjTleRZarlybOpr
atmos25_721.jpg,1D-W_NkSjVp-FKZj0rGFbgtRKMID88w-P
atmos25_722.jpg,1DIY73imLUY1hUSSWotyHZlgD7MKkL4Aw
atmos25_723.jpg,11_Ruo-fBvrTkTU0O9Yi8PfSqYeM2gqUd
atmos25_724.jpg,1LZZLddGyIVLcMFkZ66SlUvWCbajPgm_h
atmos25_725.jpg,1D7verTw3ILU5zwIZ2lchtrGgtrbCSiAn
atmos25_726.jpg,1iLw8lty95xR3TZdX31XmRqRBgqZ7Uozy
atmos25_727.jpg,1gGChgZMAQtDZRIM_nhTIMvVHOVQVtyAZ
atmos25_728.jpg,1dp-NvRmtWEHiHlCByy3iioWZsQy_n1Qd
atmos25_729.jpg,13p9WcQtM6kKDNDqHIP-yE8h4bojYsyv3
atmos25_730.jpg,1yqoaB80m-HSL6hYDPP1A9UL_llkPx2s1
atmos25_731.jpg,11xgZQkODN5f7StfoBObqbmdJMZS6e4er
atmos25_732.jpg,1aiyrgLs1VHhjIMuruhU7LsvTEDg6wlTP
atmos25_735.jpg,17wBTLFq6tDDfI1SnUaETHb_NrBkjEdn0
atmos25_736.jpg,1I65kkB7IeF0Uhhaf1Ln0P-vZENEzUQ1-
atmos25_737.jpg,1_adk4uoxIkRQm1GREIn70YErSR-KUBbo
atmos25_738.jpg,1QvBZOl5OTcM_ElnK13s39bQ4_JT02fx0
atmos25_739.jpg,1MXv9WNdpr9QLj11lTVCA706JpDaQBsht
atmos25_740.jpg,1PeqsNL4-NDl6ApURLIOSuNEKaZauo9pU
atmos25_741.jpg,1rAyoj8omhZSpj3LrtwPtpqwdk8H_frfL
atmos25_742.jpg,1M9ZUmkGnTKXJgAkuEmSr8P7l_C9ROp7W
atmos25_743.jpg,1wc_qlsVaI0iZ-w2978MJ0qHR2WAnj27_
atmos25_744.jpg,1TaXI8GJvaOjcC3Rt03yVySsLlW8_kJg1
atmos25_745.jpg,1bY1QfegTUw02vdb751vRyk_G8fojmEtN
atmos25_746.jpg,1bdCa7MkljK3WkLzxgYHifAHHhXksnWwN
atmos25_747.jpg,1bYlrAypADndO85tMTmyW-u06kBbfiTrd
atmos25_748.jpg,1blWtg2IMuMDoEOAcDrywuqZCnJaGNhdv
atmos25_749.jpg,1bkolaw6Ar1bpo587ygex8JaUMylxhAOJ
atmos25_750.jpg,1bmEHpYEYevfNXu2h60opBTbUqMpf_td5
atmos25_751.jpg,1bla4q3mT1DekrTJE2gre0efI3MzzPwyI
atmos25_752.jpg,1bp7W3zrsMBWW5iyV5c2oYoIrXb8jHND6
atmos25_753.jpg,1bnlUBEKok5mySmBPdoUNifx7hBv8sYyy
atmos25_754.jpg,1bwSEo9MyyFeQk-G_5gTv_W8nvswJXrym
atmos25_755.jpg,1bww45zPMWTKZv6Y4aS8-yp_jg4v0fDC2
atmos25_756.jpg,1bxygKF_AZuy4lKdXN_1fIFclMkRzddMX
atmos25_757.jpg,1bztUwEr9JnLmboBJbScfdM27SE1fcvwg
atmos25_758.jpg,1c-4PZTaJf4fP5PqLC6jNb8Buk6d8u_1u
atmos25_759.jpg,1c3idPPZPaadjLMGLl7heiGy5XDQH_4qZ
atmos25_760.jpg,1c3726q0n82ePaBHYUB5dCqKxVYOMwtw5
atmos25_761.jpg,1c6e7W1l30ca5gqNf5vJXde85aphDCIz6
atmos25_762.jpg,1c4COG-T9GHeK_vKSfefMyVllDOSzk5J4
atmos25_763.jpg,1cAPNzM4Bzect6B-ZrC9Nuggc1L2tHpOe
atmos25_764.jpg,1cRQcnmS64Pve_nZlqZ1eoQSsgbHhBIxH
atmos25_765.jpg,1cQqDGYlr-E0cP6hfDt4joSONopcgfuxo
atmos25_766.jpg,1cU8f3dS8NVcTaShYln_sBOtZYTroPVfQ
atmos25_767.jpg,1cUHTGy6wQW8_QjBKn7bRzQON3TFgRJ52
atmos25_768.jpg,1cUNmL0NCa64z3iSIvpfUQ2Lzw2lqnJZo
atmos25_769.jpg,1cUhm5Nnnj2Wnc7FH43alrbsX8QZBUr9X
atmos25_770.jpg,1cW19nhMRIjoyria1-LdXK-5zLhS3qIDM
atmos25_771.jpg,1cYb8OHPdNXLuOcIGQhKRHgiA9lPFe_6y
atmos25_772.jpg,1cWzlTvB2P_krZ4EAFyFsYd3V-n7-uyd3
atmos25_773.jpg,1cgP6Pv5EJXNlhF4axrbL50DJebOJt8HJ
atmos25_774.jpg,1couXJXoW_ZqDPipqjzv-EMZccFqQET4p
atmos25_777.jpg,1cpZTWnrrQSdpz0Y8eja8oarxo2RuCenP
atmos25_778.jpg,1ctgv7MYADnEP8SgEI6egSS9u9yPTdGwD
atmos25_779.jpg,1ctX1TPfmbNSHRz06wyVmOdJpYHPoWQo7
atmos25_780.jpg,1d-l6zaEp43E6mQKRiYecmH9FCYvC3pxg
atmos25_781.jpg,1cvndyF0YFWmDmfD_M3zZ3zB8CP37eGFt
atmos25_782.jpg,1d3GhNwuDddRLkiC2nESvwyfRED_DmsY8
atmos25_783.jpg,1d1UV5vR___Gb2y-T53M8TfxVVbk1IwOU
atmos25_784.jpg,1dBiLkGnZKc1hNQtJqQFaedIox1jZsdRJ
atmos25_785.jpg,1cBLclAYOhNUxkiQuLcU8HnObLtomjm8z
atmos25_786.jpg,1cSZzj9yCmDmfX6UCqLrKu6t1lJsl_63_
atmos25_787.jpg,1bq3WbpEPjbPQ23eByf0dptIvnpTx8pi4
atmos25_788.jpg,1cAkrwEfnBkK04gv2YDfb_gSfvlc4q4S2
atmos25_789.jpg,1c7Vhuq8pqQ1V0ClDpIh3MWqWCUyleEcK
atmos25_790.jpg,1c9LYCFJ2KzF9JPQwJNZOlnz8SFiEXsX9
atmos25_791.jpg,1ciYOkcxpRc4TpVIF-ixl9LC2y6kHNJ9q
atmos25_792.jpg,1brVUQGlU7Z9EBk6U8D_5LLe-MOLKXlbg
atmos25_793.jpg,1c8Qm6awxzkD87F0jhDxlzF-o1MXGfnyQ
atmos25_794.jpg,1cRai2g9FdgPRool2S4Vr8Xi4KB4oPXy7
atmos25_795.jpg,1cZjP-nXr_-U-i4komtxjJBuRQT4rO2qL
atmos25_796.jpg,1cLCwow87KCRv57MbZwS8CYun_9MOPaqg
atmos25_797.jpg,1ccH5ZeubL_yo34V_kfbRDn14yBQq98pu
atmos25_798.jpg,1chmOAm_Bj3q-KXkj2aUgGqHD7LQ7CPOz
atmos25_799.jpg,1UVLFyi-9Tunl20koKBaLy-fSkJINDB4b
atmos25_800.jpg,1bT2yrFxyoRqE2bY1Ub1Kc0jSHz-W5M-8
atmos25_801.jpg,1QAbl0auXBhvY9ZgUY7TWgTdicUGZymq7
atmos25_802.jpg,1iqWqv-YiMRi81Yti9iQBRT2rhQjShw-m
atmos25_803.jpg,1I4399DXx_htdjrnbKTipY-lqGVSE4fGd
atmos25_804.jpg,1zZLc_azcLTJtxg5cz3xKcrN5S0uIizz-
atmos25_805.jpg,1Ixc6TQ6A2tnxHrfUGEmjJR2VVNAoKJZa
atmos25_806.jpg,1tHtqNai4KuQ22H5_uoRTeJ54DHhWRWgM
atmos25_807.jpg,1LhIQkzx_DF7vXWVB_fJqB7W7P2rycogo
atmos25_808.jpg,1_KPvcI1A2QvuaAN2ifXBHIJAZ2y1G8y-
atmos25_809.jpg,10cVxlLyRSAPvh4eydUlNthfioEGg1cU6
atmos25_810.jpg,1DbwNmwFT_BkdZizWXUzfyKxyN9eYt70V
atmos25_811.jpg,15GvCOlvFP7ERsXSpyFhIwQYyVbGJzzn-
atmos25_812.jpg,11UoW4xbFYTuPvYGv2OTppeelbsY0i1QX
atmos25_813.jpg,1vpH-bZuuiXqSb_eYWyf141Y90b56rCaJ
atmos25_814.jpg,1Qf3mp_JkkmDRMUy-9FajkuTVnJ2rpE04
atmos25_815.jpg,1CsRAvK1RMgoH-jn7h2cwIfwoxXGEL9vt
atmos25_816.jpg,1koQKX5sP8GFyH4QoCbtZ2YlGJdcwrl2K
atmos25_817.jpg,1Ans_OZIFwP5I9CAm2ttX_TP64jZLMJUy
atmos25_818.jpg,1VOgBqzpfBzcRrFR32wLzXQAoH0tHckU_
atmos25_819.jpg,1oA05D9-CY76hiyL-HQmflzPwcXRCMB4Z
atmos25_820.jpg,1TX5egtw5lUbPK_lkJ9IbB_5ouwcainxj
atmos25_821.jpg,1JTPAexMgh26Oa_kpTnKfUqosnQRVbjXE
atmos25_822.jpg,1yr3nBfQ5HiwaXnjBjoAUlSwdCoU11mpo
atmos25_823.jpg,1SDFR7V3x83OQNHCZupEGe3qKmH-8VyPQ
atmos25_824.jpg,16ObD_XqhaEapznnTy-eAsVOHmXBWF5KA
atmos25_825.jpg,17PiBSPtvpzEcRGrPTmlk-mlBjS_MNMVM
atmos25_826.jpg,1_h2SFtTZirZ8SdvPiutfYbaagzp6NE2d
atmos25_827.jpg,1eKvealfBwUrSUdWkUvPnI8_lvlFzibLg
atmos25_828.jpg,1NQWtqv_L591VHQKVcjTaPl2QFU_V-7RE
atmos25_829.jpg,1iIHQU2KzkUgYQVaQiVavdIHXzPMksTrp
atmos25_830.jpg,15QSyR5E-pcRKNzTMkn3f7kNIHdcVKfRK
atmos25_831.jpg,1zx2aCMZIWV64WfZXuNnssesQBo65by34
atmos25_832.jpg,16PIGfOBFguW-By1Eb5JxqQabcCrLJfI3
atmos25_833.jpg,16GPdPonQplmsIjke6lruqUYMIsiZrP1P
atmos25_834.jpg,1nknepCuVAWbXrez6ZwGbswnKPb_HcLFH
atmos25_835.jpg,1X0bcvnUkGSDkRBknLYDdpCmNu00GkpLX
atmos25_836.jpg,1Z0TYrLf1BLsNZrea7vVouCg5qoUvjWGo
atmos25_837.jpg,1hMKX7GgrKj1D6ojoiMgZdhz8tzb6WibM
atmos25_838.jpg,18zrZLUw4tWBWRC_tkCExj5VuIWQ6BQq_
atmos25_839.jpg,1oXs7K5_iKoAnfxzH9Aic_50KBl6rgcDR
atmos25_840.jpg,15ACO47aN5hsqfqITptbu1BgxBgkAExH8
atmos25_841.jpg,1uEOH8yIiUIqXej3Ec_KQjhK5q3_emgBt
atmos25_842.jpg,1V2laEccW9gI_VUbQmxAtjbQSQhkQEWLD
atmos25_843.jpg,1grDL28KxZbfbjGnVxF7BZyyeIRyld9Wz
atmos25_844.jpg,14C1Ttn7rtEE3PqOgR_xi2VV5g3bht-_t
atmos25_845.jpg,1eJ0mIkQVcBldX-too89To8ij0X6W9Qqp
atmos25_846.jpg,10IR_moUf1eBnOTZI8PnLofKZlLQgLycV
atmos25_847.jpg,1vs_sCWcGLaNdvORm09MlcKY2QUbCMl45
atmos25_850.jpg,1so6lz6_sQWhUJkxJJVg00HuVwra0lVXr
atmos25_851.jpg,12NSDFl8RLOmENYhFBNfU2FO9pftb_KQ8
atmos25_852.jpg,1PKnFJU8dNbduSocatDLB8BY6lFyREglZ
atmos25_853.jpg,1xQ66rdas4Nyba73-3-uaFIGueS2u_Rgc
atmos25_854.jpg,1aYU198FiAThokN8oxVaHjqFOEO300eBA
atmos25_855.jpg,1vi5L67YQ2UdMOx9ET2dxRy6YIlpIfFje
atmos25_856.jpg,17iqHXYcrZ-BdBrR47ex3TyHdm-RZ_t0L
atmos25_857.jpg,12B1PaQ6zammy1cPA5aiFLWakEa1LcVmr
atmos25_858.jpg,1mWtHCBCE-uCWGunS5K_0F69cU1qjDeZ7
atmos25_859.jpg,1gP08hKv749tXRRhnUI6UY-ev6Vu-QTKi
atmos25_860.jpg,1qo51NvSEYW5DV4xs5g-WJScWoi6nTX8S
atmos25_861.jpg,18r5Fz_1KNaebpnrM2f3MD9fMo3PQGwjb
atmos25_862.jpg,1RpyB3jHlv7t096tQ2bLFUkIEacEYMqGk
atmos25_863.jpg,1j5LzRpIS96P2LckDqswLLA6JyGNiY2T2
atmos25_864.jpg,1TwFIGETiwWBxJfU_7_9Mgytag_srJfWo
atmos25_865.jpg,1ccPEky3f43z5g5yga0xDSPyznh0DPjaT
atmos25_866.jpg,1yMvxuAv2tHZBDlsO6osUikF0Bll69wDs
atmos25_867.jpg,1YSZgxT1L2vXTkFcgQ9BiiEWWt26fGae1
atmos25_868.jpg,1TO8IDWv9OtLHJDfVkzhmlgAlcGoojT3w
atmos25_869.jpg,1dscNRHZopVh_aUsISaT9fHSxLPUiQ6YU
atmos25_870.jpg,1rR3HZt287okIMP_bAd0lpJ7aKCm-Tyby
atmos25_872.jpg,1LdKJA91coelWiRhT25bff7bWzJVse6J7
atmos25_873.jpg,1MwRIOAY8xVVrTNke1_newaWnu6ou8Mg4
atmos25_874.jpg,1jAXO-GAcJ-OLGpjVgZ86U2eZGpZwZxRm
atmos25_875.jpg,15XCgfmj_J9D3zZBVuG4U5v2N3eJOtdZR
atmos25_876.jpg,1elkSR0Yva-Dl_yTV5OhH0UXzveUSUvaT
atmos25_877.jpg,1S-3LAtoAAzTxIjgfCh5WAZIFgY-l3H5t
atmos25_878.jpg,1hgApWLbOalI-bC0yANcmu-15L-sz8o2L
atmos25_879.jpg,1DskfhG9lsoTE-rWIlNJ2CBDGN9Y_Z4aX
atmos25_880.jpg,1Fh65vt3vwPZE3Jd6fudIPLKzE6rk40TT
atmos25_881.jpg,1Erzfe2fhM2_9Lc8sDpCuVnPYIuC6xfqq
atmos25_882.jpg,1U5wtNFw1-4GyOK1dLlHKEkiunZV3H9Ko
atmos25_883.jpg,10GH1SuqDVap1LXnu732dlY0yazixBArD
atmos25_884.jpg,19FCnTx_b-FVj1NEpmLjL7tV9JhJQ4Bpa
atmos25_885.jpg,1roPdxiEwn4-gTzbfn-6A38wRaqQLYjU7
atmos25_886.jpg,1LmnIxyv2FAAA1IjOBUdOwLK13gTJjkVU
atmos25_887.jpg,1_Z26ztuWNsnd0GLhP5ol46XK_RVmSH1z
atmos25_888.jpg,1Ld94hH_qIcWPnncR7lETNGDRZEAfDaFg
atmos25_889.jpg,1Nxv3Uktu_VSQyr2csIBU5dLI739GW6_F
atmos25_890.jpg,12W31-8HqoOGjfiFxGv_xdNKDpLaqe5rf
atmos25_891.jpg,1ODiDTGp1VtrwfCTZdGk-h4jROROrM2lN
atmos25_892.jpg,1JYaG1PVnkYqykOghpIKN0GVLY-4CjlIs
atmos25_893.jpg,1wx_ES7iNH57qK3rDVNtbBhCBcXJ94X1N
atmos25_894.jpg,1jOFOw9-lhh5bAZmVXbK9kOWkphGro0lt
atmos25_895.jpg,1LHUtvT1XRCvm4SNycfiyp_DHOo327HX0
atmos25_896.jpg,1ATRG4PyQKCI7GtpgjeQFwO8bzRFoW0fB
atmos25_897.jpg,1zwlUkv9mvHKe-dz28FMxk7uaD27hl5hd
atmos25_898.jpg,1JGc6sd0COr7XlbzoRrkW7oZ_BzJUMz69
atmos25_899.jpg,1Jlxh4Uc9TuVwJz6tFSjjGsN2s3N85ype
atmos25_900.jpg,16Tr7HPvKwJSRUpKsHOe_R0_jk3KKuiWO
atmos25_901.jpg,1LDx372F1WK-z2HilpNekfcj5eOLjxHe5
atmos25_902.jpg,1o5jrBLuFB4ONMcAZnT2LPE5XPqos23Vo
atmos25_903.jpg,1e3kxtbS5DExmBq657x_wV2fL9ZNS3h_3
atmos25_904.jpg,1e6wMQrfDGs5l_DoGlT1aC57b34wAs-Sz
atmos25_905.jpg,1eBCvw86RaZijWsCLiqui_xUr31YxvyZi
atmos25_906.jpg,1eBR4KYOiEAABPO8OW9xJUnJmkjbexezH
atmos25_907.jpg,1eGoeQFR9zddu80M5rOD6PLUZxYilnKY9
atmos25_908.jpg,1eGsBaieLNfgubZ9kTeX5TlkX8EB7qQ2P
atmos25_909.jpg,1eH8162dg8yxJTLm9IT18qYk0_VD7lrnL
atmos25_916.jpg,1eciCJAv8d8tmd3Uc-7Y6fgtATH51Oqar
atmos25_917.jpg,1ekfuD5XS_OJBZW2Mtb-fipYQgs-oeeDL
atmos25_918.jpg,1epf7ULGOj7vuwu92EhUR0yV8gIQ-7WI1
atmos25_919.jpg,1eqYipugo7kCeOhxP3NYgAlYpV8aoxjaS
atmos25_920.jpg,1esVyHvj-EfqHbegNDd5hTIf_qs7THYhi
atmos25_921.jpg,1etRI1aaiwb1WzfFyYzO0vBHoGW9UCapH
atmos25_922.jpg,1e6fqZjH-zxjEPBrXus9EBXhHEN3hJu_y
atmos25_923.jpg,1eHIs2QyGKYy0jJBxBsqmQHMhbiI6IIwC
atmos25_924.jpg,1el5uOEVDGebItQo7GVyRvJTbU6-Y0ihe
atmos25_925.jpg,1e5n6F07xEIOo5fOTqrVaoPsQ4I8JKd4a
atmos25_926.jpg,1ePu0D0-xJTCeuZxpDV1IfD31GKl9A0ht
atmos25_928.jpg,19U1S3vG82LBMziztG8fsZFlftYa7QZf8
atmos25_930.jpg,1NFZerqwVdkr3VP7QrVdaM5L3LM4fcPCr
atmos25_931.jpg,1RIOuL7MwbvGL4oZ77hx99S5ocT704u04
atmos25_932.jpg,100AU9D2xxre44RHFUb4YadzEBsuJOVP1
atmos25_933.jpg,16M_lt5SsItHuqgkfX-bSO2sRPK-VbbFD
atmos25_934.jpg,1iJ6uSgnsYz74p0WS6G4xSPn19Fv427EB
atmos25_935.jpg,1iQ_EE8qrjGfGD9gcFi4hBwtsSqh2HsVp
atmos25_936.jpg,1iNfLW2fTBbi67u6m57M2_3pa9t2Ffjck
atmos25_937.jpg,1iacqbf_T-aolgCRJv0uia0WXswIjPS45
atmos25_938.jpg,1i_gLAmiEQRd5Rkg2HogK-WPCMSsEH7rk
atmos25_939.jpg,1iRwIGnjVDir_oMifDL5y7UrOfwqCqmjp
atmos25_940.jpg,1ie8aBAZNl_HRi6Qd3RaNXN2zCoBtK2dQ
atmos25_941.jpg,1iddDYo2HJw5xMZ5EowyUGA_vN_Oe58be
atmos25_942.jpg,1icAidAeIGqIXe5ZjiGc-imZ4AOpIwKkh
atmos25_943.jpg,1ihk_RKdCrAOsGNEX6va2cP7FoHZW1nyZ
atmos25_944.jpg,1ijz4WRgsYkYIZ8F1SiXqjz4YOVg4w_Pz
atmos25_945.jpg,1ijgxUQR0CfJWSFzHzepY3ArP-SNKFzRe
atmos25_946.jpg,1iipRAnKYURXrSszehlAbJnwWcSmjidMb
atmos25_947.jpg,1ipi102D6y4Z3TuhuPOnWSNArjiHXr8XU
atmos25_948.jpg,1injF6eIPsWtPZgYk_JhJrkBJVnZOv9WZ
atmos25_949.jpg,1ikfvTvSUqyD_BnEzBB257r8Mw9R7XyKH
atmos25_950.jpg,1im8H6CLObIH9Um171kSCtRd1kPcbcMdZ
atmos25_951.jpg,1ixIiGLJy8IOtlValE8woJ3CbcRYZ55bi
atmos25_952.jpg,1ivTaqPzk_IoQNFhNtZvzXuG-ThCUVf7D
atmos25_953.jpg,1itcWBt51zu2gNlezAnhSgHvxjVVYKHv6
atmos25_954.jpg,1jA3kD8QQ1baxpWU5tOeae0gqSEhh5Nn4
atmos25_955.jpg,1jA-nIwTKLWGvpbUyKw7ib6RY4PxsEHXV
atmos25_956.jpg,1j3PKdHl4nLM5CLEhxNYsmsSjjl-ZQTmd
atmos25_957.jpg,1jDnku31smeKd9pyk3oFPv_U6-7YIVnwl
atmos25_958.jpg,1jDMnKr6o4gLwghqLXE3l_1UBih8Jx1DX
atmos25_959.jpg,1jCiT-afMT1uRgayhNoCUmKwxfU9v-FGw
atmos25_960.jpg,1jEvlSzQLiDOfm6wnH-0OIm8rGPbzROJQ
atmos25_961.jpg,1jJomd0F1Po4intC0P4zdYWdaTqGNn2SQ
atmos25_962.jpg,1jJVfIRcJVAR3RUlIkQed10UrAi5549e1
atmos25_963.jpg,1jS_CsETOW2Sw2XzYJF8G5qruZZ4fyM2t
atmos25_964.jpg,1jPiCmWMDRpiTQBQV4GZgJzbMRcXgqFvA
atmos25_965.jpg,1jSGEFBUbtstjCPaCp3cTAIRU4eiDXlzN
atmos25_966.jpg,1jQvRbkKvqLuqdBsU5Zp6o1tNLMceIdQ3
atmos25_967.jpg,1jXZcxdvLklXOODfjlB6TMIW8oRmv4vtH
atmos25_968.jpg,1janDAzK_mH0SgUEIcc0SUI3-UfpPomka
atmos25_969.jpg,1j_e5TnABra16UQ_3n6PjRYW3OokHHOGK
atmos25_970.jpg,1jeroateqguVLzHA-wUpgL0YhrCBSDJk7
atmos25_976.jpg,1jkMQUr4ZC4rPLxsJGan3eqVktMPswiKG
atmos25_977.jpg,1jmcB82d_T7-6DQB4NwiK_7y3u-OcFtqD
atmos25_978.jpg,1jmy7EsYHrYMxt_pLga0M5sytIUvY5Lng
atmos25_979.jpg,1jmw6OM-gsZ5qppmOrEZK5TfqqoYnG2iB
atmos25_980.jpg,1jodh4j4FjhdglIT61W_1ftMVqonjJJrQ
atmos25_981.jpg,1joIm1w7ntI9BRd4n-dNG8opHq8MLyXpY
atmos25_982.jpg,1joohqndmQpqNTxv_HPxg4UbUpSnZlubJ
atmos25_983.jpg,1jpCJZXuIg7ak5Phmiqb_MiVSI9xoWUn7
atmos25_984.jpg,1jrG19E8r_GDKjPPZVVysEadUkjRYZxIW
atmos25_985.jpg,1jrnt0GE0FinxW4eEr4-BxpjmD9hGbleQ
atmos25_986.jpg,1jth66HQ9LYKCSOrVWn21wG09saETjRtc
atmos25_987.jpg,1jsQpT9lZXPwj4m-lq3Jg6JljRP7iTuAj
atmos25_988.jpg,1jwjWSZERKolOlg7iJBakVOcbf9F4il6C
atmos25_989.jpg,1jvLxEF6ByeKPf4GuYMsi9WrQfE83v_SH
atmos25_990.jpg,1jy8YHCp61mN8rcLWOzrkjDp5wfOada3l
atmos25_991.jpg,1jx5ry0F4zIysOTR2ZpDhZ-UolP928jCV
atmos25_992.jpg,1k2dl_Q5YFy9bHcICjGpvrHOV30S0E-F1
atmos25_993.jpg,1k69zByTYII1pDNd3my-2FHLSfFq3sAgj
atmos25_994.jpg,1k6qxU1JcXpuY7wxmS6pc-XZt_Nb3LTv9
atmos25_995.jpg,1kAsdVWQ50C3khA64X7jFkvWGffGAXrpk
atmos25_996.jpg,1kBYaUUpD4LS6Dlp6PNWkAtb7ix4dJlz1
atmos25_997.jpg,1kEwgkctQol06QD4OErqJ5F4oBsrmXvmu
atmos25_998.jpg,1kGH-03Wv_ZeVC6Fkdh5WnbDdKWMA-AS_
atmos25_999.jpg,1kFySN-_qZBS463Fnz2s9LnLJqT5krs1b
atmos25_1000.jpg,1kHG1uIophsn3uzu67YXslVWG9LjBWnIQ
atmos25_1001.jpg,1kGhJw7u_s8efaWQWE5n3NQN8L6p_X4KL
atmos25_1002.jpg,1kI2UFyvuVbwDIKh9F-rfzolOEUUTm3_W
atmos25_1004.jpg,1kKqdOMgZg-dFxhuSE0fXHWCjWzoYKWB-
atmos25_1006.jpg,1kN2AKAhkrfNRsCqG0HoAdKd6M8diCDcN
atmos25_1008.jpg,1kTPuPx0a0uTtCfIDbJox-mNOEIeboLu0
atmos25_1009.jpg,1k_53jvmS_7N7X9LlDZrM3WerkAc3aLi4
atmos25_1010.jpg,1kaq7TIcdrLdlVOIqumMLmfeX5mTJf_SA
atmos25_1011.jpg,1kbub_sUPWT6p4ZhYFwEZBGJn-s0zZ-P4
atmos25_1012.jpg,1kc3aHZlTOp5mTX85uPXHNlfcvfvpFlKM
atmos25_1013.jpg,1kcFsxm-eZhPRp-OfdOIFLt--W-ZqrxuW
atmos25_1014.jpg,1kcXvgDy37e0UYKySgknETuS0Cmg6liTE
atmos25_1015.jpg,1kcaD_gNK3rve9dwqBmnW2h4nQqWgnMnt
atmos25_1016.jpg,1kkWffQa-HF4P0OPMEb_4r0nXRPv9Fqq-
atmos25_1017.jpg,1klaAUYLDc1RWsUgfniMB6zTIcOhlIbdo
atmos25_1018.jpg,1kn1iqwSK7Af2oDXRcUqb7uNUf6K4Ntvt
atmos25_1019.jpg,1kn_-j8tgISTBUFBxGUAc-xlwTfv-GAam
atmos25_1020.jpg,1kteP6lRkH23l3-GyeIUFZ5-WuX558zAP
atmos25_1021.jpg,1kvBtuuf_x-WIy9C1PfDmwwuHpiiaBa5e
atmos25_1022.jpg,1kvHGZnJ4sFQaeHfIB_8u1K1oZwglnmqg
atmos25_1023.jpg,1kxJHdCtdOuOWIkgif23FqsMwFMkpwCdd
atmos25_1024.jpg,1kz59677BW7C3fgTnmK1OmO35Gr3i1tJQ
atmos25_1025.jpg,1kzgSCX85zzkYwqWpmQ0mL3zkCgyUFczV
atmos25_1026.jpg,1kz0IkG5Z5XzlWfzuDhmT0aStsyv9zqcq
atmos25_1027.jpg,1l3a251GrlHgSjN7CR2RO9zKCBDLhQBAK
atmos25_1028.jpg,1l7hwjZ8KY_vo3HdZSdGURsHuYZE4zz3v
atmos25_1029.jpg,1lCbrQbGVhISWw9MmBesOQ_aBIyx207ex
atmos25_1030.jpg,1lDnIR4WQJahgb90aTbHBHtm2kGlau_0A
atmos25_1031.jpg,1lG-ph3gI92byT0wAbGojAaXwQFLJ95mA
atmos25_1032.jpg,1lIqgWzPsfdZ4WZbEtVpoZuwk-euExyPH
atmos25_1033.jpg,1lQhexGYsHpXpQ8xyeBtUPQZM-IIHwCgd
atmos25_1034.jpg,1lR9doGmxCx4uHa4EYuUdQEL0HTdLhL5s
atmos25_1035.jpg,1lS4jluocWepbTUY5ARXNWEK65wcE6ZfZ
atmos25_1036.jpg,1lTG3YP7H2vf1_L34-ZyWfupnkWlFpDCC
atmos25_1037.jpg,1lTYsvjfX03S9TBQIpPQX3Mqjs_sgLQZs
atmos25_1038.jpg,1lVWZi8OjYhcFlrBaNpIvvQ5jWznwME2x
atmos25_1039.jpg,1h-7JFvj88LQbq3hPMR5sIJqkBGYzZ2wx
atmos25_1040.jpg,1gyilp1Y4u1p0pIYYkBvfLJtBk_3AEioG
atmos25_1041.jpg,1h071odziyVjVMxJU84AgsEYcyxLiVZNn
atmos25_1042.jpg,1h00Pd05UBrat5D9sqra_alYCBcvxhNrW
atmos25_1043.jpg,1h2k7kBDUX7dXaXiD53tvnRlH44Z31YbZ
atmos25_1044.jpg,1h2l4PH3_2gXut2wKvkMUf7zqqr7SeeSX
atmos25_1045.jpg,1h30luTYRX7PE3dvG6KQBU_Lv4VUmQ9Qb
atmos25_1046.jpg,1h3br7hzMKs3z9IaBwFqvLu4mQZ2-pWnL
atmos25_1047.jpg,1h3erDNWUhOK3zkBsL0UqPkOo4hTG0vvi
atmos25_1049.jpg,1hF0JKNi6Pjb9d_xQkHj5_EzCKNlctcad
atmos25_1050.jpg,1hEeKkI0GiPailPEkKWTvr8X6dwKKVH-b
atmos25_1051.jpg,1hI1rTAT2Hx_HAIrL_NQVhNc_jVy557eN
atmos25_1052.jpg,1hHjthzrEie9zSocBvnyXj_5j40bAAiqV
atmos25_1053.jpg,1hNIO8d65K_VElMCvW8mVBB-Avy7kNc0b
atmos25_1054.jpg,1hOLeY0w5xSjZDypM5oSbhZ4YAYIx5QN2
atmos25_1055.jpg,1hVVtt_agb72uszQ4M_ZNAtACxPS6oHvn
atmos25_1056.jpg,1hSLEXtdO1yCFryS08EM2fGA9V1_997QQ
atmos25_1057.jpg,1hWp1tUXTjd9gb8ddX9QRV-lEMM-wOy9c
atmos25_1058.jpg,1hWoFdHz1kNDY7XEr5ARBxEOErcQ7ywLU
atmos25_1059.jpg,1hYtoWpAjJtgeGVKIGQSt3C1g1_JCPiRD
atmos25_1061.jpg,1heNBYZaJWGo9T1mdRzDds28F4ldUowfk
atmos25_1062.jpg,1hecl3u2CujVItWaFPZBgPDr7Xz1FOngs
atmos25_1063.jpg,1hfN4R19q0-0Q3hPRGNhzhuxZu2cqjo6v
atmos25_1064.jpg,1hiiSi0XqBPde4SmNZfDZjs0_pLjAmqGt
atmos25_1065.jpg,1hj71c17TPtU_SLGJtLsTE-lP94OK9Hz9
atmos25_1066.jpg,1hlanhVih0jVoZ_etqLMGzux4b4OtEW5R
atmos25_1067.jpg,1hnNW6Zwr7MsCQllx1iO4U8suZliui86f
atmos25_1068.jpg,1hlhKXDQZzm54OnvsccqIuclPLQ1XVSq5
atmos25_1069.jpg,1htMQiYrc4lGsERX_gU_c3O-b3ffeT9EG
atmos25_1070.jpg,1htNlN5kQP8i2Ovrl8bIw0l5s9vCLjUdg
atmos25_1071.jpg,1hwldSG5XTjCcLIzDF_qe0RuKlwWhFdU7
atmos25_1072.jpg,1hwyI_bPF30a5TrbfTWZ6clHRyFkqc4j0
atmos25_1073.jpg,1hxVDBLeIv8gHGHRe5N9I99CvkGnP4Kes
atmos25_1074.jpg,1hy1o6ie9Pgm2vpM3CHuNTTQ8t3zeihyt
atmos25_1075.jpg,1hzXegRxxkUQCKQAdwQhpHxqCiQ6FBGbw
atmos25_1076.jpg,1i-LZYE1UICoSgAhCXPuvRCIRiOiUlVbw
atmos25_1077.jpg,1i0JFGmDEuzLydHpBjwOtRWZDihXo7swR
atmos25_1078.jpg,1i14Ah5Nc44knnqPg4XPwa9bUOI8xR_4L
atmos25_1079.jpg,1i2nQgXvj8MqvoSK6hoIoPeP-TUaj0dfR
atmos25_1080.jpg,1i3kepk7YNbdkjW8vbfqT9ArL51EKkWai
atmos25_1081.jpg,1iAA4ejTcIaE1sz9ob4DhSDljyacpnQQF
atmos25_1082.jpg,1iBBmrh88u8LUKJS2o8jd128G7YW0xpMn
atmos25_1083.jpg,1h1twOQpBj1Z0c-OphduYHDuJ1nyU_eyf
atmos25_1084.jpg,1hIu4hrcH6ooi6kjtjL6Kn-qejobDDXXV
atmos25_1085.jpg,1h5And8JhdG15UTyqPlX9VV5AzDPo0q75
atmos25_1086.jpg,1h7MwxNuHktB3Tw9CkqmXYUN7yJXXo9Gb
atmos25_1087.jpg,1hI8pP71AWdTyg2FiKARoYO21Pbarqu2C
atmos25_1088.jpg,1h_b7-uyaZEpvwtpMBexSQowbVB_ZS2pm
atmos25_1089.jpg,1hanIs5XhHt3E50yYLI4NkgoFlPffbLLN
atmos25_1090.jpg,1h_ZJDlGRBb46ewLCu9byQHnqWM-NU1au
atmos25_1091.jpg,1hL75zXU0pLxoWbhYxIcZ4253XMGRYAY8
atmos25_1092.jpg,1h2G3cQZDfWDE2V_PCM8k-WZyoux2Lq9V
atmos25_1093.jpg,1htrm5RGPeQam_Gf1v5f7snbBXVcXD6_b
atmos25_1094.jpg,1i-Osj8ypwUu4chsQVzgGnTeUL5LnPjBu
atmos25_1095.jpg,1hecwb09OYpXLcB20LeR4i99j8_1SEvF0
atmos25_1096.jpg,1hgQGK5fsUdAZDPzd1orinOLRnEY-W4NK
atmos25_1097.jpg,1hc6Hz_pk0_Shzle61unZZ3ddAhlHaM4x
atmos25_1098.jpg,1heFoweZAGUjgNc9RN895aMjhSNlTqmQ-
atmos25_1099.jpg,1hw2Dy55qaaIqaBjpLhuDAOhoEYNKEZRB
atmos25_1100.jpg,1huIn2zjwbya3YG125-I7ipvrAYeyqsqL
atmos25_1101.jpg,1i-m0kAvtGfpIC4wdS21eRxRFhq4aoeu2
atmos25_1102.jpg,1h83AjmrS7J2HPWsT9_c_uroqlJ6mdN0m
atmos25_1103.jpg,1hVjlY4gYGT3Z73jojcy5SN4i87xqwE2F
atmos25_1104.jpg,1iP_esSzgaFpg0rOXZk1Qfkus0rqfBzC7
atmos25_1105.jpg,1hXCn1al98uMe-iDMM9emFN3HpuA4Ui6K
atmos25_1106.jpg,1iyVn9Pq08zuo2dnW5pXzkzJ5wyyySpib
atmos25_1107.jpg,1hopGgWCEuWsjkhJ_bFxk4zocPCwIrNi9
atmos25_1108.jpg,1i4yCYJYP74Ya5XeOBE1Tjrkc77zxU34r
atmos25_1109.jpg,1izwBnmozafgLbSo9jyPD85QjgmXuh6qJ
atmos25_1110.jpg,1iADF4nTLFx8xgkY8ZZJvxtk01i2z6y1V
atmos25_1111.jpg,1hsOe5ivAA1Z25naRt7UFGPLAQG8wFr2Y
atmos25_1112.jpg,1iAe0I3VXE3Km1m0eSGXW98mpDzItbR6a
atmos25_1113.jpg,1iMu8V55TnNTFFCr1vTKIiJiOal4WwIa2
atmos25_1114.jpg,1iJKKWGYGQor0UaJgWhTFdkn1mdLwwSMR
atmos25_1115.jpg,1j1fJMxlSFL7-ZQQAIofnY5iJtJbqJ8QH
atmos25_1116.jpg,1jEPOqNSvTc4GJmW4Dt95z3sxmipmG9mi
atmos25_1117.jpg,1i4aK_vJdPNPaK4cUkafkkyqdocjc98jj
atmos25_1118.jpg,1jcPZRFTGlZVWnY_4sy5uhckmuWDn-21E
atmos25_1119.jpg,1k4_BLY4-FSQ3NDd7tiwq3PdznSAjHNA1
atmos25_1120.jpg,1i0qB8OCE80OCMvQPFKKYA73kNPWkGydX
atmos25_1121.jpg,1jU-rlt1ZCrM9pDppoPJwQdTGs3_Q0_6T
atmos25_1123.jpg,1kAf3fVuuw_z6VCL-rjs31wlx4kPP0tgg
atmos25_1124.jpg,1ifEfv8SXAQ1_aHBV1z0aH8GseuK5C7c3
atmos25_1125.jpg,1iyAZhhbN_KShMtthYnSJVEi_1jBO1_5I
atmos25_1126.jpg,1igKg-kD41iY-xaC7olZ2eV8guXenP8tH
atmos25_1127.jpg,1jZ9kuRHiqVo_8oEBLTmIkSURbbRQhHg-
atmos25_1128.jpg,1k3x3Zycf75D5EOvro5b06eX4S9TmTHSL
atmos25_1129.jpg,1jbRIALwCS6EibklSg0_ZedZlEImZuKY3
atmos25_1130.jpg,1kDYSjHuaPGupNZ4YJMGbNLWrD6JgSxf8
atmos25_1131.jpg,1k0qpKColxNOt8XLu6leh2QBNSr1JIA9d
atmos25_1132.jpg,1kAR6X7LAVmlQbRs_cmHVBUosLBpKnWD_
atmos25_1133.jpg,1hsy1jC1nz_nPnXowV6Niq-9rCp1JxPj1
atmos25_1134.jpg,1kYcrQDiTA1Ha5XVNW-10TKJ6v2WLGG0G
atmos25_1135.jpg,1l3d2a_roVOj6i94-mWPgNxLrzuWd06Jv
atmos25_1136.jpg,1j-ukj1qHMpmdKgGIiLJoGjwel2GITsGj
atmos25_1137.jpg,1jbMmmI0HGSmctQr5Ukl-O_Sjo6GT1OR3
atmos25_1138.jpg,1jlTq2owUUvTYe_iWfck2dXvwFwzxjdiw
atmos25_1140.jpg,1jyPncO9qjjphXVAyIHJ-DT0LXoJGDqU7
atmos25_1141.jpg,1jEz-jaULIBPH4mV75etuSeDIgntU7tFR
atmos25_1143.jpg,1jF8ci7gnfNGM82Y3J8jqTyqu6jk4vFuc
atmos25_1144.jpg,1k47SmbzBJSZbH_MP8vDDDMtMkE_NDrIL
atmos25_1146.jpg,1l-gtnDASmlJ35cfOYmgFl4IxP2jNn3GF
atmos25_1147.jpg,1kuG6G8h8q9f8PFzdZif3N7cCsvtRy7af
atmos25_1148.jpg,1krksFYgtHD6L_ecSb5kOOAY_sotInd_o
atmos25_1149.jpg,1k-x7xm1xKELuB1cS8ozqpzQeNHEDmyw_
atmos25_1150.jpg,1lOxPZvNcQc76y2OHmheP-r3yIddvmulz
atmos25_1151.jpg,1kyKy1GFTHxeEX2JMyK4UXVFZz1JSm_ja
atmos25_1152.jpg,1k6IbuQfCxjElA7oJIVppi7Ere1Ys2nJK
atmos25_1153.jpg,1kmY08ehhHYSLGEn3_ioJzOlX1l2QJZqu
atmos25_1154.jpg,1kplh3HZZwPHfrrKT8YMZnkY6-PO40QsU
atmos25_1155.jpg,1kvkJp77zvy5otynkqjZjWCPvXWWXaGO2
atmos25_1156.jpg,1kv3uwarVB5J5gdp7TIObzfwN5Vt0aXvu
atmos25_1157.jpg,1kVMJf_sBBL9ofv-SVZeyHarX_dq53DBW
atmos25_1158.jpg,1lPzQUMo3Vehxe5PGI0HF_0VyT3U8ktpB
atmos25_1159.jpg,1kx_gh7i2XDWg_ZQRB3ni2HU7zXKTyd71
atmos25_1160.jpg,1l48OfJdU7YOOdUlW8koil33pwbRvYgek
atmos25_1161.jpg,1uZe3T_Hh4Z9-v1U6HAOEDxV9yVoGj5jC
atmos25_1162.jpg,1PRQAFfab23KTqpQILCuyMgg7ih7dXGSQ
atmos25_1163.jpg,1ECaihAu1eGgZq5kP8KfkASLcUBD1APcf
atmos25_1165.jpg,1zOesCSZTpZZJhvsAPgRxpccT9Mp6PdZq
atmos25_1166.jpg,1ovRtlJz14sK4l8Www5Fksfke3xoWHA_T
atmos25_1167.jpg,1dU25FwNEIcqJ5ofTe4tquYmZLRnzAelx
atmos25_1168.jpg,1S5wS7QFKdMm6RXPWfpIloX4-rhikST8R
atmos25_1170.jpg,1vlO_45UXFCOQybPQ0-JfFNJyOvOjAbKh
atmos25_1171.jpg,19pMmDuqXMQaBNxNWnAua4u1tK053Zbht
atmos25_1173.jpg,1aCcE5qqn4H6jsLAOl_2k3T9YzuCXuUnx
atmos25_1174.jpg,1hJq4pQkZPYZXWnNMFNhC1Rf4p_Vx6uZH
atmos25_1175.jpg,14q36WgN6uxo8Qpb057PERcwt4hVhWc41
atmos25_1176.jpg,1PONPa7thl_4S2dW--Fe4zCv_olyD20ba
atmos25_1178.jpg,16FhAvq1aLKXltTy3j0UDDxo4xLd226g4
atmos25_1179.jpg,1jtOgV6K7n_d8s7GMeApLOuSRFOQZJ1SQ
atmos25_1180.jpg,18zhL-9AgUk6_23X-NnZ915cnHf_sgfrk
atmos25_1181.jpg,18sn8N_cB-Kxn_AG47PjXhGkseBy4SSSH
atmos25_1182.jpg,18nmlrOlsSAw_Pk_WKLEIDXKm-1fLmLkR
atmos25_1183.jpg,19IbUwVTvNzZIWLvaKjvap1mDpOg3-qm-
atmos25_1184.jpg,197qxoNXCBPhworx2iw_a0gQa_Ekjp89L
atmos25_1185.jpg,192Uq2bLtMBcSFyWi2FLVJZJ2c73ZnkQJ
atmos25_1186.jpg,19QR0GzAYpLJQfqIDL9u-fCyaFOYFUpPK
atmos25_1187.jpg,19Mr-zWaZcLMxp_mZX2BKDEPJ15vtUCBY
atmos25_1188.jpg,19JJ0VodonkD7xIGKDNQf5czV-66i6mc1
atmos25_1189.jpg,19liDWc5LGvG6lTxdSUT_ucPnWZ1vIHZI
atmos25_1190.jpg,19_ffoqjcPRAvvLjeoTUXN5N3QixzGHNS
atmos25_1191.jpg,19Y-JqUodLGdkfvlwK3jlCL0mgv1ze7aS
atmos25_1192.jpg,1A0PwuNrJVMd59voydy1yHG-proeCBZct
atmos25_1193.jpg,19ritGVDHmsvYApWo3QFLZ0OZSv2g2Hxk
atmos25_1194.jpg,19qI1F9i56tLKvebd0Gm4a3LhJ1TILhrw
atmos25_1195.jpg,1ACSNZs8QjwVnRZB8aZElPcanYw7neFi5
atmos25_1196.jpg,1A93LhJyz0SQdixD5PK6apI03yO27SCKF
atmos25_1197.jpg,1A8cHjTi1nP8DX17IllHs8Yt_y3SmJVt8
atmos25_1198.jpg,1A2m6zPFXOJjX6mFiYFgO1BUXUVceNmt5
atmos25_1199.jpg,1AL34mxN9Bh04fIPybWVkamLxTrPereT3
atmos25_1200.jpg,1AHsPL1Mo1EwffRjfgNCGu7BdCHXlhri4
atmos25_1201.jpg,1AGKTx1OQiafdCupNEN1ZWqWXIvKkJ6S0
atmos25_1202.jpg,1AZ0S4IZUsBvnhCNlJy4HR7Cn9s9SlT6b
atmos25_1203.jpg,1AVJO5pSQ76UE5jhcDyznOgfC5n3XBRVh
atmos25_1204.jpg,1AUzgk_JE9LZPn-2j0O4gMR4VvdXC-yw_
atmos25_1205.jpg,1AboPqUNs5QNgycqOAqF_2QaoCY5ByR2l
atmos25_1206.jpg,1AaLt9LykAV9jtbFwB6_pCaRVwk2_86uL
atmos25_1207.jpg,1AZS7NOS51gObtvRzBnW-OH7dttLd8btX
atmos25_1208.jpg,1Al4LqLmokNODuDjibH02w1vtZajhavXI
atmos25_1209.jpg,1AdgapygVpcM4-zFBcDSQD8Z_y9OyVZBQ
atmos25_1210.jpg,1AbyIX8V3trCTzL9vcOkV_zSctDRyXWiM
atmos25_1211.jpg,1AoY1gWGfrzZKMoDcXnsYbFfnfJggkmtT
atmos25_1212.jpg,1AnQKokGJgqU1Zb0U358Oro25OiJ3dt2W
atmos25_1213.jpg,1AmG4N98_2BzNYxCmGXVMd8f-8AkYqcGx
atmos25_1214.jpg,1AtWaYcLzBeTz_7qrR4HFPavuJSy7tdoC
atmos25_1215.jpg,1ArsdbWrCP_vRP3nZDJCE7eirR0QwA-pg
atmos25_1216.jpg,1Aq9JoYV1RUQOi0Wqi_eKLvbvzTnlKYmz
atmos25_1217.jpg,1B8rfcaU6zaAcDwcKErz1J9JCRSTeo4Ik
atmos25_1218.jpg,1B50vVwx_vLCl_RaX-0FjTfMy64zEYpq9
atmos25_1219.jpg,1B0ko3lG_C6A61rO3kXXJPOuUDs-HB2JT
atmos25_1220.jpg,1BUQKe4-CvSBpAnt2eHrN3F8fiWT-aCLQ
atmos25_1221.jpg,1BRSGIwVCevU0-egA6VzI_udwji0Cmume
atmos25_1222.jpg,1BExIcUhwNUQVLShmdk-Mth09jlZ81ZNo
atmos25_1223.jpg,1Bexk85NMkzLmvBaiDJBCBh08CbRaYDGm
atmos25_1224.jpg,1Bdi6Q1JmFAbZ7PeMFnFfNF_2x3WRXr16
atmos25_1225.jpg,1BcrFHRuoVK8vpnSx9WjBZ0kvWjCCSPeX
atmos25_1226.jpg,1BurmiQR8-TdPA8zhW-C2gjlSu0e7VIvq
atmos25_1227.jpg,1BoTeIJvno4td1MKkzPnerh39wz7xAcG-
atmos25_1228.jpg,18ZlOSh8gqgrTwMS6Lrl0zGwsJsoSHbn3
atmos25_1229.jpg,18Zh5ifo15lW0qCfTrkSsMyPSchyZ9jnK
atmos25_1230.jpg,18U9Cp4b-F1He1aKUyu3eZiPS3--nb4jV
atmos25_1231.jpg,18aAkJQxGuY1xsEIh8g1SPe9bm-PlZyIA
atmos25_1232.jpg,18ZwZUAL8LYQ7O_zo9GVucDF3eisTLoBN
atmos25_1233.jpg,18_as5SuJ3XJKWIaEUW9f50O5vetcdMx4
atmos25_1234.jpg,1OvaqHlC-5fvAg_9gm1o0mf5K19B9Sqdq
atmos25_1235.jpg,1P5lI7SB8WnZxHbcu_qK-IxxgKsNcCBhX
atmos25_1236.jpg,1P672thOgnIwCXE491v0qKT8rXPyFsKxy
atmos25_1237.jpg,1P2M5nZ_jhrdcz5CZOKym6Q8bABi2HErk
atmos25_1238.jpg,1PD7iYPbh6WIO7wG9Jyvydf5bwajGJDvJ
atmos25_1239.jpg,1P65QzQxXC2hQdnWgBuI6gXM5Z5Kj0CWc
atmos25_1240.jpg,1PBr5NFimKfJwdcVjcF91BmQDHMLSpYgE
atmos25_1241.jpg,1PUGBV3F6NcBbp4FyjVJzznL-W7wYj9AV
atmos25_1242.jpg,1POMaXuwz9FlC55NhPuG_ZFu7pI3lXmxg
atmos25_1243.jpg,1PXqyK7DvAP6Ylvk5RMlV3ZSludHjxQl9
atmos25_1244.jpg,1Pj34fTWJgyYHhbLrozeIGoa_Qlk_zFlH
atmos25_1245.jpg,1PoGc3ivZJCkrMWjfW7GVe6O5cECKGfWA
atmos25_1246.jpg,1PnP0Pe5qW0DUPxSZcswPZn4KGvL2dBtn
atmos25_1247.jpg,1PtzK0xsSMe6IAoGB2ufzJnyFKP3TlD_V
atmos25_1248.jpg,1Pvi-k9zUE7ZDblSqSaHu0GhW8g8zPv8L
atmos25_1251.jpg,1QE3chY2pdbLtVCU16m2IdVc2yz8EXPpf
atmos25_1252.jpg,1QFs7E30pbqC50E4i__GiQOFHLkvv5yOJ
atmos25_1253.jpg,1QE0ohjNTwX2iJBNb7RHhclrqBrxlOyMi
atmos25_1254.jpg,1QNQ0o7M_KPHExeDy-Gz8GeYEAqYrOlQR
atmos25_1255.jpg,1QRM3-FVPsZaQMyGmap3xGMp73j-YKDbB
atmos25_1256.jpg,1QKa9wrbZw6TBmIMvqZiGndekuWKQQSaz
atmos25_1257.jpg,1Qk_fN-H0BLlWUmTR0ojK0Z6HVoc-X0hf
atmos25_1258.jpg,1QPaidvjhnYvn8YXkv05wlbN2twk0RWkb
atmos25_1259.jpg,1QlqhPME9zbefwvHZGubZS05g9dxUZY4A
atmos25_1260.jpg,1QWjcOH9H3lAdQj-lVi1hoctA4hy5GbF5
atmos25_1261.jpg,1QkpGxMTSj-pxjvxOU_3b9isirsqORQku
atmos25_1262.jpg,1R-Q0RzIGsPmJ-E3P0NPjFGLsWx3wt55k
atmos25_1263.jpg,1QrqrBnyGEcCPq3iViJ7VgdxqA6muQNaf
atmos25_1264.jpg,1R46GFATXKDl1SOcsP80pqeTAPiipkI_D
atmos25_1265.jpg,1RCgTjQi4oiKqM44ed3vG5v9pyev_nI_D
atmos25_1266.jpg,1R14YBXJzX0cCEJVErI_gfeREBUqeqh2K
atmos25_1267.jpg,1RCEu5Xm93f7QjcsTgn8h5enKLPNjy-A-
atmos25_1268.jpg,1RK5EuQ1f_s3tNr1I26vHDhbTPbQrOokg
atmos25_1269.jpg,1RH3Tm0kOGsUUZhMwitKN_BYE03BXC5_7
atmos25_1270.jpg,1RQJo_Nv8ywzkzNLhSrRPDE9RXJKFXgx5
atmos25_1271.jpg,1RQnPJ1YNuyTrGNc5ByIHGw_ZhEJB4xRw
atmos25_1272.jpg,1RYTmbhKFkpYgq7WMyE8jwksaMXAZuHgv
atmos25_1273.jpg,1RiKpJ5SwRuFkp4e-_eTb1TqdlnFrP_NB
atmos25_1274.jpg,1RofTVPVYUo0EFcH-nBhBF3wgG1wZxDpE
atmos25_1275.jpg,1RmWypUWsMFKiHt2NO08LUIwPSX_Wg1N7
atmos25_1276.jpg,1S58otuVi9QFXAJ8HeT9moHmF-13RogFd
atmos25_1277.jpg,1_MWRU2YRG5vRbUbKv-f-m0KH8hoxTJs2
atmos25_1278.jpg,1NrLKnZsNikEijsNTgAhW3wAgjruyUsqQ
atmos25_1279.jpg,1bq501uxQ5LmsRylzkbk0wciEILn7t7pM
atmos25_1280.jpg,1RuVt2jQKMDbNy39FjTmYHL1A8CTXK2A_
atmos25_1281.jpg,1SCFjSpCgckgnaWRd-G6R1_d9qoV_KcNj
atmos25_1282.jpg,1S9c0O7HC9v9O-4zgCiWCRazzE70yxuYg
atmos25_1283.jpg,1SHvvCIGtMeWezeC0zEG-O5trsa7KbuJU
atmos25_1284.jpg,1SG_IOw9AYxzopnlLAToPWWC8TQcGBs0m
atmos25_1285.jpg,1SRvYL06WO3Z3rAoppLHb_1SpQTnnWnHd
atmos25_1286.jpg,1SIjhdBQ9ZkvRNUk4LZ29XXZrx2-Y0T1W
atmos25_1287.jpg,1SYxOL3sWJ2vst2_d__ZLI3dOWyz9tW_s
atmos25_1288.jpg,1SVOYm8yQVbrIqIGvw60b5_iisrRj9yYQ
atmos25_1289.jpg,1Sr9P1RHiZb0yuWjPTAAYo8z6DRWZp_Xm
atmos25_1290.jpg,1Gl0qnW1loeCpTJoU0O-IF5ywhOgKWPQV
atmos25_1291.jpg,1rvGWzSo_FlxJqYC8Zuis7wY07z5C4BPY
atmos25_1292.jpg,1EfsHpNs7prz6KggqSxt9hQA3JJE0exjO
atmos25_1293.jpg,1tOm-Bu2x3UYhH4XZ0a0dIA0cBEBH-TkV
atmos25_1294.jpg,1Sno0Mb9qp7J_4s-PuYmaIYTwZ3YOG_Wa
atmos25_1295.jpg,1SkWOfi7kozeT_NUxODnkO8NLkxuYj_Ok
atmos25_1296.jpg,1OzuW06MmBBJq_92bBQ8logG1wbOd_UAh
atmos25_1297.jpg,1SwOYIDSFC-mnum-YGyqjSYi3P7b2UtRC
atmos25_1298.jpg,17I7tybpk8HhADNbEOYVTj2So8kSy4Yls
atmos25_1299.jpg,1Pa_1Em9PMKxNpCnIZx367y1lr1emDtjP
atmos25_1300.jpg,1hU9Wiginq_KBhLYmjlZ7n2Y1iWZv4tes
atmos25_1301.jpg,1JcF0qpe6w-aqQ42S4AB9nUgGJ6r7lbbG
atmos25_1302.jpg,18xOjrSSJ1aGdPCQ-mQ8zNzHJ08mgNEtr
atmos25_1303.jpg,1b7Tp3QnfMBLbwvO7hxSt3NnbQTFkyGd5
atmos25_1304.jpg,1lQXyBWuLS-ldPV114aDtjdd9CsHUaHVQ
atmos25_1305.jpg,1c5YWheyTlGAfHbLP_bEongvg9KyuFAUP
atmos25_1306.jpg,1ARXp_v7zPmBfiNbQ9_lcRL1yaWBRcr54
atmos25_1307.jpg,1O488_8AZY_tu-_rvseSppYr4cSLP8ze2
atmos25_1308.jpg,10IpOkfWJpo7IfDoAu4DmMLtVpfgfnvXi
atmos25_1309.jpg,1KUAJxiVacSB8n_3H93-u2TumokxoGSd6
atmos25_1310.jpg,1QN6lHa664bykZ8m91KeGJzwKuGE8pAL8
atmos25_1311.jpg,1oxI02yqu82wacuhFaf2CTZdVRLmqpxxt
atmos25_1312.jpg,1bXYsiiRK9S3azo2Dv6e3V5JSsOXVt75T
atmos25_1313.jpg,1xEuc6KH-rvXl89bcBpp1MGZB6YIdZdk8
atmos25_1314.jpg,1XWX_Sr_GxvyBKmql1q2Kdd8e4syCgCYz
atmos25_1315.jpg,1xnbubkpm6S_NtgagxVuxFqi_Vy8d6O8Z
atmos25_1316.jpg,18rw_TTkR9Hz7g8_AoW8A6QAMwXrSq9Mx
atmos25_1317.jpg,1eTM8ymOpPyMP0jLmae9918hfvOAXyR9q
atmos25_1318.jpg,1hv8muH8CoCjyfWw4oq78GCp3D9P94Ugb
atmos25_1319.jpg,1gHrjBbVUYGw-_Y0wLyJnv9IZNc8JYzAg
atmos25_1320.jpg,19nVwWw1kmx0FR-P_RITQyIotabndJtm1
atmos25_1321.jpg,16LXfrG4elu2ZrLoddIKvAKdCN-JUldFz
atmos25_1322.jpg,15iLsveFxOsAqvM3oapmF3uWJ7TIrKUXU
atmos25_1323.jpg,1bYnVh71NMTMp374-p6J4yAa_1wuO5vud
atmos25_1324.jpg,14SqbByzKWOaIa44qyG1Q-Mju8Cs1CYUi
atmos25_1325.jpg,1ic8vEE5D7Q_6iLL4-Lf8SLcftcdT3rWL
atmos25_1326.jpg,1uR4xfegvWjN-2ERhT0jIpcEKM0KUUxg0
atmos25_1327.jpg,1bVYnhfSsnUhIPLTxf6nqC5_hIqrGZRye
atmos25_1328.jpg,1Yn6fxY3kU2WHUOV8p9ELR5dt1EfnPw_p
atmos25_1329.jpg,1MBcyFB8AWP2-DH1B0iV_Xi_aFOESTLMl
atmos25_1330.jpg,16bXvCe0SvrBoLy9Eowhq7bH967kfcw5L
atmos25_1331.jpg,1bW4-ccI8bJcgwvUTihQ_fsoRHWnEa5sN
atmos25_1332.jpg,1j8Iz8pkIXiNclCnpL86DlkEqZcJaLbd8
atmos25_1333.jpg,1tjRREdQyIqPYFhEk7U4fa9unehTNfupV
atmos25_1334.jpg,1BA85a3mXbJt4LvFDkZIF53LabxFHBQ7s
atmos25_1335.jpg,1UQ0gJ0C_KXC4me2Je_wB86PzUt00rdep
atmos25_1336.jpg,1c1h4KpKVXMVDGQKVxRXxrRHO4oSer5Tx
atmos25_1337.jpg,1gz8Tk4Jy-YYQA50_q53Kqpt2Z7TevMJo
atmos25_1338.jpg,1wRGA3_ysDTtQJDjS3XUQmUsEpgq3uss2
atmos25_1339.jpg,1R5A8drLZ6ye69RG_SLw5iJjjckgD6F4f
atmos25_1340.jpg,1H1s3LcPUfHbK9CjDuVAIHbPn91FuxaYO
atmos25_1341.jpg,1jhaN3gxIRPyunmA6R8-du8oCG4-JYZge
atmos25_1342.jpg,1R2cSSmedbpCUnprO2GL3d5Aso8KnjCT5
atmos25_1343.jpg,1jmLeeZIv506BurF2RJdk36OSGP56vNrU
atmos25_1344.jpg,1D3Yikue9G7pMBZC6qZSP7tUXXjTgCLTB
atmos25_1347.jpg,1G-aY7ovCSMGJiczYo01HI_4V2JqTlBrz
atmos25_1348.jpg,1wB9yZoDzaNOcKEE-1fXKeDTs7JLPORh2
atmos25_1349.jpg,11AVQiJ9o-Pt4B75hlr9RxyTOhIoHL61K
atmos25_1350.jpg,1xVlZEOGeXigbWddc0mJnVTM6U3fhzyTu
atmos25_1351.jpg,1aw_WiD2Q3R9WLxJbN-WDzUfo9rwD6Fig
atmos25_1352.jpg,1LkvRAsax4ZGsotV645gWIPSCzqWbWMvT
atmos25_1353.jpg,1-mqzpLHiXpJFcCt2KqC-crHUH8jeGXwf
atmos25_1354.jpg,1hHOrfJTHier94S_jBP7tgIW__MSGlFjZ
atmos25_1355.jpg,1NK8KLH2-EzcIWeYV9skp2paDsH30f5jn
atmos25_1356.jpg,1Jl2T5mELDDkQco0OoGp2RbGsv8H3ytU2
atmos25_1357.jpg,1yFqQ0Dy7UxFGAXv2NH-wbG8m59lRosmm
atmos25_1358.jpg,1epqyWtjvoPJVzpx1QTtapA6TrIbNjXxa
atmos25_1359.jpg,1vmNytWvp7QyJ8S62hxgU0hlhk8VN75Hi
atmos25_1360.jpg,1IeWaEDsmzXHFVsKSnsNQCBISyvacQILJ
atmos25_1361.jpg,1GtzxZ7oDKZtb5rvtLVacN0OjG-izfDuR
atmos25_1362.jpg,1aAbGaHeYj2b1PCNPrn0zKkmRxBmKD3XW
atmos25_1363.jpg,1zASgtPfa-mBbiIu3g4W_8wNKRiPIXxJq
atmos25_1364.jpg,1qIkV3HyTv1dC9wQBGNYQBjcm-5K0g1T1
atmos25_1365.jpg,1UKWRDRiWxII13wtnNJ6R_x9cOoHips0_
atmos25_1366.jpg,1CmQEV-xmpClh79J0G6S6_zNuGqieuBno
atmos25_1367.jpg,1p5zX3B9GSJdanvGKKM66DlYVmePMR9Dq
atmos25_1368.jpg,1MQqYnUyZaacozFYlKDZ0LZtCb7MUf2uE
atmos25_1369.jpg,1b4WTxdo3deS9noJRhXrTI4n-9YwKiUH4
atmos25_1370.jpg,1E_lO4sMOyRHpxXsSDe7B9I8EQrSO9_KR
atmos25_1371.jpg,1VDNIOYeYRBxKIjlaF1AfteCU7Q0PXHA6
atmos25_1372.jpg,1EGmFbV5T8oyscwp5UwWupMEikFab4YO1
atmos25_1373.jpg,1ubj9Zbp-shaTKEPCRx6nttz1BZ5k4JPf
atmos25_1374.jpg,12O9x2Zxww6zaYFfZYLuNT6UnmiC7i6jQ
atmos25_1375.jpg,1Pe1aYScQHLpjpsIbZyr-7Wjqlvh1w9RI
atmos25_1376.jpg,1x3DDqUqfAdrirX3W0CIgjozYzgVEeL23
atmos25_1377.jpg,18UV24oAKWsl64RKhUiX1im5OeOFslDiv
atmos25_1378.jpg,1UsJziQ2_eKQISO3WhUr7lMb0vUiIg1_Z
atmos25_1379.jpg,16uixAFmajZkQkR2l9Z_fUmmTVhFRzTvO
atmos25_1380.jpg,1LUO4K6k9IXIQ03mSY_Ij7EftUm4NsO8Q
atmos25_1381.jpg,1flBGflYd9UYdlJ7ONYx7JRdsHNhEtD3P
atmos25_1382.jpg,1Ruq1XmytdDBrJ1biwOEwPTSjKGK2Idbl
atmos25_1383.jpg,1l3xoK5rVtqy2Km93MrNACM56RqztxaeM
atmos25_1384.jpg,1z1mtjDT_-3Tri2ZFI7r6JBsXYsPGlbkK
atmos25_1385.jpg,1uZdMK0SgdPTC0S0MX5jz8ZKfVewHMPiB
atmos25_1386.jpg,1bE9jr4YwWIHixBvrjGVj6YLvPfDJNAEM
atmos25_1387.jpg,18G7cTqNZd8AtGuMD1jX7YSZpEjA_U4Se
atmos25_1388.jpg,15ChYFia__stID7rhYpm-Gk0cMn6g3oy2
atmos25_1389.jpg,1M1HMrvRLKjJkM9rQruqDGinzwMIYmKsF
atmos25_1390.jpg,1Eqp3957lfdopRafPR4nT4z1kzL5Us2O-
atmos25_1391.jpg,1100IkGmg_bq0DpRGoHX5jxLNcww5h195
atmos25_1392.jpg,1Kt9HbjoWHxXBuY9l2xOpddI7Ze076wUD
atmos25_1393.jpg,1Fb4YFL1H9zDpT6OM4_wacSq6BTO3NOQb
atmos25_1394.jpg,1OB9bV7g57RdmI7BcwFUZX5cGyJTFwbga
atmos25_1395.jpg,1uXbrd7G5h-9lCJovyajDzjkVTGdPzwcK
atmos25_1396.jpg,1uXNzlhpNOu7HTHZ_iKPvT3H9T92omL3J
atmos25_1397.jpg,1ubXGVAmWG3y2WeSKMh_adVfn67zndBi7
atmos25_1398.jpg,1ubHWimfON42rQt3xRpUOmzec_v0vVw_l
atmos25_1399.jpg,1ucF1XVoek3WNKtFRCUJrqd5RG_umPtTk
atmos25_1400.jpg,1ufW9MSXsYfvZM2Ga6EpyH0-TsFS8MGI4
atmos25_1401.jpg,1up8JU1DpYrpEAJF8CxFI_exiqhbVtzj9
atmos25_1402.jpg,1uu7q9xHlsDR6Ul5sIV7lS2YlcyhwGk5m
atmos25_1403.jpg,1ukguw1NLH-GlOZqfw1YQdzrd8IfJy-3b
atmos25_1404.jpg,1ufG9NSdu8pTDWyqrAfJzn_qsDNjziS9c
atmos25_1405.jpg,1umd33WH6A918ljUwmiUVbIRSCsLIUnUC
atmos25_1406.jpg,1uv_t5XEco7xh7I4cm-SF_ZBrKrNi8bEZ
atmos25_1407.jpg,1uxsmAuQyI4n_vcp6lJCg1ZlSt88t5lVd
atmos25_1408.jpg,1uqiOjwsQ86DJXvLjNfOU-igg5PbqajUO
atmos25_1409.jpg,1v9103PhqqyrWi6wkUkHliXBNALkH0oKv
atmos25_1410.jpg,1vATAiccrKmKL6TFa9cpOc7WvZCUa_Rei
atmos25_1411.jpg,1vHu_e9eXgbiOya7sxZLbW4dem8VG0_t5
atmos25_1412.jpg,1vIJzniF6FcnSuYwrXb5cBZU9nZWW1-GR
atmos25_1413.jpg,1vL01ILbFiTKwcA1pcTUYGL13hzfWbBb8
atmos25_1414.jpg,1vL96eemyzAWKaMlh3kMWptpvmfcyugxo
atmos25_1415.jpg,1vM_72KXA9Tf6ttE1OJIXNnzIIfHhuTbB
atmos25_1416.jpg,1vCpg0q4cIvGP_9BGL6Kl-dW6jWLq78jm
atmos25_1417.jpg,1vJiY6bk3GOA2eg_JeXd1vzm1XDLlnYHw
atmos25_1418.jpg,1vNT5AtT2gJe1ACX8N5XpD_iemv2v3-FB
atmos25_1419.jpg,1vM5NkoumDp8j0sYTrPVB8F6gwkeqsO0W
atmos25_1420.jpg,1vRYz6JqTPiZxl5HPSCIiYPZkl0n3Iv_h
atmos25_1421.jpg,1vYzy_0ZEm4K4UJF5STNOx8Z-hOXwcGmT
atmos25_1422.jpg,1vSpm7tCWwd2HMFFY7d5a8eU8Qjh-07y2
atmos25_1423.jpg,1w-uq6Rq5cRZqOpL7xSNreXtFRfKrOVAd
atmos25_1424.jpg,1w-J_jCSfFYs2TdmvOe90jKe6bKfFjJ4c
atmos25_1425.jpg,1w2WZk_IVFNq-4kj2WqUfflRPi8EGHiH-
atmos25_1426.jpg,1vh9Q8PKVQpBQRXgGtroMSVZoCnThpDsZ
atmos25_1427.jpg,1vuyKwKp0fgiIx0yKOiiveuEg3y5BAuT5
atmos25_1428.jpg,1vyijXcwnwqqm8dmJguEyh5vjxCfV9qqR
atmos25_1429.jpg,1vqv9AqwkJts093GS-CVwVFr0qw-YNeyM
atmos25_1430.jpg,1vwVnMW4Wzeo1d8uiZSTjMNU8lhTxXgAT
atmos25_1431.jpg,1wEzryHrErLV3tJvedmYMKndNbnpudB6L
atmos25_1432.jpg,1wDqa7LYkN5bcP-J_3ySHO4fbngXB7ipE
atmos25_1433.jpg,1w6bxM1v-1Q5RWhC71-UmeYQCwybRyOQo
atmos25_1434.jpg,1wLBdg06jX9uu0qK_QZOo07OabTYBQxYG
atmos25_1435.jpg,1wATYhUBNlWu9xnxfZywNEsv0DjpWeaFR
atmos25_1436.jpg,1w8ukJ7YaGnnYky1xHDGddJG9I5klPt2V
atmos25_1437.jpg,1wX3BpEzlwZK75FkIqdATKtR1aKWW9Hl2
atmos25_1438.jpg,1wp0OUd0mU0NMMSJWDJkAjqA3yp5r8OO4
atmos25_1439.jpg,1wn43UFPKOddD-em1X7tGevpr8REqvbTV
atmos25_1440.jpg,1wd-bIGkTGg2yzaqrZclT88hwhme2DwrS
atmos25_1441.jpg,1wYyjcvDhYj6a2_IWBVXiN5yeG02MLYrR
atmos25_1442.jpg,1whCEYARZcXuBlRumq1Pe98pxJk5-PDS5
atmos25_1443.jpg,1wZTtKvpRINEnxywI6TCwr2sjHGFopiol
atmos25_1444.jpg,1wThPeWjrI1HCVbJRtqxs55VxAN5Hfvc1
atmos25_1445.jpg,1x6sZV31Bwx-aIELpl8rWZRCKFruDFB41
atmos25_1446.jpg,1x9onvbXIaIyozcWcTeeeDfIGGpHND0bH
atmos25_1447.jpg,1xHFXTcqnHzCCfyiAI5YEiw2lsKJB4OyL
atmos25_1448.jpg,1xI6YFcfCUolmjVhcwpF3WQGm0bvAbqj_
atmos25_1449.jpg,1x_J_rlE79eRy1JnfKFn5XFZHPJDsWNqp
atmos25_1450.jpg,1xN79SLQveMarLXTrQM0YzglawmjQkNk2
atmos25_1451.jpg,1xMaISTLN7TX6r59D9InVYlEAEANFrCP7
atmos25_1452.jpg,1xKzYtgbMcoFalCcLUMwNGZHRS_dSZmsa
atmos25_1453.jpg,1xxtERVrEy9pTxxlb4ZhElC287x9QdeH-
atmos25_1454.jpg,1xep_BnQ7am9Q2M2wbRufIGXn8G2Ubji4
atmos25_1455.jpg,1xbKbtNz9IGSlhGXJrJt_bmUJHJTReZoi
atmos25_1456.jpg,1xtq-6rCKFEWYu-5SOoHul9aFrOcYX0Dh
atmos25_1457.jpg,1yGAo9II1j2Bj_fEsaVO0P2_bgUjD9Qft
atmos25_1458.jpg,1yHiTAVSRwt_MF-u5RaU7VbQ7XkxhbUdv
atmos25_1459.jpg,1yFkq2nLWqPHHwFqefihUYCl2IIQGN7wC
atmos25_1460.jpg,1y7a5ZuPCfCCWkZvcBj07DOahhArs-Z9N
atmos25_1461.jpg,1yR07Lsgw2NZG04I0khrywUMm5_JMBFeq
atmos25_1462.jpg,1ySK9Vmf0iXJB3fg5KDFRMtYRe8WagZXf
atmos25_1463.jpg,1yIlxn1agA9X33Ec3S9WWEIMIAkpJcJd7
atmos25_1464.jpg,1yWgjIBDcPqpimnsH4DTrPiUpUUOJ68h7
atmos25_1465.jpg,1ym3OfiqhSdBD2Sbo0JIJemwiKktszBit
atmos25_1466.jpg,1ymGfGS7BAuiDKE4LCDGdG8NNiQrz4eTd
atmos25_1467.jpg,1yokifIUVaVkFPVWit9mjXioQvERfMFr9
atmos25_1468.jpg,1z16MHYP-WBLRKW1COx1zTLCsXrv-MXvC
atmos25_1469.jpg,1yr2SXPIIxyecP2HCtufDuo6LAW5FuXWv
atmos25_1470.jpg,1z05tlXFXmmJ3G0_SSIDjOzj36QK3shq2
atmos25_1471.jpg,1z1tJH-DtCnN_taHxna7_lI8BYS46u1FK
atmos25_1472.jpg,1zQSz7z-dKf7pW5-R5bzFN93VuK0yJB18
atmos25_1473.jpg,1z8PXzaqORaEYG4amEI2MwHG61s36_iHY
atmos25_1474.jpg,1zUF5EmmeTA8SyJk1bQsXVb9KPPsjpXpO
atmos25_1475.jpg,1zXx639JJMsITNV-xN5B7CuVTWCA8Sbyo
atmos25_1476.jpg,1zUktAqAL1nyGDzlsZzby2BTR4c8vcx_V
atmos25_1477.jpg,1zYLa-YqXH3JfehC88di1xjC6MtCwvLKd
atmos25_1478.jpg,1zYKJZIWtM6il7IyD_SVUu9BdinLa_BgG
atmos25_1479.jpg,1zii_Q9cHw4gT8HVbBzKbh713LQdv5Rle
atmos25_1480.jpg,1zbb5jnFhXvv3HHt7lvscM2MI08N5Vphu
atmos25_1481.jpg,1zprPkT7pUEb2GgsrAi6SJUiLzZihv74k
atmos25_1482.jpg,1zq0pAHxpuAFoDa7nEq30mFzaaP1Da0rw
atmos25_1483.jpg,1zwSQsqM1i2vCG051K6dAKz0gulauAiz4
atmos25_1484.jpg,1ztoKwJPujE5moajD_ZxKv-LdBesXMouY
atmos25_1485.jpg,1zwxkg5aF7qGEgZtRnVwbVx47qumjnidU
atmos25_1486.jpg,1v4-NV6GOQyitl1D09LxWSAuyHvFhPfpi
atmos25_1487.jpg,1um2hDVt0ov0YmSvqJs4aSD86AW_I53bq
atmos25_1488.jpg,1v5O08IF22zGMxAhsgt10vu7c7MKXtld3
atmos25_1489.jpg,1v7wW3iYjYSqd8Hh8ws_rye3-5Kd15ovq
atmos25_1490.jpg,1v6MUOkmyOXXj93LlBQiBmoLi7xcnyRtt
atmos25_1491.jpg,1vgPrIOVCeduB3Vm8EgMWWPDExcu-r_pn
atmos25_1492.jpg,1wRHIhvJC9cbFiGOTbWPztjTDbCNbOVz1
atmos25_1493.jpg,1uy25-KM4Z3zvFnmITSjlaWPinfWyNBOE
atmos25_1494.jpg,1vRztxfhV6RteD4_w78pQ_uLmz-ddih9C
atmos25_1495.jpg,1var01bNauAi2rwz_Sl4GkjSwxrdd9N27
atmos25_1496.jpg,1wvUMejohNbn_w7oO_S3Ta3O0upilh46B
atmos25_1497.jpg,1wQnv7Q1YPrG2nqXmFvWVsz3dDSwwvSt8
atmos25_1498.jpg,1wF_ehLuhxIqoe96qvja3i6MPAOdF167J
atmos25_1499.jpg,1vuzEfms3NwqhUzXZCtSSSYdp7maUF7HT
atmos25_1500.jpg,1wFPL46YY2fKK4cIufO5EPwVwRye4IDT4
atmos25_1501.jpg,1wsI4naamAcp0CQLRQywWP7UE70AmLIIV
atmos25_1502.jpg,1xEqR1dwqBrf-EZeeDtDISaDJKeD36UNH
atmos25_1503.jpg,1x0U9LW-5wAk_v4LWwIkz2gdRAaw5nWsM
atmos25_1504.jpg,1xvvXRfwtH0mQ24kSAf2PrrP2zBAYv6-i
atmos25_1505.jpg,1xxuifAWiYeIioSWtzIhkz5H3UflRTanA
atmos25_1506.jpg,1vSczX-yJ2z1ObfRMGh3LvjXnAgavD_NZ
atmos25_1507.jpg,1xA8hWfRW1LVSvZKu_C_a9Ws4Py3imhka
atmos25_1508.jpg,1x1FoH7p7yNM09nUHRnmuNu49nI-8LgXT
atmos25_1509.jpg,1wseL4tsWhTyqbmkKVIoyxAtjk44IRwki
atmos25_1510.jpg,1xvqkXTXpDOKKBNgcAZrZ1awolncyRp26
atmos25_1511.jpg,1xuZ2wK5bTfk1YqEmCWp0MouA8732uoEG
atmos25_1512.jpg,1xG13mr-G3ukuErRukpgLtnvWZarUVhHo
atmos25_1513.jpg,1xlPJhNPidonOxI0lTf62zAWvmC-tHhBM
atmos25_1514.jpg,1xwa0a7kSlG3Yh3ZiW6ArQte0QKNVFJ2W
atmos25_1515.jpg,1xTkiZuI_6qQNMIkW3-JTkv0JG3iHWNaj
atmos25_1516.jpg,1wqMHFh7G6SSD2tvxPaNsje4M3hZkuARn
atmos25_1517.jpg,1y6eiy6wbS62IxmSa0tYWnGZJK7aisDiX
atmos25_1518.jpg,1yR8hhKrRPwHiOFiT6lrdkgR0gxiDtHl9
atmos25_1519.jpg,1ym1MgbPL2L3A3YyLhe2Z9Qy30H_qcqkR
atmos25_1520.jpg,1xuBajx3SP3dlhzvgsAotUMFazryi0_2y
atmos25_1521.jpg,1yghg9ScSuq5ozmCYapgGoZaPGuJPYl5o
atmos25_1522.jpg,1wP52L4gSa6oIatJAxyNBjfgs31eE25iU
atmos25_1523.jpg,1xzEvfUJb1JAnEVaG_WrkPMxGRelVNO_y
atmos25_1524.jpg,1yLLjD3PMvYUiOWZo-dB4kG3FZEU5E1EM
atmos25_1525.jpg,1yURhmfMIlne9NH1YJ-8EeE8C6NFk7Fmu
atmos25_1526.jpg,1yUSG5LvQvim31amkzDcVvxmpCH0sNyCr
atmos25_1527.jpg,1xzgDcYqNTqB0I_VaDHxqmJQpwjbs9kP6
atmos25_1528.jpg,1yrVvUDth35l2TDiTnckl8WhzI4nMj35A
atmos25_1529.jpg,1zD5r-le6RxRtrgYhK9zM8RDf2697mcVR
atmos25_1530.jpg,1z1AHOt77amFM4bybYlEwtmBLqpvLMExH
atmos25_1531.jpg,1zgw_4uqrRUFdENH55Upkutf-oUbpAgno
atmos25_1532.jpg,1zm5K7yWItCuxEhz4ju62MlsGGVX61Ep0
atmos25_1533.jpg,1ytNRp5Paj4TtmmYQG7zioT6htJFlCEXT
atmos25_1534.jpg,1yhaQwL6w-flynHbvsegi_gY1iiMBGKxh
atmos25_1535.jpg,1zPWiqYZ7M6STwQUV4p57QZvD4QyNKpqd
atmos25_1536.jpg,1zpVyTvML4EqaUw2rOoKKD6mm0YinX5NK
atmos25_1537.jpg,1zbHdU-5Ns3-uW0MsaAgCYkQKoIRwn_pi
atmos25_1538.jpg,1zpWfTJ4fd-ITUvsQH_F41JERhPwZkmWG
atmos25_1539.jpg,1yOq3r_qF0hPVU0yzUJvQiVAGz0guv88F
atmos25_1540.jpg,1xPrsNRfJ0kNxXYMX5sGocZORWWo59NJI
atmos25_1541.jpg,1ysewEiyFGohntl0mcz1Y1NzaR6HUyjrs
atmos25_1542.jpg,1ySFvQHbhHOHb1rTXYLEXGalzu_yGboDi
atmos25_1543.jpg,1zsbVn6qaene50u_s8g-Wh0CWfWUxHich
atmos25_1544.jpg,1xGpwWJAYguqxZ-Ix4lFDqMxrXHl_SSV_
atmos25_1545.jpg,1yc1P73wiPvkmmjkuFGGfHUqtpoetpU2j
atmos25_1546.jpg,1y_Fw9eO3jWErn8Tk-zgrJ3AEuDiRGC_M
atmos25_1547.jpg,1v6bxm5kjP_AlSfilBRnsyaQvfakTiEa0
atmos25_1548.jpg,1-Q15UkjVqBEoeVUMvqZXJd1zCNHIH_eZ
atmos25_1549.jpg,1-QKMK2qCGO55f_VW9Zm_w2OGKno4cKkX
atmos25_1550.jpg,1-QZDOiVzdLlpmpLl0PSW_Qt6ja3amHFU
atmos25_1551.jpg,1-R2Y9fUNoN-0CyqpMtt7UbQPMwXOQ-fs
atmos25_1552.jpg,1-S2vLowETVfXQRbmRinvpxo5J9fhI-mL
atmos25_1553.jpg,1-TuKmAGKJZnuBIdaCZX2L8IZA0YYmBwT
atmos25_1554.jpg,1-UoEtRUl7C0qNQQXqGKMO_1MkC9l7hWM
atmos25_1555.jpg,1-V4zMKzLc-tWctqXzOLfBWW9D0oN4yrI
atmos25_1556.jpg,1-YMZhkOulaPLI6e6ZTrt8Tfwm9L6MWGe
atmos25_1557.jpg,1-ZBL7zQ4xw1_gH48N5J0brxAjT5-Zk6l
atmos25_1558.jpg,1-YXdyCEB6Yzy6fHaYujNugfSv58uFAZk
atmos25_1559.jpg,1-_uBPgFeiIojsUcwbh4X4CPatJffiTgL
atmos25_1560.jpg,1-_bIlAfbCFKT3ySMRV1zZUbBT2fdWZOS
atmos25_1561.jpg,1-a-K83I7Vk2fk-WLeYEKctyh0UUsvFAR
atmos25_1562.jpg,1-brl9Z_gjFZ7JHn-jBboulGWvjk_YRR3
atmos25_1563.jpg,1-iDgMwoljiKD2rH7ByyL55J46ZxfycOD
atmos25_1564.jpg,1-fWOrzqRBz3oODdO6lD4z9FFKmEGIuww
atmos25_1565.jpg,1-ikLolcJmNUsrKGRQ3wWHK0-nR19725s
atmos25_1566.jpg,1-lagQ8vAkuNsqQbiI0lg3fFgtAUmppV-
atmos25_1567.jpg,1-q6_iuUNr3gct1VU2pauaTZWIwDJ5Q3y
atmos25_1568.jpg,1-vbDBeu_8V_VvKVNMs2oNpVGCwal29hx
atmos25_1569.jpg,1-zGrJEYAZ3-H3KgCEqYyXazBmpZOEAsx
atmos25_1570.jpg,1-woC0ZbD9dZRi-NH-QiWBj9Isvf7Q3O_
atmos25_1571.jpg,102Vv9-LAs-vQsyMjTiv2SXBzQmwwzoB2
atmos25_1572.jpg,101TvHNVnqLKUDWCKug0_HTYJEdEqlz-W
atmos25_1573.jpg,103hBv22ZXpmhame8KEj3lG3jzhUbcw3b
atmos25_1574.jpg,1037v8eLAcvKU3MCtUzLPwHWRmu203hjs
atmos25_1575.jpg,107kMAQSDUcN8BU4O_jioWNWxRNOP7fCZ
atmos25_1576.jpg,1073xng4gtz5C0D74fwG72t5-JMdQ1bap
atmos25_1577.jpg,10Ftxl4zOh0DKB2irAeo_iUK7NA0BLZjI
atmos25_1578.jpg,10FCufUUAukluhxNg_GqisI548I2nmZvl
atmos25_1580.jpg,10LVrUkcjIhdbCRXeaiARj3EyaywWoC5Q
atmos25_1581.jpg,10KIrOk9XVOnpJKBwRfap7pZuH5o8cHxu
atmos25_1582.jpg,10PqHadPaAwLp5EH5EaIVNCpW0HydEYxM
atmos25_1583.jpg,10RSQIv9NOQD7mXbEuTnX6XOV5Bjh7UGZ
atmos25_1584.jpg,10TWYfHr7BEBKnr1W4xvoupFNV9jznYMS
atmos25_1585.jpg,10UyNg2j8l781zPuytnNM_V5ef8knj1x8
atmos25_1586.jpg,10UlcAZHAgmUthyt-B6f3mYuqki5xOYEq
atmos25_1587.jpg,1-bUh4Ia9F1Oi4J1-9qTUzsBIKhdy1T40
atmos25_1588.jpg,1-au4-OiYBIemfNXMWcvNP1ds6wIFg6Sm
atmos25_1589.jpg,1-VqoRDtSchWL3NPjlbtvyGg1dlGtG_en
atmos25_1590.jpg,1-Plh99CWrsMP9xYGh0MZ4-JAEr02gFkk
atmos25_1591.jpg,1-sWbpLnHSwUbwCqlR9oz7ajAIN1tZZ4b
atmos25_1592.jpg,10EBBpqTEqhDHer2RFLUdps1SZDhfHtBq
atmos25_1593.jpg,1-v5oZQoWhP5I34vvd3XNMEKqOLCaXIm7
atmos25_1594.jpg,1-YUgDD85r0qMjvlFQdiLug1cB8kkZSEx
atmos25_1595.jpg,1-u6Y5egeLP49LJFN5d47Iy4j-xCm1ANq
atmos25_1596.jpg,1-f9YpBFea4D4ovmyUZ15kfM35ejFnYgl
atmos25_1597.jpg,10DvFEzzLz1EbgKjv-RGg-Akn30RsfO6T
atmos25_1598.jpg,1-rBP79dwcHzSkk3sGVPD_I6KAW_2HXD3
atmos25_1599.jpg,10Obm5dGeLZrqCbTwu1URnnKyDq4K67bF
atmos25_1600.jpg,1-cuvrTF-y9Ru5YemWM7Nlpz9U7fHYck9
atmos25_1601.jpg,10AhEQHMAwgqXmwpjbbVsakkJqCrXZij9
atmos25_1603.jpg,10PaTK0TsGWfzuJPf8Tw_Hu-iHcsLPyV7
atmos25_1604.jpg,10ChOGwrCJ_Z7kSCZNPmKAGAE-JR1TQ-7
atmos25_1605.jpg,173eiNHbXGeCpAC4yrqUuRCU-RnEpyfPK
atmos25_1606.jpg,1siFOJA7Nn1cGeYD3ck_A2Ufgnbe0EZVR
atmos25_1607.jpg,1xEQxMrrKogsLMQH8yvUQAZAxr6REWuYm
atmos25_1608.jpg,1Ss9BIgQzs3ZanCFah290VBhNcuZ5iilz
atmos25_1609.jpg,1DbsGwKcm9Eb0zDsIf4a7mtKJ-u34LlmB
atmos25_1610.jpg,1qapE3NR2J-JsZGhIiKTQci3KdpwhDxNt
atmos25_1611.jpg,1tyoSxibNnpXVa73bd4AJ14NS-NBF2sDJ
atmos25_1612.jpg,19lvysQNl9qZiTAzoGgmgX2AQXoiGm79v
atmos25_1613.jpg,1ILts0VkhSvujZnWx6snrjfiMD_LbM15B
atmos25_1614.jpg,1Lf8syudeqMck9zT-C4OZZfZkEawdb5Nr
atmos25_1615.jpg,1scgfkyIupVVctCaWYTmNhE8ssWM4viak
atmos25_1616.jpg,1E93uxtsyTMTwZTsUy22549xN4WttFwab
atmos25_1617.jpg,1zhoP9dUgZ8dAoNisYsmccpi1x77l57y2
atmos25_1618.jpg,1UAUvulGr30olWp9yAnkytItLgrd16fIa
atmos25_1619.jpg,1h1vR6p9XCAluzfQjpPcRnzI4G_WhEcM8
atmos25_1620.jpg,1XiX7_JGjmjxm_H8Rdk4ZrWNrgpp8459-
atmos25_1621.jpg,1Z3H69xO-vJa6_Pw6zmixOTm6WgSCTnQF
atmos25_1622.jpg,1-UvzUxeaot4ZMvTWOCRP-GWTFRpHoU-B
atmos25_1623.jpg,1tp4FGyz3EzWwUnkpB4Ase0RZxqHJ4MZ6
atmos25_1624.jpg,1mUpVD9gtyg5tNCfJk-_OgmbQKTi1EzB3
atmos25_1625.jpg,1zMtFB3vlELyC37knjozWjZGpN_LaqSLt
atmos25_1626.jpg,12C9UgIN0qSH4Vi3DBQforfaSeWSjPD7m
atmos25_1627.jpg,1HnmgBSJG6DDIYKspQOZGOb0lvR3rpH8H
atmos25_1628.jpg,1PCFMjJ0mSym-5KEj5eWcya1khLhcSlqi
atmos25_1629.jpg,1O5td6tJ6JR3f2bA0UKz7EiQ7eNspAFWz
atmos25_1630.jpg,1OSPkXrF4s2evscFfqvjn1R9SAoH_f6OI
atmos25_1631.jpg,12RA3WGGxW8Cz5oCmQ0rVEOAl8UCYOAxY
atmos25_1632.jpg,1xI8cihahsCytuJHngvcomO5OUoZ_-32V
atmos25_1633.jpg,1BELrLBHd6zFo4Hks3Mqo9TKSbfe4uD0p
atmos25_1634.jpg,1K9k8I-Kp1E_hZR08BHBVPU89cSCS0Qv5
atmos25_1635.jpg,1FJoS5tYfsN2HIhxmWQ1ijFJFfDDfP5CW
atmos25_1636.jpg,1J5xFAKCJDr9mUj42pj0VG5vQSSnY7GN1
atmos25_1637.jpg,1KBI-cxezyWUyxbT_gadodv2Ve3nNd3Fn
atmos25_1638.jpg,1Tyn3VDpqHY7a41FM59xC_I9wClNuWdJJ
atmos25_1639.jpg,1QmpX73yLdZhoDJ2en4cb3oCn6yI88UIS
atmos25_1640.jpg,1Zl39v7XpU03qEkUDOABtGFxbHnqERbuB
atmos25_1641.jpg,1vEi-qul3aesdsaKjtCZSuXtdWJ_RzAbr
atmos25_1642.jpg,17keoodcXx5GJRN9APNvG21PfHB2wqTU6
atmos25_1643.jpg,1XzGnuDcAzmjAt8niyGqHQNfL_fISnR_f
atmos25_1644.jpg,1NJTfAdcAzVg5I1Sg6FsnhWEZ2MUH4Kcd
atmos25_1645.jpg,18pQWxex6YVE22KJjwh6narc5_QID1HPV
atmos25_1646.jpg,1WDREtfsE_3EVd1CIW056diEfrQ6mWysT
atmos25_1647.jpg,1pcJxmn-ARgjQEx7rhfJYx5DEFUZzVWtG
atmos25_1648.jpg,1a2S-d7FAn30H0likCBOEngPemA8KWdek
atmos25_1649.jpg,1wT25DMIdwYn_znWc5lL9Q7H9W4MLrzOH
atmos25_1650.jpg,1txXukoiXMnA5oWwDTD7hkuJJ5At6scu2
atmos25_1652.jpg,18zamLE_RosF0fbuuUv9GL2hzxMD4kK2Y
atmos25_1653.jpg,1lnaKOK5kq1DMSmztmJQbky-XGZxrkCUw
atmos25_1654.jpg,1dZKoDkDT2aSOTH9YtV9rHMeFPGJB_Z4f
atmos25_1655.jpg,1VEl6H4YXEz7r0-3bozMPkLKsTB7qdgGP
atmos25_1657.jpg,1HWjma_ej_vS5EPbneBmVjsKzhnHZshTP
atmos25_1658.jpg,12qwPNvnHtQleODULwtnEVaYISbxuEiFF
atmos25_1659.jpg,1hy05F-uA5Th0IJ0skzw2csbFNtwEVsm3
atmos25_1660.jpg,1OgR_LHcB_oVLP2a_kdBbsv0qqglJAW91
atmos25_1661.jpg,1H8RWNYNkMWdOELRDZuiNBx9WaEfkpUws
atmos25_1662.jpg,1jHPe_nTVnRDxKUwNjLAm6Qtwqdki_G4d
atmos25_1663.jpg,1eYwtlkAWAm6qihT_tSe2_hm2ZqJ5scG2
atmos25_1664.jpg,1KOfmcr5tw-w7YfJyqGYt___EIgvtepct
atmos25_1665.jpg,1bA1v6D3jlh7y5HAOTymynU0rGHLrqVrN
atmos25_1666.jpg,1YFj7HwJjqgbjF6G_9Q2OJHFIeEP5dM6-
atmos25_1667.jpg,1e_eax4vJYGfmJSaMOh2ZAv3sttEFi9Fz
atmos25_1668.jpg,1DY-By25qFdZ_C-30y1MOHTlBrynUOGl5
atmos25_1669.jpg,1er0C-9TJPJ6Ov4WoeavF3kIqDayqIRxv
atmos25_1670.jpg,1fdRTVatfN84w_xSjuLM4wVW6Kw1TQQMS
atmos25_1671.jpg,1oDLmI-3LFQS8KJzNhJisKXulw0ETJaLQ
atmos25_1672.jpg,1RuSpGL8lbgegjgHXiNZQnNsrcYYSoz3o
atmos25_1673.jpg,1jHVoQdtuAhIcwpQgEGhTamse8427u8F3
atmos25_1674.jpg,1P656ayGVljp65EG9Ftjuxez4p8hCcARQ
atmos25_1675.jpg,14whKPuAHRpC6lG36L8VjZDD3mvTd9GKm
atmos25_1676.jpg,12ysEefBTEbBaS4kxHMlxIgtTmk2aODGh
atmos25_1677.jpg,1D1CsFF4Rf8YDPEsqYTxg3qpLLGbjEzRi
atmos25_1678.jpg,13GMTKkAlBBkKDF5Q4vyJGxx1CQTdFJh2
atmos25_1679.jpg,10AiyZ_tYCQ2J6TxDrcJdzKD07MT5DJ8U
atmos25_1680.jpg,1s--tgvgj53xn7EYwdHiSMg73nOjQACGL
atmos25_1681.jpg,17ZrJKS5SZCftRq7_Bvpii6keGv19CYFp
atmos25_1682.jpg,1Gh_KZxD5l6z3V3q_7C68Lmb-G7ysTOcN
atmos25_1683.jpg,1SeHI6QR2oQLwGPGE0JKWpQAyNbEmDf-e
atmos25_1684.jpg,1yXo0RHoXvv1ymNJ6Z58c_cvjcAOgiK1e
atmos25_1685.jpg,1jsSsxDhCEPGOghWq4wwVCG_p-i67q9lk
atmos25_1686.jpg,1FcH6nEGnhdFUwSmk25AiIUdJDWzOoY4P
atmos25_1687.jpg,1nn1hJ6lpAP08gbXHBuA79VyL_P5ur2dk
atmos25_1688.jpg,1gihuPrRwcGfv_Xu6PJBJuiv3Gc4Sn7nr
atmos25_1689.jpg,1HX_txVH7io7bjOMpZTg-R21OoBmDYJGu
atmos25_1690.jpg,1o97Yf61xxgXiaGdIiVihOBzCXVB_o_Ik
atmos25_1691.jpg,18scFtXBG6_ZLJiDLh3SALf7TPzyT5AUO
atmos25_1692.jpg,1nIajZ-0VexzZ3fwdsQeuEIMEBf0SPx_k
atmos25_1693.jpg,1CHhrDYGBbkvasexscaoecvEgtuHeoQdg
atmos25_1694.jpg,1xWR5iOQFUIqdGgEVWEopP2VUp4GBAguH
atmos25_1695.jpg,1SDcJHueCvEswidkVB_ctE1LcJ4W45xhL
atmos25_1696.jpg,1CJwMMXyv91wbglOlzp2FttQVDpGat0Bb
atmos25_1697.jpg,1iR-gr30KwZzIEVBDDHlctp-0PaBVsNXO
atmos25_1698.jpg,14k5XW95Djr5-Cs9skTjh3SF3Np_1igyn
atmos25_1699.jpg,1GoMhsFZjk5CKT3nvOBjsNfIPJfAfDgfE
atmos25_1700.jpg,1iSdDuejlRg9rJpyjxYDCbgKK0ITWwgtO
atmos25_1701.jpg,10NicyKED9FdqiX7FSUpcrJJcWgi0GMfT
atmos25_1702.jpg,1uhQrbsLOpz99u9KOBwmkuKrQHCHD73GO
atmos25_1703.jpg,1gZUCmfNb1Grouyh44jtDi0id2H7cTOw4
atmos25_1704.jpg,1JmtykSkPQe6uziUBeVA5aMn0y3LBMuLz
atmos25_1705.jpg,1RjpzEJVBihiQjjIcrRicqQC0BzWUy8sv
atmos25_1706.jpg,1kek726UeyhqkDVTbNaIAVape5atVFtTm
atmos25_1707.jpg,1CKnNLnwLVHYBx6-OLTYGPGhuQmE0OvSY
atmos25_1708.jpg,1VKxGtuUJWYLhRG0L1-oaIOpaqcAsqGxr
atmos25_1709.jpg,1hY0_9WtAj_ghv_mmytP81QzIYiG7ZkBL
atmos25_1710.jpg,1anbDO8sCZ4arpCuVjcw3is8wJXklzxZX
atmos25_1711.jpg,1vZ3Pe0X_req6cQIPJGe41TbYFoeuHQXJ
atmos25_1712.jpg,1xYWBcv8KMMXKv-DEPEkOd2aQ1CkWq8_8
atmos25_1713.jpg,1PkaVQ_UPxPD67OCmBb8_rw4Nr3ku-5wW
atmos25_1714.jpg,1sFyDX6_XPzrY6zN5-9tGn2_-2vDmj1PW
atmos25_1715.jpg,1fQiJw08xQuwDZL2Xn5JPXHOIWY-8Aew4
atmos25_1716.jpg,1ZXWeoD5Nu13B0rboeSkAZdudoHz3CB0f
atmos25_1717.jpg,1WqD6X9gbjvgDX0dJNB4KGjkZcZxAyEA2
atmos25_1718.jpg,1rbIVeMtETZKqGh4beVFRKAa_Zk9XWDB8
atmos25_1719.jpg,1NXvVt6hSCpXs843TWa1OS_RVFyfrICZ1
atmos25_1720.jpg,11LgbcwjLmWZjaZSRjwLAxszTm8_x56nS
atmos25_1721.jpg,1jRMinEBSjO8M7GvMTDP8JbJEJ2OrqtlU
atmos25_1722.jpg,1zbFWM6Fblzc8yxYTyQIMBTpsLh9_sa3J
atmos25_1723.jpg,1rSJ04oYD03q4uhO0W0TNA9NoZNiYGXGe
atmos25_1724.jpg,1cyz96sDW9WpEgWwRPf3k9iAIDTXpC7TJ
atmos25_1725.jpg,18HfFnOO61oNmtpLwWgz0Soyk3cxS2qe0
atmos25_1726.jpg,1KZOrpJaNYFuxGnw8ybGoqaFOo5QieUOw
atmos25_1727.jpg,1gfXyQGesFzGfm32_w3cwhUs7_z4g9Xjk
atmos25_1728.jpg,1S2nL5QCPzwSEW6BqHVZpHGTMcLP0v4rU
atmos25_1729.jpg,1x1B0JqSCujy_KLz8yIPIzpI4l150ZyDh
atmos25_1730.jpg,1HI2-MB5oco2062Ftebl2qRHy1u-ytiRA
atmos25_1731.jpg,1onzcPjzwx8nin8PRkZCvojKazkEFdtoo
atmos25_1732.jpg,1vDdtNqEDnm1xx0vJh1LT9giMGqVBoY12
atmos25_1733.jpg,1oLk9QlPyZOVzwLdNd-UjwbvcR5cupo8N
atmos25_1734.jpg,1H-MjljLQq_QmutEZAFx3UpPp249Eq0AB
atmos25_1735.jpg,1gwiYTIGExRSQMZgiHasRZ13uEKXDP6OP
atmos25_1736.jpg,1yWkgTPb8EUFkFbqWEAaCJ1sC6rGvUiVg
atmos25_1737.jpg,1mWwedi0ZBOv1PySz_k1PXHAREhgMu9ne
atmos25_1738.jpg,1VQPbCfUWZ5YYW74tghOuAzkpUO0H3QSr
atmos25_1739.jpg,1oUxxpOcQfdP8SxHEDbrbyX_9r0o241-b
atmos25_1740.jpg,1n9A-dvd-sm0k2n7uZcLaD2fqe9rK5kqA
atmos25_1741.jpg,1nBBLnbvS71_aboowKnoyoAbSsM1M3SC9
atmos25_1742.jpg,1xJ8CQbeW0rtGRIxJnetjJfub6_LRevGK
atmos25_1743.jpg,1PQc5UZwrlIh6nEbscL0fUAVCDo9fx1Qr
atmos25_1744.jpg,1_YEfBIyBCQk8NZMUEyjdHo62jRjpYnBV
atmos25_1745.jpg,1qx2yhORfMHoXv6oaMsrcYovHWdMUVaeG
atmos25_1746.jpg,1PpnoHJFj6iwVzbGydAIwFR0wZ_9zBnsa
atmos25_1747.jpg,15vxA_UAE8yoYeO92SeeO-xg0Hws-Thmd
atmos25_1748.jpg,13ebGYRKcvn9Uuq7BCBqRtZ-W8N8oSTLd
atmos25_1749.jpg,1ZdRViK9HfrM8vysWTsvECXPzrCU-ZjTH
atmos25_1750.jpg,1_MV1mD8hLO6a_33n-b0Fuge7_MEB_8IZ
atmos25_1751.jpg,1gzrs1CvNDloWHiVswYEWnxf9Ef5jnXHG
atmos25_1752.jpg,1PItmasehfJ7yvowGHBe1U9EsPwqYEQkT
atmos25_1753.jpg,1PcCsWY7iDZYBDMVdvigKyt8qrewRD4up
atmos25_1754.jpg,11HA7pIJHnLsMy8jTuIPCgLvzKWjkhn6B
atmos25_1755.jpg,1LG1fixeYXVzd1aawzw-4OwN9Gy3osDTV
atmos25_1756.jpg,1Vl7sawS2Pw8yjX3uH97iMgVcNum6MJKR
atmos25_1757.jpg,1vMUakkpKH4fSoGGOMz2cHNyPjR7f8ezl
atmos25_1758.jpg,1abjx13poO8AqjduTK4q0_Csa8DcBNcqD
atmos25_1759.jpg,1_ELokzMW7TDzFPFStenBQFYBKzx50crW
atmos25_1760.jpg,1RU2cuuH3C0SD4lvEFbL5lx3RnGN7oFEt
atmos25_1761.jpg,1ceRtbv-xsCdl0UFZ6FAL8xrZtTQb-WMs
atmos25_1762.jpg,1JNrdne-nXBtIItP-99nix0Qg2PmjKFyI
atmos25_1763.jpg,1hRFqjbp5XNJ1gPeCN9YQaHHpL3KOYvfC
atmos25_1764.jpg,14U_LJ8036NTARqAxHacqLcO5wKsHgHGT
atmos25_1765.jpg,1B6nwgRzt9KBhPKgviYPuC5lkSMTBFRw_
atmos25_1766.jpg,1SriLH_7HOT3bB-pu-zqaweaBYJWfK0aK
atmos25_1767.jpg,1MT7JkVnzVMDL8fhai5Vyr8Ytf5Rxa5UO
atmos25_1769.jpg,1yri1rNvQ8JMgRRf6Y6inAc7POI72pvb0
atmos25_1770.jpg,1w3_sL6bpkhSJ2Rywy7kFxIvwztQLB4Yc
atmos25_1771.jpg,1bSZIM9F-a0qIpWUDmFmEvECqDeFZPBWd
atmos25_1772.jpg,1o6YUW-gpsvsqXg5x-Rf0IAn7E3Kz07PG
atmos25_1773.jpg,1k22A1gNqDau-7y_cM2Hi16jF6ijtq-bV
atmos25_1774.jpg,13BoYkgVX4zDDDprSywBCQwUVmLHANt6a
atmos25_1775.jpg,1Yx1YNwpTeqo1ZcUJIaIpoy1KtU0pcJzZ
atmos25_1776.jpg,18v-nDrCkOSBxEaR8SdxQ4J6bnTu9Ghww
atmos25_1777.jpg,1TxxQu8kRDN8h0EJVnQy0tExUg9fc8JLU
atmos25_1778.jpg,1trjbmfJ4WeDmuCk-71gREScb78Ekv9mD
atmos25_1779.jpg,1aIFdfPKQUdyzDxCkCRVODQz2PXd14GvJ
atmos25_1780.jpg,1Mr2ZeVT5_gExUv0XFWAsE-p24t7f9MVl
atmos25_1781.jpg,1ZvgkOFIH_rINeIm87Kkq6qrVxtsITm5z
atmos25_1782.jpg,17cntK-oBc4F7KbqjHBwX2mQHMQGioQ24
atmos25_1783.jpg,1EC2fN0rkPrEZZLYClss7Bc24YPJMqXKJ
atmos25_1784.jpg,1ceopyEtunHHlxI-Ho-i3cJp5dgS7L2oY
atmos25_1785.jpg,1ybsXWGiINLOZztKHU8aVF8_giJgCFbEi
atmos25_1786.jpg,1bx7XVrnoSZVCGem6kH2DAT8wXEq1BQUY
atmos25_1787.jpg,1QvZ7XOscXoc8cMydO8eZehKsY5n6Cnir
atmos25_1788.jpg,12_WYf7oHVFqqxGvRnbzwfAikA0rGW_w_
atmos25_1789.jpg,1jW0UuwcraHwXR7JrLJ7fQz4jr1fF1ct0
atmos25_1790.jpg,1EWKce9mcf1_H0S7ErbhSA0nsDDqrdKdw
atmos25_1791.jpg,13VV5SrYa5a81KzQ0ZQuZu3ZhW8FJnArk
atmos25_1792.jpg,1-Wm0aTXe8bRVa1cz33Q23WnocHce9MHI
atmos25_1793.jpg,1bcP1gDg1VRCDl7-jJKys0J56j4wUWASi
atmos25_1794.jpg,1SpwwU-r5eiyjjRe0MxknLy1DGTCnljKC
atmos25_1795.jpg,1DKuATqpYU62M_G-LlfrbzHGXfZlfHDuN
atmos25_1796.jpg,1K9gzgElBUh48z-cpzvTOnJiCo-FbrKi6
atmos25_1797.jpg,1N3pgFe4TWOt_rgpdgGZWlGvoRy-e0mxe
atmos25_1798.jpg,1-J5p4iTmzmMusDIn6zobn1RGassiViTh
atmos25_1799.jpg,1PP_xOHGI-u13i5W5gF-5BUex60byyqW0
atmos25_1800.jpg,10eVCNpCFSqNuvizHXLrR_AFQoCG7idtm
atmos25_1801.jpg,1maMYLMtG9wiSx7lq6tf4zEHNAx5HHqdO
atmos25_1802.jpg,13-4j6gqjRo98S5GEZFQWRg49EwS8l3Gj
atmos25_1803.jpg,17Hp1_ad966aNKy7wkv6nVzIkoLi_V3dj
atmos25_1804.jpg,1vu3MDmR0AwogG8uK6bE5bXnExjtbKvja
atmos25_1805.jpg,1PPyTSHa-e-vi3B2-lB4pY9vwDsMCz6fd
atmos25_1806.jpg,1ISuzHznRP4dz6X3N_UHdnU273NndDbUW
atmos25_1807.jpg,160-m9PGueGQv5GVnQR7WVFB3IE6_HpVN
atmos25_1808.jpg,1eBonPUvuKNyUntepTmMZ_TrCBu274DOz
atmos25_1809.jpg,1ih9RDDCruOiytV4u8Uu1_fpAyGg78sDi
atmos25_1810.jpg,1ooy35Io0aVU1fMTsd778numZH0sfVY3i
atmos25_1811.jpg,1kY35j4g9e9StrW_WjT-90tBXcb4ubrYj
atmos25_1812.jpg,1Q_fqhgPXjbermZyDe0ZQ5Qt_X3ftzgCu
atmos25_1813.jpg,1VKYbSRGwnPrhliA2WvmATz9H9CVri-tx
atmos25_1814.jpg,185Fj2ORaaCvUABwRFQ5k2JiKyClsLblw
atmos25_1815.jpg,1k30rYUPv8drJrtJrqv85VmMhWxPZgFnO
atmos25_1816.jpg,1OvPy9qsUNTk_WpphTzqv28aKhu5l5mKj
atmos25_1817.jpg,10j1P0fJoUwwuwe4u-TCc-ZMGZw1rDjG0
atmos25_1818.jpg,1zXIaZUfTy0sl54CC_vicxSglJdc72RPq
atmos25_1819.jpg,1uffqLvht0_tOSxFA-ezncloagisQvKtJ
atmos25_1820.jpg,1pB-HkHLmGWNtq8_3pX3pHFDK2_djeJsw
atmos25_1821.jpg,1TPZQQMqSI422bMbpXUNN4vkOWjovlyx0
atmos25_1822.jpg,1IVp8xUm3H6bhpefJXWUcvibuWjR_HNxT
atmos25_1823.jpg,1V7pfM_twlANHi7GMmCL7YU_rSrqjJm8_
atmos25_1824.jpg,12co37z_11mGijc-Tv8NM3hjNW7EZa9Qa
atmos25_1825.jpg,16AJLw6kawEYDfTFYygLaUrQJOGsj6_Kw
atmos25_1826.jpg,1BEDoOKxMRYfxg_w81k3fJQCyReUPGd23
atmos25_1827.jpg,1oRGhG8WFcOzYjUYWtPvMipAPHsIyeyHT
atmos25_1828.jpg,1VrgPlzZ9f4wkAktUzppKCOI6OPMpUbtj
atmos25_1829.jpg,1CDZ-OXNwh7WEkH37frIjR76rmTmlnmx8
atmos25_1830.jpg,1RdQywub5PVfxEQ47tbX8oal78BLggr3f
atmos25_1831.jpg,1htbwiksm92XBcwVVS-Lmf4uhVpWkgCnR
atmos25_1832.jpg,1oEEIwYaFcbXZaRu6gtB42BoioqOeUKwQ
atmos25_1833.jpg,1A8Mz_m2RdorWjrqIzx4TzkuBuAR6QKAW
atmos25_1834.jpg,1XaPXMsttLwGWUW39TqyVdYv5j_Jg1srQ
atmos25_1835.jpg,13MYv_cN2uKLOh5x7gSGcHCjPYBmZiedI
atmos25_1836.jpg,1tBsCnbjUQErB1PV4K-vlgs8OMK427a_I
atmos25_1837.jpg,1jjvRTl3gDncW5tPkQx7Qz0p8vbup84of
atmos25_1838.jpg,1822tyWLQrRGq3Bp0zyw_Qyv-uIVTXMbZ
atmos25_1839.jpg,1DHAumcoeic7JAXZTyh6NkeWcW3ZvAReh
atmos25_1840.jpg,1v0Rjr99QqFiRpfmUuMVCxEYELh9C3t6E
atmos25_1841.jpg,1FcfBO3kLI1dVvNKTOxRD5isUP80ZPxGH
atmos25_1842.jpg,1Ktw354tKcntfSOg-vuCGyhBmKXA5xVxV
atmos25_1843.jpg,120hDHXJj4L7zLzCnx8iZgxcd-suFGQkX
atmos25_1844.jpg,1eAHaWe4CnsRwEaS6SUXgClxw34K3PKdV
atmos25_1845.jpg,1_5WXx6d53d_ZqlCey96bReK4hBJAhNph
atmos25_1846.jpg,1C6YrO95ykrHBmU6bek3nMoLbFtZiaZa-
atmos25_1847.jpg,1JgV-k_FltACoD9NQcz02iaQFOwuJzske
atmos25_1848.jpg,15T_QUtwlNGBEjjeI7ivLaAHKGSWnIBxK
atmos25_1849.jpg,1SzyLvvFCWDLTS5x8PpnaMw7eMLPbqHUa
atmos25_1850.jpg,10MkaBZlboIB2xAwdzlKIEPXYnx026thb
atmos25_1851.jpg,1G3P1jIRqPppPlC2gceQYAxAr-ljufeGy
atmos25_1852.jpg,1HxTeQUHqIEfHYzBI-xI4JgXktYKZWK_s
atmos25_1853.jpg,19Pkws7Bv4NJeuny2T1JdSNOdwpNgv_mS
atmos25_1854.jpg,1Tfrg595JAmVaxKusFEGFsjR2LLsSWLfK
atmos25_1855.jpg,1NZQODjH98bdYgUvaRCTJpEoXx1TM4xvF
atmos25_1856.jpg,1-VemCvbGOIjXik25Umy8fjnRW6LOI32a
atmos25_1857.jpg,1XCIeC2k1DkHwM1aceLTyjMw8PKEFqYKE
atmos25_1858.jpg,1NHdMfuelaWCpAsGaH24vTCEIptB7Ds_5
atmos25_1859.jpg,1jyeUV6pU5W0W0liM6X3WKWSxdWOanj1O
atmos25_1860.jpg,1FSB4keqDTof8DHyHf7nfQE-87I64MGo6
atmos25_1861.jpg,17Y6-mGGk8urP1e1l1hkz-6Gs3R-WiDLV
atmos25_1862.jpg,1CLsx0G5C_E7nkLeMRLOi908GS98HbPUG
atmos25_1863.jpg,1Yf3hkDfcjEkt3C30f7gyHQgHY1upb6wh
atmos25_1864.jpg,1IFLnGan-BbY283cCo4CcJypxTD8Q_VXo
atmos25_1865.jpg,1Drivz-GM2utx6j_2SKSnLeKIYMJJXFpP
atmos25_1866.jpg,1joEabeYXldtnwjm1rH73oXp_woXQ0YTu
atmos25_1867.jpg,1bbMPiBCfR8F6YyKiQ8BocQcdIomOZ7qb
atmos25_1869.jpg,1lkRpf0dBd1ekSNICeDRMf3WimCyFV41z
atmos25_1870.jpg,1i2r1Xs7FP2XwVmFTEvly3FfCiPd6-CUk
atmos25_1871.jpg,1rv8vdzgYjiPXecRJNFzVpJT_QzBtPev9
atmos25_1872.jpg,1uIhavUqgt4mwMPFwszgJjcGtyZ0_EPJO
atmos25_1873.jpg,1Y7zG4DC4ypqvtZlTUHatj9F3mZbhuo3k
atmos25_1874.jpg,1LaeLh-JjM840ktm-OQHOclWi-GJjrA8o
atmos25_1875.jpg,1n-cj4kf514EF3bYv_VDCuztlC3TweDR4
atmos25_1876.jpg,1QMmKaF94hdl5Nc6kwB5QxcN32c5o8JEy
atmos25_1877.jpg,1sko8VxYIOVth33ECFqcSyLeikKYLzOf-
atmos25_1878.jpg,1rw9w_hLD05XRcx5sklL8U0bog-n6pKFr
atmos25_1879.jpg,1PnNQyDUW7OalvcrOnhTQVqGRLpTWY8O3
atmos25_1880.jpg,1ZhZFRa4xXnlGqvW4PBz4Lfp_kuTqLj8x
atmos25_1881.jpg,1Vbs-KqqvA-FcTqvCTClYzNAxQarJgybR
atmos25_1882.jpg,1V_kDHlSGE2iRFmpmScnNpWiACjiKlnc1
atmos25_1883.jpg,1VdRJNl_vQzSQxBf4kpjYRL30oLbA1xLk
atmos25_1884.jpg,1VdBMng9QSFCTv0ywRWx93HlOFPYnKRKH
atmos25_1885.jpg,1VenzhyiKIDuBKugJKulwb6MRner8zKBc
atmos25_1886.jpg,1VdiU637WfE9E7o2EGnolRFTI0ePDxC_f
atmos25_1887.jpg,1VfeV66eAUjYLhUWX6FojQh2P3blMq05N
atmos25_1888.jpg,1VfQ7tifcD52sxwTLoC4yZgesMtnNiUkp
atmos25_1889.jpg,1VhNsGx3ACRLFIl96V27bIlsUd0PFdRI1
atmos25_1890.jpg,1Vgx_UHVSkqt6Uicl1wjYbD_Jl2RpIi9M
atmos25_1891.jpg,1ViMcdz4lCvy_Xz_9hXKzwicN4aJ6snZg
atmos25_1892.jpg,1VhelVWS3nq_-BY5VxcsrtLiMhMwREafJ
atmos25_1893.jpg,1VidirzijLu5FCrArhDwJwLLrscvXURrS
atmos25_1894.jpg,1ViVnaDAQW_jbi_Izjx52Am9hGrLAHtli
atmos25_1895.jpg,1VldHNqQo2O2F6IhqFiqkw2dMGbTGLc4g
atmos25_1896.jpg,1VimsevalSL2tgFrTiX_R9JwZO5qHNwVl
atmos25_1897.jpg,1VmxAmTa9bH8a86juYWLFH6pbxDD0OPqV
atmos25_1898.jpg,1VqC2pkhFxrHyLmqStzwbJt0LZ6kaGVdf
atmos25_1899.jpg,1VqUK_Zb77ZyPKwbR2vDUDv_3kz5KBKwA
atmos25_1900.jpg,1VqHrPTv_TnngFg_t7sX7uRKptkol4PAk
atmos25_1901.jpg,1Vsdw7TrSd_8Ggvrv8DsF7nts5mGrb5XT
atmos25_1902.jpg,1VsUwRbfSsUujMxon09gExJUbqFJm6L1b
atmos25_1903.jpg,1VZvujo5kzu8rQ40Su6asmXYG8EH7XmXR
atmos25_1905.jpg,1IlXR-cLlQUlc0111I4HEAAP7q-DggEfa
atmos25_1906.jpg,1_FPreXPabvwlGuAB2yNNlBlvR0U8qHL4
atmos25_1908.jpg,16ElfwTnw-a9H4uZtYLqFYPOyxVQagN2f
atmos25_1913.jpg,1X0Lc9b8cDunCBpSuSlQk1HotCSJHCakU
atmos25_1916.jpg,1ju3nNh_VfcfuI9r_gZ3t8LQynXR-Eb8m
atmos25_1917.jpg,1xYZeWKTLPFKiHqEcSDnpipN40PWXjUvL
atmos25_1919.jpg,164ADKSgq6gzx4W34XsO0J_tFefcFgvVx
atmos25_1921.jpg,1Ty9G19yzH1z2m3lXHD6udYTBqLTPpVBv
atmos25_1922.jpg,1yd16OSUXIwuMe6ewzVjogPBKVDBZhcu1
atmos25_1923.jpg,1PE4oqBfXeU-4qwnqpFEFk23cjFxuvFUd
atmos25_1924.jpg,1tPUPU8LQH9O_xjXqctzAZBzlCfY1yvW0
atmos25_1925.jpg,1bbdBQMyuIIOJvnJW09XdS3p03nN8-cnS
atmos25_1926.jpg,1c8UJPw1CMEloxpcJGHHwJbP5BpKj7LLe
atmos25_1927.jpg,126SlET5frxV1P3HcF8S8D5VLGJynTIPp
atmos25_1928.jpg,1erATOu4U3P5EdA-IwjmPlnpVkB-GAbT8
atmos25_1929.jpg,1gG77IUEJ5RfREElmX9hZpeo2y6qhr4N5
atmos25_1930.jpg,1sqg9_mzbA60McVC1hNzbroJkEDGgjDJG
atmos25_1931.jpg,1Ifh0XxHrceAk62xEYEyyB32lASEqxDYY
atmos25_1932.jpg,1PPAWNKkD5r8jKCsXx4UllsdeA0cCz8Ii
atmos25_1933.jpg,1HN7HVUmSWb-BdUC9LDlAdzsWdAcZcGyN
atmos25_1934.jpg,1tFbl6kcYMlsRo-RetxW70w7v7RPpxSdN
atmos25_1935.jpg,1xth6ay_4LAcVBSa3FJCl996v4191o_kG
atmos25_1936.jpg,1eVbg2gO57M9kF4Q_YTeLPLE47Gihh-EC
atmos25_1937.jpg,19t0DrhtzmDrBaWXXwJ_QWFscTAbYbeJn
atmos25_1938.jpg,18g7YsUPKbniHj1wLsaJVT3Bkc3p6auro
atmos25_1939.jpg,12k92D4-J8mCyP_3rf7YTZn5LMu7Ac5_T
atmos25_1940.jpg,1ZHsunhiigH_DDq5iDZN59nXneo3ihKXZ
atmos25_1941.jpg,1JfMPFNM6JOT8ScyZ_Twoo7XrXV-0XfkT
atmos25_1942.jpg,1sX_qOP9aTY5P-7xQEj2G7L5rYn2zkcrH
atmos25_1943.jpg,1CEUxhYHpMUofICdLL1xW53trBPDNmysx
atmos25_1944.jpg,13y-7GHksd3seNP13rKCdXHBWLQHGZG4p
atmos25_1945.jpg,1QpuLBVnMMaIoEjpQ_fdfMHItZz_RVpRg
atmos25_1946.jpg,1kvjw0B9MjDfe6gVzp2MRKzVzrzzJOAYg
atmos25_1947.jpg,163-LrYYC-_vDhzFo2HL9jydUCUEVASD6
atmos25_1948.jpg,1XdjU-fIXoex4gVlBTvQDstN7RgpGQ4mg
atmos25_1949.jpg,1P5HG9KWLqJJdeKaii17oXvCibIlBCPKb
atmos25_1950.jpg,1ERLXMeaX2B7kE7eG5Iv0yMiRnDDV9rJX
atmos25_1951.jpg,1j4sCnnZNeaxib8Zulij30dsSsh59QwmO
atmos25_1952.jpg,1p6zsiJVEqF39Lneq1V27jEbhAia50qt_
atmos25_1953.jpg,1LC9y-8PHsltluI-BLVpFvDRB9-6sYvja
atmos25_1954.jpg,1YWC90TLwBgv_3GPXpJtF4bJv9awDMr1y
atmos25_1955.jpg,1xP6iSvMf2LvbSsg4nmLf0_r9JJGvIMsi
atmos25_1956.jpg,1_QcnzRGhFHLg4YIT7iD6PGVnvTnTc4Om
atmos25_1957.jpg,1PcjLN4ry8uMcIeEWHH6NBxRBnBQ_f1ky
atmos25_1958.jpg,1guI2KYbUAoKyMCgWBA6mSbe-wOjjzO-w
atmos25_1959.jpg,1_kO_YOoEFRW-Ff3MqUTv7U5AkoVAFV6P
atmos25_1960.jpg,1XPqMoLlSyAhJYwF9HUupiECXzwY-Ny0a
atmos25_1961.jpg,1D-lINmkssVbC8c80GWpNhruaXq74s5_f
atmos25_1962.jpg,11fb6Gu8YAOgOyLU-SL4f_WH5ox7p6vLK
atmos25_1963.jpg,1wGK2LxXFU9RnMDTPKI9p2AfofiCokGm-
atmos25_1964.jpg,1DcK8FZ0FjHsA5IwGrgsV7guv9aPbYV1O
atmos25_1965.jpg,1hpbcE3zbaZdOJXwH5-m7QdpdSlv2DNQL
atmos25_1966.jpg,1sPDEq-hPcv8Q5X2Eb-pRUWNlvMCYL_KZ
atmos25_1967.jpg,1B0Ed-qQlY0EfIfq0adBcGj2V5O044wBi
atmos25_1968.jpg,1CyOEX_phWjVpORdDIT6roPMYzXQucyd1
atmos25_1969.jpg,18JolYuRKTe2tUO_LIhOXOOUzXPbfdbXM
atmos25_1970.jpg,1xt7e5MaLmV9iNU7Fstom7Cfyncfhoucs
atmos25_1971.jpg,1QuncetPkMx2ArctINA_5rYg5KvuBLDks
atmos25_1972.jpg,16HnQv9nfCrGY_81Jfxy2GOipaIFfYBTM
atmos25_1973.jpg,1Zf4YfPeIKnypeSdt-XOSaFocwDLTHYTt
atmos25_1974.jpg,1S_8HHDQ1dYIIZJcatiejAZr5bNj6Vor0
atmos25_1975.jpg,1DWo8kLl8nwMa5L8kVSDlSn_HrrPSjZTj
atmos25_1976.jpg,1kV3DTD363GjiPSPFpGJ_1SuvH2unRqgY
atmos25_1977.jpg,1JFVEDYonQPX1Z-K1-UAlE-yGTy9WrtKX
atmos25_1978.jpg,1NU44hu_SzTD86YpXKwyz0Xn1zkEfXFx6
atmos25_1979.jpg,1Qt20mHRM9hCVROsxmM2fzryMOF9ZnS3x
atmos25_1980.jpg,131riW7aNaVHyJ0304MChXaZZBb0bmcxH
atmos25_1981.jpg,1K6xaSLEYFLDkr10RBrM3LEbrBOQI_MQR
atmos25_1982.jpg,1MqgmY-oqcCeDbkU_CJBAS4YEfBu_I-Vb
atmos25_1983.jpg,1zwg5GspFuft-1C8kBe9S447b9W9DGo4c
atmos25_1984.jpg,1UkZvD9R34YB3YHH8bJE8AW6G1YVESXcN
atmos25_1985.jpg,17FDCdgK_qIANABpxZ0AKML--4hZ5W2R1
atmos25_1986.jpg,1cO3F3_1Y38cJrMxHN1bkTMTv7cbORpTN
atmos25_1987.jpg,1ZFQxFv74Cn5iwRKM2w6NNsKHFzJpNdWG
atmos25_1988.jpg,1J-70TzsZvtYM-EHwS3my4l6Vt-noCKhU
atmos25_1989.jpg,1Fm9ZmDTGhhtRAfSJyONCrWxm1mwWfdCu
atmos25_1990.jpg,1fGe97Nx5QlwSAzzAl2EwwzYBvl1BNJ7l
atmos25_1991.jpg,1wKLA7E74zaxp-Kc2Fp8nR4fMUYVwT_tl
atmos25_1992.jpg,1DU-caFiQyPhvxf8ijC8curJD_1o_qzJ1
atmos25_1993.jpg,1NkUc2kYsioja7_miAqW0ydSyznSp8lW3
atmos25_1994.jpg,1TafV53Cjd4FXcq1LhDV64XBKrAKqCUQW
atmos25_1995.jpg,1TcUqHPS6F9WKZRIs4pCjBBhKlhqk6eM6
atmos25_1996.jpg,1Tc9pAoUbw24eKvSrWnppqTbY0Y8e_Hj1
atmos25_1997.jpg,1TcxNoduWIJogrwQuvygB6qYRo4rkHJO2
atmos25_1998.jpg,1TftY9aYP3hMVaHv2Wi5xcnrlLziyE61Q
atmos25_1999.jpg,1Te3ufZOXlkB7Jsx5AtMK1KuZz6aiGh-j
atmos25_2000.jpg,1TimsqGF2qdlxX0-aivKLMdWQgUQRl8PG
atmos25_2001.jpg,1Thw-qQlsheAviwjh7c5Ad2y67EJt1QGj
atmos25_2002.jpg,1Tji9DSH-FY4_1AsJiWwsLk67jIziLahs
atmos25_2003.jpg,1Tnycp1i-AuwSv-SpdBSoz8JkKhYSdbzA
atmos25_2004.jpg,1Tlu83SgVXByoykzQeKRfIftO32mibwTu
atmos25_2005.jpg,1ToNnmK-9PYrw4EHaqQ-Fndhm-Ft4wuNz
atmos25_2006.jpg,1TpI6lQR-C3dLM7BmWYyNQlnoguB0ODNq
atmos25_2007.jpg,1TqfTCQj69v6W__czrDXgXMNdf8eDmlIF
atmos25_2008.jpg,1Tq_ezqH25IFkM93WiPYT4AY1zN_W-1XB
atmos25_2009.jpg,1TrkqKuw0foOvLlYVFhs3A5q3cb5ZriRj
atmos25_2010.jpg,1Trh6TWB4-fl6RnFot0n-4jzaTvrZu74l
atmos25_2011.jpg,1TvCjuD1ZkeF-wOigjK7JhdDuumaPAwko
atmos25_2012.jpg,1Tv2wAJoI3pQE-lclqdCxqMwI-85BIRrL
atmos25_2013.jpg,1TxP3x-vOPU4hSxTwwr8FKaQlnPaD-3t8
atmos25_2014.jpg,1Tyzh-sXetBgenG3NyIuZtaMamliUgx9q
atmos25_2015.jpg,1TxlYcFTVZZ1LsyKroAH9irVEak-5YWBw
atmos25_2016.jpg,1TzyMQ2qUD6ZbbXEYLSdbbapmrFkDFAiQ
atmos25_2017.jpg,1U54YTCv8JrFH3k0C1uJrOV37HCAbdWUu
atmos25_2018.jpg,1U2NyFvzvofLl7yrFCAog3x3X5DySJevR
atmos25_2019.jpg,1U5KOtAko4ybBvIWMSDUR4II1ezJuHGhW
atmos25_2020.jpg,1U5Tn097bCnpOcO56xVylamS_EQ6rj_2I
atmos25_2021.jpg,1U6JRH1cuLo1Qj0nusSZDFSzCVCqjxYse
atmos25_2022.jpg,1U7x8TMgxm0FyJ5ahqQMWI-_grOYIlUpb
atmos25_2023.jpg,1U6wswomOw0wvpTbL91Soj8VMP09XPbfG
atmos25_2024.jpg,1U8_svTNdDGTvd80o_rlHin_bPAhpOEtX
atmos25_2025.jpg,1U8WqhA1OcjpQDJChAZE6dFcVYFj1GUWN
atmos25_2026.jpg,1UDEPf91NxyV-AmDfliygm89Lq_UtJsQ0
atmos25_2027.jpg,1UABBeOBhO-1jVD1jSs5NLddLGGWeX0Ot
atmos25_2028.jpg,1UGFPYlr_8tj3cVddQtWsN3wa09hneTW2
atmos25_2029.jpg,1UF6SBBNsgDjh5j10ekJNw-nZjCHjJr_P
atmos25_2030.jpg,1UGJ7x4zr-U0EhE9PN1PVzyE-DK6605UJ
atmos25_2031.jpg,1UGsfuzeTT9GPQNP1o186IzH62EU6-n24
atmos25_2032.jpg,1UHlNsUIZXUH_4SXUfnrZLrb1vZzek3hd
atmos25_2033.jpg,1UL7s8Z6ihtWCH3gl0t6hbqanB2P2jhWu
atmos25_2034.jpg,1UKv9zWam5Eh-Xq26QCpXZ7XUgcqTk_YY
atmos25_2035.jpg,1UQ0em8P5AF7PLO6revbZwmhCup1kTuBL
atmos25_2036.jpg,1ULn376tw-yhz-GLwfg4UJI2QtcaOSP9J
atmos25_2037.jpg,1UOgCy-ABP8O5n-xd4h7pQMt89TEqovG-
atmos25_2038.jpg,1UOlGl7juNfXaderyhPBi_TGwQJ7bQv3n
atmos25_2039.jpg,1USRVriiNTRMx3XtXrltxNAGptzCwfLOK
atmos25_2040.jpg,1UQGJxDSAl8McB_EKcpCMH6AGY3lMrBRM
atmos25_2041.jpg,1UTqzX-PQvDr6NZUug0UKB7xZrKiAHrBT
atmos25_2042.jpg,1USmJOtUpjn9R9_2WoepAhAxxC5TkwVys
atmos25_2043.jpg,1UYipNOhIZzzJvBDJHwyZxRfM2KqPEusb
atmos25_2044.jpg,1UX6vpTZ_w3OMtSJ7-cTHPeDMICOilVQn
atmos25_2045.jpg,1Ubao-mVJiaRwfRKbw_kI04x4-B_sZfhl
atmos25_2046.jpg,1UabK7QUXBnSH_3LYKl6IoH8pBykQu2rA
atmos25_2047.jpg,1UdsYDkSJSjOAzBbVUAod0k8iHkDBLF6q
atmos25_2048.jpg,1UdHqR55IdsgfkTk9ITK7b0pUl6TRAjh3
atmos25_2049.jpg,1UgcZaGODKymeeHskjwxArVUG6VqaiagH
atmos25_2050.jpg,1Uh9S_K9GA2VAuIw6nQypPVK9q1f_BF_1
atmos25_2051.jpg,1UlDr9jFbU2XQ51SpMmrTqlArPNN4Dt5k
atmos25_2052.jpg,1UfN1rH2jd2gi5CqygCXloP3cVNn-I0ST
atmos25_2053.jpg,1Um5CxsgVVyPYtegkwRLIew1NfZNUkiZ3
atmos25_2054.jpg,1UlbtmnNBDKu9_fBabH-BCVaRCNeRvoJo
atmos25_2055.jpg,1UrPCidHhYg55EJjmNZPPATpBFQGFfccH
atmos25_2056.jpg,1UrfTdoTG_hBEQYTFq3NY5y08IgM6DHyt
atmos25_2057.jpg,1UsW0ZsuH-GsYi1_2BiIxyrgcWJF_44nL
atmos25_2058.jpg,1UtokfcXVZXSCSjZ8kxO0Wpx54nlCOC5E
atmos25_2059.jpg,1UwsUR-D6cNDZPdbNAI6vqKumE8JRXafJ
atmos25_2060.jpg,1UxyLrNGUQu8fJOqbJdvSf_21Nyr_SkrS
atmos25_2061.jpg,1UziYPATDmJkxPsffmjbTgxC-aLiu8sPr
atmos25_2062.jpg,1UzpwLC8BEHv1izixDcDYJOWm_gAHTEHE
atmos25_2063.jpg,1UztxjS9E07o_O8nnV_M9t8x_-zLN283Z
atmos25_2064.jpg,1V-QPp78aDdzOa-TWsusGGB0H8CqEam6O
atmos25_2065.jpg,1V1IWEFuYWLbV-3k5oJGHM1I5-Gq1jqeI
atmos25_2066.jpg,1V1P0k5upH9n0VYbL5mWaHrKIYtzGVP67
atmos25_2067.jpg,1V5hJ1CrW_Od4w9lJjM3iKvXHHRQydm6q
atmos25_2068.jpg,1V5tZ86CXB5ATAOXbCTwDrjebOPMf4aGG
atmos25_2069.jpg,1VBWM4jm7C6laT5XXE_4ebbRhaHmHoHZx
atmos25_2070.jpg,1V8rGxln1UwMG6ccCeMZfgmQodhgkQv3X
atmos25_2071.jpg,1VDTeFuDeri6jlpz0widtsyB7_64ul0gp
atmos25_2072.jpg,1VCbBqQkpdnihjLmktROHlqHYlr1c5hVO
atmos25_2073.jpg,1VGYZfF-9whgul4jvdnvr7b7F2Au_zKOV
atmos25_2074.jpg,1VId7h59qffrpSc86QPP6LXFGGcOwSHkz
atmos25_2075.jpg,1VIwndOA08h6lGMhyKv5bAp6UpD3DzZ21
atmos25_2076.jpg,1VJMHjQEwQOXXtXzkmjKxX92_gesh2YeL
atmos25_2077.jpg,1VJfiDKQUcZpxFRRyIUNKahJ_QqW27Szs
atmos25_2078.jpg,1VLett2nMxPFUVaayR41_Vk17u9_OVWLv
atmos25_2079.jpg,1VK5o4p5VTgmHVKbPcCZGAIa4xHgiAfcH
atmos25_2080.jpg,1VRPoPpm2v8lleplj0yipDMRouP1ak1ck
atmos25_2081.jpg,1VOUp44BzpnupbBsFONEPCWjQQuQAGk1j
atmos25_2082.jpg,1VYK4mloU1MLz1pL-ykPY25QvRI-xwPW4
atmos25_2083.jpg,1VUo8Y4DTKJXdqaQJoluY4-TE0LomQ-ou
atmos25_2084.jpg,1Ta90XIDslWc-d7iJ2A23uhVqZh6YBZlt
atmos25_2085.jpg,10p2ZUJ2QTNz--Fct9E96qG1QCQs1cIpK
atmos25_2086.jpg,1tcTKuHb2dysJsuZ_OExUEOcgG-shKSAt
atmos25_2087.jpg,1DPFZ52A-4iNMZfAHYOH1XIoVwEeTTUtA
atmos25_2088.jpg,1IwewNtBTWYsrSsSxO3k3O-Dk3cRUhLOV
atmos25_2089.jpg,16MBuEbcj6qiROt3hzH-Jgh-xxQoEw9Nj
atmos25_2090.jpg,1IvwImSFYO5YcYyJjuPnUiGDze-lYxC64
atmos25_2091.jpg,1g3G_BSIpB2NRAZ9Z1xcsJM33Jlad6_m5
atmos25_2092.jpg,1CsNXdzzL9-lwhPyy56W_rOTCme-oR9iF
atmos25_2093.jpg,1RhAdwrc5nXpvNojA5k0qRriU6VRdNf8w
atmos25_2094.jpg,1uvENykm6pLsAu1yJsKXnT6yB8k_wNU3Q
atmos25_2095.jpg,1HYjZLwi-KTYh6E2KzL8bDlvC6aY-B9A0
atmos25_2096.jpg,1PaJyzTonR0zAGRxiVh-AssN8STHXKDkY
atmos25_2097.jpg,1xUMhVTUM-T4AHIEZ1JJLbG6izO1u2RP0
atmos25_2098.jpg,1XIpO1P2Pk8JLAJ9Hb6Ki8UJpAFsGvzMG
atmos25_2099.jpg,1tPNq9It6dUvrWKUL4Hu5-TqPTnm5WV1B
atmos25_2100.jpg,1tOoFhax7g26yDWH8tRoLeHiCWdUBqEvy
atmos25_2101.jpg,1tUF0A779mNg4HZJxHCwb3MMLB9PK-dvB
atmos25_2102.jpg,1tQJ634nbgFP5TmwrWaONFap2xB9AqTsG
atmos25_2103.jpg,1tVdsanelXZyeNm3kL4wGcSRnazxlBEa8
atmos25_2104.jpg,1tUk-M5uMWRFkcNhcP_vh-KvWWcybFXdS
atmos25_2105.jpg,1tVtjoEDtEcigaNVYD9uiofIUJo5HPYue
atmos25_2106.jpg,1thU0ooO5CJGWo8Tm7_Vee061-Q__wc0x
atmos25_2107.jpg,1tX2MtBcjUQptHz0FteouqhPa2LwnE7nc
atmos25_2108.jpg,1tpfdduEh3JDnfrKVVpZQsVguEeAXeKiv
atmos25_2109.jpg,1tnaQxEMI_eyQaxOoKxBmxkzEzHhmKkIM
atmos25_2110.jpg,1trKUyOwaw1vMIvkSwilZKIn6VMitxWcE
atmos25_2111.jpg,1tu9QsNre8eRLw2CV-5N__t2vhh9E0tyY
atmos25_2112.jpg,1tt6ctEPM2ttuE6pInFI10TakJunn1oP1
atmos25_2113.jpg,1tzTF8zH-Ro97Jw2Qh4qRpLfKcXMjhzVU
atmos25_2114.jpg,1u1CzaLVkpkacuz0bzwOsBp-omQJ7lb3t
atmos25_2115.jpg,1tzwMfEDtll6nv0OwkU_DTk5lc7CRP007
atmos25_2116.jpg,1uAXl7rdDFSZRdnugDhedMlBh5owxFV7z
atmos25_2117.jpg,1u77reGAN8ahqWncmRcHOktkQd-ZZV_mo
atmos25_2118.jpg,1uGn5OAHHvLLfH-xsPXey40ori1MRkmad
atmos25_2119.jpg,1uEyH4jL6b6c8-GJZ1oTA9I2Z4rE9FDR5
atmos25_2120.jpg,1uDPWEdztiFkhqPNEHZEnRDcD9ff33CN9
atmos25_2121.jpg,1uS3xbfJjA5LMXxBFYghyDWp757K7FE8p
atmos25_2122.jpg,1uPOKtcSyDM4DTQnHagnu2ef0I1wIiufI
atmos25_2123.jpg,1uUb4MZ5Mv_2tj30o0glBRAJ-AGqXae_p
atmos25_2124.jpg,1uSmO_8FqXSq0apuEZjpPjZ5J25mPBOpR
atmos25_2125.jpg,1uWIl_Md_YoV4i9X4HpBaBCFP1H1Pid28
atmos25_2126.jpg,1uVTAF5Qk_m9WvfRbK6Kfno93mPuhI34g
atmos25_2127.jpg,1uV8PXReheZ20qo9H45Ccdhf8QgONrW6-
atmos25_2128.jpg,1u1gNlyDOYheBz5Z2yrb6zH9uetOh3Yyv
atmos25_2129.jpg,1tvDQw79TzL923z5z8V9p03rBvZtB-5NS
atmos25_2130.jpg,1tjcsUuMX4ZRN6WXrhvwrczuXMFcR22jy
atmos25_2131.jpg,1tvBx3cURi38oK8XCMsso3-DirjKpuvFZ
atmos25_2132.jpg,1trLBF_Ri3fvpceHlPsoTG6EJ2Uj-SdaN
atmos25_2133.jpg,1uWl0GPi9SGVh50kxycPaRk1F7kBZ9jwy
atmos25_2134.jpg,1uWYcuxTDItsOJOimFz1c1-cozqpMJFae
atmos25_2135.jpg,1u5W4sLEGJm46TSWNHaKe_I7CuRPXZkOg
atmos25_2136.jpg,1u3_i3LwNdz8rj17ZEU1Bk-b45xNR3-Gc
atmos25_2137.jpg,10OIwXQpZMC7sUJkSpu9M5lKY7AXDgRLc
atmos25_2138.jpg,1ZMwl_BFTs99jgRYYJSoeejqQOb1c153Y
atmos25_2139.jpg,1sV2lm7VGcS_T_ylPfsAFbINQq3qPXhz7
atmos25_2140.jpg,1UdbjD239btlwbZWVa3GkT1IW1cTyJDbB
atmos25_2141.jpg,1MlEpskR1PCRW9XkhK2koJOuT40aoIL2C
atmos25_2142.jpg,1clz-c9KNpoCPZ4c5F86mEnRFtijHWEaw
atmos25_2143.jpg,1utLaMNr29GMQkFWDJ3gU13-pErtosO0v
atmos25_2144.jpg,1kCrw9dB5Lnb74t6i3X65xtgaY7MYBMDa
atmos25_2145.jpg,1jJuu68xAfAgdJ93kdeNZc2GY8974LPdc
atmos25_2146.jpg,144_W-GwlwyczqcBvTkL8ARSdrdVrteX6
atmos25_2147.jpg,1QRSbrdxw828LT5xFEY8V48nyzo2a03uw
atmos25_2148.jpg,17P2rTdhL4zOtjYLfL643FgJBxD7rMoea
atmos25_2149.jpg,1nEsUqPLgb7nfcvl3U3euMetWq7_BMmmS
atmos25_2150.jpg,1vo91_ay9k7BrZIME2Z770A-qRVJux4Kq
atmos25_2151.jpg,15zd0qxoQFonSiUqUcDc_p9sniiFjOq25
atmos25_2152.jpg,1p9_EuBClxnN-BkgFCc37V4j2rdl2vdLG
atmos25_2153.jpg,1nhMIEhV8LxvzwTeEI3e3B_Ig_Wu5-kEP
atmos25_2154.jpg,18LDATtwM97_g8SsE5F9Zfb_UC1Jhu71S
atmos25_2155.jpg,1tDePgamgkkjbX-QkP1bpXfAYYN4I_d0H
atmos25_2156.jpg,1i3PFgICguUVPdBK9Bi72j31yr3l9xMU7
atmos25_2157.jpg,1zynhREk63gJNTQwnWMIKs6SVWN7t-1ie
atmos25_2158.jpg,1zzOLv7r6AapSj3-xd3Fzvxe4hf37jIms
atmos25_2159.jpg,1xDVHbgFIcFy422IiIe5ebU-bdcLLkWxF
atmos25_2160.jpg,1-2NsZWP5j3en0A_BSqO6rEUQavHptdoD
atmos25_2161.jpg,1-5WAF0m0V1ZCuy01rJmrVNMZdBZWuvla
atmos25_2162.jpg,1-Awa8BmKorwFXSEL_vgGfOkO-EPXuBch
atmos25_2163.jpg,1-GQ3OcGfZIIBPNnPWVFVij8UWMZjeMaI
atmos25_2164.jpg,1-HUmNmtoSFgq5ayTDQ-y9H8y1gsM7cw-
atmos25_2165.jpg,1-IQQ8o-VKiEnKGBsj4WXZgu7_9yQZDi3
atmos25_2166.jpg,1-KfGUDvyhb1PkXiyzR0nTCCWizpUbt3e
atmos25_2167.jpg,1-6tmYJZMl7HVKYpCQBR31BJtxZ94MPHh
atmos25_2168.jpg,11f2T8kYCga90cEgz61aZ8XzTrmlUAUY3
atmos25_2169.jpg,1-GBPaXADeD9_d0u8ourE0qK2FwrBmN5G
atmos25_2170.jpg,1-0dUbajUCMJl_yos0IM3cDdgwB4Woll3
atmos25_2171.jpg,1-G9HkDblfWY9UTJGLnD_ruI1jraLFqQz
atmos25_2172.jpg,1zxZubc3jISgL4sPi4VCOzct6TDO3cDRe
atmos25_2173.jpg,16yG65_AusIdSEKgiuFGSgF4nK0WNvdOF
atmos25_2174.jpg,1-BCUfiGKxLUp5O0bEeb-lsqBGGiBy0MJ
atmos25_2175.jpg,1-1l2uNmvdqV4aHRCrLQBQ0itCEzKUBVY
atmos25_2176.jpg,1xWxEgYu94rn-xJDEPd0YhLc0FnTSDHoo
atmos25_2177.jpg,1fSqWWddQobFSr43D3wQ3NRnYl4MIE0YJ
atmos25_2178.jpg,189pb0kIkIZkieHOiNOv3TOao_KjswpdA
atmos25_2179.jpg,1Ke-8NngpC-vk0oN0A_Od6sW8-2jcHfyQ
atmos25_2180.jpg,1II3wbcBYbqeInlzpOWvFTpbp0uOMUeD_
atmos25_2181.jpg,1apHvUh9PGuuH98VxbOFQqa1Z1bHOiJIb
atmos25_2186.jpg,1BsdGmkKP9XZCkiTslLk_M3zUJROrk1MO
atmos25_2189.jpg,1BxtocdDMd9hbtaHCTeQ5hWxXd9J0Wvg5
atmos25_2192.jpg,1CAGsExeJ9IJvSL1NSk8KBLd7YXbfwV2p
atmos25_2197.jpg,1CJ9FqGTtSCUyMFVkzX67A8Z_De1W6G1m
atmos25_2198.jpg,1CI4gTrHc44LlFKkSwdLuFzx0Le96vLEY
atmos25_2201.jpg,1CPfS4AmijzTk7e0Jk3E_bPXt7leSjDzZ
atmos25_2204.jpg,1C_vUsEwWkxQPbeyUsTaakINVfzwB_r_i
atmos25_2207.jpg,1CikFTZKOJ9q2c2AoqCvXwZAajhH4st88
atmos25_2209.jpg,1ClKa9xMAUHnuknpIH4Art5EtQw3Fd_4c
atmos25_2212.jpg,1CtUT7Nuxx_6pWrUjzAoPeju_hizkaqVu
atmos25_2228.jpg,1DOZWr-WMsehX8rEvuvAIJzlWTRLwRTUE
atmos25_2229.jpg,1DQ9GllBLfY5wCgl6MTl7bdbf-80CMV3d
atmos25_2230.jpg,1DTC7AMc-ndXF-ZtNO2HR2cIG_CptqW2r
atmos25_2231.jpg,1DUNJm8_x7NvO_W36epLiam24orzFfHpr
atmos25_2253.jpg,1EyM6qE8Ap2cwfx1DpUVsaJkNYloIhSAs
atmos25_2262.jpg,1FDSi0-J2so5uNZ_5CXfiwjLCSzWDvM6t
atmos25_2263.jpg,1FLkYg6DARoOhaMeyfv9o54QS7LPw27Xn
atmos25_2264.jpg,1FOWuItydsx7qEsBEhit1-WKpPTdtmak5
atmos25_2265.jpg,1FPWYsooY99wF50Ph5b2e5g_zODjjyzXD
atmos25_2266.jpg,1FqR-v527uWi7dk21uYHh1xzWzKqjjxdW
atmos25_2272.jpg,1GIAZD7oxh_pP8asXXR5VgUj-aCgL1ja1
atmos25_2276.jpg,1G_fDzKwHk0oNOal9wCyv8r-2L0wXZZ8t
atmos25_2285.jpg,1H9lSbN6AYEbDNlKth6kylpa2lADNTBLu
atmos25_2287.jpg,1H5x1tTCRD1sUzmqgQahKrTbdIJzWQroa
atmos25_2289.jpg,1HXPrqnRLGCx47kLH9cOU2OAeX1kUVDye
atmos25_2295.jpg,1Hn_buBf7EGcdh0CjZN4lzGsSjH0gKCOl
atmos25_2298.jpg,1Ht5ztEDo3HTkFsSosnEUVTvOUpjOige2
atmos25_2299.jpg,1HwHebp9HDEFk2z0YgmJI_u7EAqAa7Ov-
atmos25_2301.jpg,1IFmI7HDDaaWlPt-4qRcM2rN3MKSwbRa0
atmos25_2302.jpg,1I5CQw1vudOP7FmbuI7brnsFqP-ANWHHG
atmos25_2303.jpg,1IJCujF5ePJSh_QX2PJj6ObEo2VES-VWk
atmos25_2316.jpg,1IzHD_oQNP5gMQVeNPkdRdLdjVVo0FKxL
atmos25_2317.jpg,1J4I8z49Rg8QeNDp0M42kbcOqkaaNPPt2
atmos25_2332.jpg,1JtUccmNk5BTgS2vehDxPABRWY6DSt546
atmos25_2343.jpg,1KLz5fQDrb5QdUrYrtupVypWpnigjuM4R
atmos25_2344.jpg,1KLtKW-ttg4cTCgCC650IPcTDxjZxv_gb
atmos25_2345.jpg,1KSkfhDFWaKc5Nk9oiKB-xaRzqNE6NxY0
atmos25_2346.jpg,1KO8dLaWP0P3looWEZH8Ag2eJvWzPMgMd
atmos25_2347.jpg,1KMXm_9F9MHTLYCiucpR3k4FGyAdg5-GL
atmos25_2348.jpg,1KVB0MzI-Z_BCureNiPdanNYU-wgOe8Uj
atmos25_2349.jpg,1KWzuCcZam58aUvoopL40mAizPuK4yiLX
atmos25_2350.jpg,1KX8VNAGYrZGgnaKTsuu7Dz7Uw-v4gZX5
atmos25_2351.jpg,1KYwFP2wDnT5uHKW02B5JRL3DYyarpS_3
atmos25_2352.jpg,1K_l8MvkWh7m2-YYzYXrhwp8Qv2caFmBL
atmos25_2353.jpg,1KZA_xmniWcedPIo-3MzGCOuHA6cqgwYX
atmos25_2354.jpg,1KfHyisAU-Lmu7n0yO2Pp4bnoe0BLYX62
atmos25_2355.jpg,1KaTcakrw0H6nvvRqVG5lPoqKwZ3-bahA
atmos25_2356.jpg,1KhA3KEE0hWK7di2KmcoqC1Grn927Lj4c
atmos25_2357.jpg,1KiXC3u7udxmZcPe8UHbZlfVlfTCb11Vt
atmos25_2358.jpg,1KkvP9nr_-ti3e_O1_9iaKCQ6G_Uk1XLk
atmos25_2359.jpg,1Kj3XbJVvMTpiCcyoRYklBqhC5OJRFXgl
atmos25_2360.jpg,1KmGLgyxjUKphVpi3_ZNb6nbyO3ZL7uIT
atmos25_2361.jpg,1Knx97p9lbqWolVboifrhcguhwdcHwD1T
atmos25_2362.jpg,1KoMrfSMicizaZQfetInlhexQTDxFru0v
atmos25_2363.jpg,1Kvh0be2XyISgfUf1QUPc3SpDjerTfmWg
atmos25_2364.jpg,1Kosp02qixRj0ccx7kVBCYWb3hSEOE-jb
atmos25_2365.jpg,1KyJo-3BldZcONg2aOvnSFDecJhT6Ll9V
atmos25_2366.jpg,1Kt7VFMcfc82978fI2GUo9bV1cngbvHUd
atmos25_2368.jpg,1BwUIEltvSfNr6P-fUR8rpVb9DolVwJJB
atmos25_2376.jpg,1CnoZ3V80wDShA6VBz90Y76EI5qa0k9Vt
atmos25_2378.jpg,1Bg22AMQLdyR7HXLbLl3CZ6Av7lPX1S0L
atmos25_2379.jpg,1D9neY1y1bxNY_tiGi3z5GMRnUr9Z83pv
atmos25_2380.jpg,1CYR7bWZArMrlEAFQWHqhTg77MMsONbc0
atmos25_2390.jpg,1FSgiF5OQBQm9XEo29Gx52g6VYQaKtP-D
atmos25_2397.jpg,1FuuKuuDul7ObAhlCi_0Tp4fOJbBL-CQA
atmos25_2399.jpg,1D7oEIBdyhDn_1Su_MI9o3ffIKbSDyLgx
atmos25_2400.jpg,1EWE8iivWCe28w7d7-Ruh6oUUG-_A1yY0
atmos25_2406.jpg,1Fnsp-DJm_uak9gIOfu2juVmjftPRbRTc
atmos25_2411.jpg,1FRKJo2cc5owIqMd1D5iWbnNZg8rscdNS
atmos25_2419.jpg,1Flfb23FlGryhHG_k0-S7HOWlapSMFPs6
atmos25_2422.jpg,1HrUJHWstqLBJYzNaq-RYsdlgK2zPoALX
atmos25_2431.jpg,1IbX1zp6HC7es1r6NU-5w4LGOMfSyZU3G
atmos25_2437.jpg,1JNAS1y0PCIDBIbRv28PzByQR0-hz6DtQ
atmos25_2438.jpg,1IDRc1bqd6cvyjdkbMXEP4j43ALSCScYu
atmos25_2446.jpg,1IGB4CT21isQu_FmfMZOPakYIb3P7hjAv
atmos25_2448.jpg,1KCZAjS5UbqHdbLoaw9uAQf6mR744Ho5E
atmos25_2452.jpg,1KglTg7GrsW4gub8bEcU97zcuJmzW3c2z
atmos25_2456.jpg,1Kh677mKjNr1lMveDgwlfNLzG2LLKgJ9k
atmos25_2457.jpg,1KnNJU-002ZLlGkFDam8Ka3xtb7_o2n9J
atmos25_2460.jpg,1KrDm_UUVkqZZNXA-Hch6k8gAN1w5lsdH
atmos25_2462.jpg,1-eC1n_1zaqDnE9WfqpTZkUkxDQ6QZkvJ
atmos25_2466.jpg,1rXnLcqBrFqjbDX25ZaaUhkX6AFNExzqq
atmos25_2471.jpg,1EJ6QBxoQFn2KWaRVxBjT1OtDv5LvMqmW
atmos25_2472.jpg,1faiY_BFFXVlUnrmAMpcldeZH39xZz_sR
atmos25_2475.jpg,1iy63YSYlvqR_inb35PLDQQEEKN0Kb74T
atmos25_2477.jpg,1xC-vjFQ2_KL7_RUhq-1Y1XCFHaZjTEcD
atmos25_2479.jpg,10CEqMlwG-MYt2uE6KIbTZX8F6Pc07n0-
atmos25_2480.jpg,1NRD4shcPfXDbhHGGSM2RSp7kSTHExlwX
atmos25_2481.jpg,1UdkDI0RMWCqnBRaqftqlIpP2qfvDY-md
atmos25_2482.jpg,1S5T55w6utsCgYoRu4_zsGFzXzlhQhKL1
atmos25_2483.jpg,1Q7w2IgUjRaqoEz_LkXraUQwNHh1VA4bw
atmos25_2484.jpg,1rPudBpbJvcQKGVXC4JBegIF8-y5asWI7
atmos25_2485.jpg,1JYo5xFDJuN87NMyRtmdFOe5wdDFEt1Ab
atmos25_2486.jpg,1BZfHFGdghf7i2EYdiBHE3T3xuRNifvd7
atmos25_2487.jpg,1aEawhl77yg0z-gBBY6AzzyovZQPqlRXD
atmos25_2488.jpg,10ds_95qkMUQjQ-WDmjAiO1FAFAEipKDJ
atmos25_2489.jpg,1jTOJvRv6xaaPucqJ0BgNk5ZKK-4ULgHs
atmos25_2490.jpg,1pBX870Bfr9DTqaIKYVGQtp7M6mh16Rjb
atmos25_2491.jpg,1MHVZf21cS0dWmNOSi8Pn-tIBhM-HZtb_
atmos25_2492.jpg,1GJEspPpp6bSOuj1zE5meup3dYyrJZLEq
atmos25_2493.jpg,1t_6F0po9dP5iITHL8z3Z8mSbGyy0C4ix
atmos25_2494.jpg,1L-XvNS9Wx_0g8b00MIzIsI1BEieOpnWY
atmos25_2495.jpg,12_a2ZFAsTPgyvdoM0oFwc6ff5cOn5wby
atmos25_2496.jpg,14uzwR9TQ-MxUWVl2F5Bct-XOTkOPxwJx
atmos25_2497.jpg,1fY65eXmKBoGypJNEGz6LYUDKnVMPwjD1
atmos25_2498.jpg,12uIa0MVSy1a8hC55s2_hyI5CI77uOvPP
atmos25_2499.jpg,1c1ZHkuH85zrToFbPn79FtaOk8c4MvPnA
atmos25_2500.jpg,1K6qWsWhPkwjXmOHIVL-Z78yoCK0_-lwO
atmos25_2501.jpg,1b5L60iTqz9dDWSMVQ4UcdmuppwrETFDy
atmos25_2502.jpg,1VZAFuZuJlgn30eHGAluCkh_6V_4iXlIZ
atmos25_2503.jpg,1oBXgSw4lhKi6at5f8R71KawEf29Qy6i-
atmos25_2504.jpg,1y8UgC5pzfAYbQ0gX9UsAK6iGWDQW2--O
atmos25_2505.jpg,1YcHTEoe7o6SDKzMSyc-kGSJVeb09BtUj
atmos25_2506.jpg,14eT_a89KlZNxZ4OvX9OqKg1i1MrJMcgU
atmos25_2507.jpg,1btKWerI3bzmzWO51Ie17MxEUELJtkQcg
atmos25_2508.jpg,1pcZi-zw6hI-OMZVNaqiDW4v6jqsOEAwW
atmos25_2509.jpg,1BsEura4jnnSltCROyNFfaLDqNQ2BoVrx
atmos25_2510.jpg,1EyDOCXr7oun36iBAHrZS3vLz4-5Y0S_W
atmos25_2511.jpg,1Jm0hDaumf2-CIXOi43ayNLi4trdaGUSv
atmos25_2512.jpg,1Ml7JTJ_C7JB1_Yi8BvlBhL02doDG4SKQ
atmos25_2513.jpg,1uCu8dqdLsOLyDjSuaduH--wazh-9Zuix
atmos25_2514.jpg,1hNNULfRB2hwQRISGoJYyE3OF4yry5LMK
atmos25_2515.jpg,1wPGIBnKM-EHGxcCV4o8-cPhNBZhq7OZ9
atmos25_2516.jpg,1Ycm-bGjaMhWPnhLvO8r1Ws8YVnkcTB3D
atmos25_2517.jpg,1uok2kOkeyA3tbp0TZFuSlhhgt4FL2Jlr
atmos25_2518.jpg,1DErx0eesw8IobhkXpGJUhi42fg5XMycj
atmos25_2519.jpg,1txyh6KzKI9dnBHgplzZiuFj-3ExV50as
atmos25_2520.jpg,1i-u-ss7ltpBpwcwTHRE70wxcqKfJyVC8
atmos25_2521.jpg,1q_ct_XAQ0EQAZlGv6Otq558viU1E8t2L
atmos25_2522.jpg,1eZFDme794zlsrmNEHJBDY8BxEb69_G7e
atmos25_2523.jpg,1Tv_5XyI8g7rD9FMzf5CfzKAlDKJY66EM
atmos25_2524.jpg,1Hdp0wrssDENxiCoAYat6Z1k6QZN9B1Fm
atmos25_2525.jpg,1oEUBJuVFRR40GGDEA2eRqSWts_HRXUmf
atmos25_2526.jpg,1oEldK0zYD0WU8kvv-U8zBD6JkMl9IiUn
atmos25_2527.jpg,1oFX3ONj7-7i2f7TRxwYavfzgmTdSR2fr
atmos25_2528.jpg,1oGEGiutvM_mrm1diolFVUNjzclwL8fGm
atmos25_2529.jpg,1oGEZ3hk2sQUthccGY8QAkNfFKVyB_gxI
atmos25_2530.jpg,1oGlVpgGAwlYWEODgMyXx9ByNQCjpF-2e
atmos25_2531.jpg,1oHbV5TIA7Y9lDrNWmZEGdlGdr6O4nads
atmos25_2532.jpg,1oIVDJxGl4y8goJz3x8RwksIF7hsL1bei
atmos25_2533.jpg,1oKim7aE_PiPBT5PeMgIKbFpMnMkNSRxT
atmos25_2534.jpg,1oOkH45eu2gPlMySzC9EuUfWXY-LF3-3E
atmos25_2535.jpg,1oQNUrbFFqwjIdKTY8PtaLwUPYDOIbOzZ
atmos25_2536.jpg,1oQUEjI7pqXfHq21bvGn0iD18mBIU_mH2
atmos25_2537.jpg,1oUub_9C5xWDQ8ztpvdWhj2_3CJ2LR5Ip
atmos25_2538.jpg,1oV3--RmqV-lsVmOYMvT_9Uj2bWdZaSGw
atmos25_2539.jpg,1oWfZGm_YtzRayfumBZQwOdrr9K_JP0KJ
atmos25_2540.jpg,1oWmazjFFVlSQNBLTJGVqne9aszd4NvkZ
atmos25_2541.jpg,1oXG31wUFLeRwGlGEez7__ADjMQCLfP-l
atmos25_2542.jpg,1oXSYIzlj9G5B8WZy_NhE3yzR73QnBkCZ
atmos25_2543.jpg,1oXe6jkCPFAABpl6ghHbOlX8pJSPd2C9U
atmos25_2544.jpg,1oY4CdlzBNaCbaAveghcZgUdNow8K7rba
atmos25_2545.jpg,1oao-vA76xByDqsAYOZwUAxlOE963tOJi
atmos25_2546.jpg,1obbjzNsa7gnXcr2MgxaS4roW9_q0XOpH
atmos25_2549.jpg,1ohS3SXEoRQG2xQkTNFcn4Tb-YR26bZEC
atmos25_2550.jpg,1oi02AG7fESd_qjpQz7zmkxpedpL9jiYi
atmos25_2551.jpg,1okRb7eHQkGJUZHhkDK_LWPrXts9CSh20
atmos25_2552.jpg,1olQiwOywcEP0uM6imwfJ_7P8fE3jI6zh
atmos25_2553.jpg,1oo979EwF32IoLy3lZTGXVnzz2rlk653h
atmos25_2554.jpg,1opTVUt7qwiAXNMjbijas6A5o0E_LqGbT
atmos25_2555.jpg,1osBULh0z08JfUZT2DTyZDvSwcuqUeGXM
atmos25_2556.jpg,1ouNowtGVbJjcAdAVMxaqjns5xW6AKqG9
atmos25_2557.jpg,1oyYEWvM6q-H_TMJmfhjMGIp_1wxLbb18
atmos25_2558.jpg,1p1-5xkXHzzEcfL2IpVDh4kzQPbehnKv_
atmos25_2559.jpg,1p2hx-LGzx3yNDvZDcnsSHs4_8SlNhszC
atmos25_2560.jpg,1p7rR42YhFpNc3jQsOIUeChwAffxFDAH0
atmos25_2561.jpg,1p8lrgdGiX92xHxpFvqqCvG1ASQwl8jV5
atmos25_2562.jpg,1pCFnu3MYGu8ZkmuOPXtll5OAAoWcDLtP
atmos25_2563.jpg,1p9rISCzQHkynAO7qcBj8f-jxdjakDjni
atmos25_2564.jpg,1pFAD3vyw-Ol19YtRVqJivqd8hWCWzMde
atmos25_2565.jpg,1pJI4G4X6u8tTlgH2_uvoM9px92J1VBiT
atmos25_2566.jpg,1oE-Q__qOjSZTcoA8TojNrMk__lGff_YW
atmos25_2567.jpg,1pbL_T2tOh9uK1OA50MTKBboFta7DWJJj
atmos25_2568.jpg,1pbbzWYD70GT9N-6hUizUDIG5GSV9oJMt
atmos25_2569.jpg,1pbzcI00Mr5bN2NZGAC4HtilXfRi34NCL
atmos25_2570.jpg,1p_dNMhUdP1Npqrjd1-5mAmn7xf5nVF40
atmos25_2571.jpg,1pRoHqP8BSocc8_erFFYjFZ-WGY8jC1eX
atmos25_2572.jpg,1pU5zjtHUxvWZ4xr_TA419EUZU-E6GCKg
atmos25_2573.jpg,1pQW1Lij27EK7L90re-Xsw1jzmHmx62BC
atmos25_2574.jpg,1pROz0LL-8MwWCWWu_0HE9DsfBtb2xDQc
atmos25_2575.jpg,1dGNMdeWHJTtte1iFpxkY0medOMlQEalh
atmos25_2576.jpg,1dBxvBxwaKkdVavZz882u8YJDHzMfoJkg
atmos25_2577.jpg,1dJYHIF_1nuNJZVDyiO42jSAPVXJZL4Ux
atmos25_2578.jpg,1dGulAx-O_Tu7TnOblDqegoNpy2q_Qb0m
atmos25_2579.jpg,1dSqFTK5kaI2abujNOJniwvdpDPI5TqqL
atmos25_2580.jpg,1dS9AGlQoX0Tg6xJPQwTtAse8x8bEt01D
atmos25_2581.jpg,1dTtTR9XF0LmO5Baf3G1gIn9DEGttdpIm
atmos25_2582.jpg,1dVtJwxoicM23Oo1dqQK8xagWkcmzlJeb
atmos25_2584.jpg,1dnOi8NtFQBUrmgZTHfEt2pcx7qU2ygK6
atmos25_2585.jpg,1dp22z3Dd_UjVt4_80jVicQg90X3fSLzm
atmos25_2586.jpg,1dpAePrfGzaJZHtO0nMyGO696kJ-PN-_G
atmos25_2587.jpg,1e3ipo93NlmxvTuvyZmeSokMC1Q5esgLe
atmos25_2588.jpg,1dyRyLlE4MOmRGiXOg51Qzl_QbY4wc7ft
atmos25_2589.jpg,1e4Gjfvlqa1_V-0p7QAi92l7geCOVZzkX
atmos25_2590.jpg,1eGiCoqgvRaglDsfTTE7f7EPBu1DOT-uS
atmos25_2591.jpg,1eH_zCABdtcbatzs4EJ4i2exj__ThGTP7
atmos25_2592.jpg,1eHpR-kyb_Yaf6gOcOjt9a-u3Atre-50G
atmos25_2593.jpg,1eL56x5hd2OKfF5mVifMsXHso63AMlqGS
atmos25_2594.jpg,1eQPDZjI5nq7CCO3ZSTV2cSg5bhvxKz4O
atmos25_2595.jpg,1eSScy2kYXVzYzD12TdOQOtfRRHf66XtK
atmos25_2596.jpg,1eUICAKZLXCBiGBZ1aZDnWyi2iSSW-pr-
atmos25_2597.jpg,1dPvqeSugvlV5FYuwnW4VRuaUODM-2Pa4
atmos25_2598.jpg,1dct7OUnnBgcx7KoUhi1dK2Od7MNFHzCE
atmos25_2599.jpg,1d63sfkjFtcypaYcZakDbSbpfbageyRW4
atmos25_2600.jpg,1dx0Por8I_insPk4jwTRs1SSDwNJiSsZn
atmos25_2601.jpg,1dpaLOwb9a8e6-tghSKjoemkjZW7HBn9G
atmos25_2602.jpg,1dXxGxjNtw02StD6mpTgyw2m3rHyydEy9
atmos25_2603.jpg,1dwuO0ZTwebR2vq9C7GJiTnK7vhOj2HCs
atmos25_2604.jpg,1eIJRYjztKiMnEj3doYulCZEPfYwc19Ss
atmos25_2605.jpg,1eEOXKXsEVF6AQWLOXz4P-KaA-AS_7G40
atmos25_2606.jpg,1dOLKNFY7lSQRtnpu9rDirC7OcIQg24cx
atmos25_2607.jpg,1dvp18SM99OlCyvqLlatbHdqJYOioum-N
atmos25_2608.jpg,1dm6WNpQmUXh3xCqsKNzUirf6reVoNLO_
atmos25_2609.jpg,1dvPV93Z2g4wa7FK11CVrS_1SrUMAhH7s
atmos25_2610.jpg,17YLXo4Ah1kJaACm6EzTyxconSyKWllxN
atmos25_2611.jpg,1oo33LXER_yfgfNBLuv88gc4ZRjCtKj0s
atmos25_2612.jpg,14Hc1RMyohwTBMZBHVhbjMr0KI89bIIQB
atmos25_2613.jpg,1RPC4r0yAvP4DalGlo_pacpSk9bJ2sjF6
atmos25_2614.jpg,11b3vBuZqx3jL3Ka1nUg-NAhyR1Y__7EH
atmos25_2615.jpg,1MUbVsQ4RA8zCKZnUWMh_cHAXGe31f7f3
atmos25_2616.jpg,1ajlAzrBTjEpgOGIRRAN5cKK0VCLMVuXj
atmos25_2617.jpg,1WiZptaGmXI9ijuI_sTTCZstRsQzJK6vl
atmos25_2618.jpg,16nFP8Kkh9ZQzZPQ_eCGOFSl3vW7YldPR
atmos25_2619.jpg,1Y9AAM4ZWRF6Fijk4UFXtbqsJxynJ5vgr
atmos25_2620.jpg,1uKyoKbC_hYmA1iWS6O_wAMiLP9cC9ohU
atmos25_2621.jpg,12eVWnFQoX_AVTJ_hIZ5Ron6kHI1_pOoF
atmos25_2622.jpg,1DkKumPxIxvkpbH6_tmfytbsTSQcQISy2
atmos25_2623.jpg,1WzBwmC6nYydiKCRvP4NGfIOfvN1ioF7w
atmos25_2624.jpg,19ITFk5jgfJYnpRehqiI1hwm6uiZsvX-m
atmos25_2625.jpg,1nWYv_hNZuAe1YycdipyKBn51UTFM4M_2
atmos25_2626.jpg,1K6vFtjrm2OXOYhd90VXntxravuee99xh
atmos25_2627.jpg,1aAZJrLlhn8lhr0CZxJNW-_FBehqfPoV5
atmos25_2628.jpg,1m93B7QVvtRIwnSsH0WrgAxGyUcEHH9Vs
atmos25_2629.jpg,1m7UPhbF-fLtQ9Mc1GufL87jIxIBo55OJ
atmos25_2630.jpg,1mAkGnBUvRvhffj5Li35mS35B1EydiSp2
atmos25_2631.jpg,1m97S9jdsFakDrvQEWEZH8vwa6ASDtRDO
atmos25_2632.jpg,1mGd9obfB7rd_v9_IePMygwbkl70rZ6OT
atmos25_2633.jpg,1mDYV46hjL0LyFq1CJnCVXa9sbewaU-p2
atmos25_2634.jpg,1mJb3DejXKP5FJSejJqaL8XWZ03gPhFM1
atmos25_2635.jpg,1mHLQ7sfoA9ygd8LJErKnR78fy1jx4KKL
atmos25_2636.jpg,1mRirz0DOY-_mweWjvc_Howyt0oRyaSwb
atmos25_2637.jpg,1mPb1ZkC7bYZazPeU_9C6J2RjTs6-9C58
atmos25_2638.jpg,1mWCFIeN0ckMScMU3J3jJX2TWVp4Ol_IX
atmos25_2639.jpg,1mTgtts__2ouTkmFIQeIILKMaSNpRK33e
atmos25_2640.jpg,1mYJ4wSRt5jOl8j6Vr71OIiLZ3hN1zQZs
atmos25_2641.jpg,1mXbIiWr0e_OF3Pvgg2mNStCiwP5eflq_
atmos25_2642.jpg,1mc9NrD4aQySKGVP5uBlZt_a6aSuEkiX6
atmos25_2643.jpg,1jRoN7xvH_6rS1WCe7M55e-venLphelvf
atmos25_2644.jpg,1jZiKMUf-1iGulo6clbbAZxRDLx9KXHpW
atmos25_2645.jpg,1jWyocSVv5AH0VV9y8DydqCIzmXngThRI
atmos25_2646.jpg,1jfM4m7tZzXH_Tb88uClZhf8vUsoq9mLx
atmos25_2647.jpg,1jbE5uroc4r7Xv-J9uy57htpyCAL5oJ4E
atmos25_2648.jpg,1jh0p0ESH3pyAM5IbnYSjrNi3G3W3izuI
atmos25_2649.jpg,1jgKenF89AHYWvCtHqUWBXE9bkv9Pz71H
atmos25_2650.jpg,1jj5Ctb49Y-lDIofwNLQ8V4wFukZ58aLn
atmos25_2651.jpg,1jhnzLS-yJ6DWN_TWjfIALuVl7kwD7Uj3
atmos25_2652.jpg,1jnLp7CCH0gBtSbfbMlotv_pva0oJkbCA
atmos25_2653.jpg,1jmiak1vBd2Q_Gd6Z-2XM8fFh2YMS-E5P
atmos25_2654.jpg,1jnqAD5cH7PqC5Wi-XtOWwipF-9eq3Ow4
atmos25_2655.jpg,1jneazjKPLIdmE5q6_60si_oh2MCous12
atmos25_2656.jpg,1jqnXKqmlTcGORCmlYQcwUCUPsHZK69ka
atmos25_2657.jpg,1jp6gYYemobJqMvAxZJOch6M2aqr9CUkp
atmos25_2658.jpg,1jryuh6a8JBFLcY_WB0KfFfLywEO5wgcb
atmos25_2659.jpg,1jquv5BYLiowiQlNL52psqVDPNT6RVDAo
atmos25_2660.jpg,1jwjUWwMfvNBh43WvWvumGD-DM3ieKf43
atmos25_2661.jpg,1k5X1dgMuQI7ABl43y5bJji_N1-8zb6Qh
atmos25_2662.jpg,1jw9IMiTrrl5rb4YIBxaKQHpoaRXmvmtV
atmos25_2663.jpg,1k0ZbaxAik7GNwL2zQasE2Qbk_zE6w9cc
atmos25_2664.jpg,1k7PWWdGRLoJInEnL8lMuXeFvS0FU-sXv
atmos25_2665.jpg,1k6RPrkdcDvakb1UXudU-SoVGhQhTtH5z
atmos25_2666.jpg,1k8sdjpPpBeXBDrM6FgSnwjoU6isEQr4B
atmos25_2667.jpg,1k8aF3BLMWO8SBM1S-J1JGyBSwPNBMjsu
atmos25_2668.jpg,1kGz_o0LVFOA0GdO5fEfh6Bf43aYSjOSD
atmos25_2669.jpg,1kBM0gMvuP_8NSM5X-s0bEe31GCyLFkh_
atmos25_2670.jpg,1kKeYGg-gAcD8xWlbyn4OlxMgibhuJrmC
atmos25_2671.jpg,1kKImb9kaAwBDQa846uCYVSI3yN5UJBfR
atmos25_2672.jpg,1kP8GIHyzKc4J7lDO0kCbKN0wY1psdu7b
atmos25_2673.jpg,1kMi-NtAPLZVtbVaF4VUC0Uci7MAsb0Z0
atmos25_2674.jpg,1kS4IVkJwOovIyl71KcqISEg3LN7aw1EL
atmos25_2675.jpg,1kRNLQxK_WKs7fYqjp3ZMSj0m81XifMsa
atmos25_2676.jpg,1kZstSayGrbXie3-scep7ICvDACLNkCun
atmos25_2677.jpg,1kW_xeOgzezefmrV7ExyH0wbYRj3OGuKM
atmos25_2678.jpg,1kaCkGOzik5-SoMrG1wnzGehMcn0tBLZr
atmos25_2679.jpg,1k_--cJSCcwRfqfmN_eCUux5FrLCPOsuS
atmos25_2680.jpg,1kevERoxmZ__gIFnjHRmExPeOIorCQ0Mg
atmos25_2681.jpg,1kiBCr_p1mRkNnzEYfBjl8yw4YuClRaxL
atmos25_2682.jpg,1kePi7ZnteiPXDl2VdydWOS_zMFECzg_8
atmos25_2684.jpg,1jUnyup2nXsY8zqoqO0lYKmHLDGfofnBf
atmos25_2685.jpg,1_TEWrffg649RjteEstx8cVuFKTCEQAas
atmos25_2686.jpg,1CcJcwUNESkrO-ggGU-tVYDiJRj91yPo9
atmos25_2687.jpg,18SKLFWN4x2IvxuCqvB0RmO1mdi4BosKX
atmos25_2688.jpg,14ZiwjOeTchGFxZYgScozO4B0vRqL03jf
atmos25_2689.jpg,1meFk6lLb5chFe7VpvvaztEStsezf6uIr
atmos25_2690.jpg,1V4JmfFT-UmZqFhj51bGPsqhZPj7iqVXe
atmos25_2691.jpg,1gvtzzM64OPGcbRNX-XK6bXbtZwQznFcM
atmos25_2692.jpg,1-6sJP702x6SCTYiIfHptoomYSlSnCgCY
atmos25_2693.jpg,11bQV-1N5vhSX2cZzfDW3XIf736az9Pr8
atmos25_2694.jpg,1MTA_DPp36q9ZADNtGVrm5dggNdVQDaVv
atmos25_2695.jpg,1jkDERV8l0lCR-g17zPxPDnrAYG71t1Hd
atmos25_2697.jpg,1UD3_dCOds6TimEjegL1rCVFFbRIkNeMY
atmos25_2698.jpg,17iSmVQXftTnJeNvqkyG1f9I4lPGp4IuM
atmos25_2699.jpg,1TiZ1-qKAo4reAdG4mtQCs-dwBKJx9cLg
atmos25_2700.jpg,1gXJplc9e0_JbQLBuOZBvlykESA7I53I4
atmos25_2701.jpg,13IDSDfXIdFsXOZoAKI31B8EjORx2LQXW
atmos25_2702.jpg,1QY4VKa3dLrIeCJql08vfcLRn24leFTUR
atmos25_2703.jpg,1LpIQUW5hQAbWWRtfRnKjYJSPIQW8FCfj
atmos25_2704.jpg,1SJj9TGM6INQQUwa4eHalEyGATxF9X6rj
atmos25_2705.jpg,1BPiqaHeumCAtT6At3d3jjCYXSDlyyK21
atmos25_2706.jpg,1pO9_uej9cVMRh1Agia7DcABNPenzLfAP
atmos25_2707.jpg,13KuIqyXqsf1bE7dJ-2VdOinbY8juMNum
atmos25_2708.jpg,1cW79_GhuCEgcC9Q8651fxP8hjdVFuEXk
atmos25_2709.jpg,1LYT8Koruo302F8vnKer0RnRDB50x09W_
atmos25_2710.jpg,1lLy0_vYL2zjyXfBqjDDZRi8iAjg7mUij
atmos25_2711.jpg,1qA5BIwOIHolqYFHPNLiu6ACHatj3FZMZ
atmos25_2712.jpg,1Bd0-dAKkG87dCDaOd4W60QsKNkuHlQAd
atmos25_2713.jpg,1ibEQrRGrrXbP_G12Bh61H6-D2hQe8QDQ
atmos25_2714.jpg,1fsTH0ZfjhpV-NTmRNEkpModfp844Jv7A
atmos25_2715.jpg,1wqHD72toDiLQ_VOEgmL9Wv_qtpNNmyVH
atmos25_2716.jpg,1VsTJmV4nyekYFbt2SGaCVsPBJ9dVMmWO
atmos25_2717.jpg,1-LJaVjn19_CfOp7RHhW8CntyPiP8hYxz
atmos25_2718.jpg,1oU6ckpJlkjlNfUdNrXQ66ax4Zj3KA4dV
atmos25_2719.jpg,1vLy1nmKdmQQVcmVBLKGFYfA6yLE800jh
atmos25_2720.jpg,1PHFTDYOfw_F8BSjLRvs6VG5C-9jRl-UP
atmos25_2722.jpg,16NgnvlubmYc3C6DsYjHwfRCoWgVn6mm7
atmos25_2723.jpg,1IhNAsyEbVwlA-4znZxTZBIqVi20JJbFi
atmos25_2725.jpg,1ID-EYVaBjC2Fu4HbTxn_kOkOlTxbOXxg
atmos25_2726.jpg,1w4xsV2RhGSffiPh4JemGcyFQxx49xUNn
atmos25_2727.jpg,1uyK2y5C1sCYUfLb_VBhfo1Uulq930LdA
atmos25_2728.jpg,1kukqYWW6DtHpZiaivpfHHJYzWlN8c1np
atmos25_2729.jpg,1yai3-Blo_2N36d3xo2nb0R8ppTSZishr
atmos25_2730.jpg,13t_l1K6q0O0jYLiqOTl-Ym6Ul8cZo36V
atmos25_2731.jpg,1ZrGdWhIcxfRNM9w25gsXzCSSETCbJZZW
atmos25_2732.jpg,1YY2Nl_zdQahuooLhHg2g1vizmm5lPLXV
atmos25_2733.jpg,1AqZnW1m7F9QvMEfb1UxtLnAG03kpJIle
atmos25_2734.jpg,1Zq1zVmkbML85DH-OmwdjwzXrtyLZFcZC
atmos25_2735.jpg,1MYDtoNgbFndZI-F2UmjoW4AhQ6_Cxt7_
atmos25_2736.jpg,1_wgbfSkomYhwRyPt10hV-gZgZct8F1AG
atmos25_2737.jpg,1mCbUeIZFdn8wixnAiQRyZXY9szjtFXVr
atmos25_2738.jpg,1aAFhP75nbcSCwTwbHUfWJTN9cn8wYqSP
atmos25_2739.jpg,1jd_ju_i0SggvQtB8XeRsCk1xacB04hhX
atmos25_2740.jpg,1Jzw2iqiUq4OW0bk5u1t5b0okSZH4JSTn
atmos25_2741.jpg,1pR-liyTyuMk37JfzzGEOs1CXXEcL_YnU
atmos25_2742.jpg,18MV6Z9wu61_ErSx0Yc7LhB1WOcngwd5s
atmos25_2745.jpg,1voT1t52GKcLsnhGySTuJhbpI0ETrG2C0
atmos25_2747.jpg,1dNsAWS-Q2QSIGKoMWX9joIaYhnZ-dkT6
atmos25_2748.jpg,1vaYLFSJqGiDj2BUWo3AJlWhLZJ3UET6X
atmos25_2749.jpg,1uPel-yn1PiJaGN8VrhaVzfQBFTtMxxXc
atmos25_2750.jpg,1Kw03B_AuxyLawUzdAWdmmHs4I9925w7_
atmos25_2751.jpg,1biK9_Nwq5nbtWa9c3qBpgSvWotGw0VP_
atmos25_2752.jpg,13VqRuB60WyGvo10K8YCevVe5AoxCoWff
atmos25_2753.jpg,1t5fjSq2Wzo8M1uLsIU_14quPy8YlTk-l
atmos25_2754.jpg,1gBVrD474gX0fr4_ojtFnMGpeHc127iJe
atmos25_2755.jpg,1NgNyUdtspHYc7jSHgFP6jaMsKzvqkY14
atmos25_2756.jpg,1rOieiFJEpXLgpMlXC8FParpnb6HuPmEA
atmos25_2757.jpg,1ecYGaoE8L90spBhIxmeyLK2i24FeMG6i
atmos25_2758.jpg,1BIukQreiaOFUNcfg-T-0MuXjtJRiZzoT
atmos25_2759.jpg,1mVWjucImU_T_Tq-JOOGVSsW7zd1Civ_l
atmos25_2761.jpg,1Umr8ekcC7hDpeHXGx2xmAHjGXNSpKerV
atmos25_2762.jpg,1RwEkm8nvpQKA5o2y8TnsH2utXKzGH-9i
atmos25_2763.jpg,1wOKEo4pbd_OSSVdFBPWUKLX4vRW40kph
atmos25_2764.jpg,1XDork4ySAiMAFRa8bQPEb2KaYyxK_7kg
atmos25_2765.jpg,1xvTtEzFk0HBECsYEs4qprKgkOvPfu37T
atmos25_2766.jpg,1jhb5LKYpMUNqORYm-5l3cMpiLBZIQZkS
atmos25_2767.jpg,1DOzSOGh3oCiyJOPxydJDZhBcv_R2H_lV
atmos25_2768.jpg,1GGq1fEIH3se5i_0vyAqhxVex0JKEBEDA
atmos25_2769.jpg,1fAhaDaa0B8boqfPbwutKlFPL3i5qpcN3
atmos25_2770.jpg,1WQ5YVp-1OhvUjrop3drxoEYhVjqkeszV
atmos25_2771.jpg,1gOLOmRwcf66NkjS7ymEO-V9UpQTD4tcv
atmos25_2772.jpg,11CXGO3BWEj-7CaoiOtv9WBQa1X-_skgs
atmos25_2773.jpg,1YOjCI24Az6b0YZt3wa8qVA_41AQQl8-R
atmos25_2774.jpg,1-vJaRh8Pbj2SRGAEI_BY_pf2VLv-zKfX
atmos25_2775.jpg,1sJWpeI1eduZgCmNalQtyjLaB4UN5gG6L
atmos25_2776.jpg,17pO0TrmJTIP_xyQ7Ia5PwYBlQ4wprIO6
atmos25_2777.jpg,1llzZIe0SP7SxbY69EgYGCZkSBpsRvnXc
atmos25_2778.jpg,1lmVbcQiP-wkMfv-KGNLg26iqo8aUpPTY
atmos25_2779.jpg,1lm5dxRxMkZqUEUCnmPAAP-boafb5wNyp
atmos25_2780.jpg,1lnSrpG4nKUK9hOh7LPJOxXGqoD__2VzH
atmos25_2781.jpg,1lxzqhxS9pnB70oNWAKlsLGJUGRpg9zmR
atmos25_2782.jpg,1lygqeBTLTs3tPSIPSKgyvZGPTwWI0XEN
atmos25_2783.jpg,1lxaHYpm7MtLdILWac877kq6i7wiCDMFp
atmos25_2784.jpg,1lxxjfnAQVcP4E3arI6MbhGcBGoqLITWL
atmos25_2785.jpg,1m-ITuPuw5t_EbAVHSOK6JySJC2PDO8hX
atmos25_2786.jpg,1lvTmCHaQVm6eKoYHmKzxsa-5mIVjEy9i
atmos25_2787.jpg,1m-F9TqCAGXVxY2QYN9zCWpT4P5nAzYek
atmos25_2788.jpg,1m2IE8vjr7_1106UrNa9E8qmEPC_S0DiN
atmos25_2789.jpg,1lufL3tPN4y6Ne7PYys67j6CxsPM5h2OK
atmos25_2790.jpg,1mT7DmLwVBRQa5NUo-5SS2JeuZwX7rCCs
atmos25_2791.jpg,1m6s-jypkYTTDByWCOb71Kl942G4AJbOE
atmos25_2792.jpg,1m_4aUDhvhFo9J1HTvJh1X3AKfQQ_BFQT
atmos25_2793.jpg,1mgAk_BAUAaUdFktrI6Oe-75tH9zPAxHx
atmos25_2794.jpg,1n69ucTgIqIjN9qd9Tpv4tXk3sPLumCSD
atmos25_2795.jpg,1mx42oSPqRLK8f8Ub6yn3pvrRoQLaqZpU
atmos25_2796.jpg,1n-ddN4riS90li6mo0ukQmF7yyBwuCftk
atmos25_2797.jpg,1nSTbl51zUmVMJg5PT3deQneVd8vRMbP4
atmos25_2798.jpg,1nfErUcSFb9aP4Np5ZXZi6ev1ytVHjhEi
atmos25_2799.jpg,1o0dp9V4LDhkYSTtwPj2UyhuPwOElWqPH
atmos25_2800.jpg,1njpDZB9QdRQJ-Z8CWUoZLtLaqvmyZ16o
atmos25_2801.jpg,1nugMtyjFq4XRT1hZZjCPY8FU1xRic3zY
atmos25_2802.jpg,1ntBn-jYxPaxvBaiACD9-MH3UQrDvbqvu
atmos25_2804.jpg,1nY8kjIWMXtAQG2WcYq1Q4acUYUe4wdmf
atmos25_2805.jpg,1n7sdzxq529yCAxRZKmeeKR8LXooxFqIF
atmos25_2806.jpg,1n7Hmx8TMTa7sPr-hvuGo5G36p3TU8fFM
atmos25_2807.jpg,1n5qN541AOmn6vmirxKx8X3lvbniQD9cC
atmos25_2808.jpg,1nT32F6IaTBpaw48PuxgQX29U-pJWYGQc
atmos25_2809.jpg,1nY4iNmt5HPIEK_fxvW1tfg0w1-0rE32u
atmos25_2810.jpg,1n8-cwdGc5RjC_uYn7ZQUGDqQevvjxK8J
atmos25_2811.jpg,1n87x7KLX2CJsXAT1Cf2uqxSBnkTmNftv
atmos25_2812.jpg,1nlYrT1O3WvOUW_TGf3QSb5C_Zi1YvZMc
atmos25_2813.jpg,1nn6E0A9WUgHZY5nWFg02KbzrOXtDsReS
atmos25_2814.jpg,1nxocvYTBmLWfmYunwCov7DtETOuuzolw
atmos25_2815.jpg,1nsQBE5xlVOm6jrHFCVIWr_6xga22_o3L
atmos25_2816.jpg,1mv6xlMjKscLIuAm2dOFIFJM_Fgi7bNNm
atmos25_2817.jpg,1nEJnPd1ljT_cNpO74A8kOQUHl0QwieoE
atmos25_2818.jpg,1mY4ne7bSQrZYtnWKqeY-6hH_ezixeaW4
atmos25_2819.jpg,1mAm13yJz5rrHNh2f9Y8qO7zOMrw1dd0B
atmos25_2820.jpg,1mMsXWetC4gwhf9vzud1RvrnkE0DehQWK
atmos25_2821.jpg,1nq0HqxdVRQAVMl3YyGlD9F6tUaaZCTYK
atmos25_2822.jpg,1mInkEo8E0jsMk7xt2N86QUMVcWKBelXd
atmos25_2823.jpg,1mUuq7CVs5FLLDw4AAawoCe2B8yxhhteX
atmos25_2824.jpg,1mS5RZ2znUkVpNT7058fOKjC9eIrFGdu6
atmos25_2825.jpg,1mFZOUMNKaChKpGowt7RB81cF5bffCxGy
atmos25_2826.jpg,1mLRf8FpT6tgl-DJo1w_adEvxaO9ThEt_
atmos25_2827.jpg,1n-LodFpvD7juk48-8IbHguhsfK-LTR8K
atmos25_2828.jpg,1n6RH1tb02CvE6hmdHzNjEhavHssqBR6P
atmos25_2829.jpg,1nJIMXmbOaJpKFcz_g8TC6Hm0vYMqY1aE
atmos25_2830.jpg,1mgoyzXsj-Ip2MS33sX-PiOQA_PV__tm3
atmos25_2831.jpg,1n8OjZURYT11d2asL8veACaIs5jiigjJF
atmos25_2832.jpg,1nzPVBDDjwyON6EoLPNn7cWGZiL0umIEA
atmos25_2833.jpg,1nKCgD5NzRsPHKfXj1ul09jeEpH-DAFq-
atmos25_2834.jpg,1o7kjIn9uSYYo8JIu_qqS7s0txbqEBPic
atmos25_2835.jpg,1njkknjxCtVw9y8tKKVaU8T3gP9PmWAVL
atmos25_2836.jpg,1o68VPY39QHsyYhDIF70gMliDJBYZcpin
atmos25_2837.jpg,1mlbPwdtxYKVTSTWsGk9aTIiLzvdQSsBY
atmos25_2838.jpg,1nd5Ob6MSl94rAKuOZg2_B1KEt7oUGYMe
atmos25_2839.jpg,1nWzIbBbnqi_Dx_zTsdKvcyNjzk4r_hYm
atmos25_2840.jpg,1nEa8BVJww4hfngUR1JjU4cLvLRmljfi9
atmos25_2841.jpg,1nRZZQTRxOrZ1saEgUZdJxwZvE_GNMpYP
atmos25_2842.jpg,1n0FMGtIaiSJkgCqK7GwEn6eGp9oo3NuG
atmos25_2843.jpg,1nPHbhwHNWSLOWY09HoaNA-gDWfXu0hSQ
atmos25_2844.jpg,1ni-qZHeEHdtMFuykS9dlp-iWfPFUxVvn
atmos25_2845.jpg,1nLF8MRQBZXAsM1iNvoUKIvZ9RQH9I2fH
atmos25_2846.jpg,1nEmGFTapStkFpH9bHGdaxMdUBKL8LP20
atmos25_2847.jpg,1o3cLfE0eT0HkKYd84eSwZ3SGR3cFpRhe
atmos25_2848.jpg,1nm3yvHoHPuK5mj1EaO7FC2sDhRyloTuw
atmos25_2849.jpg,1o2CysaSJJ8tmS60_NwQaFhw6PGsF9LvN
atmos25_2850.jpg,1o9RyhkG6EA47yTmU0TV4zj62-NOoPNjh
atmos25_2851.jpg,1mrKPPcdn_e3s8YOQjtuE4ACrzpBBH57z
atmos25_2852.jpg,1mnP3bUq-7Dux7PhxTSVGOOCMFzjjwj-d
atmos25_2853.jpg,1me9EZcQdmW6P31XhM9BHl3nYR-CKIEf5
atmos25_2854.jpg,1n0N_3Fpxfg5bE6_mqZLRQ8_IlUH1VTRo
atmos25_2855.jpg,1mwhm6b-4uim9ONDI4ILaA44oVZByRvH6
atmos25_2856.jpg,1nDC0UJlP0-K449vw_9dwDMqUmDf2XA1o
atmos25_2857.jpg,1mntUXbDXk9Md-gZ_D8qzDE-gVn6_Cves
atmos25_2858.jpg,1mhz0rQGnSVa9KvF9q46LDeVynjpvOFSS
atmos25_2859.jpg,1k2BQaqqgE9g2JeXyHnMwObbtcfaXnu_M
atmos25_2860.jpg,1k3HsIt6TTjF7Q91E0fyCwUDmqZUe0Sr2
atmos25_2862.jpg,1juxHj2ckzyWbZnwyYOO9wWfdazfpXVgs
atmos25_2863.jpg,1kJvi4C4qTUMH8LhwT_0u_jfWo66Qh0iB
atmos25_2864.jpg,1kW_puyV5tCqZvqLHBYYYgS9_CaMdN4_c
atmos25_2865.jpg,1kQJNEZaYtHi7eB0WgUhLjIS-fk1Qee-f
atmos25_2866.jpg,1kG4mHzSQ_jGzPeh8kt9qb6Jx13aDchgs
atmos25_2867.jpg,1kRX0NLTQ92vW4cYTP324GWn7b2QW33__
atmos25_2868.jpg,1jnZRuq90BOJ3qwTtsD_4m9PkyfbO3mmK
atmos25_2869.jpg,1jp_XZqOW2ywEpOYOndf7x38UNacJb0Ig
atmos25_2870.jpg,1jWLLtAcNb1fSImOEIaYZo8d_Eh36miJQ
atmos25_2871.jpg,1jkttDF_YdqZs28rE2_EoDUCwbCTgEz27
atmos25_2872.jpg,1jKkfyE6frngKgnfJdryXc-_IihO2mX27
atmos25_2873.jpg,1jFt1f7CrJIya4p9vNIIf1ArWQ5ToYdC-
atmos25_2874.jpg,1jljFJXipDCRMX1Taqoa2-k-QcwCLtsDK
atmos25_2875.jpg,1jXpo-Mv--xw6RMUtMpKvtk5yUr6SKVnj
atmos25_2876.jpg,1lL_vAPbZoQIVRx-1_aGbRc6D3EZFadXq
atmos25_2877.jpg,1jNWcvq9tO5vVpQPnBfEdKFWSHlihTyba
atmos25_2878.jpg,1jHx1JgY_zqbrDuVBhInxeZYhyNw3BmYv
atmos25_2879.jpg,1jGtlUw6hp46Apkqr6ypMqNb-sNinO5zV
atmos25_2880.jpg,1lb6qXgRVOst7efL0AFtFmqhdd0FKMp1O
atmos25_2881.jpg,1hVQi_l7HkAPEtLgB4gZN8_HBzaM51kNK
atmos25_2882.jpg,1hXZqaU0LNHo7O9Tx02Z7n_X8gltHdWaj
atmos25_2883.jpg,1hXhddSNx8k5tzIxRO5FLSvPCAPYIFXyB
atmos25_2884.jpg,1hY0EUI9eWXu8NPDlzU8yrcbNscb3tKDM
atmos25_2885.jpg,1hY2aVDtZSz2IzjK3YxfWSR47rvK-cxqn
atmos25_2886.jpg,1hb1Ok8HS7e6K1457TZNq-6mixVV9Umit
atmos25_2887.jpg,1hbeVnWSsF6wqGqTthPlGm4BFZ5o2PYy3
atmos25_2888.jpg,1hbg2YL4OzNiPQd6254h9Rx3cuHPLacvY
atmos25_2889.jpg,1hcz90FPZhGUPG48enkgKvy93OW-Y_k9F
atmos25_2890.jpg,1hiH0dS0QqtK-tHjBUNdxlBKcw50icGpY
atmos25_2891.jpg,1hmN9nWU_l-iQ8FMDkfNKjiwvOiADqaOF
atmos25_2892.jpg,1hoaQTAhT4zRKCxuvK-ENSsxLYrV7Zzzk
atmos25_2893.jpg,1hroBhbZcurnEdFDLQLr6yvbxPil6Py7k
atmos25_2894.jpg,1hskGnvh5rZDcMsjtkinWS1ENps8-lDZo
atmos25_2895.jpg,1hupXCGlokYhy9Gjbu0P7YjQV9Q-c-Bym
atmos25_2896.jpg,1hugTV7TI8KEQ2U_mxwf-2GEuc9Al4-8x
atmos25_2898.jpg,1i3SXCAMg7uLhHo4SKpoE1LNQIZdvrUkt
atmos25_2899.jpg,1i4FG1lDrY2U9ovqMUfdHlRZoROVWEgy8
atmos25_2900.jpg,1i5E5DVzvGqiqy1kdymQ_6pLdopb4yWW7
atmos25_2901.jpg,1i6AM9jqSikXFbbrIsncCNeywcFUqf4D2
atmos25_2902.jpg,1i7prNEqMa4Jo5tjGPOhQYo91FmwTICsR
atmos25_2903.jpg,1i8A8hURcI6tseBvb9SfUchtDJROePFhy
atmos25_2904.jpg,1iAFUlsE-BnxtXSWLt4ihqrJKfWAY4Ov2
atmos25_2905.jpg,1iBMpXGI3GT97xXMkqxV39j4u4LctbVSe
atmos25_2906.jpg,1iBeMXesV6TLYmK9_GmBKcM0ZWpM1zmlc
atmos25_2907.jpg,1iCcAMLp4VJ7FNgE0j7CTsmdXmjPAluIN
atmos25_2908.jpg,1iCoUBWkDZuAUQRd-GDj-psLoeVnHTqH1
atmos25_2909.jpg,1iKOnQzpE1cHtG8u2SMwlHSjaYJHoR61p
atmos25_2910.jpg,1iRXr3uf9d5-t5SmgjN1ED23TYGbPIKKn
atmos25_2911.jpg,1iKal3GpHnVQuH6Il6qCxRY7fdzDp1pt3
atmos25_2912.jpg,1iStdsLfAAfxlvwHbmyxBPecZBz1Hdege
atmos25_2913.jpg,1iTDaA0kQYnpdMzqQcK-D-9Z3uA_2ewmp
atmos25_2914.jpg,1iTQTIfd3PYr2avRyZtqjqyZSvijElRn-
atmos25_2915.jpg,1iUYd1aQ37U8cDDldpPWjaogLBGnbtYn8
atmos25_2916.jpg,1iUqGcyQFzZPmMq6xIn6Mxh0_B9wWykPC
atmos25_2917.jpg,1iVGqtWuz1MGXecITsYGJd-_r2yChQu5V
atmos25_2918.jpg,1iX3ir74Ds3zDfmULY3Iaa_SQ7Xp7IDDA
atmos25_2919.jpg,1iXG0HRVFlBPkSm0rCI8oeHgJZLLtRcn_
atmos25_2920.jpg,1i_4BGTAuU8bFqvMlnJ7q-bALL4AlqCkZ
atmos25_2921.jpg,1iavh5rB7mNN8qzUMBI2SMrxr-Cs44JGv
atmos25_2922.jpg,1ibumxt3-9gnvrySGZfrwiR9QN4B6ibRl
atmos25_2923.jpg,1idE0cDJvdaxuXJclHX2Yf3Rtoun5BL18
atmos25_2924.jpg,1ih71ykwpzm3uzeNhm-cG6pB3mumy1qP3
atmos25_2925.jpg,1ihMmOpicuh9mUrZ0eoTSrrP9WyLkGsZU
atmos25_2926.jpg,1iiHYyOWpiMSW7GnPSu23S_V8nmoSXbcE
atmos25_2927.jpg,1iiR9uWUKAyks5tr6aG-psZ-KlxDW_Qz6
atmos25_2928.jpg,1ikwAOcqsz3DhAtfZwHv7g_nzgMXgx7sH
atmos25_2929.jpg,1inI-T4d8_g0Km-L_sEsRFDLBBAmA6Ux_
atmos25_2930.jpg,1j-PsuilWG1zahndxKiqX40507KjZWIjv
atmos25_2931.jpg,1j16b67Om-zUhzjir4O_stdUazIyytyHW
atmos25_2932.jpg,1ixINgomxANo6yK8POAHO2ifwJHRaMMxr
atmos25_2933.jpg,1j226q4WXPJ9Tj0DmUxwfZaJYZ1qHR-zq
atmos25_2934.jpg,1j4yfDSf_xrgDO1eQmtWTdDRiLIO_X1GL
atmos25_2935.jpg,1it2GgP0ZDidyzbU9fpw7RO5CQumKd_rZ
atmos25_2936.jpg,1iwDB2UQGUjqvuvVsu33Y_xdzs79Op4SO
atmos25_2937.jpg,1iuTz--uKNjpTWQDjV5_DJEZcL9pOqBJc
atmos25_2938.jpg,1ix-sZdhDny5omKle1mXVEri_luuwWLBN
atmos25_2939.jpg,1f0y15r1lyHqYAtcOc9BeEMxUaO0aLuXm
atmos25_2940.jpg,1f1O5AOVmyj5CZ6w5JgQm-tu4VkxLgfEG
atmos25_2941.jpg,1f1T1Hm6YKTTDtA2CwTBOaxL9vbUwAF_u
atmos25_2942.jpg,1f3Jn0OzoJ3GnoL0DaNjA1JJ1KiSBx_cn
atmos25_2943.jpg,1f3rh81tbsQ_Q7TOUQ-5tiDns9D1kz1rj
atmos25_2944.jpg,1f5QQKUp_2vKcxm8O_mkL4aS1a8hZiNKp
atmos25_2945.jpg,1f5qOSf4ZxIZqJugqfkJ1dcHw3DP1GYWI
atmos25_2946.jpg,1f60DRH38gZU7OQxmQjPfHPqNtOUPzr_D
atmos25_2947.jpg,1f6EibHM4YuBauF3JYxrSGUTNowLaEc7g
atmos25_2948.jpg,1f6z6pctHf3Nt2H-R4gecpGP--vI8IEyu
atmos25_2949.jpg,1f8YvFrEYX07i4g5GePcO5mIEjYHTYMCk
atmos25_2950.jpg,1f9lpgRvrjZooa1hkqFDNkPud92pruAd_
atmos25_2951.jpg,1fDaYII8n4YaNrvTh2F-C79lq8s0oOf25
atmos25_2952.jpg,1fFupKow7VlMhgukTlSd2Hv964xxM3hL9
atmos25_2953.jpg,1fLKuUJjOpfghXqi_blfrG1Bpa02EZL0S
atmos25_2954.jpg,1fLrkAre2Umcv0nErCYgcLBy-g-zESso5
atmos25_2955.jpg,1fM8190VlxIvAVVstR6tukxsHvg3vKgjC
atmos25_2956.jpg,1fMCFBedX2MOmfpYSKeaPEYXyNb4ANzDd
atmos25_2957.jpg,1fNuvjHUxLcc6OOcE_8iMmIKY1ctOXmIj
atmos25_2958.jpg,1fOkPm_EjTsQ5QYZSnNUQMT9d4mbM-lHS
atmos25_2959.jpg,1fR876cYQd_Ze9h_8FH9rYCyjIl2MqGG_
atmos25_2960.jpg,1fT0WBwsRuXA72P3B8g9khnwztWT1bg0o
atmos25_2961.jpg,1fTfkQC0aUDELSTiv8TA2Xefp4RPMKeOF
atmos25_2962.jpg,1fU9cBy9oCmPDjbxyx8q-Qce7mNx2JXDW
atmos25_2963.jpg,1fVH90ViK8HGKhIpMRD4WKEXnXUiJH2xU
atmos25_2964.jpg,1fVjv3Y7YGtKSy69AaL6cV2IQNcMk8gpM
atmos25_2965.jpg,1fW647hNtu9rIxhM8ZpMG0noEVr6troFT
atmos25_2966.jpg,1fZG3G2Q9ejAC15HV2j6FjY118c2ymxfm
atmos25_2967.jpg,1fZjciQ5x74daTgKejloMicVEWlj2c-Em
atmos25_2968.jpg,1fejMuPmlol36O_spJ5QS4IHnfkYs6Nm3
atmos25_2969.jpg,1ffdUDvJEtODaHj05HFhH0qyXYECwt4BK
atmos25_2970.jpg,1fhA3s3HKts4QwF33YOa5fBpgwtVlkrkF
atmos25_2971.jpg,1fioMBrvgWJTN-dUnlsbnoiL765ESA85A
atmos25_2972.jpg,1fk85gecCgNqqmbQmYTslspM3mMeR-Ylc
atmos25_2973.jpg,1fjWbt7Bd-GmMo3RLTn_VathApHFUVDu6
atmos25_2974.jpg,1fmNBgEw4PA-eyrRg9k3Ut4evxD02gPH-
atmos25_2975.jpg,1foB-S2CAkFGAYorc4U74mnSkTz4qmFoo
atmos25_2976.jpg,1foHdpRr7OGHvHe1Yekg0EiM7sOmdmMT3
atmos25_2977.jpg,1fp2wIX5Bq1W7Tu9hOUbSEVKhCGuPhUl_
atmos25_2978.jpg,1foq7iSz6gzDpsLa0INFiEi54XhmvzILQ
atmos25_2979.jpg,1fpRlIOYwKNjBxfS0Zamo0QS2YbkNQxJ8
atmos25_2980.jpg,1fqdLXtoGI6gUmK4HUXe7fUajRTcwTfXD
atmos25_2981.jpg,1fsHV6WUc5tewJs2VR_bXOtkRAiy6Oirl
atmos25_2982.jpg,1fscYs_STDw8qK-SDMjJzN42NeSc3GZd-
atmos25_2983.jpg,1fuhZAzqTpmf1ujmN6cnjhhrV4Xq-CwyN
atmos25_2984.jpg,1fuxVwQGm46G63P0zeB3nta9KWcW9-Oo1
atmos25_2985.jpg,1fvqcLdhvNonWto5I1V6EDbLG8iYftqd2
atmos25_2986.jpg,1g-jEuUnRQrImR2MHyuCjVuQCJR7DVkSM
atmos25_2987.jpg,1g1cbzfA0vetGMftDpg2c0j24Fzgh-hR-
atmos25_2988.jpg,1g54wIGq2WGNuiwLiXIlanDz4lsHqT27Z
atmos25_2989.jpg,1g7VjmvPF2DAqiJyYXB9yAbXGzsU7wbBG
atmos25_2990.jpg,1gB4ADQTbVasXtCyTemYSoKrhZlImtoRu
atmos25_2991.jpg,1gBl48oUsbO34Hu2m_L20dcoZigTmVks_
atmos25_2992.jpg,1gCi5C1nnS8jJLGbbTzk7cVexDEfVnjMp
atmos25_2993.jpg,1gDRTKP5QfZch983P7wg7nZ3X8zOyW093
atmos25_2994.jpg,1gG2JuM8pv9REW-6Cz_-U4f288vxPTLNN
atmos25_2995.jpg,1gIg9y_p5fb18a6YKQBQnSWfmsHAEm1Dg
atmos25_2996.jpg,1gGIo5DbFwqpWHkpgB4tt4dnETX5NXmGs
atmos25_2997.jpg,1gL2dNJ8ZGiQTZnu-RuDuBVMgVBu01Fvl
atmos25_2998.jpg,1gM1qRESRiJQhtIY7nyxkFY9E2jaxSaCf
atmos25_2999.jpg,1gNhuQiFFDlnzGH9ex-jPJCtSwlHpkzuV
atmos25_3000.jpg,1gP4jFB7ayMSZKi-LtUHi-GedxRTHKvij
atmos25_3001.jpg,1gP9Vvt4EfnU3L0zMqNhRYNNvRMub0shn
atmos25_3002.jpg,1gUj3B2mhUAXXgX_2ZfOtPAEtEn-9IEBV
atmos25_3003.jpg,1gUsX1oqvL_xLYULDRVDTf5Aqdzkv-67-
atmos25_3004.jpg,1gXcSKGCH7zYanctGAHH4F59HljDVFXCZ
atmos25_3005.jpg,1gaZy4SlC7GEaUnkxvvUILeoIygWvc14X
atmos25_3006.jpg,1gcFPpk2FkK84XzJZV5s97F8lbAVgxGuY
atmos25_3007.jpg,1geVbfXFHH8Py1zsDe7JzGxU8T3PQXt83
atmos25_3008.jpg,1ggjwk6ppnUD2RI6PxcVrLecsmvcwUyh5
atmos25_3009.jpg,1ghxlvZBhdP86WfW5ps4lMLjWdQTSwSDn
atmos25_3010.jpg,1gj9_mBWRMEDoE7J6P_JLNjTzQ1p0oNKY
atmos25_3011.jpg,1gmD5yQrOVbkfRWZvn899_lv15KfMhD8X
atmos25_3012.jpg,1gn6lq2Qoqo2h90x0J56qK9txenHCHFP9
atmos25_3013.jpg,1go2zQa7r9ljxCAz72ama5ic3RzQQqBo9
atmos25_3014.jpg,1gpAMnwZ9R4xftTdHN_u0331Z90iZ6vop
atmos25_3015.jpg,1grMn8C37ovl-a0Lv9vudn7hd4RABS9ki
atmos25_3016.jpg,1gs8CrnePm4hVP9Rl8N1tExz3Jm1fbs3_
atmos25_3017.jpg,1gwMcUeMwzRSWKdAoIYCaUds9IiSDOihW
atmos25_3018.jpg,1gxCe6fe5Zy8ZknOu-f7oWvZ1G6bVt_Ik
atmos25_3019.jpg,1gyBww5d1TTp6eMAqZaD7cIn1B5NedN-c
atmos25_3020.jpg,1h-XeIeDmQQOZksyjyi3d_rBfDpbUjshH
atmos25_3021.jpg,1h2n6w7aXfFtL_WBo7pMSB4G0ObyixFfi
atmos25_3022.jpg,1h40KT4gUEbl0UlPBHLEXL4-ZxhYfRhSk
atmos25_3023.jpg,1h5kMIMZoHjaSl3iBltMFdwao_QgrlTeY
atmos25_3024.jpg,1h81P6c5tczpgvkFoTKoafb7K9b57iiGA
atmos25_3025.jpg,1hAfmX7BSXvuLuELZwlTcxeBAVpSqLyrN
atmos25_3026.jpg,1hAnQn_Y5dXLlzRCBg978wqN3tm6oqlbX
atmos25_3027.jpg,1hAnRiutoAGuxBm-hYK5T5RE8oJR9aj9E
atmos25_3028.jpg,1hCgOMkZoxU2h9Mjai1_r_kXFqylMsgIN
atmos25_3029.jpg,1hD-aXZGGuD8_D74S8m15iTgNiC1ANysa
atmos25_3030.jpg,1hD4lXSzHRs_QheZ4BBPnxFFkU_mc_Kd4
atmos25_3031.jpg,1hEfoEvryXvWNIbBjgJi50gfp5_oTaF7V
atmos25_3032.jpg,1hFOEPBxCmPHtaOT5ic5l9I0KQqkookRq
atmos25_3033.jpg,1hHWju3NazYa_b00CheoWkfAdf7TrBh1Z
atmos25_3034.jpg,1hIOEoVh4SG8skQfi9u5GugkdbShh2i0Q
atmos25_3035.jpg,1hIWEmaEb8EDo2L7ykcXGnLp4tK0GZb7J
atmos25_3036.jpg,1hJZ_FvBBiRfyGkcUuAogSg_H2WS8j4sV
atmos25_3037.jpg,1hM53WH0JBEqfeIQYrdg0WgsUJj0OkJJ3
atmos25_3038.jpg,1hMenK9K_dwCASmgincBhsefCCsxrRkEh
atmos25_3039.jpg,1hS4y_tVFSUWu4rm87vS7gB91rm8SvzHB
atmos25_3040.jpg,1f-q2ymg0vnNxHRmcnaO2Fta3SEe185ZS
atmos25_3041.jpg,1ezipjuMgmYM5-cE-DWXxJcqxQzOuHaJ0
atmos25_3042.jpg,1f6NY2mFAGsheUIc5NhM8mFNH1KKRwttU
atmos25_3043.jpg,1f59TSCBirW2Ppvxgycwt8afl75HjmZyW
atmos25_3044.jpg,1f8K-K66bCJrW9SMIv5hvW74KtcpAWfFd
atmos25_3045.jpg,1f7hs_V0BhnNDForLtL-X9VwqOH51GEVO
atmos25_3046.jpg,1fDbJIXllWJA5Ix8gu4TG86mJtvuJ-kLe
atmos25_3047.jpg,1fIATooeR7fm272d1h2axHhzeXFgTbzNQ
atmos25_3048.jpg,1fNmULxQYV3Xh8zTHdyedPnS9WEpBlJXf
atmos25_3049.jpg,1fMxK59tqHxY8dkCNXa9vLdaa3lYGBodZ
atmos25_3050.jpg,1fWZ2bLVYHMUqcgI1Gab6VuiSgWkHNrVs
atmos25_3051.jpg,1feu0rdJ1z2eMki-PyfNHlIMZlhU9gmjZ
atmos25_3052.jpg,1ffY2UkzXwQ-9LEVkJitzboOsTgFAMluy
atmos25_3054.jpg,1fhZUCKgYoFZDnzSF_rj4F1Lp297oiAcc
atmos25_3055.jpg,1fkYnG4CTvy3FJx07CQU0K0AmF750Kxvk
atmos25_3056.jpg,1fiPy--usQmNTz-lraifKVTmIDZQg5_V0
atmos25_3059.jpg,1fw6t3mJ5EnTMwKERi8rxt6jL3JMooQoI
atmos25_3060.jpg,1fvDOE9xjo5rcBBSZgQIimlgTLii6P24g
atmos25_3061.jpg,1fxaZA7rskoh6XStcf5wE-9RjTeokGAPX
atmos25_3062.jpg,1g-GLse61r3WhoF6_LlQ_6MjjNtrZ2759
atmos25_3063.jpg,1g-4jd1dYw-UhP0e7CzFte2117aQcq_Pi
atmos25_3064.jpg,1g3IiJCmlaMAj3gZXwCQWQMaTFmBRBd8H
atmos25_3065.jpg,1g2zCYJeuvUFPHLoM8Mufcwoq9nSY9jL9
atmos25_3066.jpg,1g3R3lot-n3wPmtpIQ9wWylS4_E2sAezi
atmos25_3067.jpg,1g4mNQ3tEzGfgR47Suxw3CHoOWT353Yhp
atmos25_3068.jpg,1g7rVuccTcr7ptS6lsRpwDlbaL5dk0AVz
atmos25_3069.jpg,1g8woKrEKp3coS1awbu52mf1CdMoVPN0-
atmos25_3070.jpg,1g9WGKEbLsdLH3G9R5fzoVT8DXyBLzE7j
atmos25_3071.jpg,1gFZ_Sk_ge2O5IHss0MTBJgFAhb0AqNNa
atmos25_3072.jpg,1gE3aRTXGVS207KljOPTJReZIBz7y_wZQ
atmos25_3073.jpg,1gHDbx732diCPug2U5h-Un9tUcjwur_pK
atmos25_3074.jpg,1gHktz7-OOvfnv8j3jX8tq2g7T0b-Dukk
atmos25_3075.jpg,1gKjydG3XgV3ZpROm9bYM-6Q8EcSQXyNg
atmos25_3076.jpg,1gMYakrES0dGY6eWk44unaS-uMwbRq4nU
atmos25_3077.jpg,1gMcCfXl7pt-7mByWUQYFxMSo1Lwldj_i
atmos25_3078.jpg,1gRBmhn_fbDA9RPF8yimhVXsTkK2VilgZ
atmos25_3079.jpg,1gRb4iGQaAspIUKdY4dpWXBHBtHhVEFDw
atmos25_3080.jpg,1gSZkXC3EsKSFoJTNc8vPaOc0xC34Ut0i
atmos25_3081.jpg,1gV_9P4PPxTS_Sg_Lt6zJjGokhXjYsy-L
atmos25_3082.jpg,1gWOe_CerXSnvdYnEHGv0qJIJQYwZfYoG
atmos25_3083.jpg,1gWTwOUr5EDEEfQZa6x7Lvm7Mh__ApkpU
atmos25_3084.jpg,1gX1w9EGMZnw2uCN0NvV6Vhwns3BCbsQ4
atmos25_3085.jpg,1gXMXYcbMLl0nmuYWu1jHIchcPHLOkkUs
atmos25_3086.jpg,1gXS054yjqzDR3GgYJzYa5kFSCo0Pp4bn
atmos25_3087.jpg,1gaA8J_rdKipOJNVS5SDMvawWKhlI7tkf
atmos25_3088.jpg,1galwQ62l4FCwsZpzGIhcAsyryexxpVdX
atmos25_3090.jpg,1gb8zGYUWDw2hcHHXQolMNvtoaLRE3IBY
atmos25_3091.jpg,1gbrxrXxLrCnwIeI14UieU7dYXheGNEnt
atmos25_3092.jpg,1gcFEntmeepgurTzcJmOrw12gxwSO2S45
atmos25_3093.jpg,1gcWGqjw3YmESbc9ID23aXdl7HQ8fOMxy
atmos25_3094.jpg,1gcyKQmE4rYwLUDEfV3PePftQpBfga32X
atmos25_3095.jpg,1gjZYnIJKBsMlUqaK0jo37UyyWQVb15z7
atmos25_3096.jpg,1ggTmMudNxubpo2-7L3BdEn9770m6D9HX
atmos25_3097.jpg,1goKZQSYbHzsla6OrU_mF8HHqrv-9wRjU
atmos25_3098.jpg,1gj_urHl1vygN2N7lh4tLF-f4lW7YEXAH
atmos25_3099.jpg,1gpDnMCeGHsZDUh4dLTHhuMwwwuxLGeJQ
atmos25_3100.jpg,1gpXZf_J3aO2Rj98q4z3hcB_XcoMEd1sV
atmos25_3101.jpg,1gpcOkNhcz0oK4bti5Kw2aynX3ZN_67tV
atmos25_3102.jpg,1grDC3st6hlnmsibJEVp1K6L9shV9JWhW
atmos25_3103.jpg,1gsBBptGb9U9XmbZmPCRfawArWIvg-_eF
atmos25_3104.jpg,1gsOEMatMcHjtSsiIkdtEmOaIVNkSKIp0
atmos25_3105.jpg,1gvenrtlRrw9w3fDPjOU0bgTB31yk8MkP
atmos25_3106.jpg,1gv1oVdb1rwg-Gd7B8oX6ATFNGIPO7Ke7
atmos25_3107.jpg,1fO_bArixuzK1jwwMiqt7cfR1NLa6UOes
atmos25_3108.jpg,1fQpOS0QAUXMl9FdqWfWy82uzrytwicJO
atmos25_3109.jpg,1fNr-0QC78_o02q9JtnvdQz4Kd-5dY6oQ
atmos25_3110.jpg,1fNoVU4RdPP1AFzsQ_c-7ksLDb0A3kK-8
atmos25_3111.jpg,1fP5mqVxZaX3YhRAkRNmzxwpFkRErVDYB
atmos25_3113.jpg,1fUT7uWjXY3C-k81qujer5Ruo68rc7ZzA
atmos25_3114.jpg,1fxh9LLOu3hQhTs9B2abtLia-i7tC-P30
atmos25_3115.jpg,1f9OzpGXUQ31ao9u-o-FXD34Xsno_PeBr
atmos25_3116.jpg,1fXkTwwl2YOcvbQofUlglGbySJ83FplFL
atmos25_3117.jpg,1fGNZNVZgYH4w_fW1-PSYYHJLulmWAl9S
atmos25_3119.jpg,1g3XEQseuPb6B6jej71R4Z6o8VEwNYvAt
atmos25_3121.jpg,1fWrCcMVoUIfBGfQCEnj4jowRPvWMwsDF
atmos25_3122.jpg,1fWuw09_wSoXAqjwbaEMPj_fPCvsYUIHL
atmos25_3124.jpg,1fKRVWhX3CDlUjjWRFefpaQ600sw5Hp1U
atmos25_3125.jpg,1fT_dboJL0HzPBs5vuUqqzabPjfyk4ahd
atmos25_3126.jpg,1g2kX4Vtx67kA-ujyEHT50jrv4SYhOaCb
atmos25_3127.jpg,1gVYxqQU_RRTHzauHZ-S14oLacatnK4U5
atmos25_3128.jpg,1gb-RmtgKfskNF99a3ixlY2HmvwSzBMDx
atmos25_3129.jpg,1g03BZ6o4k_bfxzJlceRVfNKZIfvwyr4z
atmos25_3130.jpg,1g7bjyfx-U2gup7ZUCUqqHz43JziXOPgh
atmos25_3131.jpg,1fBDtY0R_-U-y5gr4YWznOZeBf04REsaG
atmos25_3132.jpg,1gsJrn_DwVv6wikO4zU7rHrOOFEwu725b
atmos25_3133.jpg,1gDbd3WrKOg3KipOUVprTjwJvbvKhaGYj
atmos25_3134.jpg,1gxYexrYe2bB8vLblpDvRPtZejNMYUULi
atmos25_3135.jpg,1gVwWTmGT1VAanJP-WaOsQfyM28OX08kG
atmos25_3136.jpg,1greI4-_EsxdzKq-nu9FgnBJ5y16bepRa
atmos25_3137.jpg,1fDmPFtnFnn9vERsJHuitAcBfEX3A1QqM
atmos25_3138.jpg,1gg1hrRcXUWhqc_xzoQBYmCZ3iTO86Mfi
atmos25_3139.jpg,1qZeehZbpG8Z4kIxSgY9qbcjfprTSPsdE
atmos25_3140.jpg,1aDDMUxJdpuMpmK2vz5Fg_S8mBjSACtK9
atmos25_3141.jpg,1wqv6RGVqj1p5MtNiUxCoAYcRfC6GjqsR
atmos25_3142.jpg,1CvD2hEVOhPT8NAl8MC9s6r62OIWCGxQe
atmos25_3143.jpg,1gjpf-IDDgFyDJFxqmzoGTz2q4nRWkPB7
atmos25_3144.jpg,1sXRRpTtBueKiua9nJV5qOlVSyOiVhmrM
atmos25_3145.jpg,154c5TGxAnR-RI_59pr5mpwGzKrn9E1cy
atmos25_3146.jpg,15W3voKaIBtiKITkpPvmSe48Kps1ufHdx
atmos25_3147.jpg,1SW8tP3_9g820wdShs7wzbF8r2FCpmDjX
atmos25_3148.jpg,1-b3IiCHurHdPTT9VbKCsSM_ZCPq8PmIs
atmos25_3149.jpg,1SH6bUW_g25Pyf77LO-5PEtDJGQbnxsIP
atmos25_3150.jpg,1r_aOwtDoSOyEfX8J14xyrW7ZV0QCFYWG
atmos25_3151.jpg,1wGu3_a8WSOh70Xi7UzX-LLewaWA5ZuWT
atmos25_3152.jpg,1wOYPxGkLtqcSbXozDLYClElR-Ze0CfXT
atmos25_3153.jpg,1wJXefdtARLqgzT1zqGm16PGT89Ob81xA
atmos25_3154.jpg,1wQPPmD6F9cKpmTZT8tl_nVljB9SmAKep
atmos25_3155.jpg,1wQ6-QB8vjfug9lZ5i7rCwYHN_M5zgWyv
atmos25_3156.jpg,1wRuGUH490jrxu41Ocgd3X71m-0OI6-Rq
atmos25_3157.jpg,1wRcg3U_SuXDNHgwza6bS_pnESxvZX30k
atmos25_3158.jpg,1wSXJkWSxgpYzXNsn-xxI0v5e9FxdFquQ
atmos25_3159.jpg,1wSKE-4wwjBYSKZ0C5xgtjZS3VIEFb3hk
atmos25_3160.jpg,1w_JKmW1QdGQrMbIsmaqxmYUCa3vPs5V5
atmos25_3161.jpg,1wVcvXTd43m4FxOKV3hPwOTDgpObHLKwa
atmos25_3162.jpg,1wcOhUOVRdeqBTExz_Cg_I7WkWCtwcUW5
atmos25_3163.jpg,1w_MN9BydS8lfJ0myILHNG22xkng8B4Ll
atmos25_3164.jpg,1wdgVP-yrhM5xN-q6n5MDxFca-YN_pgYE
atmos25_3165.jpg,1wcbOXJqKl2pyzU1nZgK1xjfDUlra3WYR
atmos25_3166.jpg,1wiZpy5c9n9n9Yub6pNIEPr174khdPaMp
atmos25_3167.jpg,1wgiEWCYILbsBsPJIxqqSuw7vBFQL6-39
atmos25_3168.jpg,1wiviqS5JOSfyn-7fPO909ZW6d_xRsD4u
atmos25_3169.jpg,1wiiZzFkd9eFRIIZepAePUe67mdRHPSz5
atmos25_3170.jpg,1woA-4AVbwtTvJfxJP3wJkPV2QQnO6X8j
atmos25_3171.jpg,1wk_qtx7X3T-GhiHZmuuvWlwwujmVVjoh
atmos25_3172.jpg,1wqaendPHiZcW47ToEtuAjvr-LNaUKSBM
atmos25_3173.jpg,1wpdPJWWF-7OLUViI0-Km1_5POGMuJjKm
atmos25_3174.jpg,1wrBUtm5iomCl2_RFjSSdqw7PN8lxKz7D
atmos25_3175.jpg,1wqj-f-UqLugGPePW7rUeq-DEG3VHvDT2
atmos25_3176.jpg,1ww0K70Ppf0InDs7WV6RohGamPuCElurz
atmos25_3177.jpg,1wvlfgSLfxkuBhXRuLfn8WSZOi70QBNiD
atmos25_3178.jpg,1wzFqyM3IOyr3cH-zWHb-Ojd8M7rFFdvp
atmos25_3179.jpg,1wyDZt72uqUpwSkjdEtBg3VLNt1BfHfYT
atmos25_3180.jpg,1wz_RBFbUAibGmeVRPTgrfaV2HbsnurRB
atmos25_3181.jpg,1wzU5efqenzdrMJ1BvewHTtjX6KRv2ut4
atmos25_3182.jpg,1x-zxN2CQqpKUmN39wnTQ2uhUznyDexWV
atmos25_3183.jpg,1x-8edrzfxQQtPqjXVLbsNI6GCVOVIV4z
atmos25_3184.jpg,1x3GMPpPo8lODHTlNzl0_7NA3-zFAgsiY
atmos25_3185.jpg,1x21o6J_GUXlS9BcD7uwnBhp8pLkGdELp
atmos25_3186.jpg,1xARAHZhfTwvmnnq5LAy5UQ8V2LHveqiC
atmos25_3187.jpg,1x7MHiE3-rCa05DrvrBjIQRI2vjGPvHy0
atmos25_3188.jpg,1xDFh_28EE6M5BlG0Mgbxr9wlboPOT2vW
atmos25_3189.jpg,1xBYnM4QDRfZuuL3duVxRIQcxoNtDr5Ig
atmos25_3190.jpg,1xIFtwZbQpoo-QmO_6tIBcfxVNB05_rQx
atmos25_3191.jpg,1xG0oaJVUkiClobA0rQyDk8IXaNNz_l8Y
atmos25_3192.jpg,1xK8_gUO1mUQhxoKLpeZ9v9aKgtwlNZ67
atmos25_3193.jpg,1xJakMr8SY4bOFgAT9DzRmsfKf-MmCkqe
atmos25_3194.jpg,1xN7H75XskaTyfw64P_n_aBigTactJkvf
atmos25_3195.jpg,1xLs-hVIZPlaFYX9agOljNcFFzcqAr8Sv
atmos25_3196.jpg,1xOEHKRppDFuSnbBO3Vly36qLvmkv6aud
atmos25_3197.jpg,1xNhSD49p1HGDYRivjXH9Z6Yp7O9BDVOK
atmos25_3198.jpg,1xQQgoa9SXFeY3V9sXiPoKB-OIbmvhcpJ
atmos25_3199.jpg,1xPhdYfboHANFjMLSi6Q3n3AYQW2Z_UcY
atmos25_3200.jpg,1xSon_FeeTYQHJvPOJZmteKV-yooI7xxq
atmos25_3201.jpg,1xS0_jCbo-b97pDplMuWBAeqPYqePKSyd
atmos25_3202.jpg,1xUWXAAjn_AXat_4kyM5r3jmXCqDtDbkZ
atmos25_3203.jpg,1xTN0n-38bHgFJK3PoO1ChVuQ7iOo623x
atmos25_3204.jpg,1xVbBVlzzUr2uuzJISnQpaA5Nn-cUfPT4
atmos25_3205.jpg,1xVRTClhMgmpdIg6Yp4eIFp0OI5a0jI54
atmos25_3206.jpg,1wIEkK98UE3it4sjT6--77_bELB321U4J
atmos25_3207.jpg,1w6fyCA2hWpGFWNUHZ00HCV_WfIxJvfx5
atmos25_3208.jpg,1w6L95zZ2wtaFZpOZhxM2KV8kQGC31mb4
atmos25_3209.jpg,1wCoYlCJWvScpQZ_3qTSatPomp4x_HNU9
atmos25_3210.jpg,1wBDnIl93W1fEuXYCqiY79ZM5efJm2RN9
atmos25_3211.jpg,1wDer2yn9woqC2f7OUmrHHbKQBL2Q8-UN
atmos25_3212.jpg,1wD9RJjOeBBJtdZrlXXjlJIVVKXHnxi1x
atmos25_3213.jpg,1wFAqv3Bp2V95mVUF5HvkG-vqDOguuE_g
atmos25_3214.jpg,1wEvcYL3jTPMJaSdGsHy_4UuAGZDEkUP0
atmos25_3215.jpg,1m4lu4yHnr0IbaW_xZYGSZwoK8IgSESp0
atmos25_3216.jpg,1OE2B3zuVx8_-cxiFrqJDeSVfLMfDRC0S
atmos25_3217.jpg,13h9taALCd0NNFEXBajmhIV1Cg0OgYHj3
atmos25_3218.jpg,1up-pbSsyyCilv_Ykqe9LRZ-FqENlk8yk
atmos25_3219.jpg,1zLCIPkHwA8oULRDGahfPXg4yetIEy0iQ
atmos25_3220.jpg,1Lgau9go4KCT_PS-FU10Mu5Gkbzs7hSsE
atmos25_3221.jpg,12Wsh1Lt14JwR671MHjGQA5gDirgpIlvO
atmos25_3222.jpg,15duEZ_fAr_jm7qcKly9ZcrTHpnMBs5Di
atmos25_3223.jpg,1amahjmf2lR3L7CMCHpYEJTmO1nFFhdek
atmos25_3224.jpg,1XDAwMz5clfk_vmXJZQC9GPOHQg5xCefj
atmos25_3225.jpg,1eLULOlSIGpZjtQm--pSR7IZhydfsnfk2
atmos25_3226.jpg,1oYwEJDhPmb6EECkUr-T9KAlcEYan9QG-
atmos25_3227.jpg,15Tu4R8Ihb_d444poj25vllVI8Ejo91yi
atmos25_3228.jpg,1r8tkFAmZ6hidbHQ2eM5wZsfFZqJ7NWWI
atmos25_3229.jpg,1PJ_ZiWEMStZK9AWHdH8OgqbBywNaATMJ
atmos25_3230.jpg,1NEDF7DFVxZP2wr_skVNMoehvtfDZM2YS
atmos25_3231.jpg,1-J9pNxANLlFpMnyjCk-zuQCDFfjRYUlI
atmos25_3232.jpg,1crN49Zxvh3K5JULL1OmM_JuRgGN5qS6R
atmos25_3233.jpg,1qLaqLT5emkzalA8YUiQLkEBrmjdEiWUu
atmos25_3234.jpg,1-ONTaIJQHGozIxo_wrJX4l3bRifUk9M0
atmos25_3235.jpg,1-KloTbhJOtdUMIXUWHzEv9HwIsyBXPCn
atmos25_3236.jpg,11uNUpgZS9lrsnq0mjmozReJrVF0GTvQS
atmos25_3237.jpg,1GGphwVD2uZHFL93cos9Fts0Y7J9SnqEu
atmos25_3238.jpg,16teVRc3_TChD4Jng4ElfvxaRY5KFIqAg
atmos25_3239.jpg,1-QKYyotMKh3T-DPw7at7yj9Z32Vn6Zre
atmos25_3240.jpg,1-Pe_dtN3CbPobs-GgpoLzTiehjrvBVOD
atmos25_3241.jpg,1-SF05JVQCJs6YCim62OEXyOlMoks0Flz
atmos25_3242.jpg,1pkKtXdng9a-14Gy5aau3xqavWh8er4N7
atmos25_3243.jpg,10yoDWkbBmciEFOcQPxIc7fJucJl6J6Tp
atmos25_3244.jpg,1GcVSB-4zUgXNCiNCqfBJwgDXTNeatTdg
atmos25_3245.jpg,1g3GtNwdth5h1Krzr4veT-I3kjv555ven
atmos25_3246.jpg,1MSPTU6qLNEbODzx_CWwcq9O1SYKUkJBY
atmos25_3247.jpg,1OWfdBhNzA2LDSE0t8790YeDPcdY4GPws
atmos25_3248.jpg,1cUHgZS4FxWBPAY8zF9G6QLvyIPmhrvmI
atmos25_3249.jpg,1fHD3oCCG-PuH5b5k-sqyiK5cKRtpDbyh
atmos25_3250.jpg,1BKwIXKEctFc80HrOSpC6w7T0t4cOf_P6
atmos25_3251.jpg,1epdnYgzK3oYyqt8yXpU55R-IdCGwInij
atmos25_3252.jpg,1DSaKlTnlvhniP1r7ylDDS0WJtT_IUz1a
atmos25_3253.jpg,1_2tfCJpMIERfWo1q6UYbsKLQaYMiOrDI
atmos25_3254.jpg,18-BAlbnmkkC_iNPSxu6i0muiDyprbCdG
atmos25_3255.jpg,1VtVQrTva4i-VcxkHrXHRxuBv5mFHne40
atmos25_3256.jpg,1RlNQHOGi1KhZZq4kNm03LMVBMqFlkTyK
atmos25_3257.jpg,1pHA3a8WtWR-3_xG91mvq84f7Oa0G7roY
atmos25_3258.jpg,1fEBPtZ5ostDU2d2Ca2gvgTxmzI___7qu
atmos25_3259.jpg,13TJYQzTxUpWHfo1KHhcvNUMzcnTRua2h
atmos25_3260.jpg,1nAgQddPmf0TuQLFk8jI1x7hzeooEbgvV
atmos25_3261.jpg,1cBdEAp7iaVoQyzptBE2wOKWV6cKbcNu2
atmos25_3262.jpg,1Ss0JmnY5uOJZ5DBNvbXcr28MKqTuIVbN
atmos25_3263.jpg,1fx7JeFRq_xFo_af3Zqmf1Le98GLN48XN
atmos25_3264.jpg,1R7rdl_ljm0ghZ8V8Sazcea-25bKcM-pv
atmos25_3265.jpg,1F-l-DYvIx1uTOrKqHgAWj3CSCauk-P05
atmos25_3266.jpg,1x5TuDSS8wc9llFqqnNflIN7LeTprvUGs
atmos25_3267.jpg,13dSAcrPwudZV11uFpZ9snmkhipbpF0YV
atmos25_3268.jpg,1LwPQ8Jx9KD8r0e0TQ2iugNn97Nczo1Ir
atmos25_3269.jpg,1aP8RsHz0hf3AjQCPROKvMY1XJHv5Tof0
atmos25_3270.jpg,1qO8VJUGZIJADWwo7VCh9PTUGLKX9IMQp
atmos25_3271.jpg,1Mc8IuT_SfXAw5fUkUduZE5G32yuW47Xy
atmos25_3272.jpg,1hq76rAwmM990c5SPmDFPWwXOMcpuXjRH
atmos25_3273.jpg,1VrBW4mEYOR7iny7ZbW3W8uosPTSXSXje
atmos25_3274.jpg,1nRlSE635pR3msSIZ3e1884FMjrP4SeBj
atmos25_3275.jpg,16ecWR0q1pWRKp_NBiURVrQF7JRzHRhlA
atmos25_3276.jpg,1eewh0pP-c2772C1Fsan-qORq6bzVE8CP
atmos25_3277.jpg,1yFftZyPzYv6xcWtyuAzcYYOV2s34Ar1o
atmos25_3278.jpg,14OTCwQR93zTJFsRWKto7adCxODbfZyik
atmos25_3279.jpg,1Bt1qqnQo12v_T2X6Y61zNjY69SOCgw2w
atmos25_3280.jpg,1j0KF0IXPvyUvQjefuBFsNuLbmfXwnw9A
atmos25_3281.jpg,1ya74syyFhucSOnEX6SqdTvF1cunyMKNb
atmos25_3282.jpg,1u2OhbU8OvzOegmsNJkuIFkd_RqQSD-z4
atmos25_3283.jpg,1M7zoBYwBGuvqMwiyVwlZorHq6t-1Tj7k
atmos25_3284.jpg,19g2Arj2yEUGX9lKxdv4j1AyQJKCyKDVx
atmos25_3285.jpg,1gRFnS1UYqAOdz91TF7HXoUSqiqsmh4WG
atmos25_3286.jpg,1bWbv-8i9VA0b5ycUVZ7f1DIdiTLXOxa3
atmos25_3287.jpg,1IFb2QOW32GWcO6tRAHLG6sueQjf2iE8e
atmos25_3288.jpg,1QtUmRBF-kqrESd8ms7SOzUYclzUt8m4Q
atmos25_3289.jpg,18BrdIq0NFtSbBCO8H-cOvuZsP4e_nf-R
atmos25_3290.jpg,1K0PFdnVgnUOeTbCnM8D6ZXfXsNjAtiOd
atmos25_3291.jpg,1v3c0rVnGKrk7_tqhC54Z_kvaSiD-Vbvq
atmos25_3292.jpg,1vFJGHlO8Z5QAwHQIvHP2LVdmSrUY6u0U
atmos25_3293.jpg,1vRdqGCs313SHXfbRVfLsVom3qWH6ewOH
atmos25_3294.jpg,1vUxlMs7Q6q2LVbWpbthyVUn7Xfmr4cX6
atmos25_3295.jpg,1vVWbdvf1rywBtinKxSnGEWUQpPfpY4Uf
atmos25_3296.jpg,1vdEU7syyh0j274tfWGgiQuwsaMcT_oW_
atmos25_3304.jpg,1wtV1Rd98sAShaPiA-x7CNhsb91qS8rY4
atmos25_3306.jpg,1x9GUo6kpu5V6PUi4u07VKzZfKgUAXCyJ
atmos25_3307.jpg,1x2r1lM-6JgKxfd8BkyzpWdhCdjSoz7jZ
atmos25_3309.jpg,1xOwheF3_hhdV0SKKKj5EsSmTuA8Y0dZY
atmos25_3310.jpg,1xVqFoDWdy_GzjgdhIs7IwNPf6Wjs7eDK
atmos25_3313.jpg,1xfIz4susSLOajuMCZ_LfjDyHdC9vmo0A
atmos25_3316.jpg,1v0tAKF_1eIdwb16-P8yGOlt79AdBfrmL
atmos25_3317.jpg,1v1O1uuSIQJO8ODu94cdRFZfJUIifIqGj
atmos25_3318.jpg,1v1etglnSmJsZ8PTY3OtkiIstHVd1KFTm
atmos25_3320.jpg,1wiJ9JOJAO4H1OYDd0Ux1qf-SjdgQHKcJ
atmos25_3321.jpg,1v9Or62zRALT0B7f2-lG0r6DyIjOoj-fA
atmos25_3325.jpg,1wMcsJSNZB92Sss_PDzDcVRXB7ayUutRk
atmos25_3326.jpg,1whtT-eC5l15AZ3KgEDJ-Ze0WcV7i8gI6
atmos25_3327.jpg,1vSa5SOqujeY5WeDqSX_rOX61-G8w8E2Q
atmos25_3328.jpg,1vcGi340qu0d83PbsqoL3c1UsAH2C3Yxz
atmos25_3329.jpg,1wHzWVKAifNaHG-mPQcSaF9HskKKHmsCw
atmos25_3331.jpg,1w9Ap_SmRqv6MDLSPvTgrpvvt0UazKJeS
atmos25_3334.jpg,1pr-ybk7Xcj17SX415nF3LdlbEfoVsozo
atmos25_3335.jpg,1lzvth1KP7v9CsY1ubBoFcvqK5L3mMquA
atmos25_3336.jpg,18SkS8FYcGNSncdln1CvELEPKOur82VJa
atmos25_3337.jpg,1NFhZyDEbNsguG2pJG4gq5-1ugS3ZBaLo
atmos25_3339.jpg,12Z2hIelJeDk1pgwDTrWqdQcrcyrcDiYA
atmos25_3341.jpg,12flR6MIjzlOmHVW4NAb0epp1mHMLGnFn
atmos25_3342.jpg,12aznPdlFWnbgUB2d9cOqO8UBqsFO7W5u
atmos25_3343.jpg,12nYV6ChFFLtGGiUUfGm3MXwnpsd-g9s8
atmos25_3344.jpg,12tmI41pPEmrCa57-rNraBsj0iOFWkzsI
atmos25_3345.jpg,12q17CGauD98YB1EVTjyleKs8r7gNWT8I
atmos25_3346.jpg,12zKqHQORMVFmG6HMvSTM6UiuSL69jSzM
atmos25_3347.jpg,12yhIW8M1vkA4MkWGWWT1sNOVs9POrZlP
atmos25_3348.jpg,131WmNO6rdbDUoUaQwY1IFrgKUeOXBx1R
atmos25_3349.jpg,136bhAAe-2dKuJIVwME8Xs54zkqA0J5nP
atmos25_3350.jpg,135yW83FQP-TmGLLiQPBInWbXJ9ujZIqV
atmos25_3351.jpg,136jGbdrCDHxbHM3PL_clYPpOWx0BnAxR
atmos25_3352.jpg,13AiDPMTbkJJYlSUxBKMssEeOwDhFbbP6
atmos25_3353.jpg,139jOl7xhTo-jXNsa87NqK6bzMJZpLuQU
atmos25_3354.jpg,13Arnk7OwXRw_0haGJ_lxSISvxQJDczGE
atmos25_3355.jpg,13BHXlXm6ebiRL6zzAViuEARh1IJfGk4b
atmos25_3356.jpg,13GxCkFG4SR8HoXjJzhlBcNE5EMfzUZmn
atmos25_3357.jpg,13FxCZ4hq6OLdwpYDmzYsjrZMRMxjbqMG
atmos25_3359.jpg,13P6n9SYrJhC4DUasmL2Mn8df82VZksWo
atmos25_3360.jpg,13RCsKcwdQ4-LFKeannfWm49LUn6v0gGs
atmos25_3361.jpg,13NBNPUhitqeVr9jKLplCwD8YMxGR0A4O
atmos25_3362.jpg,13U5CroS3A5nl148kGV1L-CIK0CDJBMkJ
atmos25_3363.jpg,13S5QIRE0PuIeCIFK8F_rZVhpoPoMKony
atmos25_3364.jpg,13YeW6qb6RACVnEtaXZeJ1-zIho8KRBzo
atmos25_3365.jpg,13LvJ-KEmHXEn9oCVauIf3QHlMG4P6Cgg
atmos25_3366.jpg,134Fuk_dfkBhtcuawhUUUi4Tvw9Y6srDe
atmos25_3368.jpg,13AtN7a1DqaQzosBNQaMIe9G44b1YzTez
atmos25_3369.jpg,13XndMJ7KlHGZJfeTEdWQiBu3FGOFQ5Aa
atmos25_3370.jpg,12w22C5AMomtygPldAOjjYEyBjyxME7-0
atmos25_3371.jpg,12xKMA6kLdWVPBU3FecJ0etQ9fwkMAJlS
atmos25_3373.jpg,13HL-lOFYoq3SdjbvbIs-dcS7WPx3zvLB
atmos25_3374.jpg,13LsL_UiHLFW8KMMuEOKra9KHXriiSI9e
atmos25_3375.jpg,1OLWF5RcxjKWQW1XVJNcIENUHdInpZ8XA
atmos25_3376.jpg,16mTVPQPxyV4x2OqJeO4gQYGZQNbQ3i7J
atmos25_3377.jpg,1b_lQd5ELXluvQRmRlUNPYBvTkz-oqY5S
atmos25_3378.jpg,1YrXBQrCfHN7lA750zKTKgTPYNHZUtXw0
atmos25_3379.jpg,1WSDGuLt5jQo54M04RWyGk4Wxedw1dwZj
atmos25_3380.jpg,1WYYyZ-rD4CPJfGpDPVGJhixBqCrRG_TG
atmos25_3381.jpg,1WW_EpHc0dM1qok19GU8y3zFqKhKZCMIw
atmos25_3382.jpg,1WZVxoPrFaL9yBYHG5eaa0XTIBeT87VlG
atmos25_3383.jpg,1WZQZrXwwxrE7n8LJMxnMeIseHFu-sz6-
atmos25_3384.jpg,1Wbl_zYiJhGF7kFLxFtZ8RsEXxjG0y5ew
atmos25_3385.jpg,1Wb68gph1fiRAJ9fd0mssTwMDaTh26RO3
atmos25_3386.jpg,1WeGsOsOzf1FeafTFb6ji0jGyAWE4riJH
atmos25_3387.jpg,1Wbt1gY92Q_IYu129WHtPfN2QnhT-XQkK
atmos25_3388.jpg,1WgmKz88aeG2ZhTRbOMTW31V9NgroTcpb
atmos25_3389.jpg,1WeNo6tBInAf0q2HdeHE4ciQY-1NK7iuv
atmos25_3390.jpg,1Wg4DKPbQ99s1N_P41rsk1dfTF4Yj2Fht
atmos25_3391.jpg,1WgS1ggOHdq5juZd-HWNFeefskkc-beix
atmos25_3392.jpg,1WksYUxRGHn7pC4Hz8blqqTnxJBDbOUhm
atmos25_3393.jpg,1WgvQdyb6QSRKvRtNM752gGulZEjYnmyO
atmos25_3394.jpg,1Wqh89w_8mDkn2lRYfvnAEIBgvdoIT4VL
atmos25_3395.jpg,1WpDeXJy9gQFPzXAqlw9TkIMNITi21nH-
atmos25_3396.jpg,1Wsd7Q6_aLGnR_osGNhk_4QRcp_qP1uGo
atmos25_3397.jpg,1WrHutWSMr3q5Gm-5H5dkozqplnQAqO7Z
atmos25_3398.jpg,1Wt3a3K0do-IthBbe9aGYWnLKVc1KZ0yf
atmos25_3399.jpg,1T9SoBpZReNs1fzvvz3Viu7xL0Dm92NW9
atmos25_3400.jpg,1T30Tf-4bXuXME2n_-zYSkmd-vHomq7FD
atmos25_3401.jpg,1TEwCzqGQUSA7RjsJReUKwkkUXTCKy4nS
atmos25_3402.jpg,1TCs3ChFbDf8li2B04SfGWeupw7xK1Tvj
atmos25_3403.jpg,1TFWdKvKre8r16-q2iVSzqpB9JsDovB2y
atmos25_3404.jpg,1TF3bdItKkqWeFcO9WLV3_eDTARiHxN0K
atmos25_3405.jpg,1TNWrhfgWQDEb2520nUapxrWyP57GdqQR
atmos25_3406.jpg,1THzIMXZ-WBXJyuQaVyOU6fx6Hagq6eQD
atmos25_3407.jpg,1TbGp8Fd8Z1uJYkVb0R5wSDr_sgjQ3KlG
atmos25_3408.jpg,1TRzmAdBdyYo63g39Hu2oNq6PmcmBmMIF
atmos25_3409.jpg,1TkgC3kZRV6ZXwFsmFDOwWb8Pts-kGc9p
atmos25_3410.jpg,1Tc12ot4ZkeYEdxpMbVcMpId_0vLYX5W9
atmos25_3411.jpg,1TzY5fo9EOxAUi02wZU_UwKR8aWKM9Sfm
atmos25_3412.jpg,1TzS_f9-_uer40HqVERWEq-ql1nsBAqMX
atmos25_3413.jpg,1UDd3Dyq2KyRTDirs7qwaH0O9KgCvQa3h
atmos25_3414.jpg,1U3uyPY3LGzOFXdXrWqp-w6o-8htaaod_
atmos25_3415.jpg,1UQ2FvY-QgUfTod_C-HNUTIUo8pNw3-BM
atmos25_3417.jpg,1UWefD5kiZjC-s0sEVzZglzhM6qV6F7aq
atmos25_3418.jpg,1UUETqTxCPQ1z-7kb84vTwHw1dubDt969
atmos25_3419.jpg,1UeMSQxCEvXYmByf1zMf7mjJ5fJKoK4Nw
atmos25_3420.jpg,1UWliSKOm1xU4gIm0RDcu7eok383FO4Wf
atmos25_3421.jpg,1Uk65Jsj0YMXnNxFMwETlYEPzfcxO-Hel
atmos25_3422.jpg,1UgP8ADYYCP2JoD_IJiZP3sFXVsUmDAOs
atmos25_3423.jpg,1UqFdakcemdPr2wDaImuMMjlWC-XgYvaK
atmos25_3424.jpg,1UngHKhs5ROsAKeombPswxZS9j6iW4SmQ
atmos25_3425.jpg,1UweJB2vOkcWsygtg7jPp6k-d3ChgchAY
atmos25_3426.jpg,1Ur6C9nz0-JVjy--k49R_PIo5iZjcM3Wu
atmos25_3427.jpg,1V3B5Hy7Pjm4W6R2KrSKbPNXVD-vxUC-k
atmos25_3428.jpg,1V-Dt8liHpMGz0c_uodKZOrcg58Uyn2Np
atmos25_3429.jpg,1VB9qX_HvJGuXE9OfUH5BDC4eW8ayvYJ4
atmos25_3430.jpg,1V462SP8uDT_ji7kMqm9KAudCobBYPb2k
atmos25_3431.jpg,1VNURxKCU_NVbsXXX5aQxpPiONviUTt3L
atmos25_3432.jpg,1VBLQnVLVmALOuhupwOpqHDGgv1K2g1AQ
atmos25_3433.jpg,1VVBMpHEtyf52CFV5hCG62xQJAKDi3L7s
atmos25_3434.jpg,1VU4W6NAP_4pl6ta2xJhKQpyvuvNrHpFX
atmos25_3435.jpg,1VRDaVvCGsEqbKN7I4GCqIdW1dxR8OjkX
atmos25_3436.jpg,1VWhexYAcLi4gMccL3rPvNSOfXxvQdBAP
atmos25_3437.jpg,1VVCR2LPuuJkaT3lObRMWjSmdDPEqDjBv
atmos25_3438.jpg,1V_lv85rJmWE2enPEPvoSstr441o4HWIq
atmos25_3439.jpg,1V_5UgJrL_4GxjAmB32MGBC6EA57MY1LP
atmos25_3440.jpg,1Vev8jGGZiUqlrXyYAJzIX_EpjMwi-zYw
atmos25_3441.jpg,1V_uh4S6_29QaGdoYI7SVkM--1mTRO6O5
atmos25_3442.jpg,1VmQDR9ldUUOYpKf5MwVLBluk8lA2Vhxw
atmos25_3443.jpg,1VjW9ga6BkZvgdBE_ryTQbC2qmA7wSA8L
atmos25_3444.jpg,1W21Wu_i3KjCBnf_7fJtnDUQAxsV-t6BI
atmos25_3445.jpg,1Vv2w41ctkS6oqU_76TAqdvFnE-y-XkIt
atmos25_3446.jpg,1WG26mR1oZtUROKMntAciBJx7nAH1DEJp
atmos25_3447.jpg,1WFVsQuJ-sJhWJpusvTkOZBy_raOfbP9x
atmos25_3449.jpg,1WL0BR2lqgM9WW5cCJaHvoXMLKHrnxObb
atmos25_3450.jpg,1WOXS-9E-YFsC97vActfUlMOfBtdgfvxl
atmos25_3451.jpg,1W_qxXlWusdO1E8ansXxxUdkXwtEgFWXl
atmos25_3452.jpg,1WNiKLY_qh7vddu7EXeC_i0Cx5bIgMLzX
atmos25_3453.jpg,1WduwkGmOOH-U4eVGSXHocbZaA9R13apb
atmos25_3454.jpg,1WS3UhxnY9XBH9h8_xs7IbWdz4nfwzUoW
atmos25_3455.jpg,1WfuOdigiXyLUxnG3c-w1c1zLgVxpY1M4
atmos25_3456.jpg,1WboRm2lpW7q89Pqpw_Scw4uh60yFY9ZW
atmos25_3457.jpg,1WfhY_SRdm6SduLYpuHDhstY_ElsFjQL5
atmos25_3458.jpg,1Wlq4pJwugpQN3kFsy4PZOlo4fIulHbe4
atmos25_3459.jpg,1WoU28Wp4vIwaLrGRGwxcaMf_Uvtqertu
atmos25_3460.jpg,1Wh1_0fPsjMcV_gdXS3tqnI7WBosVHNDO
atmos25_3461.jpg,1Wn3XF0CSgWHBw5yV3kxyP3Wtyy-ZZ3V3
atmos25_3462.jpg,1WzXnD-Celbr1ZI4zxEasjIwbvOoRyI8f
atmos25_3463.jpg,1Ww0eT3CZywq-u9q_sgEDTbL3RMG45d9G
atmos25_3464.jpg,1X52bSgoKVjlDYMr2WJ9NWBzBXW4H8KtC
atmos25_3465.jpg,1X6hll5_mRlTRGsDtgjtxwYWjeGPyQUo2
atmos25_3466.jpg,1X1zh9eEUepmTTNyDQ2J4xZc7lHazJQxz
atmos25_3467.jpg,1X6SLyfYRhFUD_pGcH6DFfSMbeufVp6NR
atmos25_3468.jpg,1XHyQRLQKfWylSCfCzfy5xC62CVe5gpt8
atmos25_3469.jpg,1XLUoUWd8HemIk-NWAyvk08bvlm5_5bmb
atmos25_3470.jpg,1X7PJTQ9fCCAng1uO2U9f46uWbr-wNFAD
atmos25_3471.jpg,1XK21uoudQdypKTZR92pVqA9b3P59KrOv
atmos25_3472.jpg,1XIEZuAMa8AqAOb8HhF5OXzp7I-U2Wr2v
atmos25_3473.jpg,1X_ap77Ky4DNsG8_UyegRxArLT4VfKuhk
atmos25_3474.jpg,1Xk_ScCEnoqH_F37GHqOnEB_LW7AeaHha
atmos25_3475.jpg,1XX2Et_xbfH_AuOBPw9Yvk44oF3BbeJqd
atmos25_3476.jpg,1Xmv-2GiYp0_12PVanwOf9dSp3rv-xtD6
atmos25_3477.jpg,1XiYzu_jedVBabaNWEBysoonzBeOK1htR
atmos25_3478.jpg,1XlNvPA8rgydZdEyBPPl98owvyqBtpzI9
atmos25_3479.jpg,1XrV28tFMhghjKbSIdSzyAP6gvQV-1sC7
atmos25_3480.jpg,1Xy-Cfo9H0PnhXKvADNY1rSRXe9TnmeOk
atmos25_3481.jpg,1XoEOPcwWtcXxxACxYJnasUke2oRsyD8w
atmos25_3482.jpg,1XrrTnEvCYqx5hICtOOVGPvcomM3n2EJq
atmos25_3483.jpg,1Y1bB0akfVQAo8irkMt1DBK7pDogImc_8
atmos25_3484.jpg,1Y006zvUOHr85QSoPc2CyVF4PH5552Hxr
atmos25_3485.jpg,1Y5f0W83LuXDNO51f1cJhTE7Lt7Czx59G
atmos25_3486.jpg,1Y2yjjqXxs0opvGlYYbXsALcgrnob6xX6
atmos25_3487.jpg,1YX8Ex3g0jm_nurcC6PnhCmP76fwNOVhE
atmos25_3488.jpg,1YDai-ug4ehVkpRSPleuAJIK2dD1WdHgU
atmos25_3489.jpg,1T2ltB8tbsSL1c5vYXs7Yq2K23gY2Xxk-
atmos25_3490.jpg,1IUO-faEvRIdIxAn_2LYJDodhRLXv-Y0n
atmos25_3491.jpg,1IUAAvioZGvwQknrFxf5Ku4hRoNnVcHx7
atmos25_3492.jpg,1IV9woaZO7-kWb2CJDwSV2zBWTE_URAOJ
atmos25_3494.jpg,1IWs7unwjhrEBBgj6A_64J1TzlpdfkbFn
atmos25_3495.jpg,1Ic8eEBN7x8UzKzjGCV0uLDdONjjkzOUd
atmos25_3496.jpg,1IeoZcDt0DynfIMq5oPfq9PDBQbRgdOoo
atmos25_3497.jpg,1IcXlUq2aOCHy51SiQG1xC0r7n4KgfrsG
atmos25_3498.jpg,1IpC2RBNJ-9QubVgyw-YpKtQGFhaf1QBR
atmos25_3499.jpg,1IiVWZqEwzKrdmWWxcW9UBZDlUDudKXtQ
atmos25_3500.jpg,1ImgHpxCmlCdd8y2E3GqbhXlAoySn7p6o
atmos25_3501.jpg,1JMJkpNZUE1qQFdOGkxTd8BiPG2JaeW9p
atmos25_3503.jpg,1JeLHj5MLqE8LswU9HJiuYim_TGtCsvOz
atmos25_3504.jpg,1JQ3PA_VlzVa6YfQnHcY0U5CvKBxZ5Jh0
atmos25_3505.jpg,1JgPGYXJVVKGN_nte4snxadVQaSkLkj9C
atmos25_3506.jpg,1JU2SkKnQmNxM8FCHc-bgHB2hnymcoCBj
atmos25_3507.jpg,1JhoBcrNrSvlHEJtXonLNHTMz5YNC--ac
atmos25_3508.jpg,1JzNLZ4ZuZIb4Wq2MyQ8TaXcEtzNknsNL
atmos25_3512.jpg,1KUAulMQ0k6O5L7ZBIfM015WeIllEguIJ
atmos25_3513.jpg,1KQ7acEIQue_nd3fcHmlYqHhlYq51oNU0
atmos25_3514.jpg,1L4p0w4yDkvnZ9m0vkAXncQIT9IfACNCK
atmos25_3515.jpg,1KeD-81Nk9gZfXUbGOjK5ZciBLJyQIiEA
atmos25_3516.jpg,1L5kVCjvhqGZGkQsFrsSFzWrMtsxAO-ki
atmos25_3517.jpg,1KaKZo2gFreRYJCvCgiluByl94qsFJO2r
atmos25_3518.jpg,1LFblhCEXyACfXiTuizmUGWgRtxzBnorg
atmos25_3519.jpg,1LHiKPmQC34Ig1L0CUP8j7QUs_o1GEH6_
atmos25_3520.jpg,1LNPntsifKppN5BhnLLyJTBoDAfuNWBj6
atmos25_3521.jpg,1LL4T-sHGIhPeHH9DFipaBHwZuxmtfzRn
atmos25_3522.jpg,1LR1_ECVOYhukJG_l1WftLai07Srgk1ru
atmos25_3523.jpg,1LT1Ko1gO-SLaXPisE7QSrLO30MhGJfDt
atmos25_3524.jpg,1LTr_-7uYtCGy0grN9O5ZYKlPCBw-1GMN
atmos25_3525.jpg,1LZq5PbrAgnX5JcniKuO5HuPFfDWcdajU
atmos25_3526.jpg,1LYkiunSpnJT2iAFfOEWIy_vcP6sk9-i6
atmos25_3527.jpg,1LluXZaSY9fa82M9yfuZczh31NGRYc-2Y
atmos25_3528.jpg,1LiPIRD11YdXjAzsX82-1qvntSppVzypW
atmos25_3529.jpg,1LvWLzfTzh673xaXnHVUTMWgEMEjWfgS8
atmos25_3530.jpg,1LvcloQ5oW8Ltt8IyABy0LWW1hTf045Ox
atmos25_3531.jpg,1LvnqzXIbtamYDyOUpM0eK0dcVGThjsxV
atmos25_3532.jpg,1LxX53OaFTnpNenW2z0MijKO611dKGuc2
atmos25_3533.jpg,1M-aJZyBiv5t5SZH6zU8T7hGoYhMEuxfP
atmos25_3534.jpg,1LxzjEKORN_50ZLytHLGHNy74q0yIZvhh
atmos25_3535.jpg,1M7KLZRPOa-d3NC34lN_cCResG4duNUR7
atmos25_3536.jpg,1M-b7eEaJLMnjaiNjkZ6SUcSvzgmKdab_
atmos25_3538.jpg,1MAcFD8qY1HGCWvdHDgo-QAt3WJ0aLxif
atmos25_3540.jpg,1MGoYgzsV4fdHp8lIqnMyhrzROPz9yNDR
atmos25_3541.jpg,1MLgf1fwVH6OyLAnq2QVTRPqx9YAXQsgj
atmos25_3542.jpg,1MgBZMZWQR4AS_5-cakXNI5yOy4kpNfo_
atmos25_3543.jpg,1MZjWYyCgnvtw8bwu7s3fIrUJkMkOqMTG
atmos25_3544.jpg,1MOYkuD7uxzuAENdq8fti9yHbDN6FoChe
atmos25_3545.jpg,1MKlpM0QwnezZ0LBF2ZYFQ0ezHzWLAVSV
atmos25_3546.jpg,1Mc_z1Lo0tKKpiebsbudJMWdr9jrVHZ_5
atmos25_3547.jpg,1Mmeikz6_bj4yZjbyuL-trv-YN3_sajtN
atmos25_3548.jpg,1MgjlHAl9sin62R6um-TzN35k7mzXtPrW
atmos25_3549.jpg,1N4AFYrQhD2jlIdyYrDwW3dEuMqme0ggG
atmos25_3552.jpg,1NA-3R3C98oIq9QDe5Z5Gc6zmWg9gKCoS
atmos25_3553.jpg,1NRAcla9DjUtMg6jClzPOsJcj7eLadc0p
atmos25_3554.jpg,1NSGsOw4yKPNnG_RnYyIXx-HIMBD94QYu
atmos25_3556.jpg,1NVC9T-EH8AqLSXtofG_qR1IfqWCVIIF_
atmos25_3559.jpg,1NjxrbeN0Zmk9GSe2E_YLf2pXREtT-ZGq
atmos25_3561.jpg,1O08eIM3nZwqlUf5n_R600rO_VnSVHNJP
atmos25_3563.jpg,1O1k4DqqBDE-D1-hCquVVfQOsfV2PO8HU
atmos25_3564.jpg,1O4qbhM9WBYyjqPoheGp1pM-Pgv6a4F19
atmos25_3565.jpg,1OB3b0wGOFmANeFotNknMtrnccexDsnjv
atmos25_3566.jpg,1OBO5bDS0zKE9D2J5qJpabjuwAXeT-3wN
atmos25_3567.jpg,1OF-0arnI2_HQtSacyNJB2QIgwFgBHcsX
atmos25_3568.jpg,1OLVzoYmDmRawCmKn1RGh7mivqgVxbT6Z
atmos25_3569.jpg,1OMhU2GPhNOK572BrvJ4o16I6-OS6_JWg
atmos25_3570.jpg,1OSA0DRZMON6OAsJwrN3ioCxM2qs5KuAL
atmos25_3572.jpg,1OaLEQeQFNDDOIZOj9x6U1-e2J8bf8sHg
atmos25_3573.jpg,1OVAacztTTKSZ_h9O0usUl6hkqpogIS8P
atmos25_3574.jpg,1OUIa33KH133n4bqpfAjfLbA9h3NnIq21
atmos25_3576.jpg,1OgcP4FdJvquixkCBMwtAyaOazqoDNTTN
atmos25_3577.jpg,1eXlcXhBrEMty30b3ldJdW0uNdmsMVhEr
atmos25_3578.jpg,10xferU9xGoB9NFKsYPBQaL9ELgjhNNbC
atmos25_3579.jpg,1FfMeZw3R9BAk2ydce1LpfnIp5TfX5Bup
atmos25_3580.jpg,1XG6ylXIf4oyj4yLuZOuvxzRrbiSXdaw-
atmos25_3581.jpg,1piMNkjwHmtBN1Y1hL3oMtX2jKTEGh32c
atmos25_3582.jpg,1wPzdB6urgUdt3IbEIC_iTW2Y11AlgmBC
atmos25_3583.jpg,1Vcb_Mz8467jhRQJCfKFqk1SeJoz-RSdN
atmos25_3584.jpg,1aaUMi1NsZThWnnPQT_P5lITFHeETh-o3
atmos25_3585.jpg,1elM-UC7yjQap8xiXTC_2zs99ipKLYXwU
atmos25_3586.jpg,14HvtGCRQdppTTtwNdw_5olC12M1A5RZ2
atmos25_3587.jpg,1i1714EMbxH0o_nqd4UPAEMRw-S5QDADJ
atmos25_3588.jpg,10afFGusqWyWSvrZ8bLbYy-f1FIf0bS38
atmos25_3589.jpg,18CHR2VEj9MazdsYMfyPW_LFBOfz-t0iE
atmos25_3591.jpg,1MnM6DT46h629-g4PI2iYsuOiY8KPM-q9
atmos25_3592.jpg,16pMhY7cFYlaudXFrHvCJvCrb0I2Jm70b
atmos25_3593.jpg,1mML1IO_KBOZdCl7gDU7Gd4RjhUmBr3Cn
atmos25_3594.jpg,1iJ_qmJzpPfWaZbsezLjUj1BKUcp3cfGN
atmos25_3595.jpg,106IDMhnzFrKscgGgYB1qfwOxQhqqvuA3
atmos25_3596.jpg,1N_Y0-ENdCoiGpAXeAFikENYkK2Xr8VvR
atmos25_3597.jpg,1gSAkx-ITyvSsM5slhNTnOjETt4uApYDJ
atmos25_3598.jpg,1ID1eBRwLWzjc4WnnUpv7QfCnyoJ8X03j
atmos25_3600.jpg,1UYiige0s-RyR74LEGfN1HuHOGMdn8DQr
atmos25_3601.jpg,1m01LoC8EjJeOXyoiqLYUFSN6N4S4OIC_
atmos25_3602.jpg,1BQg93Nrb9bKBW2VStJ_OwNFsCiWy9-FX
atmos25_3603.jpg,1B1MhClTu4RdrIU_QWHOiSb92Di7FNcZp
atmos25_3606.jpg,1lWP0yMQ3Kz_uFchOt6YNYbXR14E6N9lY
atmos25_3607.jpg,1ZQ0Go91DWgXMmJv4l61gsz6qS61XENXY
atmos25_3608.jpg,1trwJDrICoHL7TxhVRCMwSpmH6s4P4OBM
atmos25_3609.jpg,1tsFuFKJKN8YFqkvQKGX3HDvuMa8NQeBb
atmos25_3610.jpg,1tv6s952aA3rRr-va3mQhhRIxdaxGqvu7
atmos25_3611.jpg,1tryOg8zq_rcqZGcd-mRak_d-9iMDoSg6
atmos25_3612.jpg,1ttbNjpYYRqVdLghtAt47QY-JSCnAWppu
atmos25_3613.jpg,1tvg2E1sTCNH114-gPSnN5pgVRKFAdghR
atmos25_3614.jpg,1txv6BbaA1JZLV5BHwJ_7Sz8IgJ-laq1k
atmos25_3615.jpg,1tyEa0clx2PAHpZTu8c-72HT06KIoBUnY
atmos25_3616.jpg,1u-MJ2DbDNZliFY1Ne2JBuNAG3_xpxVK8
atmos25_3617.jpg,1u0daLzdeWCQRBzR1HACwUJyZEYmtcUS8
atmos25_3618.jpg,1tyAOi63gcn1-KM4BGQzJLpS36y-zIwQv
atmos25_3619.jpg,1uE_juynbPlmZjwSzXgfksY2YrUPlNfVs
atmos25_3620.jpg,1uDbrTXNCZVMycmwEhfh8ZK8BEEj-Rtdb
atmos25_3621.jpg,1uClQhbsHRWoHu_c6DuGuPGaP1N9A1dhk
atmos25_3622.jpg,1u7Siwn_jGXhR47ht7HubakO5OK7AqLtO
atmos25_3623.jpg,1u8TVBKSrI3k02flqzdDQqiQ444Zq7UNW
atmos25_3624.jpg,1uNIF_m-mmyQWqqVqgkXYbE-njq93qvLi
atmos25_3625.jpg,1uIX6gK5tWKKfDqc-1fIe4-7nUEt3I8DT
atmos25_3626.jpg,1u8B8CgP3gyIDqEmwRw0jrVN2EY8_Kk3A
atmos25_3627.jpg,1uFWf8XeCuaK7h48wEr5H1E1ZNOg5jrU8
atmos25_3628.jpg,1u6q3wxXhE44y0zCmlXeABeQu60BT3ODB
atmos25_3629.jpg,1u5WJ1u1SOkCR6Qf6vc5RhtSco4Md0cbY
atmos25_3630.jpg,1u1Jt7v36rCtaXXNnIDYAJt2soY7zfiyl
atmos25_3631.jpg,1u1qvMYQLLtTevH74MDTVTxIbQx6xvkc7
atmos25_3632.jpg,1u3KzZ3nTaTRkAW2ZpG4Wlc2pd0X4bZXc
atmos25_3633.jpg,1u591H3mWUPGPYQqciClfIWN2_maGxQVM
atmos25_3634.jpg,1u72bjd7zVXVzm8jB57T6LyVhF0-5RD5L
atmos25_3635.jpg,1tpLxrcmRYZ7Hp40aCO3HMpkqYFPHUmiL
atmos25_3636.jpg,1tp1_jOcdS4Ek0sYgoqGxLrlBmyLs6sIY
atmos25_3637.jpg,1tpOaYbb3crf0-0PW7rYcq3Rzfz5_6rsl
atmos25_3638.jpg,1tq_252igHyxoPNbTxptSF9DGo2SGb1rs
atmos25_3639.jpg,1rVBcVOhdOIlFEQWqPEUDAOdA8CcC8_dO
atmos25_3640.jpg,1rVgya3ATCKbozgpQR2J1gPORqgYn4zMT
atmos25_3641.jpg,1rWYHxC7qs4c0PV7pMVds1L2lsXQHAaCR
atmos25_3642.jpg,1rXE5JIGVriEEBB6Fd3C52TaPkWxqcXUp
atmos25_3643.jpg,1rXZuSL0vqGbhFdLPaak7GZQsLEKfX9eN
atmos25_3644.jpg,1rY5cAP1evkuAD1FD3d_0T0Zl3i7T__7A
atmos25_3645.jpg,1rZ5RnLU2DUciDXFi77C3CT65FGBVF2m-
atmos25_3646.jpg,1rZyPTfOuivvWfb04yAo0Na1_JxALP5jO
atmos25_3647.jpg,1r_05mFpK8A6S9zqlbisXthOElR6dqWWm
atmos25_3648.jpg,1r_4hNUCDNiipZLkjk8qncAMh5SkZG6g0
atmos25_3649.jpg,1r_f_BmGuq2Rg9nLNvioQoqX0nPM-0pSi
atmos25_3650.jpg,1re0RFKjRcqSon_TCDQ53Nva5XJKEiVD-
atmos25_3651.jpg,1reMLlzNGsdADSGJn1UvH21y5OKuHVCGZ
atmos25_3652.jpg,1riTxtCuMKMfSpGlQAvAIM9OlsUXwwtAJ
atmos25_3653.jpg,1rjMpIg-EtUJRI8coHuSwb1lZp8g3vqpr
atmos25_3654.jpg,1rjuUibGWswsLdQUjhWDQUJ-Nu-kTn103
atmos25_3655.jpg,1roMbiinJVCMt4rJ3BVOaivakajIM8cud
atmos25_3656.jpg,1roKCqrK81vaxTG6MdRdiK2IUvzqJv1Zv
atmos25_3657.jpg,1rp7oNf9FmgyrKen0K2sCv9lQZH3UXYCn
atmos25_3658.jpg,1rqGIiVD1-q3tMcOdshGjt05Lo2JJjf8s
atmos25_3659.jpg,1rqGcmn5J71Ukm3OPCZCP0qG4vmdabCql
atmos25_3660.jpg,1rrtlah0Hg0_FF4gDx_QhdC52M1tFXx0X
atmos25_3661.jpg,1rt0mTHr1JyL9EZqO3OVRywo3kvZx0RrR
atmos25_3662.jpg,1rtW59jXqjqd0wAUhf4IE2sMj1RuF6PvJ
atmos25_3663.jpg,1ruKJyDhOBKf54Q4JFf2vlRfofggUGrBH
atmos25_3664.jpg,1rvc9TzbT6ypCxJz7OYUJvpf00NqVDLwm
atmos25_3665.jpg,1rwCVGnlby6GIZqdpsywB3tqW1KL22cOF
atmos25_3666.jpg,1rwGxhONuUC03t3uOlMLUUikEFJK_7U9e
atmos25_3667.jpg,1rwvINzUL3WXyM77T_7IUkWREvyQU4fgu
atmos25_3668.jpg,1ryc6K-a5AMC34-DifjXvIO-TtTksrs83
atmos25_3669.jpg,1s-YnNAQXSiC-gJccbSe_k04sSeoy4R4o
atmos25_3670.jpg,1s00FeJxHtRN689ZNJWsEdl1LgVPIZVqj
atmos25_3671.jpg,1s1QnBQ-hRV5J6Yq-ZKUOnc5OpN5JcJx8
atmos25_3672.jpg,1s1TrD0_qXLpE4VzAugl-emofW2A4-W1c
atmos25_3673.jpg,1s2iGyS7rNnGJRP_PMC_XCmQ6-EQJm25U
atmos25_3674.jpg,1s3zISQ5fRXxVmlXDyyyvTm5UvJcSw8Kp
atmos25_3675.jpg,1s5DbJ8h5SFcI6PIXU6CHC3uHqw-B5V0u
atmos25_3676.jpg,1s5W1Uu4OXrPDsM0wYdGHO7MbyEmA266C
atmos25_3677.jpg,1s5bSXcuxTHLzJWJVibPY3X3EDY6_LSqu
atmos25_3678.jpg,1s7hZd7VDWEfVh_fI5IESLBe8OpogjzGt
atmos25_3679.jpg,1s8h4PQ1G25XClA0fbcwkVvVkaSJek3Ro
atmos25_3680.jpg,1s8j1roQtm8Ss_EOpvlWQEcsD7ADWLfI_
atmos25_3681.jpg,1s8jqKR9oJu76Lduq8CFs_Kxzkxrr5gN7
atmos25_3682.jpg,1sAA6I78OfjCJn9YWHd2Igp1eQWQQ7JOH
atmos25_3683.jpg,1sC8yeust1523j8mIPWHhplGY9wgmme_4
atmos25_3684.jpg,1sCbtrPpl5PRRVCjaqYIfEN1lqirdBrzc
atmos25_3685.jpg,1sDLhTZ7AvUw0m4SuW9Vg8rOl0BzJj7mP
atmos25_3686.jpg,1sFuQ-5JchX448xSwcD2Jfz-7vOrX8O2l
atmos25_3687.jpg,1sHcOdy252s2ZY-OpZtXt5vURjifzppG_
atmos25_3688.jpg,1sFyhOaWnySRc0yjRQZ79WeCjiOVanTHa
atmos25_3689.jpg,1sJj8JhG-agKMsS89T0G3QmU0Hai79BUt
atmos25_3691.jpg,1sJp0QKJZL1d-t4IbYwhVTqoIYL9shSD-
atmos25_3692.jpg,1sJqRr01dknZ91wGZecLTbOAuBDHR78ps
atmos25_3693.jpg,1sJuaBpjly_qzwSwSL7FDmq1tF6nMiCeo
atmos25_3694.jpg,1sKYeeGz4Zj7oadWnhT42eIyglFi0JMNV
atmos25_3695.jpg,1sKd3XH1MgeVSL5iscFI-rIdwBTehLGsv
atmos25_3696.jpg,1sOwslWbeK8t9oVH5-O8dCwI72QmgI_oF
atmos25_3697.jpg,1sOyiANuYPFBcW04BvcDyiYg_yPGpPffu
atmos25_3698.jpg,1sPPEr7ZliVgMjq2yMA4SFTxSDoQv7syI
atmos25_3699.jpg,1sSRI5-12E0CsDzu-wsFDW_QNht6GvutN
atmos25_3700.jpg,1sQRf_l1LMDpI36OeW4BlT_8JNGlWN9bq
atmos25_3701.jpg,1sSWHZ32n5uu-Q-P98MlE6TWAZ0jMReqQ
atmos25_3702.jpg,1sT4P_-zFrr7pQpIztSmR7P7ZI7QO4m7Z
atmos25_3703.jpg,1sVtfJF21xI5KkLxnieQNjVo6wYCsGcop
atmos25_3704.jpg,1sWebudObbjcYTPXXiYY1UWfe-m79mkSO
atmos25_3705.jpg,1sWeMTHXh-jIb7iS_Pdyn-4YegvRyQd7d
atmos25_3706.jpg,1sX4MZLt4hfKRYuJr6Mv6IiOTVl068SuN
atmos25_3707.jpg,1sXw4rdiW1_Tgx36kv618jKk3yuxS0tRt
atmos25_3708.jpg,1sa2MWefjZTiwgTIdXcHt1Th_YVlZVR0t
atmos25_3709.jpg,1sZ4W_hmtAZ-IGIAef2vHC2bRQTiSkt-8
atmos25_3710.jpg,1scNH7S84R0__zz11muJ2sugW8WfPQDlk
atmos25_3711.jpg,1sdcRhptq7UVUSuIURKAVBXnyh0lGsW88
atmos25_3712.jpg,1sddiiZQhrMUzs5nNkSyDElQWEzuxCbYS
atmos25_3713.jpg,1seykRl9ojpup_KH2XUMyEACu8F_HIMNt
atmos25_3714.jpg,1sfGk7YncaeSvhgjHSqS1hFVQFD7sN8qu
atmos25_3715.jpg,1sfaYDqOkj2RgWzziiwYTB9XtL_PhuO9X
atmos25_3716.jpg,1sfwfNZysNsbG7il_72_mMPsdV_ezaKNK
atmos25_3717.jpg,1shZK68Db6uTwwc3v_0sYu_eIGAj4U1Rx
atmos25_3718.jpg,1shigd87GlcQGBaxkiAbapCqz0bIkYchz
atmos25_3719.jpg,1skEm19tBV05t58EXoWYl6RJOYakyKJ1c
atmos25_3720.jpg,1skT2w8PFPV8WmTwK1QrHgYwbcfYOF8dy
atmos25_3721.jpg,1snReBQDnvgAdSQG6G0vhElGZlLHxoZAL
atmos25_3722.jpg,1snaQGOL9yis9oUKW_ZcppGltbUuEbVLj
atmos25_3723.jpg,1sqj8kVckwYLVISImfDQIuek-FSABiZQK
atmos25_3724.jpg,1srXIDHzVjlB7GQo0h1rhJhwctwYq9lf-
atmos25_3725.jpg,1sraV6-Rkk3NGHFc0PqqRwbuwAhIQrdS_
atmos25_3726.jpg,1srgRKe4Zidd9e6zZn1bPQUhhYdeQQlbQ
atmos25_3727.jpg,1stIHjUlyIcLpJK9BhhUzXFptYnPzsesV
atmos25_3728.jpg,1stwjejTM-uj64AJylvrbzW3_YiNkpc9n
atmos25_3729.jpg,1suO-nz8iXHTR4eRGskCGWBPQKwv_ruRc
atmos25_3730.jpg,1svJ2dbDa7y7_D2nQlnW6q1OPYE7Vp1lN
atmos25_3731.jpg,1suj5wqpBB3gwmR8audIhf_11P1Jf7jO5
atmos25_3732.jpg,1svvFjM4lyR_IeDAhGx5Fnk1TZMy-6hSO
atmos25_3733.jpg,1swnCbFIsVyDklOIizHu8w_XSbeM7FwEn
atmos25_3734.jpg,1sxUPznrgnIGIBvadYFulX3FFutFExBoE
atmos25_3735.jpg,1t-gCC6kS9Z4CGPHPkRdj81PfbtGf1B8y
atmos25_3736.jpg,1t-7x43XSTDS3kXheUWBQZQaLK3Yq5UlV
atmos25_3737.jpg,1t1VspzxwPPkWQaa-vq6sLQmjWzAJqhqi
atmos25_3738.jpg,1t1aoSNkRDFPlBykNsuMXI6R2nxCoipwZ
atmos25_3739.jpg,1t32KVXxzpJ59C2VgXn5HSjJyHyN0EZXA
atmos25_3740.jpg,1t37hoT-SqpAr-OIZmrPG22URU1AgpTAh
atmos25_3741.jpg,1t57RNPOCWu6EGfR1knf_uVYoK7phmuTU
atmos25_3742.jpg,1t6jEmMYoODjbS0_6BDqIYJur0WuGOXVC
atmos25_3743.jpg,1t3OQRjbtCydf3OXSZ1WvLEs0k-WTA7WO
atmos25_3744.jpg,1tAN-ju0XrcBeoy0TuowqzJzwdrV_3wm6
atmos25_3745.jpg,1tC173YGi4sQLWYeDftObO6a1EJVshGDF
atmos25_3746.jpg,1tCYqPpuyZ55_B3aZyXI33-CnIw0SJZ3A
atmos25_3747.jpg,1tD6f_qQNMRokW7sDVF3YjjtMZl7koBu8
atmos25_3748.jpg,1tFwhRxVy7a_T4StPsE79X5eGdd6oTwZb
atmos25_3749.jpg,1tEq0Q_b89SffAXFK6_pJYPIsg9d5Hwol
atmos25_3750.jpg,1tJ2ZQNGt5-XQUsWhaXigfRfopqZFLG-Q
atmos25_3751.jpg,1tISi8fD_ENb7rUCuoP6VaSPqhd7Q_Zms
atmos25_3752.jpg,1tKB4MOvYVzzn6Joj9TEDCGQ_9HIKbggC
atmos25_3753.jpg,1tLhEwwTwiOlvuQfSA7e-8R2jYaGfJgjp
atmos25_3754.jpg,1tMK1-PD96R8_GFcBgQ9tgWEBbeJ7ABIG
atmos25_3755.jpg,1tOET6NNrc7esCA8iUC1X05pSQQGH38wb
atmos25_3756.jpg,1tNhFT9lH1-eEloiOIrJJlp73elee__Pf
atmos25_3757.jpg,1tPS2YiWdlhN74I2Us5gpxMBPUOgsaMRc
atmos25_3758.jpg,1tPWKZ2tvbulc2f-qpdJVy1WuObXTVC3Z
atmos25_3759.jpg,1tQ-uzDHY5_0JZFEBvNysxN-UPIT57wQu
atmos25_3760.jpg,1tRR4IusgZDGd-i4LBf8w1_g_m1nAnR51
atmos25_3761.jpg,1tRx9yf_HyXoJHGPKTG5aXONyU_YdXdw1
atmos25_3762.jpg,1tSy1w8V6_h_tEW2hc8t4u_mzUIDHQ9vI
atmos25_3763.jpg,1tV6mer4S43BkstyEKSlX-Lj53mZGx9jt
atmos25_3764.jpg,1tXCQivrAzV9y2cfRisl_DhOKRpoE45mw
atmos25_3767.jpg,1taEnVwkusopnAFSEHP6lXCufhnr8ZJVy
atmos25_3770.jpg,1tgI7xUNlyoDA20WDYmTNcqEJo6dOJ3js
atmos25_3771.jpg,1taM4wHHBgwLzm2WKlH_GPyhOIiDWupns
atmos25_3775.jpg,1tgZKFZ2PjTK0nuapC0tqWM80oBeOfoYi
atmos25_3777.jpg,1tiC7V_KZ3IJNRRvt8QysMHvBEY9ivRsr
atmos25_3778.jpg,1tjLIEMfTqC8z_EZvQVhIn_GfpgpXb9En
atmos25_3781.jpg,1tk5Rf2x2GQBJKgH_f_1Nku1QVhfZQoJB
atmos25_3782.jpg,1tm7dfCyvjIhZCt7f5f3mjvUFd0t7z_Lk
atmos25_3783.jpg,1tku7dSmaroGgG6EjeKDkEDYLE7L7mIZz
atmos25_3784.jpg,1tmo3iCsBmlpJJJiKeHCC8X1cEV33igOf
atmos25_3785.jpg,1tkCbjin_woGp3BZtjyu2oEneCgzj-og2
atmos25_3786.jpg,1tlXklXTZXoDMUhBu73nMOTir_rLFUZtf
atmos25_3787.jpg,1rU_Xbi8DaJ_37D5nLCgFOAizM_Rigxif
atmos25_3788.jpg,1tYBoIWevHwE6IODueAewbJwMEwxi4huA
atmos25_3789.jpg,1tnFn_EVovwGkHm3AD9Q0WPBqi9Fru8Rt
atmos25_3790.jpg,1tnWqi73yl6KJ-8FI6n_EDtO7tK-iYsyj
atmos25_3791.jpg,1fLiA7krFSN3v99vy2uCKuPdW0cMGU6Dh
atmos25_3792.jpg,1fM4GSEZMHYtazgnJECvRGY2ZyyQ27ouq
atmos25_3793.jpg,1fMxdh-VtHR5nfmAzDL9PHR1tdPc_XodT
atmos25_3794.jpg,1fPi4bXxC2z6gTGz3tYCwvxzTFXPRLoYr
atmos25_3795.jpg,1fNwf4J4HSbVwV9U-CCjkIRA-H-aTa1lR
atmos25_3796.jpg,1fROVy4PhOirZ3Kqyvf__zNoDUcRe7Znv
atmos25_3797.jpg,1fTQxXnaL_ZCfXeTztDyb3gK0sR1Z1AMN
atmos25_3798.jpg,1fULzIRlJ5vocFLwik87ol_YOP9CgLih0
atmos25_3799.jpg,1fVNkF9stHHylef4hANCqcwIT5rSqNxQb
atmos25_3800.jpg,1fTk3LCRhwILroNRqxl4Q-tKW6lhdjtYi
atmos25_3801.jpg,1fWU_T3TmftNq-89wRkEaMAj42-n4V2bm
atmos25_3802.jpg,1faTQlXt2alHcFrfCquo0bbM9tLSoiGzP
atmos25_3803.jpg,1fhFISmQGXC8VHsM5HknAthrMljRTGtN0
atmos25_3804.jpg,1fk8raxYIaTR_LOQ5E8JOO0QbrbyYW_-h
atmos25_3805.jpg,1fptvR51Hqxa2Rqp2I9F1Ip5kTj8CcBlf
atmos25_3806.jpg,1fqwklCHQxqY1-WbBsKRTfgm-LgXX5ldf
atmos25_3807.jpg,1fsI8lAsJ9Nf90RN1sE2meBUrmRbp3i82
atmos25_3808.jpg,1fv4CfYxH3fiwAhluJE88L3A78_-R4y2j
atmos25_3809.jpg,1fwx-efuoDeO2sLlV_EUykRMQvkVSe4oK
atmos25_3810.jpg,1g1Wq1poF2johjXXTeureFekOVbgHPxKn
atmos25_3811.jpg,1g4wwmH5bYb_0TqI-ZQ6mP2M_7bNxHaJm
atmos25_3812.jpg,1gAXW7rFC8YJgwmxw0fq2jOzsN966MFa8
atmos25_3813.jpg,1g7OwyWkfnWKSVe_1fi0dbL5PNFIxNyza
atmos25_3814.jpg,1gBHb71AfpzsQM1f1NO8HXG61uJ1jrN9C
atmos25_3815.jpg,1gCMcJkQAntIoCjbI74oh9edMPTb4MWIh
atmos25_3816.jpg,1gE9fHAHCshicblYb8o3MY-HqGPTYbCBW
atmos25_3817.jpg,1gDF5x6RvTmxHJ3ZXriW3-bi2OAKLILfQ
atmos25_3818.jpg,1gEsaL0nHhKU8KbstTrU9nVVxTvmde01O
atmos25_3819.jpg,1gHSorxpF4p0K-dk0yRfcbBAirKrCD46d
atmos25_3820.jpg,1gI66v1xsPJx4fo65Xp45YimRq0MyYv3J
atmos25_3821.jpg,1gOYmJnhklFeHsOoDgym9H1r-mNl7JQdd
atmos25_3822.jpg,1gUGvEvw1DPx0ljl8MW1z-pgxccI_yPB4
atmos25_3823.jpg,1gciuFfeRg1BO9Tl22TyKRuWJDSvxKO0q
atmos25_3824.jpg,1gaiFhTe6VVxqkq724hoGE0WBtHGPHxJd
atmos25_3825.jpg,1g_VWXLbymUSrpYmWN1pi1UE3Qpb02pbE
atmos25_3826.jpg,1gZgMevv-LzqgCz1movafTq5lPXbNzpPS
atmos25_3827.jpg,1ggcO6mUOXOqmxvCwMAxZs2f6I8vd9fPR
atmos25_3828.jpg,1gh4uBna41crOCgKY_oQxsMMpxt3t7TJj
atmos25_3829.jpg,1gh65B_uwbF-rMgplNE6v6ae4WZ2FTmAq
atmos25_3830.jpg,1gjGK9ZdgtTGolxwjBXy_4CqCL7dP9U86
atmos25_3831.jpg,1gmu4xpBQjTXTfN1preS_MmDA60e7Yubq
atmos25_3832.jpg,1gn7EhMxBwcW9XhXoYGKwSkGLjqDc9k10
atmos25_3833.jpg,1gp6CvZlMyKhuCjNt7w2enh4B_fmhlR5G
atmos25_3834.jpg,1gpXQdhbCpoSzJXlOjuzgef6Daf9ODOp4
atmos25_3835.jpg,1gtqDsOyVQJ8z7aQX-YcfKU1BvYez92ih
atmos25_3836.jpg,1gz3_rCzp2QijDJu9s-9zIAAsrA3jf1bq
atmos25_3837.jpg,1gxEjSkwK0-GDEDI4Jv15cDiHNamsaUmD
atmos25_3838.jpg,1h1ReK7FDA-kkIRQ1CVKy_IkA0XeX_TCj
atmos25_3839.jpg,1h7_QSKafOGV2I-ZTzP3Tm3LZ0c1EZEnD
atmos25_3840.jpg,1hBuLQARia93BCMM7Lbg-022pMX-3wmld
atmos25_3841.jpg,1hFJcFUgRJhvR1dbC2sGTUWicO_77Zv0Q
atmos25_3842.jpg,1hDYMK5sj4RkSg7tfSJN8Qls4JytVVOmz
atmos25_3843.jpg,1hFtSnCdZTwCgO6Iy9ddpYOcjLSjG53fc
atmos25_3844.jpg,1hMI4CGJ62epPO2bg456chnjn3x0llpPg
atmos25_3845.jpg,1hLuHzJlQcTu86PSGSPpUBZf2ZDPjhmXi
atmos25_3846.jpg,1hOASBwsx-aflvQbu90SuJPZNIvYROS3S
atmos25_3847.jpg,1hTgoiremMR53_hfYqtpoKoYmqSATwh16
atmos25_3848.jpg,1hUArjlHRRgQBnnWykg2xbevY9Ie9t_mf
atmos25_3849.jpg,1hUfrqtHOAN_VwM6wnJsu7HD6Of2an2Qa
atmos25_3850.jpg,1hZH0PQLLwvO5mEb-MC18pRP_T5lWjPO7
atmos25_3851.jpg,1hb8GEt9J-4rvl86rFYCHdXNpJwJ7G8FP
atmos25_3852.jpg,1heyC7GbJNMt4_JMOglBlyxmpF9DllObu
atmos25_3853.jpg,1hmef-B2Hy0Ue3lN7YiEZhLwbVGHjWY_A
atmos25_3854.jpg,1hrIa4-5BWUdckcwVNpPN3y5Zx2GPg4VP
atmos25_3855.jpg,1hshN_jk4Nkex-_lRtjkm1MrHihEkZrfq
atmos25_3856.jpg,1i1eY2qPbZp_klCBAfNtf9zaMGHU8NyVV
atmos25_3857.jpg,1hyLXRegwDczPmO-kTy_COaW-TeeX9x72
atmos25_3858.jpg,1i4UHiWub5dnuzuYKuptBWnFs3yVmOd7b
atmos25_3859.jpg,1i5moKdOe18puNBtqYXBP8K-EbNG_2qdL
atmos25_3860.jpg,1i6l-Q7_62_cGU7Se-lndXDSxGlcNsm1T
atmos25_3861.jpg,1iBsFY36Tnfx2CGXtYmzvpZsIbGEMcK5k
atmos25_3862.jpg,1iAvN9SRrcrfubAAkZHUUPZDT_Ds2KxR1
atmos25_3863.jpg,1iHNR-PUDpXNrwM9cxsN1W_JuJk6HLFCR
atmos25_3864.jpg,1iSupPLWzx6DNS76heWw1F-fnS8pfnE8J
atmos25_3865.jpg,1iRWZIxgKOfG41axZmGzbhqcm4ivG_g6V
atmos25_3866.jpg,1iUlNSZG0RWP06X4L3pNxOdDBKDZVXuj7
atmos25_3867.jpg,1iWe7o9Ixn8lZGinZCBhMUAWcjTO0z8zb
atmos25_3868.jpg,1iaLsGedZ9QpAVbaFO75MV8yglvKN8EtW
atmos25_3869.jpg,1iYTvjx1r1WTHrdOM_w987NUzDEoweSkV
atmos25_3870.jpg,1ig_nW_-0A-qpDccYfj5F8Y7AHSZGXifm
atmos25_3871.jpg,1ii1mwPeO0OxPra7FUOZZIHxU5qM4PBf-
atmos25_3872.jpg,1ikqaKcD7sqgkrGSGreLKp1V-E_t1zfiq
atmos25_3873.jpg,1ipmt_rqNFVaZNdQlYhoIn9eMw19LLMPB
atmos25_3874.jpg,1ipwGKuklEGeY-L-cgSEwt31J76kEufvx
atmos25_3875.jpg,1iyTl8BNa7r0FO8W4eFTn6NacFUFu56NS
atmos25_3876.jpg,1j3DSxOU7QZ04nsk_pNBJ2v2haI7hGPUs
atmos25_3877.jpg,1j6Tqg3ZagwPb9kXylgYp_Dd5K4Bzck0t
atmos25_3878.jpg,1j7mk2zTlOlxXFz0zpAVtEDeK54UMXNuB
atmos25_3879.jpg,1j7p9HDCH-JCGxuWrBQu56f6cqrxviIrW
atmos25_3880.jpg,1jAhtmJ9-pVbQud1i8AJCFwMJJh3kcptn
atmos25_3881.jpg,1jDiCtHpcGexiZuYH33z2Xy8ELfIEDc6L
atmos25_3882.jpg,1jDjcvC-ECHhFAbfKJtyQKF-RG84jBHJj
atmos25_3883.jpg,1jErEJsZTJSirRy4pLnGVZEo5h_W3DOPW
atmos25_3884.jpg,1jN2X_HuzWSsw-JcxDjqjcEmVwIZr0fA-
atmos25_3885.jpg,1jNlKJvgMqa3R_IS6RjbDmK7ktzptw0yX
atmos25_3886.jpg,1jS7JZCiXZZ1FzaF25p-0JBhkr0dBkk8v
atmos25_3887.jpg,1jU36waBENBeP8D8YYrcA1IzynB7292ia
atmos25_3888.jpg,1jW8Q61KPdA6Nhash7XNtcf-KHwizDQsl
atmos25_3889.jpg,1jXIt47ytQ4x1kvhWx72fkmYEr17ALlwI
atmos25_3890.jpg,1jZaY7xkwoBFSHH4qwxOrIlqLT1D6Wkh1
atmos25_3891.jpg,1jbH0mKfjeLQB13c-rOb4WgE2XtN8xIxE
atmos25_3892.jpg,1jcDGOQfY7wFDQZhUtEsFSgU9C8r-_rg_
atmos25_3893.jpg,1jcTC2TwTLeYD6cODlW_1Y4m9V468EssV
atmos25_3894.jpg,1jdchNfefoSJlP3QipwSLbPhB9rx7DDJb
atmos25_3895.jpg,1jdo1tTDahcCfXLzTp12RoUAxcv-3yqEq
atmos25_3896.jpg,1jfPA3MG0wM6pddW7O7_bIA40t-X9Vgpt
atmos25_3897.jpg,1jk6NQ6tkOcZ6LoXyFgYbLmakZrkVT7ED
atmos25_3898.jpg,1jlXFSGpa7gDKnAs78a2-3e2-3NWD2R5S
atmos25_3899.jpg,1jm1lqUy5vdXn3Q1rHzCzcTFH6kHyR4fm
atmos25_3900.jpg,1jnJhaRSyL79Tj6i_EerelUwWjZXu2NNt
atmos25_3901.jpg,1jnlT42nJoAaB4ejutPNf4b8k-wTbfR4X
atmos25_3902.jpg,1jp1nxUVU_gvfqFm5eCSw3jrYOXy4iFlq
atmos25_3903.jpg,1jsHlE0BWte2P89SA7KWgThy3VlqMWkkv
atmos25_3904.jpg,1jwkZBaInbRSPi-kd_iCMi3fiwx7EbyW5
atmos25_3905.jpg,1jyLQx6kdV1LAG-aHqNmqgk8j1A0DWK_j
atmos25_3906.jpg,1k-TVBBLvnMAwVXdsu7i-OztGkj5KyVTx
atmos25_3907.jpg,1k0K0GVeFWsJrhO4pJ3TTDMPqgk_ntvkL
atmos25_3908.jpg,1k5hVDPRdyAAEQaKBNCzUT1g1T_QWeUGV
atmos25_3909.jpg,1k7FXPFQq6hFhzck0GyX2EET1rUu322fO
atmos25_3910.jpg,1kAccLQl-WDCN7mNA-WoxeMxl0lSG66hP
atmos25_3911.jpg,1kAdT6qU_akUhdTU3cT29ZLFrhVj_xNFr
atmos25_3912.jpg,1kAquKtc63lZvC3CGQ8VEIzlbRAebTTvP
atmos25_3913.jpg,1kC9fkpSS_jMc3Ii0szuHlPssuN82J9u4
atmos25_3914.jpg,1kChOBC46Tn3qptiXyjs1DqyXxBiC6H3J
atmos25_3915.jpg,1kDLgBF8LEZculikvjVPqMicI1dMzWklr
atmos25_3916.jpg,1kE1TObst6U4iWSEfcxxHzbzajiE9js-p
atmos25_3917.jpg,1kETMz4Kat-RiH6WFQsZpBPgI5AIpbKvx
atmos25_3918.jpg,1kF_B_mQbZZCjY74VL3SfPu8_NSruRTD3
atmos25_3919.jpg,1kGxeu04i2QL3nNbyyNNBQXrcJKtnzurQ
atmos25_3920.jpg,1kMhZg8IMQ1d17uMYvGLhgC3KH4BFpvwA
atmos25_3921.jpg,1kQjNY7FcaU1aA2znHAFu0sv3tJVNWawK
atmos25_3922.jpg,1kULvphsTXXS8Tia8zrB4tU4s0xa7mIPn
atmos25_3923.jpg,1kYBMRkvEF4ZiquNKn1hib20C_dtykJuE
atmos25_3924.jpg,1kbA139dDNJ-N45Hw0D9DvIst59DNWtUH
atmos25_3925.jpg,1kZDYA75y_WOvG3tM1v0Tn43O9-CcOvU-
atmos25_3926.jpg,1kbL6k5Swl8AxFsiivYffFbOSOa5Jnc8Z
atmos25_3927.jpg,1khQ9Q4a0GalKsNxg7Sap8SqZ0DPu4UE6
atmos25_3928.jpg,1khWzHkOABbDebufEj5-PIDuAOT5-LRMd
atmos25_3929.jpg,1kiMFBObqcLzN_dXAffraIP0ue2NDqEI0
atmos25_3930.jpg,1kiNq5fjNLefEZmCKZKx8eivGSmbZr7ln
atmos25_3931.jpg,1kjvWr4Wtdkot1zo_CIuSWy-m9lQVsdPB
atmos25_3932.jpg,1kl03kTzqTGv44xAw9sJxPRzCXg3-uIED
atmos25_3933.jpg,1klx9r83N70bgIw7oLz2vgypFSiRN8rxi
atmos25_3934.jpg,1kmGF8TbVtF2619-Cy1ZF8HOeUiajs5tm
atmos25_3936.jpg,1koptW2XwnJ_SK1uP_WnVbXs127qJ5jFz
atmos25_3937.jpg,1kqXeBRcxKZjVMaVgwReRfNEDXMt7nxUG
atmos25_3938.jpg,1kqrIn-ouKT59xN_u0OPOekQr-L5wtQdV
atmos25_3939.jpg,1kscWXTo7VqcIfuLWVYccalBOlq29tpmd
atmos25_3940.jpg,1kvCMOD-U7SDnX3uxZBurlEQ2chjxwDR3
atmos25_3941.jpg,1l0UTLTtFQpVCSwFPykraSwd91ZpDvvK9
atmos25_3942.jpg,1kzY1QvLVi_toBxWwBmoa9n9aym0fRoiU
atmos25_3943.jpg,1l2f7iIrTwdp4twN2ISLTpfYidS7I1C4f
atmos25_3944.jpg,1l6LwEmspWxxxAfFZhayhcntTR20IRC4d
atmos25_3945.jpg,1l6ZvcV-y5mGSIjYdZ7wxJsEn258nlVlt
atmos25_3946.jpg,1l763GR4EKAjLl-YeKu6fa1_PMtOklKR5
atmos25_3947.jpg,1lFNYo46nLPfOc98ElPvz0SfPXdewpvJS
atmos25_3948.jpg,1lAwwK5n0Vf9c3-kNUkAgeyPX1UbOGHI2
atmos25_3949.jpg,1lGqYgoWCKg4JJvuF5QI8ARN-qiGflKlE
atmos25_3950.jpg,1lHNKKskoNgHVD2QtrMkPD9EM8fdAW9Wq
atmos25_3951.jpg,1lPMuWuwe3QXSy8oPFGxeCvYT9goOYWF0
atmos25_3952.jpg,1lM9cw01qM1qvIdMrWU98lISjAcBPGMEl
atmos25_3953.jpg,1lLGCABddkH2Nh97tO9gPiy1BrVrqdqkt
atmos25_3954.jpg,1lPWd5DHRJ9ygBmMaLb1sKnqv3qNuWlG0
atmos25_3955.jpg,1lQrrqN-6NdOEs46-k_TEYb04AJ2dIGIc
atmos25_3956.jpg,1lR_7Yfge6YnOhKXW3eGaMHZ01W74VKAh
atmos25_3957.jpg,1lS0mamMdG09_Lzy8Hi0ZP9ThdUztM1pK
atmos25_3958.jpg,1lUCbN9JU0TP0hpVaDdONe6rZS3BeKfAb
atmos25_3959.jpg,1lUHQml6NedGIj2Pk_zlsqLRB1HjqqDcl
atmos25_3960.jpg,1lcC5s56qJ31SJgLrSWELMOTvKxzyr-vQ
atmos25_3961.jpg,1lcGDSJ5__O4HI7wCOn5SPofr3LuH2QtS
atmos25_3962.jpg,1lgAWfej0xGeDsKWXyO2Vi21f9DlEe8p-
atmos25_3963.jpg,1lnoVZ3PoY5RNQiLaTElEl9j_wH3vASe5
atmos25_3964.jpg,1ljybgkCj9wncsjXGuHJS6xlnyJnn7d1A
atmos25_3965.jpg,1lo7oU5sf8kZAo-fEDwG7ko-2qvrUxxcY
atmos25_3966.jpg,1ltU7pvH40FJxYiU86JG6A6734_pAnsZ1
atmos25_3967.jpg,1lw_zL4yX20rcTC5bFmOwyX6gTKe11Hm3
atmos25_3968.jpg,1m1SFjeeeOo8H83Q-UU6Bc6FUwLlIPnaD
atmos25_3969.jpg,1m4Q8_Ww25SYuiW1ROKzRXPO21cIQFvpW
atmos25_3970.jpg,1mEoO593i3RNXocJIFToYTUynzGY9UkTc
atmos25_3971.jpg,1mLllWtfmoNntCKlSfelXZdXIY2c0N4z3
atmos25_3972.jpg,1fKwTKwr_yYnXLqD6gJJOTJAI7GouGXwV
atmos25_3973.jpg,1uOU1WEwnR50Ogoo9en8PCYrJU-Ubi2z5
atmos25_3974.jpg,1uP5OikSjDakoo5wxP7AIUqZATbp-8xnr
atmos25_3975.jpg,1uP9g3tS-d1zTIFnoaLvwYz6sQHoTF6gH
atmos25_3976.jpg,1uRLHQr1mcXr8WH5khjMfasdCM9oxacb7
atmos25_3977.jpg,1uS_ciMvcgZhRSTbv5sc_mOL7plXyYRWu
atmos25_3978.jpg,1uUnflarHMTVt0XjjuWELtLLT91vq5t_D
atmos25_3979.jpg,1uXysa6gtT2nhjGeSEMoSmQVWkWx8W0kq
atmos25_3980.jpg,1uWiPgFqaDhWRfNPIDPcXjIHD_oHmzLU7
atmos25_3981.jpg,1ubKVYpyH-elji3wuXKNNC3tBW3bvzr4r
atmos25_3982.jpg,1u_toZKl0_7TUg7XZqTlIBRgpV7pG4od3
atmos25_3983.jpg,1ucKIHfdd9Ski7yLDzxg66Ldf1J1MSksm
atmos25_3984.jpg,1udW10nZQXL997qmbQXOo-dhO_Nq0c8Z9
atmos25_3985.jpg,1ucxFrvLHoCS8wf_L0WNo4wZH0s5JvAeR
atmos25_3986.jpg,1udrf0Ji0Kzkt5vTLodlPzQJkOVu6W76T
atmos25_3987.jpg,1ueyILnyDV8eFN1Vt2ASR6RCfExQFFRQI
atmos25_3988.jpg,1ufjgOwXQe6dzCdzXFwTEHV1LOnb175Q_
atmos25_3989.jpg,1ugiYG4P80N8hiiLDJOu2II8lJ06GLJo8
atmos25_3990.jpg,1uh1nBkYtOch0u3-4MPWuiRjOD9HHg3BL
atmos25_3991.jpg,1uiTdm4cqinw8X55n5I8UQCGJnXyWFvv4
atmos25_3992.jpg,1ujDmSVE3a--oUShghpuxzpbwfmO7dXt4
atmos25_3993.jpg,1uoNJf8jJKyo_HZxlf5WpqhvFo9h_YJuO
atmos25_3994.jpg,1uoQ6ON5JlM12NY38eeVBObvS8KDnXSq4
atmos25_3995.jpg,1uoTBDsy-UT8eFE353FkVylVxAS_j7edU
atmos25_3996.jpg,1uqZSWfgDsx4pV4MmTWTCpHcig6_He_cu
atmos25_3997.jpg,1uqr5awoobCWwlweDKQ29MBunPnXeYdKL
atmos25_3998.jpg,1urvaSL_hE2gwni7zDRPkQMar0MgIZdgo
atmos25_3999.jpg,1uwDcUQCdA_orbDWqpAxmVSyR9_WBNdJB
atmos25_4000.jpg,1uzrDJioQngGMDoQfE6Ddf3B__G9PJGfl
atmos25_4001.jpg,1uyp_Z47lNwxpKJ1PuOF_FQF4SJm3ueyz
atmos25_4002.jpg,1uz9mtEF2-McHgBwFmzgu77WnuvdkhBDn
atmos25_4003.jpg,1uzWmwcAZk2jwRK3LReY_CruQ4t-WWqJc
atmos25_4004.jpg,1v-RD_4OtWyjkmrpM43-iN_4ftukmrpJy
atmos25_4005.jpg,1v047n0Z9HxUoZ931ejB0LnbhN-MZpyHj
atmos25_4006.jpg,1v1gmkFwiXT8AR6qN8YufLJ_9OrPPOQYq
atmos25_4007.jpg,1v2UmghOCg6y1dS6e65eQVQsyYkjLEu97
atmos25_4008.jpg,1v2WgMW65J_C77zUfxXTphBb4775KLJGs
atmos25_4009.jpg,1v30t_YOyAmaIt9bEuS3ovL96zokgQPAN
atmos25_4010.jpg,1v2jBSWHCBr0EZSlc3W-4HY7hizqXiNwm
atmos25_4011.jpg,1v3A7MQYbkucnAON8m-qQwrXQdnbjelZj
atmos25_4012.jpg,1v8mepmUOmVdFNRVGYGiZmTk6Wq5hHqoP
atmos25_4013.jpg,1vATVBr0ptRd7L_V_vi7Uc2lmdKxEw2Aj
atmos25_4014.jpg,1vCe6fSEsCTYKtt6jbdFLbhCcvgrtISzr
atmos25_4015.jpg,1vEKF5SXy1gp-V5Cp0vkvemFsPyAajn5h
atmos25_4016.jpg,1vEMdBApbJ7AIfx4t21KkHgbXmLezcnSh
atmos25_4017.jpg,1vFNnSguGEVRo7y2CSIpEz1I27Dm_TCeF
atmos25_4018.jpg,1vHBdvbxxnPOaXhabmtea_6I5brgFndqQ
atmos25_4019.jpg,1vFVic3FlL3zvi3xa85nknrQAkbf9fstx
atmos25_4020.jpg,1vH_yiNb21gQDFfMhlBHtjDf_a9MdS1WB
atmos25_4021.jpg,1vHqb2SOFK0N6A4CsCyGMuigFI_lV96Or
atmos25_4022.jpg,1vKdlkjsYFk5aMpBkzW0aLxFQ_epThl7V
atmos25_4023.jpg,1vKfZ0D0H1zsQ18fzlPHk7rzftyOvwBTz
atmos25_4024.jpg,1vN49zNbIZxOTQsYMzVjlLqrKRh2_NWit
atmos25_4025.jpg,1vOxf22EXXP5ygIugcTlvpNxpETiIAYYS
atmos25_4026.jpg,1vPGuZfrHsqGVJAl25Yf9UyeKYjLEIiXS
atmos25_4027.jpg,1vRlp43Rmnn6IIjhIfWAaQoH2zWd_dkbX
atmos25_4028.jpg,1vTXoNGkj4B_59cpgvZVrV2vSzA9uYORR
atmos25_4029.jpg,1vVA7ZTDZmVMcNqmnobtf8ZqHmvW5mGHv
atmos25_4030.jpg,1vVfOq9rx0pUaEK31mI551K88nP-wDp2-
atmos25_4031.jpg,1vVthqJFGBgn2sxWtlQ2Cmbd29HOeS-xh
atmos25_4032.jpg,1vX3APICTwKMf6ql1lAVC5tYdamt1swYl
atmos25_4033.jpg,1vXQxUsr-0HVLLgivhFnpoBe7ZMPoGwDS
atmos25_4034.jpg,1vXXajS7Is1LOKoGCbcMO57YLja78Dvlj
atmos25_4035.jpg,1vZ9F5NvcbIYw1URdjU0tlSbEEps-wgdS
atmos25_4036.jpg,1vaX6RRadBq70z0VIOPWckUbKtveSlJg6
atmos25_4037.jpg,1vbJ9wLrJKZV4X-O99Z0_vUO0xLkUBqIz
atmos25_4038.jpg,1vfFyDur__nZZQ4kUTlnxc0M54hb0IP7Z
atmos25_4039.jpg,1vctAmL7Jx5AUAU6s4illgOIa8lUYs4xd
atmos25_4040.jpg,1vgi7P9NM4iBVLEj29rB1upNRqgLuZI0w
atmos25_4041.jpg,1vgjcNb9vxHeFfJjp5fI47cJY2yMQiOq6
atmos25_4042.jpg,1vgl4Fqb-HS5sjvMDES8IzZ5q_d_Yl5tc
atmos25_4043.jpg,1vhncgaZqyiEw8QiUmNSr6CGKA0Tb7IVD
atmos25_4044.jpg,1vj3if9faCAmhYLsw47wCXJda2saDtfdr
atmos25_4045.jpg,1vl_dHJdzqxPQdwLXSrlgeukI5qj75tUV
atmos25_4046.jpg,1vlkKbil_-Rub4W1KKn7EiTcszfVM8d87
atmos25_4047.jpg,1vmhaxKHVnbSBjGlS8AHLDbQza9FeUe0o
atmos25_4048.jpg,1vmn6XEmFjT-W6xS8s9sDiIiXtZUfYHlK
atmos25_4049.jpg,1vn_9Oc8rhfvOhdSoezVYZidmXV_8bv3u
atmos25_4050.jpg,1vnfKOy3hZe49fFHa4lDzXNGvvHBGWhPV
atmos25_4051.jpg,1vod4HIagPkKegxqU15Q5AfpxTofGbVk-
atmos25_4052.jpg,1vqVb_PycoEaAd8HcA6EaE7S9lkUntO8N
atmos25_4053.jpg,1vrH1P3FzudWQlCGWSAOorqKOl-qI92Ff
atmos25_4054.jpg,1vsVT8qWkEWOUuwC9h-_ure_XhRpLoV4M
atmos25_4055.jpg,1vuAseezW6D346ACKbvjWzbCv7Eo6dOIg
atmos25_4056.jpg,1vv3qorT1YNfLhZKqqYY69GMFLfdMlOWF
atmos25_4057.jpg,1vvuwqdjE687u5w0Qx-XM0v7ogRVXz0jo
atmos25_4058.jpg,1vw1vkwmeSVtBc8RTVjS3VDy5ZyJRk1y7
atmos25_4059.jpg,1vw5hj44W8TaNLWnvDzmREvRUkd93Zz97
atmos25_4060.jpg,1vwG3fhsRrLOefDlCJAcgp_jMrHDMS_GU
atmos25_4061.jpg,1w0NV2ff7Zdh5o6yLDHmvRtxSVLODd1R4
atmos25_4062.jpg,1w1jT4_DHaYZ3UPIJmG08Opvchh9IdrBp
atmos25_4063.jpg,1w29L4Fm0uK7qZCRIQRMZpT0Y2LpHD6Nv
atmos25_4064.jpg,1w29wd9sVkl5wQ3CDRj-U3C0AYflU9Zj4
atmos25_4065.jpg,1w2KiN5o8fs5kAjCdn3C6WtUYHJhLYkZU
atmos25_4066.jpg,1w2SWwDdH8cuEbkwEcAPw9leTtlHvEkKP
atmos25_4067.jpg,1w2ilLGk_4KUUjG8v5pJGdN1BxadvZZOH
atmos25_4068.jpg,1w39Xu4L_c7_sBB7ZVnUxPSILbJqfhTCl
atmos25_4069.jpg,1w4BGCKBdmfJEa9ueUWuGEexsphMLLw1e
atmos25_4070.jpg,1w4xVtxt-Y2wBdKue-bRhJ2ccq3BaDPwt
atmos25_4071.jpg,1w7so_P5oMhxPMmGLhfngmrqUGPlvYT6b
atmos25_4072.jpg,1w9DSCPPVhL5PYKUVgo1L7x1r10i_ykVf
atmos25_4073.jpg,1w9dlxS7hgXsrmr5fUI-PYe2Xv_hMpSIR
atmos25_4074.jpg,1wDEa6ni6lcf9SdnJqv5poiFoZ3BheJl_
atmos25_4075.jpg,1wFD3PuC5Zvvrg7Dp0Qj5FBIy5-AQQSOI
atmos25_4076.jpg,1wGjKLLQ0Nc36uJA8ZCthzJXvSUU9U1SR
atmos25_4077.jpg,1wHaMNGvLIecJq-ImjMJSg_zayYtyu7Wh
atmos25_4078.jpg,1wHhohiVv5856jQIjIRMggg_sNL31t_9J
atmos25_4079.jpg,1wHnkCTGKXh8JeKhJYcIl5we607cYtzIa
atmos25_4080.jpg,1wJUTOGQ6PYdoOyiX9_LrOg0ZNSYUwTIm
atmos25_4081.jpg,1wKpkqi8porR3WtCCg0nbXTFYu4BFcsfp
atmos25_4082.jpg,1wMunzt2H_wsWsPME7A0InA1jhaBRnT8N
atmos25_4083.jpg,1wMx9uhZgOBWBVL6BG6iraaZKJcCrxoFP
atmos25_4084.jpg,1wOxi_a19RFYid0rSnXzm53sb_sDkRrsL
atmos25_4085.jpg,1wRRL07QsNfkScPHWYJwsVjwVKuDTwtx4
atmos25_4086.jpg,1wSiP6NUs7jFP4QVIkqQhjLhxUPudVYJe
atmos25_4087.jpg,1wUach5n8ad3ke4XYY7cx9Uqmb0ODcz9V
atmos25_4088.jpg,1wV8I1XVWKGN9oDxCeIVGLUIa41MVZJH4
atmos25_4089.jpg,1wVHLKNaa2LbQ50s6wIGYCsbq3AEf7rPU
atmos25_4090.jpg,1wWPf8a1yTI2kNr875QRwmZzkTD-LQP98
atmos25_4091.jpg,1w_XRr8rG-ZdL5Lf9tyIHycx8cfix4NqW
atmos25_4092.jpg,1w_pVyW8SwxjK62qNl3EFLRwHNwDB_JkN
atmos25_4093.jpg,1w_ZLWEUCFx3x58TKh--1N_m732RQj1Wx
atmos25_4094.jpg,1wcFxiXtAQ98_tObdBPQ8phaLOU94Fd0x
atmos25_4095.jpg,1wcN7wCa2Xq8JRgrYDEzL9nZUEv5Yo2QT
atmos25_4096.jpg,1wdjy7MtZhclCn3rKKTh3Ay5qA0JJ1-ez
atmos25_4097.jpg,1wfQ0GlgvPebYjgbaa3AKgZct9I0NTSDQ
atmos25_4098.jpg,1whvGwVG0Rj3ok5wKQUZJ-rBRdxkrnp5R
atmos25_4099.jpg,1wiwT3AvcCyyIH26LC4Y5yrly--ssf0zW
atmos25_4100.jpg,1wjSnGDRXAPfLwxPvCjWBCVoDJ_HeU2z7
atmos25_4101.jpg,1wkURxcDalaBrqVzR9nwvh2aNeflLuzHj
atmos25_4102.jpg,1wkblhQfwW8b5mQSjSFlby4aHFglLK3Dh
atmos25_4104.jpg,1wnVOSBehYq2dpv8zDxgXLjkd6fD8k4qO
atmos25_4105.jpg,1wo253O3TX6sAfpPItcqZC4AO2UwVk_GV
atmos25_4106.jpg,1worcdMzqmsKSS03P1e-Q3HcDc3WX0xqs
atmos25_4107.jpg,1wqdckYSWCqy7WCpCd4ranAe4lFFjKka2
atmos25_4108.jpg,1ws989KOytvJWWYWVDs5H9cfVO-nzvVPm
atmos25_4109.jpg,1wsV4Zml70zRbmGmR05J-HCshpCBK_dI7
atmos25_4110.jpg,1wumGXFTkt-Xagkp-mOP_qOpBOlRvs7Qb
atmos25_4111.jpg,1wvPj-XcbNXlTJUCLrYcNBMq9A-kCQCMS
atmos25_4112.jpg,1wy_4K_x2OpTRMJv4VU2MGCKMFlMYAeZF
atmos25_4113.jpg,1x012v06YqSjoaazcvxueTnUa-DVu9heD
atmos25_4114.jpg,1x1cLUrP3hkHVt98d-m6Tel4CdaSGKqGR
atmos25_4115.jpg,1wzc7LenYmtQs7ynsdTdiPmqiOENKWmUC
atmos25_4116.jpg,1x3JEmFYszp4RWPieuNneymQ3zboYzmSa
atmos25_4117.jpg,1x4AZEfA_yl2SYSWUWhxY0rBtCJOQnGep
atmos25_4118.jpg,1x6LF34wzo1Rl3HBeK1cW3XM7SiHP8ARp
atmos25_4119.jpg,1x4BCq6sc-tLLGQcWAYH_S6Sx_kwOihb4
atmos25_4120.jpg,1x7I_w3v4p4BYlFmSUtSs3mXdHWPJkFMM
atmos25_4121.jpg,1x8IfdjLFsbno0dP81PXPoVpM8PwsStEO
atmos25_4122.jpg,1x9JuM9WDOGXdpKL7itsU_MWra-d1Jt51
atmos25_4123.jpg,1x9zWmSzD6DH_BmDX8tVenFEjNM4x6pJV
atmos25_4124.jpg,1xAzf0IGq9WIdWFH2Cf0g2Jv8jbh5_izf
atmos25_4125.jpg,1xBVVI4bagF3fB3LdXmJc30bBGHYfiNNz
atmos25_4126.jpg,1xBbKCVZ4bMXgLKJQWI_23Lga70blscZw
atmos25_4127.jpg,1xCbGBNgbt5yRYTMZhuEY5Fn-QZvGSNnp
atmos25_4128.jpg,1xC-xeblQ1bGfafrnFva0sapgoySCNLD0
atmos25_4129.jpg,1xD2olxSqnIoAi7OlLx2LzSliyQViwW8Y
atmos25_4130.jpg,1xEA36JpqK_Qyw6TOqHA6AOVRHLqr25uL
atmos25_4131.jpg,1xE_WUqdWlW-m6QeraYNSHYVPkciltVnl
atmos25_4132.jpg,1xErpCBBTtfckT7PYNSAC_5Y2woyFIBPB
atmos25_4133.jpg,1xFMBHbSKae3-PDRxWwkcK7lwGq7dF63A
atmos25_4134.jpg,1xFRgsHmWqMYCCiILzO6tIwPnLH0fxxkP
atmos25_4135.jpg,1xFYSAz3yqSJqxMHlyBW7YU6YUWbeRpl7
atmos25_4136.jpg,1xIIF69WO1GaVSiGhOpv7wq00ezxihTdo
atmos25_4137.jpg,1uO7WvGClGMMD9Nx04Xf9FaMVXszQnRQW
atmos25_4138.jpg,1uY9znPqGfya0i6wnDUqMh5kDA8FqWqiE
atmos25_4139.jpg,1ul5wBP0NFiRWeAfhhtVYIqJJDAnhTZ4j
atmos25_4140.jpg,1uwcjwVcxza5_wZKHL2Z4WmVnlsKTHacV
atmos25_4141.jpg,1uxJmdv9nPPf_YHAN_fiUUxW1qJ6mE3dk
atmos25_4142.jpg,1vDnYOQhjldzm7DCZFmrYXHcH9pRtMxRT
atmos25_4143.jpg,1udlGY-Z7R987q0ewbCz02pggCaiFQOvq
atmos25_4144.jpg,1v-lHNNyQXOvuUNAtKAg1lFwGj_QtoHZX
atmos25_4145.jpg,1vDrO-VDV0nF1HsHYxkoUUd79icsjXD0q
atmos25_4146.jpg,1uhSOvtBR1XKhm4RFqAZEe3nFhBQkuSKf
atmos25_4147.jpg,1vfgpvhrvc2z3ZkqK_wvf69VlE-7eXB-n
atmos25_4148.jpg,1w0JzMkP3_M7Ql_0zUQTDDsq5Gxafrkn9
atmos25_4149.jpg,1w4uEeolwQSESB1KIvqZmXMj18XzSVTBL
atmos25_4150.jpg,1vxkA2jUFF0N9l8FrIQ_i9gv2IzKPn9e9
atmos25_4151.jpg,1vuVZuuWKkY2fT9PGMA11Zl6BDvRYWDYC
atmos25_4152.jpg,1wQxXnImR7Ro6YiXzgGftPy_Mc7sA3nt5
atmos25_4153.jpg,1wuPM55wym7HsripZ0kZj4EaJKCuT7mnP
atmos25_4154.jpg,1wtlk0toxHbJOZ-gF3ERRqmPBFJw0NGYr
atmos25_4155.jpg,1mcPsI4wj45NtLXuhD3N9oGFmwwplczUv
atmos25_4156.jpg,1mfQoyutX4vm_46hk3Gsb83yixQ4kkCAg
atmos25_4157.jpg,1mfIuIjb3Vq2LhE-nN00kae7PZDt-GxoS
atmos25_4158.jpg,1mhIU-C86LKemkgu-t_QlzjhtNvzhlM1H
atmos25_4159.jpg,1mhIDrwoQSIKKgNm0rMgPzItASKRR8N4d
atmos25_4160.jpg,1miIYOGuGV1Wk1f3WNDthP7IgROqFPjlG
atmos25_4162.jpg,1mn4gmM8wrNLIRScecDIYG4PxlSSqJ-E_
atmos25_4163.jpg,1mmJ5CctevrRYuzBYfTQMiEt_KIT8nD4J
atmos25_4164.jpg,1mppxfEd--XnkiIObJTF2Xfg5sE0R1dWb
atmos25_4166.jpg,1mstQZODA8F8C5yFxORkKA8u9JBQ5JtWF
atmos25_4167.jpg,1msUmsbGmm-MSua_Uv62jfJICBTzCYnVC
atmos25_4168.jpg,1mwsZUHGnCWYJoo7yhugOxl-h-KilrWRy
atmos25_4169.jpg,1n-7x-cI1vuDalUDwKBFCcDp66fgNX9lH
atmos25_4170.jpg,1n-perKvRMvIXejf1Zp1-7EvNiojMtExk
atmos25_4171.jpg,1n-ddu6xfi7eo52U2kP9tcWO6WUbMBuwD
atmos25_4172.jpg,1n2m2N8FSXsnv0NLuwqNQKzkf3wZMKqgD
atmos25_4173.jpg,1n0SR2e-vfdB3WJEK9k42wW3aAucOPr_2
atmos25_4174.jpg,1n7Xtzv_fBNM9IBMMuSpZkQRtAj1f7owo
atmos25_4175.jpg,1n7Q6xoixrD-70MHu6V_YiR2eahDdFWil
atmos25_4176.jpg,1nBu7TtW7s4ndOuy9xQJzNLikSrWYS67l
atmos25_4177.jpg,1nAPBV154nx8EW70V_Nz5rBAKHhYscYH_
atmos25_4178.jpg,1n95Xfcm__SqS5AEcCFATce7VzT4qzSWw
atmos25_4179.jpg,1nD9BKa-y0rYD9vxZgOOiDW3wiHtLJl09
atmos25_4180.jpg,1nGi8q_3ZfoK4dTbogJnr5HIBD-4GjcYg
atmos25_4181.jpg,1nFjaOuYXKsX6aqy5OW-AmIdCnhjULhh9
atmos25_4182.jpg,1nGXLiOHI7QgmWr9dIVxpf8a5da3d0Xw2
atmos25_4183.jpg,1nOz-b3kyEcglwJGgKDTIFm535-4MtEKZ
atmos25_4184.jpg,1nNeG8OxNMzsIYM62ORT8P6GRk7_g_UQt
atmos25_4185.jpg,1nMZ6mQGv1cnhQ5o6Q3i5_xf0w1LiHEgT
atmos25_4186.jpg,1nLXjFNu-07y9sbtlhDMVVR-vAjKaOLRO
atmos25_4187.jpg,1nW1DNx1Z7-Dsdj2j5wIJ-Xfp1QIYviS6
atmos25_4188.jpg,1nUjCwFUo5a4NQeLRbc8JwvF93xIFyQE2
atmos25_4189.jpg,1nbfjAH_yVqfP2uGC4J0CCqEQhriQJXht
atmos25_4190.jpg,1nVEPPbvTwLdlgIUUw5TltMgnBKwYeb7d
atmos25_4191.jpg,1nZpcjQf0ljcYxSCOww2Qm4WDyP9tLLeg
atmos25_4192.jpg,1nebDAcMCVuDQCubFEGS2iuHFfLKk_dnC
atmos25_4193.jpg,1nfSBpbCLIoKGqygRmXTIBJCqTQk256CH
atmos25_4194.jpg,1njIQZdZpLYosvc75LJ_LGJTlL_yYc13C
atmos25_4195.jpg,1nlTVvKLSf54IqTqAWtpITEcIuOkGr7Ad
atmos25_4196.jpg,1nld-pbLWggFaDN6F08maoIvmp19l7nJD
atmos25_4197.jpg,1nm8r74kAtLbqhCdOPbXC7__1bBTy4SwP
atmos25_4198.jpg,1npVc2_47IyBKbprWXWfERPFQiT-j2epl
atmos25_4199.jpg,1nq2Ucw5sPO8zjrEw3cUSQ4PXxn6tewa0
atmos25_4200.jpg,1nsuwibVDLJmEEv0dw6zzPQPrzx_WdYBQ
atmos25_4201.jpg,1nuJIzbE4KI-eWHOn5AW8sCEc2623tdSE
atmos25_4202.jpg,1nvy7TOr1BAuIAz7sG9Bo_iJ3XhRfOvZO
atmos25_4203.jpg,1nzNEXg6bqwi27_nVBDznFxbUxJvi4o1O
atmos25_4204.jpg,1nzROg08-YzKeXNCPE4abqJ1LRqLDfZoq
atmos25_4205.jpg,1o0fbtyb0F4f2sRiTIY6BafcmWs6z1t6k
atmos25_4206.jpg,1o-EziRKe_IZDLLTq0rM5fwE5Kj2aldxd
atmos25_4207.jpg,1o4E9hv4VbtwmovWGSKy18UN9wZm80scb
atmos25_4208.jpg,1o2tVDQVL9dNqmW7h5t3q0PWGFsHCmtSa
atmos25_4209.jpg,1o8pcvAaefzW6O8PGW1bIT-M4asJ_lIld
atmos25_4210.jpg,1o7K-fbz1FQAIPyp9mRFd36cAo5dOYIv8
atmos25_4211.jpg,1oA_fyrCXrDc9_yup6Hxr1sIig1hWM5sH
atmos25_4212.jpg,1oCSdv_4G2JOKmX-kaIDaubaJ4bZWQFmR
atmos25_4213.jpg,1oBryM2zcKFnRTrBAtE9HUH-vx8SD15TI
atmos25_4214.jpg,1oDkDpurB5kjlC2IHafi63D5QlbfvaKBG
atmos25_4215.jpg,1oX04qqTbLKenwlD7LRC_qDhmCWYbC5jb
atmos25_4216.jpg,1obWZ0i4efqyfDyT_xf-Xs-vhSBMz7H7z
atmos25_4217.jpg,1oaoXjaiUp5ajhhzHryj-gZOYMt-yltcu
atmos25_4218.jpg,1oYZL3oYXU6q5mSS2C90_RhFCR1aQZVfe
atmos25_4219.jpg,1ocI2aOjK7E_UKw2R2-dnaMOc9509AnAi
atmos25_4220.jpg,1ohTQINl68G_LezgtyNe0tN0coa3cnB7H
atmos25_4221.jpg,1ohSgEprc9UiMb7Rbl2uwHNFUYqQvww1y
atmos25_4222.jpg,1ogEu8ehiWUPdmKEHFQVY7RSyKA4gxvdV
atmos25_4223.jpg,1oj4tlwNbY5t2jsCyUhD8VUngtrBu-UNp
atmos25_4224.jpg,1oj7zcc9Vf_rDjzTGG8BveNiqakaBgiT-
atmos25_4225.jpg,1ok3oIj6SMltn7LKvrk0Q63Ov21veUZsA
atmos25_4226.jpg,1okqXXJJh1mVnFgOqaC9VnBWmYVG5e5Np
atmos25_4227.jpg,1ol5bc61fwIuy8G-0ZCTVT4sbVcfkXiYc
atmos25_4228.jpg,1okvyxhGG9LY7h2WPueyRVdP3aIv6AHhb
atmos25_4229.jpg,1olIZ5BquRuG5YeA9jzrT5657f-fDLg5e
atmos25_4230.jpg,1onfzXeVEV1n6NllgjYMC-rXBUdZ6v-EW
atmos25_4231.jpg,1olxcYXhgh9WIRgzAlnp3WgryZOnJ3YhC
atmos25_4232.jpg,1op4YCwd6cBk1XZkeg9Pi39rpP8zRFCdS
atmos25_4233.jpg,1opfV9mqAOlkdIs2BDgPDi_tg5HxQn1Dc
atmos25_4234.jpg,1oqMLtBipXiXXZOe3sX4xijapaYJEyFcP
atmos25_4235.jpg,1otusXwd_n8AN9JU3FLO9WmLDB0JE-0VC
atmos25_4236.jpg,1ovP3r_9_W9fqPyApDLvN4Rb3QuNcnF-k
atmos25_4237.jpg,1osIdzzIxqVnpbftpZ0fp1alwpYpBgDGP
atmos25_4238.jpg,1oxnwgO2tIszWIFQ5ttKja51XK2Vuv0CJ
atmos25_4239.jpg,1oyjJOxzFB5sGr8scEr5Gsdpi7HowEqPO
atmos25_4240.jpg,1p-39A6r77zA-woAEegfgaZ7hZFxYSSs7
atmos25_4241.jpg,1p1OTz_Goz9Taa9yiWmAGTkNtycFJLIfH
atmos25_4242.jpg,1p3RkBQJd97k8NKus7GLD5Aqub3eHg_Xq
atmos25_4243.jpg,1p2BPjy8HYoDZqbLtGd3emglxIAwuN9sY
atmos25_4244.jpg,1p7WcLWK_tSWdHC11DnVax2NO6VgjHlF1
atmos25_4245.jpg,1p8-E-dagqPs7OpvEkk5UAm7Q_LmjgMbM
atmos25_4246.jpg,1p91OOb88IsCcdi8bRNIEF4PqdIg51WKo
atmos25_4247.jpg,1p8n9ssy3S2VEXbE6wIWqIuyKmj0YAUMh
atmos25_4248.jpg,1p9ov4LTbY5Bv0Uu9dy1X2zyeVdYR87Fr
atmos25_4249.jpg,1mPMlKUX8S-OWMCsW8EHQaFn3tQzaEs85
atmos25_4250.jpg,1pB9TB5uLaYio-FknCCSKY0gTdI4bEAt9
atmos25_4251.jpg,1pDfjM5aTeUB9u4Av9ewBU6t3GZWuRGTH
atmos25_4252.jpg,1pEZa_NnfhPTdKw7ePe4a4L4iMKyEEcnF
atmos25_4253.jpg,1pFkVYBFOl56Jl1K8DYde31HgYAw_NjfS
atmos25_4254.jpg,1pFxaHoHCBy7_qrGbh6BdeczIqG9RITOz
atmos25_4255.jpg,1pK9yvngFQPAHq3FFnuWtOp91A1Zn43IR
atmos25_4256.jpg,1pJOvdnvstFOBQvUxu5nObmfEV2sIRIhy
atmos25_4257.jpg,1pMfuOP8cZ5EhVI-yNiO5Ri1bE9J1ZuUq
atmos25_4258.jpg,1pNdOxWBTudugXUZ_hZg6c0ZFEdLh_k_h
atmos25_4259.jpg,1pO_7WKXutlCodO19ScCM5DSGusSYBdCx
atmos25_4260.jpg,1pPaMnSdmCpaRpPr51iGoVbWNK3r_-BYJ
atmos25_4261.jpg,1pSfybp0ofrm-gFQ_lWtA7vszF_CYqWci
atmos25_4262.jpg,1pSVoTxAN-3U3_OKYcLYDXetTR2SQst1a
atmos25_4263.jpg,1pQ4e-XnfUmtDoWl-5wneuBTTn0o0CtKi
atmos25_4264.jpg,1pWjBMH9vnZovnSRJQS3tbbck5rbJ2Hcd
atmos25_4265.jpg,1pWx5UcH7H-m6UeaAru_DStbtzpL8JFQZ
atmos25_4266.jpg,1pYyO7zR8VijkhFk-vTdqOgmxG31tqDiu
atmos25_4267.jpg,1pdRsu96cF7W2YNez6nqdhhqZG41qRMWN
atmos25_4268.jpg,1pZuKqQkND2SR8IxtRJij4syLixg0VqH9
atmos25_4269.jpg,1pdY0FTogxPdf1h2hNcUN4ovl10U2DI7i
atmos25_4270.jpg,1pfA4Ex0bUCwKRec_O2w_Ab9RpcceTIV_
atmos25_4272.jpg,1piKqwEC4LVUs4SxLTnOEBv96eIovF9Iy
atmos25_4273.jpg,1piLadbsIN2SFapXlgvco8LqMX6EySkN5
atmos25_4274.jpg,1pitBbkMa4vFNdH2P59GcauGFPoRp6R0q
atmos25_4277.jpg,1pmFImDtCE0wtlGezrnRICtBmaymjsCsC
atmos25_4278.jpg,1pnh7IHOAJ7jEEjBzo4qjMRj6xnXgS_X-
atmos25_4279.jpg,1pnA5pTrqh2bO-1seT_bpaOI4aifWIKK9
atmos25_4280.jpg,1poop8xDgHtUcmdD1YnjEL2-r4CTMo6xp
atmos25_4281.jpg,1pntTQDgQkj-Z9ZyogyLi5b_VTWLTKFs0
atmos25_4282.jpg,1ppBLaNrr-8RAGj0ywV0co_gFbjz_peem
atmos25_4283.jpg,1pqbik7H5d1hjeJw_Jr8YLlTkvoOuEBBK
atmos25_4284.jpg,1pq-wdQnopDCSMyE5KHsxcliaJKQMIXWe
atmos25_4285.jpg,1porslUin2zHzYM0B5C2DJ3lE-pUhfDWW
atmos25_4286.jpg,1prfJ7RNY3a3AmJuOdXpyY7DFYwIfshoZ
atmos25_4287.jpg,1pvuMwTrRcWbQJH-lKPPuQZjjVBdRTijb
atmos25_4288.jpg,1pwIlltdY-m03wzEWfMfeSNxAYHKkqtPH
atmos25_4289.jpg,1pwJQRUJDjOqZvAO_Cy-hTt9TxBKWpD1N
atmos25_4290.jpg,1pxJlEy0DS5Ke5uyyMV1tbY-B3BuJiMT_
atmos25_4291.jpg,1pxSG4kqBSKU-H1XCb7q0hB_ejDmiomFq
atmos25_4292.jpg,1pxwjhD7bV8F1e0EUSZzi6qEq3H5qLWXz
atmos25_4293.jpg,1pyTQrSgACP2M0aHjeA6Ki2FFHzBfkBG_
atmos25_4295.jpg,1pyzdGxkYwPYK9ty1tZPuL7n876NM80di
atmos25_4296.jpg,1pzCXql0U7zrVKXXmDWObfyGo1zAP-dep
atmos25_4297.jpg,1pzyrcLrBVEc6E35tCu_u7IftGPbePlBu
atmos25_4298.jpg,1q-YH5gQ6R4agkMKsjEILMDZAV2dFRzVQ
atmos25_4299.jpg,1q-c3Dk2xchh2fdpontgO6k9wZ0A9Clnu
atmos25_4300.jpg,1q-y_YkKGnItYW7draJ9hbWoNbZNrbTSd
atmos25_4301.jpg,1q12e7lb-Kb3LroaULKQeD2a7vhvMRSPm
atmos25_4302.jpg,1q2JbWkuZ8QW6YOVmt2OVPQiyD54LsaTL
atmos25_4303.jpg,1q4lgomtJCEd6DfpWmEQ_jt_37iV9J90M
atmos25_4305.jpg,1q6mAW2ymoPt9t1SSaa0YdeDGVdaNdFd4
atmos25_4307.jpg,1q7fI6iXt6pQ_zUEebIfW3VEc52Zb7iqA
atmos25_4308.jpg,1q84B1NpPI561-serZhwSusqQWo-dn7Gq
atmos25_4309.jpg,1q90NZqrU8M4KWLhYt49MU41aCOVLzb9d
atmos25_4310.jpg,1qAQ-A-Uqrg62fm8XGPGk7pKZlUYIwS4g
atmos25_4311.jpg,1qCcIh9xZfwkgh_Z5aJfjKAROz3rOqcHg
atmos25_4315.jpg,1qDTGL2UBabsZaYeLmsGPTgg6QXn3rdrO
atmos25_4316.jpg,1qG2aZS-AAJQwCodMr8iRpvBCUmdDM4Cb
atmos25_4318.jpg,1qGWdxPM9RNzN4MJz_D6P-q2lKxEevWqb
atmos25_4319.jpg,1qHzA4UNub_KgRbEDJHRHnX83ZW3cDEws
atmos25_4320.jpg,1qHpdJyrx3adIGtRcVSP2Pl0vFMGiwLol
atmos25_4322.jpg,1qLqUDup1Dsbck8Dtw9xAhn9zjozHjJS3
atmos25_4324.jpg,1qMC-GWa0nl4R_HQaSIN0ACX_k10_U2vf
atmos25_4327.jpg,1qORcMTEt4KgE9zgxD8ELQ9YM760m1Qjy
atmos25_4330.jpg,1qV8mFfmoi8MH58aKBkjNEfRoBy78klwU
atmos25_4335.jpg,1qd9vYXGho-p9jdDSeBOJ4FyBPfRuzgye
atmos25_4337.jpg,1qfdYpX9QZrV5gyB3GeSUsJUV1FTfNmgw
atmos25_4340.jpg,1qi11Z78u1xoofL-pR-KDxOMfF-14XA1Q
atmos25_4341.jpg,1qn6zvApCEGaupn__Cq1qIOlaXGubhc1u
atmos25_4345.jpg,1qp_-BuPicxO_ZKIH1WE7mZyGwxhcz12K
atmos25_4349.jpg,1qy83LplvxG9gEr4-hTPR1F5YIQhzjohB
atmos25_4359.jpg,1rCOSn0oKzfTLCDbZ_xzAy_vMPajq3Jhn
atmos25_4361.jpg,1rDaGnVwJoknLGt7c-yCe4f1cglZmf0OQ
atmos25_4362.jpg,1rDmboZhqUGT3_ZcScniZBKs1zsF5GV2d
atmos25_4364.jpg,1rDx5bqrh_VHC1OhCNAYxPpbw0_Ta2FBh
atmos25_4365.jpg,1rFCHhXc2HKA5weGY0dIdydgM_7AsbyrQ
atmos25_4367.jpg,1rIoSlf9v_S6sCcBUpW85Qw0Wjkw7tQji
atmos25_4368.jpg,1rIAbMHKkZGdQiyi12FJfu44whtmTkafX
atmos25_4369.jpg,1rKAsXWAUdGSDJ8LNM4QMo9T1n8AP0VwH
atmos25_4370.jpg,1rMP6wmQVJbMJgRBel0nCSh3n_ScfWlMb
atmos25_4371.jpg,1rLzp4-apjuC0BA1N6l_nUh6-r-3bO9Fl
atmos25_4372.jpg,1rMqg1WK93C4NYJofrwo0JUpeDq0LUkCt
atmos25_4373.jpg,1rO1lC8cnP3DBKfYz-ESfW1bBsFxtGt6E
atmos25_4374.jpg,1rNXEn6nYTWiLy1o2W7UZIrSJ2ozIktyE
atmos25_4375.jpg,1rPAY8kos2LpMqtMwhYSefNEo3L--nELf
atmos25_4376.jpg,1rP2cana8kQjD1CrY1t2gJGeyJr6qSJT2
atmos25_4377.jpg,1rREG-647JA4wrTK4YKDENr7MyE6noD4M
atmos25_4378.jpg,1rUEHCKTeey_0LpKjp1OW5gxkARxqm2q6
atmos25_4379.jpg,1rRI9BNYlkDdWke3XdziaBTkJuhdk0wDn
atmos25_4380.jpg,1pfMBpKPnlkXQdTQ5Fc3y06u96SVKXyyF
atmos25_4381.jpg,1qlO0PVGcWhvIVrGkyAWsfwTrRORZ4E2I
atmos25_4382.jpg,1pppFwBJ04JKKVa-EACEtJzHsVufmgtgZ
atmos25_4384.jpg,1Jw1LU_6V5vIXxZdMcqJLbBHlsllo7M0n
atmos25_4385.jpg,1JyVC5JuC5X9q3eXnYTNrju9KuXpAzxSl
atmos25_4386.jpg,1K4yCZUUJAQDMa2sGeE-_7b_TpGmU7WyF
atmos25_4387.jpg,1K9LjXc2xLLAuLttGflhJdaK4eeIXOzqs
atmos25_4388.jpg,1KRXTCrWxdi8j19LmTyRlyY_WjGBxCRPI
atmos25_4389.jpg,1K9jW5tutq3ESKsip7F7MwXBXxdCfA6zx
atmos25_4390.jpg,1KC3K9y_IH4Kc3mQymbo4pHd25Tu0mwVI
atmos25_4391.jpg,1KECGR5b9NzJ0UnJOLWpnpi6blQF3jj0w
atmos25_4392.jpg,1KG7rgPPb11C2OReUnUs-k_bmtmLjF41L
atmos25_4393.jpg,1KOFK2Toyhat8dnq7vXevjXkA7OypNOw1
atmos25_4394.jpg,1KUYKmj3RquxSiKZoJIHSr7OeLyOib32T
atmos25_4395.jpg,1KSbZEBSh4BaUAO6g--29pdJCzO2A1RRz
atmos25_4396.jpg,1xJUgOsMDmgQqiDV7k87K970OZSMSMyvN
atmos25_4397.jpg,1xLI-fZljN4J2iCtvhegB-_GZn1d65_e3
atmos25_4398.jpg,1xLK7T0Ge5c1m1hcWNM7gssf03HjUmgjO
atmos25_4399.jpg,1xM9jhvWRziOWa7spMOEV6_tHxOEZgNuc
atmos25_4400.jpg,1xMUHrxX1dA8zpFtOtS7lttcZr2PMjAFk
atmos25_4401.jpg,1xP17xJNfPapIMJnpXLKBQt5X8BFGn22f
atmos25_4402.jpg,1xMyL-UB9utiVOPFYxauZn1_eeqvOlPO0
atmos25_4403.jpg,1xTV1a_18xEGOV032KvmhoLmpzmp7O2p8
atmos25_4404.jpg,1xSpDa1wXHar3Mq_hWObVsDpTQ1BuZ3Vh
atmos25_4405.jpg,1xSrIINhHL5yFqIZ3wPm8FUISUqE5JTLD
atmos25_4406.jpg,1xQQ1wLI766HXB2aoRoMxzXFnzGawSXPe
atmos25_4407.jpg,1xTdqrBVLfYudcOm6c2yBDqX4sJ5Fl7Xk
atmos25_4408.jpg,1xTes7umMk3ydViHKpRRfjsuxIDQJ5Xka
atmos25_4409.jpg,1xVzlRtDDqRm-bhe9TygmwLtzvLZpHFZj
atmos25_4410.jpg,1xW75I2SPoxW3lEqN3xq7JAhHiVmXu5so
atmos25_4411.jpg,1xWJvsYnp2WI23gGaearFlejge5fxMIlN
atmos25_4412.jpg,1xX15gd8JG5jRmQJez7FlWP8RGi93Bz4v
atmos25_4413.jpg,1xZNKbkflkkRbTghU-s0Np_WKwpoZ9RNd
atmos25_4414.jpg,1x_WDY1MWaKVBItEqwKBmoTw_Xk0QJv0-
atmos25_4415.jpg,1x_sBawodmiBmJ-prRG2imURGtysvwwr8
atmos25_4416.jpg,1x_dRjq-TdPOM7HpBU7lq-OU0gl2r4jZR
atmos25_4417.jpg,1xaBH4bznNhXww2AHjl1r0LgASHjRZqlZ
atmos25_4418.jpg,1xhazzQgtWxBsbEoxwEdCdwHvoZV5JCo8
atmos25_4419.jpg,1xjqhSrWubKlHobySAUKgIeUKsqkA672q
atmos25_4420.jpg,1x_wGCickvgEP4LMBqBysGD6C8QdsHSUK
atmos25_4421.jpg,1xiPQbVvRzfq7rS2Bxur1-kBGkqx6DpOK
atmos25_4422.jpg,1xh-RdPLrRyguN9NyGv9ZMqmv3T9rpuAU
atmos25_4423.jpg,1xm9QhV9yu3u2xrTHyzSpfvOmI04-EL4i
atmos25_4424.jpg,1xlXYsV29qFXxIyNiIdpu6GmuIrzSaxsF
atmos25_4425.jpg,1xpbXDxtkexGqg1jubmDzV5QN4fFC4SAg
atmos25_4426.jpg,1xoXS1AiDxtfUfCSWu3YnQjFxsFqFRV3W
atmos25_4427.jpg,1xnuHDHoAkXtH63-Oq0OkSkWOwXSMlJP3
atmos25_4428.jpg,1xqY38iFsbuwdLMYdno4eWeowrvvwxaVz
atmos25_4429.jpg,1xqzGNyS34ngXjScmposAJww0p4Y6iSS6
atmos25_4430.jpg,1xwozHVgnakaQDy1HCyqejBRQUqCM3ncO
atmos25_4431.jpg,1xr0j16FNXPQjPel3YUbAPvs38weYwC_z
atmos25_4432.jpg,1xv5W7oJAE0m68IYiDR9WV3vHItS8n1xA
atmos25_4433.jpg,1xskG0tDdzKC3Ee7RyMDaNfOMSzDSd8n3
atmos25_4434.jpg,1xw1CG0kxJLGn95Jou5ujrl3RsYFzYxT0
atmos25_4435.jpg,1xzYz_htiLbQ_bMu3h6mRfOpYOGPQmfvi
atmos25_4436.jpg,1y-OPVa2d2_eeTB0IfJnWZwtqyA8J-cN-
atmos25_4437.jpg,1y0RRuNZhXl7iwaDxJgAvOPzJgbbHsBzI
atmos25_4438.jpg,1y0rR6CpeeC7PRadW0LRWkNJjLfgNKNf5
atmos25_4439.jpg,1y1RNlN9_aN6SqL0nF0n8dyc4tR_rYpQh
atmos25_4440.jpg,1y2Y7r1D9TwQndQDy3QsejgKjYc_U5oKz
atmos25_4441.jpg,1y1P1jGzci6IpMfHyBIFpUhUAXuxu2LKq
atmos25_4442.jpg,1y3HwoJVDfdLlDQo4_uBNFKPhFIGrjBfR
atmos25_4443.jpg,1y2hgMYc-7r9pg-VMBv4_CPpeVsq1QRtq
atmos25_4444.jpg,1y7xbEbl5OqtbZH1HXFC27DLK0ChOEumX
atmos25_4445.jpg,1yBCfDOvo2fkmq-ufmuGi9r0PJF5uq8HG
atmos25_4446.jpg,1y6DLI-Yxslk2E3g7WfssN9ccCzSBKuAn
atmos25_4447.jpg,1y5xpl-2D8yMlJDc9nXeMk7n6gFhdMTzX
atmos25_4448.jpg,1yCwvWjBiN_i6duFKQr_UPG3wxJRB01Ja
atmos25_4449.jpg,1yBVr79IimNebOD4SdIYRxZzRgO2TVxYZ
atmos25_4450.jpg,1yEfiGxEjNTWfmekjOVhsjH_SB8ngkYNm
atmos25_4451.jpg,1yEfJO3d0tUeMKEjFJwcvzjxwA0ZegPZ-
atmos25_4452.jpg,1yDhCDaGhJTko-2vdOkf4BR1zrocDTQZk
atmos25_4453.jpg,1yL9GZfV2a7ptjUfB7lxAbPzQMv0ERpQD
atmos25_4454.jpg,1yLs9UHYgAVfDZTbjB9uHGI45rRqbKaBD
atmos25_4455.jpg,1yKpWjjG9KMR5EZhmTCevFeSMJDoz2Xb_
atmos25_4456.jpg,1yINY4WKKyezSPFG0uamax843I64TxfU_
atmos25_4457.jpg,1yK6qHY8CUv6rzgmpGpV3Elm6TTitUX-K
atmos25_4458.jpg,1yMZ1wlhfNm6yncmmb0_8QYkNR78dgz0N
atmos25_4459.jpg,1yO6Byu0PxaAs-xF3ra3Sg2t2hL88zz2Z
atmos25_4460.jpg,1yOEi2_BK4tRfrvHao_c6_Q1lNTHwfKFK
atmos25_4461.jpg,1yNr0TLAhoyut6j8Zrn2HyVKyYt1k6vwl
atmos25_4462.jpg,1yOKVjqKf-Q1W1Ss8Yq1ntZu92gYTI3nT
atmos25_4463.jpg,1yOZoiOCUHTgHnXQYTBwxPGNYLN5b0_wR
atmos25_4464.jpg,1yRegIpgjYddL0FWh6Y4RjdvhcP14GPhc
atmos25_4465.jpg,1yPH63Ml8T2OleRlFSzQmAAor2SDvB3H5
atmos25_4466.jpg,1yRvF97ibfYkbT86CfmR6ReZqZ-5y2_eA
atmos25_4467.jpg,1yVlRqklwzP2NesDp0OMWAj2Bs8LW4zjM
atmos25_4468.jpg,1yWBqzrX2DfYDY9zn1VQIIkz0HBHZR6Ks
atmos25_4469.jpg,1ySzS7A0gT97W6MAAC8MlolP-rZULbmZy
atmos25_4470.jpg,1yYYgvsTw89M17PBvP41uOui4K6wDUcuG
atmos25_4471.jpg,1yWzDkutKa8RCxIO87OsLLlnxiW7LRL2a
atmos25_4472.jpg,1yYaYx_xXjrbvPeibFe0uqblNnsUeFV_K
atmos25_4473.jpg,1y_ewkhoulRVgyERKm9w0caNhuiyKWuFR
atmos25_4474.jpg,1yakAY8MmyxtckA29JB27M_CWd2Lu-iUU
atmos25_4475.jpg,1ycCEMbXxWAjHfqz2fsej-RwBQECVtgyD
atmos25_4476.jpg,1ydlM8SntQeSeNRrpOcsE49ZWyzE7AEg1
atmos25_4477.jpg,1yf1jmrzkUk-7bUigOPri64oleTdg5veI
atmos25_4478.jpg,1yeokz2Y20hLo7Q3qZHRFnsjNg5Oyhgli
atmos25_4479.jpg,1yiYCdCJVQY4pU9kYvnvcjRAHONn-BX51
atmos25_4480.jpg,1yia8Sfik7FzA7gY9I7-DfucVxYDlcrfx
atmos25_4481.jpg,1yg8kYNapgtvORm32sTHIJkjpAtH4qrdM
atmos25_4482.jpg,1ykD-MrZGFCeRDw4l3c76k8c-gqhXJE2E
atmos25_4483.jpg,1ylD2kxxguGVJcEkruQyCbYoZ-rwLve9j
atmos25_4484.jpg,1yk_nEbupNELgqewPCmDt0vszQ3Pu_Ixo
atmos25_4485.jpg,1ylokDBzhXogn7VLx6hpmrtPVPMOhgWFt
atmos25_4486.jpg,1ylxLLqj5qM7Q5sjS9A6u3bBsWqCVrX-N
atmos25_4487.jpg,1ynN2k5tHD2RARv17MOf3KdH_8GXwnkSe
atmos25_4488.jpg,1ynhd1imKhZ0qHj6f_AozseEcFRCpS4Pd
atmos25_4489.jpg,1ys-wS2jcmPDeRfIepuhRILU6yI6rHjpb
atmos25_4490.jpg,1yrHIGQN8d6vh69BoMIzjzft5fuj77i75
atmos25_4491.jpg,1ypShrt-kY2fnauRySf_nibeOeP7zMXgV
atmos25_4492.jpg,1yozLyvhA5OadGpjQhkkiTqYkvpbNNlmp
atmos25_4493.jpg,1yteSrFqn-I9z6aMSLx5juLOPVYF9BV0J
atmos25_4494.jpg,1yt0kLfjFyjrIXmDlBwdSx74BJPULFvrZ
atmos25_4495.jpg,1ysiP1OUVR3RekgzYPOIzUwzMDpH3x6D_
atmos25_4496.jpg,1z2maiKDXXFqvDy9-uOoeubTfRdbEOl7t
atmos25_4497.jpg,1z2qP6uJpbnl1Ow246krSz2xSSu1w2An1
atmos25_4498.jpg,1yuH2-zvaj4iOqeE2naZeauZayfYQPHOC
atmos25_4499.jpg,1yzSvf5QxZoifbUueInmK8fnjt_z4ht__
atmos25_4500.jpg,1yxnspBg86SwMng1L_bb5R-2VWvrrotbc
atmos25_4501.jpg,1z2BAntCpOd-VdV1X9Bk-99knlkj8iClW
atmos25_4502.jpg,1z278Buv8TgoH4gwv-gkKKFXrpsNJwSPI
atmos25_4503.jpg,1yxxqdP0TOzCFv4jk1GLyzIBUz-ZQxeVl
atmos25_4504.jpg,1z4AaSjrhQniUmflR1zCwxrKWA3dYZAw5
atmos25_4505.jpg,1z46VjoH-TXtlw9VrXj3A1ntybFo52rDW
atmos25_4506.jpg,1z5cOChpHA8zGY6qZ9gVpLMpUGb7WRtGs
atmos25_4507.jpg,1z49eumgEri2hMFf8XnbSmxaAW002Yvfl
atmos25_4508.jpg,1z7aQgiurffA5AT0aBDKLFul5ZfHpbRXx
atmos25_4509.jpg,1z597IRKTmoSVkw3NwHE3ukB7lNT7Nmhs
atmos25_4510.jpg,1z9PlPcD_Ruds53cVLLUStcKQDT4cQMNC
atmos25_4511.jpg,1z9D6qxSF5ZoDUJ8f-bVcY77NuKneElU4
atmos25_4512.jpg,1z8sfpZjUbra8BOxL-r_llgaLiyJX4L2R
atmos25_4513.jpg,1z8q-roLpoBZ6UQW92XSz-hFAXGP8Zqh3
atmos25_4514.jpg,1zCLtcNdQVIdEA8h-vYgV0uKkFyx_vnDS
atmos25_4515.jpg,1zDyEswUxK0PusXBLkS-r3chzoy0qxjKs
atmos25_4516.jpg,1zEWbk6fb5V5cn6qp6BkcvHmfH6UwY_kZ
atmos25_4517.jpg,1zFx5-C2MYhcbYZTwobpjPvNCo19W7He4
atmos25_4518.jpg,1zCARf8YjWSTW3SUVe0f0oBjK_-Ww62pP
atmos25_4519.jpg,1zGF_4JVBOtRzaTyMnuGVv83ooTPkvi0m
atmos25_4520.jpg,1zGp6bHNh6ya_oB0HG4k1epEm_aOiheIr
atmos25_4521.jpg,1zOM635Jmg1C-1aFHiSoTXpAwagHRwlaM
atmos25_4522.jpg,1zJtloihiDjE-MLKjCNbdPWbG07l5b6wz
atmos25_4523.jpg,1zPF1eGMTXNS5zevopOBsWNWzGxvHiuIV
atmos25_4524.jpg,1zPMiNW4bD4lWpDzcFK7ceHDO2eM3dkBZ
atmos25_4525.jpg,1zPHaCRsG9EDdiv9qpk5TVhN8sc8cCQzx
atmos25_4526.jpg,1zPqCyMSHHnunLCW03SK-RfNETtvEzGHx
atmos25_4527.jpg,1zQ1atp6Cp7ovD-Dj47cKgdjSiItpV_-P
atmos25_4528.jpg,1zQjgXU0P6q68JYHA81iChwfP3U-XV3jL
atmos25_4529.jpg,1zQUbc6mbI2REwLIqVFEVnHKb-hUfCx1I
atmos25_4530.jpg,1zRGbJpcrClSGGbu_mVpgDbfUzmtVmI9M
atmos25_4531.jpg,1zROQQRxXGto6YZTm4zqq84OgeuP_EzgL
atmos25_4532.jpg,1zSKQ4-QUA_u3KK0Ila53YRkMFCbBGJJT
atmos25_4533.jpg,1zSqkIG7VUblUhFOiZimvqU53gMr6n-3N
atmos25_4534.jpg,1zTGDrBcOgJa-KcLc3AyaBb9dDDci-jXV
atmos25_4535.jpg,1zU0uUWtnYTXZOpjHhpY0n9Swa2vHINxa
atmos25_4536.jpg,1zbi4yA6a1oD46MU1zQVthSfGte0yRC7N
atmos25_4537.jpg,1zcO2j2UPO8rwgY-U5juabDhCbLlHNPv5
atmos25_4538.jpg,1zdaHDtfmeoPLJy_uM0Uqa6NG-OGGEkbE
atmos25_4539.jpg,1zW-i1K1i5xqhkoemMxRHCCCFBVlfPPZh
atmos25_4540.jpg,1z_Q5dp18rP38dUa0oES6quk6TrZa9DvN
atmos25_4541.jpg,1zdojqTUQDQCcdAcpZ4Zd2DlmpGLr01kw
atmos25_4542.jpg,1zfbTEHrvzEzFY2IHT8wviRvsS2-SuNLT
atmos25_4543.jpg,1zheEbjp4xYf4_DmiYyJncGkBVgWLZV7K
atmos25_4544.jpg,1zfhwhRK94m37QtODZikLI_U-htAvWLQT
atmos25_4545.jpg,1zgODbSK8bfT7Lik8ofyHONH5LcBWodr4
atmos25_4546.jpg,1zjbvfuTsRt97QRkh7pqYmw20b1v3oFRW
atmos25_4547.jpg,1zkVGNDQ6KsbQrhDxB8uro-7Q9MV-Xx5u
atmos25_4548.jpg,1zrTH26v7lIJy9hSDsbrXKeu_BecPY_Ic
atmos25_4549.jpg,1znRC_CSWH78DslaCI6in20kD4bIj7vPg
atmos25_4550.jpg,1zkz096ifLuTrtBtlvVjTJUu8ug1BlPBw
atmos25_4551.jpg,1zmW1Ys_rbdF92K6SgG7bgRbfoeUzzOOi
atmos25_4552.jpg,1zuPd5YcCS2vAtMs4hVclA1m1GXB_qTxH
atmos25_4553.jpg,1zvo05MNoUrnkXBwW0FJYSJ0mvHHDy7st
atmos25_4554.jpg,1zvlDdwSD4vKV0mUTQ-x-K2KF1vfZt-bW
atmos25_4555.jpg,1ztqx3TSGqmcPlZmMXjVHtNiEx68su0Kc
atmos25_4556.jpg,1zuaXSlaBThNhE4GBjhZuVWA9KXty3oXm
atmos25_4557.jpg,1zsp-yO_IPDSHHXuEskFGT-SasRvlw1s2
atmos25_4558.jpg,1-GN7HGfE84oOoQIHg69JUCJ0xGtR5GAF
atmos25_4559.jpg,1zwuA7LzlCo3MfcZTBRRGaLk2SRsVXdVs
atmos25_4560.jpg,1-5InnsTKiWIKkY-ylL95iLF7W86vtGrd
atmos25_4561.jpg,1zyoSE4glVEWoXrv0J9c6fn3wfUN577QC
atmos25_4562.jpg,1zx1EwPyo9wwaGVhv3qlig-POJy2H_qlE
atmos25_4563.jpg,1zzGCNSfskAlWAu6icc2nZd4CAeJ9cwAH
atmos25_4564.jpg,1-4Jc7BanHMPRJrtsX-d4JYtZVl35ptQY
atmos25_4565.jpg,1lrZVYdV1-lQcbyGpWTSGg9Bkh0f-MOa0
atmos25_4566.jpg,1-cVHtr08IRL4T7oOzGu9UO5KhFmpUmHw
atmos25_4567.jpg,1-ZimzF_PI-_QgktaFvea8owo02jwMhGz
atmos25_4568.jpg,1-vuep7291qP8zLfG_D4xFzyVAzhBPzoO
atmos25_4569.jpg,1-e5bjFLAxfSKvclRi7tUolRB6HbGztuq
atmos25_4570.jpg,1-cWjTXIur-VkA8kzBCI9ZBKWFAqkBXHt
atmos25_4571.jpg,1-GuNCw-i2A6z5RauD8D0s9E1EjaPiSMv
atmos25_4572.jpg,1-UWLPOyBGTMv4z6XlGwWMmNZcLP3xSoa
atmos25_4573.jpg,1063u4q0Sn3qodOfp8OHdM2hHAOP3pH39
atmos25_4574.jpg,1024Embi2bDTC5kKxrvcs9nd-QK8E6duT
atmos25_4575.jpg,1-wWZBUzP43TKzte_71F1kFjHOT1GmVqL
atmos25_4576.jpg,1-wa6nXFuElBaQEjzgjgweWxbGPKf8J-Z
atmos25_4577.jpg,10-r6LItTIMH5Nu2S6Fjjz0S295gcEDoJ
atmos25_4578.jpg,10T9LHoPirjfkhTMqiCEuaBVt1N2EA2Z_
atmos25_4579.jpg,10RIx1KME0tUqYBcGsqhxVPaWeCXx3Z6l
atmos25_4580.jpg,1068_Ey21kj6PfSSbhzNGezm1WYEPpATS
atmos25_4581.jpg,10HVyGj7nTwVFPu_lEN_GN59nii71DCq_
atmos25_4582.jpg,10TjNI6wnLt8vMh_DqRusKlOjlmlQCzBv
atmos25_4583.jpg,10W2stOVYeZFt4XMtmrO4nQcemBdnTG9v
atmos25_4584.jpg,10_GnvtY9a7MuKL894C957yEyGSA5XMz4
atmos25_4585.jpg,10Z4XcyMhCwWh_ZPBLZnoes3zqkVNNDAV
atmos25_4586.jpg,10clUNrDpV5xLEzSeaFvfg-xyypJukNtK
atmos25_4587.jpg,10_QtUrDPKt3kZOF47w65SE068nZbsGec
atmos25_4588.jpg,10jjY0ExX754wcuUmfm8txxc9wu9HafP8
atmos25_4589.jpg,10bRClaqEv17nnjLo-w_9HU7i8Ivo6z5d
atmos25_4590.jpg,10r907hYJZX71S5EMNhReQ4XQeN9nu2A0
atmos25_4591.jpg,112sWEyLRaU17_sOxDDXgDkulPA_l1n6e
atmos25_4592.jpg,11I6pNxBXUY5nip3Eg-3K1NHPJqzRw8H_
atmos25_4593.jpg,1197SIoB_UrYzDcJh4vYNT4jVteQtBwg0
atmos25_4594.jpg,113ie2ua_FGBCrK5-4D3wiGl9eg9RtScb
atmos25_4595.jpg,11LJ7eJv-HNtJA7C0FaTqypk1HFZD-ik1
atmos25_4596.jpg,11MdTpxQU7dexphXiWcnWyZ6bDdH66iyF
atmos25_4597.jpg,11JIDXyC64L5bGQRrP0_74a_ci_ZtqT2S
atmos25_4598.jpg,11OFASqt0MwFAI2Ym6R7l7AN0aYzy8LiC
atmos25_4599.jpg,11O_vOF9W_oPr_BRl7JAfSnGyYDABH_j3
atmos25_4600.jpg,11Ojiah3R4Hr4Wk6Gnn5kRcYnUnOQNvjf
atmos25_4601.jpg,11URdSy0uPE3Zo4f0sHfj17p1S56Jcyh-
atmos25_4602.jpg,11YsHVJNQd_xGPFFCpRl0wH2ggGeW6R3x
atmos25_4603.jpg,11eZ9MCzQSmK3m-3CjiU-pq-Pzi6Q_n3W
atmos25_4604.jpg,11i_MMpLbQEWzy_R7TH9bPoLTcDKFjoiN
atmos25_4605.jpg,11j3b-n6IVWuXgr5wumSjuEc187EuTRN9
atmos25_4606.jpg,11okC8ZlsxAT2_3SV4nW01DAoAAaDnwSz
atmos25_4607.jpg,11pt9ctn6Pke5PksGULGDOz4tBnAwf78-
atmos25_4608.jpg,11rs6-eUgSyQedJtuIRQZEdOcwoOFlA0u
atmos25_4609.jpg,11sh9Uchy7v23k7wG8lnBn2_gq4_QgAwI
atmos25_4610.jpg,153juqzpikbrWUdK7FVXf0qu0ZVOvGppa
atmos25_4611.jpg,157zV5pTLXTdviCwU_1VOojR7eWg1PR22
atmos25_4612.jpg,15P5oMqPAPAUdU-uJXMRaUyevcrznU2dF
atmos25_4613.jpg,15I7iokCtVq2Wr-aO3R8HsSf5VZo81UTk
atmos25_4614.jpg,15Q4SBOHrZM8MMX3sawqC0u3Cp_QhUKS1
atmos25_4615.jpg,15SMWiSZ7AniJ52TLT94po_fdrYsGF-kJ
atmos25_4616.jpg,15WMMF5OkhiJ9Ri4i9zCgaQDTyHlRtl0V
atmos25_4617.jpg,15UUUBnC8rrjph7DA1695fGRtF2Hn1sYf
atmos25_4618.jpg,15XFkKRUSrBdwPVoch6OqoUwkrw_PK0h5
atmos25_4619.jpg,15YcT7LiKllaot4BFd_oQ2yLVpJza1qq1
atmos25_4620.jpg,15_Se_kXmFOtWAHdecPeUyVI2r_VWJ6sW
atmos25_4621.jpg,15aUtVNfrkCZvxar_qZq1-xZvLNQdvqa5
atmos25_4622.jpg,15ldoGOzjKfU23Qtqj6SgyCpvXVDjkkSl
atmos25_4623.jpg,15oAryJLy1fkJZEYsWK8SQiRoGFa_eY7C
atmos25_4624.jpg,15rhNl4wndGRfPtdkgx4LZ7YhJz5Fu0Wn
atmos25_4625.jpg,15tBe5dLOWgkMvie1HZeHIvtwk9v-c-zz
atmos25_4626.jpg,15u3ETIGC8wtAdVsA272rj9GcBOaz15pc
atmos25_4627.jpg,15wLQWWEPSuty0fg3-iihyoSmfqk6928c
atmos25_4628.jpg,162HCwFA01qzeoG62QpEJokTlFPZLxXqw
atmos25_4629.jpg,11zHcVR1puO_2JnHHzhcqrzOqICNOd4Dz
atmos25_4630.jpg,126zAyD8FjrUGNxohbnXUeBy4z4Rmw7pC
atmos25_4631.jpg,128ZTdV1d88JBLfI-YqAFe1itlfpXDCbe
atmos25_4632.jpg,12DFcgOhlsIMDZlhPCKi9g8pPf2CMtvK1
atmos25_4633.jpg,12HD21pKAe3h0rwTiQdjCL5hiphNJG0Pb
atmos25_4634.jpg,12IQ597w-I94K_eoDYvU6xheBEMM7gQES
atmos25_4635.jpg,12Iaff5Vrtk-RD9FtBSdNRYB6B1jEspRv
atmos25_4636.jpg,12Kndbp7cHZroBRp96Kmg1BszEvRuNa84
atmos25_4637.jpg,12Q-Q2nbC4Lf068c3FOpPkOAI2UT1Stbs
atmos25_4638.jpg,12RqUTbjlhARP6oAy-Sy9tp4MrokBDGwl
atmos25_4639.jpg,12S_lywQheA7XhSZsoL5dfpXLNMQhgrPs
atmos25_4640.jpg,12TRuYYLajHKOgu0uwpq-EhA9EpLYTTxs
atmos25_4641.jpg,12U-hyKsYx4Govou-4TlygSO6qLxDhnNW
atmos25_4642.jpg,12UoeuuEvBKdoofObBU32PF8GdMKPCNEe
atmos25_4643.jpg,12Uu92GvFN6KqMtrBfLw5vS1yJnHbAM0B
atmos25_4644.jpg,12VxYBQxYDiRVn6CHyMF0s6L2SHwZ9oxA
atmos25_4645.jpg,12W5Dm7POV0qrAwZSrhNhxntnMDQwm6Js
atmos25_4646.jpg,12YvHXi4YHEqzGGpodgj33vUnudooYX22
atmos25_4647.jpg,12Z12HZiCEbGEXNkCM-ayVRrBSKr9_Bsj
atmos25_4648.jpg,12bE6wxqmO6XWwMAsvk4IDwUrXKOmaoRr
atmos25_4649.jpg,12bbcHNG7WmgmbHBhZvcoYnyPTQpzsZlQ
atmos25_4650.jpg,12dOljnL9AoAp2rxllVD7XykxltmDUoMv
atmos25_4651.jpg,12eHBF2QG4D1noQlApCCbjEiWdN81eabT
atmos25_4652.jpg,12oL5D9I54NzSifUc6kDVxFJbL-L1HeH4
atmos25_4653.jpg,12pKKHUjITUfvSlxiYEjnD4i0j6WBGpcL
atmos25_4654.jpg,12qQm8kvUSFR9dxX7TOEMlNi-SaEqAGQm
atmos25_4655.jpg,12rXrAZX3ZCdX4wfSuaqiXjiDO3HnqLV8
atmos25_4656.jpg,12szWYGzOKE32vmI9nMoXsfHkcDOREdWL
atmos25_4657.jpg,12tAlSFDSQxAENBKGStTvQS-gKJMhJjdg
atmos25_4658.jpg,137QdMaznWrYarY4WMKE-T8mdUGt7ovp4
atmos25_4659.jpg,136VhwxMVEegwnQpTJM-XOvVmCLPFxtrp
atmos25_4660.jpg,13AO_16Mm0eY3vH1TOSbb1Gv7zwcU223w
atmos25_4661.jpg,13DkSILCvni4E4tNO74Dczp-M4W_QGMOn
atmos25_4662.jpg,13L9gwSPzUdeqo60WxZLjPGgm8tmJpooM
atmos25_4663.jpg,13czo-kHZA24x9oiQlI1oySrdgvqPK7Ac
atmos25_4664.jpg,13akWQu4iSRsYbuIrrdSfzHFuNiS2rk6H
atmos25_4665.jpg,13mpG4bMipmmMkjjrfoDMWSxkqmx9SNHK
atmos25_4666.jpg,13rvfkc4E-D2CLAQSvq28XxN3sp-vBIuw
atmos25_4667.jpg,14-z2mf-NPQvHCaMxwexX32enVWjWuIt8
atmos25_4668.jpg,142OpeeWXO8LZ5B0JvBR2bE748pBq6GV8
atmos25_4669.jpg,142old0YPBrcVjtXqGym2KzkkAuyktOKW
atmos25_4670.jpg,14ATkX5Qb5czoGdrqFW3D7hq5D4VH_RnR
atmos25_4671.jpg,14CZSEp5ZXivYkIO3eZxPise1v3LHP34X
atmos25_4672.jpg,14BrVqNAtdCYdhpmQmAUFiB_z-dpDHQc0
atmos25_4673.jpg,14HcnS5FUzVWw4S3w1vbztrQ4GtkOK6hz
atmos25_4674.jpg,14O6G2FnPK4uvPf5PQGXhKuhHL2siH1Bb
atmos25_4675.jpg,14OYcp4OYp3yJ_QFt_YyfQ3mqCF_z0BZH
atmos25_4676.jpg,14YAwEH0PdKwPJd-bqs9LhclSy9mpk67X
atmos25_4677.jpg,14f4lmAf6rE0tsQ-t-0_ymQkdygHrB14r
atmos25_4678.jpg,14niIISwpPh1J0k96tFXhJaYKZF0SOqZN
atmos25_4679.jpg,14u4d9tJqwiT2b2DhWH0Z5CeXQMJ60_Zr
atmos25_4680.jpg,152nSw3oLNWw4A0P2KZ24dIFZ4qdxFzQB
atmos25_4681.jpg,1yXrBZIk732rNy8nMJrtA7Z_C98JMY5SU
atmos25_4682.jpg,1ytvy5McQoxHqvLk1rjKffUF5VvHS2Y8h
atmos25_4683.jpg,126JU47JqqSvVYj3N2p-Y_0dyJ1RCc7Sx
atmos25_4684.jpg,13LXFoEmJKYuQvVqWdAdQwjlC300w-xlI
atmos25_4685.jpg,162tkLLHtyGvuqPOMTIrbcYAV46r_Vd6m
atmos25_4686.jpg,16Lhmy_8O3_-0c5bhsSzJ2fdNKlxgsstr
atmos25_4687.jpg,16LvPfvLKwwKts6mdWiDhO-ZPSZNGVzyV
atmos25_4688.jpg,16MLQ3lkref9_0p2PHDkimPAbRmo0NR2g
atmos25_4689.jpg,16D97cPTrc5n5QGIRqxLUO1Z1TBJHyjjD
atmos25_4690.jpg,16Py4DWgeHvpl6hfprIjk5gWxOaZoGmma
atmos25_4691.jpg,16Raq7mvqKwE6Jfp8ECd9yDw1W9yT2W85
atmos25_4692.jpg,16YG-w4Sv4VJ_IBSEzpUFDDjDqLKz5R2A
atmos25_4693.jpg,16eI0dwTXU-gt2Wy7YcAuBiGqel57W2nY
atmos25_4694.jpg,16a6Ns6NZG2l-qen3XN40voYH7u-rNb5B
atmos25_4695.jpg,16lXL-f4_4CZY_y2JPrqT-IRo-4AlvK9T
atmos25_4696.jpg,16pvbSQwoUTlPdss9XH7JqISq3ImoRFji
atmos25_4697.jpg,16xMrdZyVZiOWlD61s-IItx-JiiiGsmnw
atmos25_4698.jpg,16xWWzdQjPX2YDW142fawbFvJaGEPFtrR
atmos25_4699.jpg,1701mp7vMlBY1n1biLEmFLlJTa42zuA31
atmos25_4700.jpg,175qF6iuXd2c5-C4e5Cj3Ds5Sb3sG9EnI
atmos25_4701.jpg,17B9NrzlsxBVmQJ4Q7PTYbPW2SZiGX0nT
atmos25_4702.jpg,1780c1MZQFSTel1obzfJFbGOQ1-AXUUiO
atmos25_4703.jpg,17JdEzsyfd7qNQaOcmO_DU7Lr_EjLibLK
atmos25_4704.jpg,17MoR_snynKVkLVKIflcMjnK8v7qUacLA
atmos25_4705.jpg,17UfcIiRhgn3ZGClMbWgaS-JL8lD49K4Y
atmos25_4706.jpg,17cjsub4Wly5lNfAsEMW6xV5rlsEahJH6
atmos25_4707.jpg,17VbmnyjFgqbuAVOeXsdKz-eyp7EAbpMM
atmos25_4708.jpg,17gc_A5GcqP6hNxv2xG3w3SbT3M7mrxrL
atmos25_4709.jpg,17quQxLQjY-3pL5TFD10AuMFHM8Il4dZM
atmos25_4710.jpg,17pxGnsPzv0uhl9DoYRcczvaudJ3Btf7H
atmos25_4711.jpg,17v0BS1x6_3TMhgHvgiTaYUcF-QkjqCHI
atmos25_4712.jpg,17xJJnF9Tw2IyQYaVf9HVUrXKWbCfATrd
atmos25_4713.jpg,182Q4bz2cgqhX18AIZJ5Tj1tO7TG9MsQi
atmos25_4714.jpg,181t28IKseDkrgVC_iIXMhCEysfkU7QqF
atmos25_4715.jpg,185aLdWCSRH_PPZX8t3LkBV51q7pRJLF1
atmos25_4716.jpg,18IQFZp0zY6f-KvYTrsJ9hX2ECbUc7nRo
atmos25_4717.jpg,18JCw3Go-B4kADLWWuZeaTrJAbFl-DJwh
atmos25_4718.jpg,18KGToHZjjLIOSi2vXJzJFF4FelORe9GE
atmos25_4719.jpg,18MAOOva9iu-YFOk96xtXgxrl0U0q6SvK
atmos25_4720.jpg,18NW1pIFqh5UOuuCbpYz3p-c05xfJaI8E
atmos25_4721.jpg,18NzyaiszVl8OSK7bsGf0iDZeFU2jFkD5
atmos25_4722.jpg,18YmFRWPkZu17UclDqNePa5gP07-mKndr
atmos25_4723.jpg,18go46YsKgYimZnHxFzPXqJmJ-VR8XHpV
atmos25_4724.jpg,18hwQccITBjqUVGRy1-hxftlyHrBVcTe_
atmos25_4725.jpg,18kzv67bdQD6y779_rGgJ7w-mkDKuFkba
atmos25_4726.jpg,18m8TLw0XVCqqj13M6jWjQO3vSPfPcLnE
atmos25_4727.jpg,18rBRXPuP9js7WWCqU0kUfiwUP8E6OQ5c
atmos25_4728.jpg,191BDVUc6yH4xB51JrMZV0rNnAcXgesgk
atmos25_4729.jpg,19-uZYNjeXqDqeu2vA2ZwsGdRsXSq18XI
atmos25_4730.jpg,1942YHNMLGv8sn06RA4uI_JnGGlBWp7Kg
atmos25_4731.jpg,19HGMBuqlcYv-iw_mjtPNBuWzaVx7RJvV
atmos25_4732.jpg,19IFCPnPdTUhuaeRmcAzOv_CRU1u9eNlp
atmos25_4733.jpg,19NtB96XvO6QJdsxfbnk-jS-pBTgzBg2R
atmos25_4734.jpg,19T-AzIxS2bmY7K77Dk5cX5KbbU5iWozs
atmos25_4735.jpg,19ZpH_h3bkU1Z-K-bJzsYMdM_ja8g5jfJ
atmos25_4736.jpg,19hWNoYBXS2GYY-HMHLjKRAfPqLLh4q6I
atmos25_4737.jpg,19isRKVOS9IvWwKwuoiU5Q4E2j33plxbf
atmos25_4738.jpg,19k8f3-yyZgbgnOozKGLiVtKmTa-iqWyN
atmos25_4739.jpg,19rI5TMk0Ic2UAuw8syg4cr_z5-_nS2_r
atmos25_4740.jpg,19yxrKTQOzwuoH0PoZZlYY-Utv7Z-A6P8
atmos25_4741.jpg,19zz0WaV7VtFlGfv1K9tN3C0yuf5Uaw39
atmos25_4742.jpg,1A4wtcc9gj4FYsLRLilix7e89IZzMyEZB
atmos25_4743.jpg,1AG05boDQSVGbcCU1j0sT9pHPIF61-zQ0
atmos25_4744.jpg,1AN-g5myMauof3RwRvY6o3P1j1fKrLFM3
atmos25_4745.jpg,1AI-c4aDFfWRIUNdamJFBzYyD_W3Df8gF
atmos25_4746.jpg,1ASLbRXHZTpc_k6fPyNSj29a55YTkYE2G
atmos25_4747.jpg,1AWqxHeI_DcA1Yyqu230t0T8MGIh_0985
atmos25_4748.jpg,1Ae2g87fd7o7o0ez-FNqRgMkYHAvIz00B
atmos25_4749.jpg,1AaxIWjT8Yf_I7hmdTLRXzus96r2sc_G8
atmos25_4750.jpg,1A_kyqVToHGG9TYK6WJ-utqBku19iS9ux
atmos25_4751.jpg,1AoGXQqtdU36XYXfwEm0FwjfDkLjwMfV6
atmos25_4752.jpg,1AlHyC0EabDp9MICMS-sHe7xYlOYtGDCr
atmos25_4753.jpg,1B7ZAcV4jgc3Bfpp_wrja1xBlE4tOHRlu
atmos25_4754.jpg,1B8cvSA3P-FC6-ngh8KbNCKMGlKBHF42_
atmos25_4755.jpg,1BlF9SQHeUJyBCF5UEWAWMRG_-F68kkDf
atmos25_4756.jpg,1BFE3VqNrCFmTAlcYJL0T7s_ReeXKHDG6
atmos25_4757.jpg,1BfgV8E3TNGsdqgVjFjC2PdHG8XR6lxR0
atmos25_4758.jpg,1Brzm1ib_u4-QtCVRbniwDGtDbX_bmYa9
atmos25_4759.jpg,1Bll_2Fn6RY3hPPPRP6_6DyBhYeOzPtCs
atmos25_4760.jpg,1BxeUZQYthX3o9AbGP1nSg47WQA3KO82a
atmos25_4761.jpg,1C4HewnjJy-NszOhEsbQzpvuRLtfWT2ad
atmos25_4762.jpg,1C3xM4GxtHU5JLZix6_i5roAptYrNLncC
atmos25_4763.jpg,1C7NR8uFjk9sa-Ps30qkH-C28w4wTeI_O
atmos25_4764.jpg,1C9rH26S7jq6yUn7gYG4GIpH4Sabz17-1
atmos25_4765.jpg,1CDtFOnacLm3ydeDC87s7sczQu5LWXRhg
atmos25_4766.jpg,1CHLV-huSFxsD25vsoPk6vTIJ0wFuvkBx
atmos25_4767.jpg,1CEWMQe4KzqDOwzYMIbEYqXwmQdZQVpSQ
atmos25_4768.jpg,1COVg63Cu1ycjA1es5hm8RFVd5luIHya6
atmos25_4769.jpg,1CK-eg1rbUyg18GKMlAElk-9BoM1fAulE
atmos25_4770.jpg,1CPp7hFPMjmjDWFhgJsqeztN9jK3G27HE
atmos25_4771.jpg,1CQ6yaeTPSBbBp4TgrjUslhxHvGHh760K
atmos25_4772.jpg,1CUdp39qxsHVA719cprmuFqfutvei8FVe
atmos25_4773.jpg,1CUyFCMUO2CIbYCY_GtQfm0Jx9Vm9ycaj
atmos25_4774.jpg,1CV_2oOiuSyj_WAWDqnyfA1g22Q_GAF-j
atmos25_4775.jpg,1CXP8ZFRCa3_ERj0Gpo0gPA6JaU-XDIwi
atmos25_4776.jpg,1CZHBAF2dYjw1yGPFqq-Nv2IUCu4BJoxs
atmos25_4777.jpg,1CbE53hIKwzgm67CIZb-M4iLgrvCmOm_b
atmos25_4778.jpg,1Cbk8kPgHl5nH-Zn5n58wdfZdiYeXlOhT
atmos25_4779.jpg,1CeeCrH0trLfmVAoQb1R0cmtn3hZQmRat
atmos25_4780.jpg,1Cx5dktUgyUmwjKLgWuMTk1_SLFZcxFrV
atmos25_4781.jpg,1D3NYDMBawTxN_pdqwgn4LE3SJw00c09Y
atmos25_4782.jpg,1D6WNb2Jzqz1KzBtv54MeeGCG6VrpH_nd
atmos25_4783.jpg,1D5PiuQFo6ZEXzo_J9iPIM9t8FThYPBB7
atmos25_4784.jpg,1D7WnLsYH4QppAkCB9k2gtYL7rLNZK1ip
atmos25_4785.jpg,1DDI6wT_sr1rcgB8F4senibusKpOfFCk5
atmos25_4786.jpg,1DLgb1uXnLY4M08t8dp4cn-Zg3En0Gma9
atmos25_4787.jpg,1DPSc_EP7U-IXjOia2jxT3OQglXhsJhlT
atmos25_4788.jpg,1DMUJTUaE1fj1qSt9OKVzKRR5ls1XlgGr
atmos25_4789.jpg,1DRbzmg8nQnfp3HUxNzlYBhg9HcEbBiJk
atmos25_4790.jpg,1DbBCgrLUfz89xwaiy1CY6SeLPVX84P0R
atmos25_4791.jpg,1Dh314IFbAZ3U8xgwvwchq4CdJYeF-t-I
atmos25_4792.jpg,1DhqLy-osPqyVGb8T6f7yNzgw_YTYGGvQ
atmos25_4793.jpg,1Di-k5P6gYIG4Fr9kgX_2a-tG6JEFBDaj
atmos25_4794.jpg,1Dqll3ai6ibVZ2PwEYjVFncbDslP2ZdHc
atmos25_4795.jpg,1DlJVUOrsLc6s7g2m42DRrWJd1ZshsLNU
atmos25_4796.jpg,1DjsA4XO31FdslqQ5LWbMD2l8QruVqFLy
atmos25_4797.jpg,1DsGFf9oOEZR2oqpFMaVRz6YxZpXqk94q
atmos25_4798.jpg,1E0M26OjHHdLJp3zMM5SGEkeChLKLbw1K
atmos25_4799.jpg,1E0_VOuC27r3jUf4vwiIq1E0n_xY4GB0u
atmos25_4800.jpg,1EB404VSh0HWu00SlNdBZRp84UsRML4X0
atmos25_4801.jpg,1EEY_xFc8wbGiREsNGpcfL3IEQbP1_mMC
atmos25_4802.jpg,1EEpfDEzb_gfGRwMTdmJy1blVyHgONN4s
atmos25_4803.jpg,1EFsFiciPBgVjKLO4b5h2J_OG2dBytho5
atmos25_4804.jpg,1EOXRF66SkDvhXdknj5p3FWO2nx576Tsj
atmos25_4805.jpg,1EVFBXPgAqA_2iAf2bu-bdXnLz73ogB3I
atmos25_4806.jpg,1ET4LD8leWGD4-Hvo_KLWEe520JtEKnNH
atmos25_4807.jpg,1Eeu8gYtG6ORPPVRFODRyIm3-txKk2UY7
atmos25_4808.jpg,1EbaIx3XLgBMFIGMMEy0g1ocIwyxePzf3
atmos25_4809.jpg,1EdhCDiZ4HlHQ1V6_Y8j-hifhEEMhoFGe
atmos25_4810.jpg,1EZ3ftnYjrftYX-2n7RDasVoPxkLGt0cm
atmos25_4811.jpg,1F4wy6ISvBHsKiw2VKW_hL_DCuBtf2zxU
atmos25_4812.jpg,1EqEb-ioPkvuHTruqZZYUr4owfAxVxabf
atmos25_4813.jpg,1Ez7RU1iQT49UehksdGaurLDqF6ovsXVX
atmos25_4814.jpg,1F9z0-pp6TQI4bKBMvyvNXumL86kpo6F9
atmos25_4815.jpg,1EvC6g52Sxoo3xnFkCO0yAXObZo9ELbNp
atmos25_4816.jpg,1EwrT6AgPOcIPIVDRMmfgWTO1dAPjIvDi
atmos25_4817.jpg,1EpIYs59tAdyIS78aYLixEGBVj5kgJjJE
atmos25_4818.jpg,1FCkhStTQxKWqr03eyOAbvf73fkiAhTf4
atmos25_4819.jpg,1FFR3zIeM06sPQ2aEpOZRVgFv7v05ZrVy
atmos25_4820.jpg,1FH_N1rC2CW0uNoxCq15mbiMeSUYn1csG
atmos25_4821.jpg,1FZj76WKdTmpn7AjOLIR6A1w-N9PaYRNK
atmos25_4822.jpg,1FvS5rdiyNSXA6HFFaO0217xWAz9hyfOY
atmos25_4823.jpg,1FZ2HWj8-BWovinAO6U1PwAvPb-A8rjZo
atmos25_4824.jpg,1FG-sjOgJPVq7NkpLk1WbHqnZXbR9nvb1
atmos25_4825.jpg,1FSo_PDOQnpoYDyBYjwsyIqMKDUVP9Cxy
atmos25_4826.jpg,1FhOQK03uCdeXG2Qg67_uwDQT5EpxY2tR
atmos25_4827.jpg,1G7ZC3nAyh8bIhZXFFJZTaGQrLjOdNn6L
atmos25_4828.jpg,1G414e3G7VwQswx3DjXtDe-WkiCC1mc6C
atmos25_4829.jpg,1G9z78ITFT6wBPJqmhLGbewy_ppUPjSpi
atmos25_4830.jpg,1GABIFfvtRubxhE3mueTlxfUXbyWBMc7g
atmos25_4831.jpg,1GK3RzXCMuRSHKYExYFc9u37MQKWl_APi
atmos25_4832.jpg,1GAS6ifVpeocB4B3SkWeOb_OsMX-X5LPG
atmos25_4833.jpg,1GEBe1wsCFvwDr2N7Bb9W4sOvkiEtbmUD
atmos25_4834.jpg,1GN4XOwgPFEBflAcp2BjVDai05FI90q7K
atmos25_4835.jpg,1GPSVMYkPYryE_pJBmd-h-rc3RsN9jsoN
atmos25_4836.jpg,1G_k9FSZpIYO_zhIMzQz609cFBYF553CB
atmos25_4837.jpg,1GQjtSlL9D9aeocD2zm0pWBmxdSEBqsmO
atmos25_4838.jpg,1Gbp-t9uT-e2fPX-GONGFY0eJTrql-j4n
atmos25_4839.jpg,1Gej5jui3eJX-HB_ouK_YjWPD9YPCMiZk
atmos25_4840.jpg,1Ga_qysEsXkGPUVeUcaYaN-B7oM62t6A1
atmos25_4841.jpg,1GjWms1HDf0fhHsQg6fsYK6dV0mjSujEn
atmos25_4842.jpg,1Gk0c1aUtv7m2Jj1Uf7pYFK_9O94n0sj4
atmos25_4843.jpg,1Gteh9YR7iEf78pI-X22MShQPJjZlipZ9
atmos25_4844.jpg,1GuJrIfEewGrKCoJ0-5og54l3vZPNKs1v
atmos25_4845.jpg,1HE6gZxiv-E_ZSk17ItIN43TtoXZ7XWuc
atmos25_4846.jpg,1GzVc5QVhXg-ngcJ1JA3HACeBmGLjkd2T
atmos25_4847.jpg,1HIMzfvoXRbHZlvCBasmerEfG103OY4FT
atmos25_4848.jpg,1HEr_tt4SWl4Tcdau1EA6bvhk0K92WCXO
atmos25_4849.jpg,1HF-bnZjCLwGJF9cS1ajndmWnD699lnBU
atmos25_4850.jpg,1HITQQlvbrUKTyLMa9TsUNcZJRGG4ZEIY
atmos25_4851.jpg,1HL_legW_Z4ny6I0rBofS8vKhhKNqwMVF
atmos25_4852.jpg,1HR5oQu6YJZMyo5PGUT1clkucqephI4Rk
atmos25_4853.jpg,1Hm2bL3sHIulOdRXzJnPqyuUKIN75wezW
atmos25_4854.jpg,1Hpo0J5ZyOdKkjwO2Vo_-YwqNuD57jrJ_
atmos25_4855.jpg,1HwWO9BgjgDMPw3yecBlyWBWFrMBYcXQX
atmos25_4856.jpg,1I1BrsAIMmev_0DoKWc1ViXr79WhJsA5-
atmos25_4857.jpg,1Hy0LI4EhyMub4HXnTImSfZAjjGNwl26W
atmos25_4858.jpg,1I1uBkMunlDbQVpmKaDDdmuVT_RP2j6kt
atmos25_4859.jpg,1I31bSOdcPa9N-F2yLoHKA-vaC_cO2Pwg
atmos25_4860.jpg,1IKMhB01wYeaNWx9spQuJJcE8fYhyIQFH
atmos25_4861.jpg,1IJVLie7jLKM33J9w-4mBDNyN-z1aOhtG
atmos25_4862.jpg,1IQwafatZh8gQ-7aKnPRdPGSXtmAazHUF
atmos25_4863.jpg,1Ib0YeByUlmPEkfnFBkdXqsFIkOHhywOJ
atmos25_4864.jpg,1IUQ7mpiu4xBnS836Eh4K0bXX_qWpp6hL
atmos25_4865.jpg,1Ief24KgRalMySpHdyE1P7SSs3pQdqP72
atmos25_4866.jpg,1IfDCn1HZufs6FiFNoz65sPDwdKCLdYDM
atmos25_4868.jpg,1IiOPGrXTNJbjjo1lrFm55D0u0BLtfdWi
atmos25_4869.jpg,1IrkSlTN7UwFa2nIXbZbloeseG3BCH7Ox
atmos25_4870.jpg,1J31XkvyDnAQc1K_FTRtXHkeCE0O2FLhW
atmos25_4871.jpg,1KrSRDa7k2uQGfAXnvuYSdfytcEq3tpJo
atmos25_4872.jpg,1KudEDppwOv283UnVoChhg5BAtz25U598
atmos25_4873.jpg,1Kx0h2eV_UJIy7CQOt3_H9dB3hmTN52M0
atmos25_4874.jpg,1LC95rjzxCvdQb1iV4BXT7y7uPr29xKjS
atmos25_4875.jpg,1L89Rr5aTalgN8O3jH0fk1wsp4wbfNQE3
atmos25_4876.jpg,1LOlPqNc2fF6JJbhqdZ5eqvfBRM3TKSQi
atmos25_4877.jpg,1LFh28DOi-Rx1qZwrraf9LkSDVxW7BSkN
atmos25_4878.jpg,1LeXesjUlgNUhhPftvL2FBdvp5iPHq0rq
atmos25_4879.jpg,1LYMP8w2sVYg1hHNLEIB1iz4Cz6rIrWwS
atmos25_4880.jpg,1LZIGwRUKHrRJhZVxqoHui2ZMheHsYaW-
atmos25_4881.jpg,1LoVsBFT2ANT-wBflrszc0VOBwvq_ptHY
atmos25_4882.jpg,1LqwCevuL8tRAZEPulidyEstVoYPUyn3v
atmos25_4883.jpg,1LyIR6uhayVHejBTn663nwT32ddsy-jV1
atmos25_4884.jpg,1MBsBHlhRR8aiOoZ67RT8X9-K8TQtmFOZ
atmos25_4885.jpg,1MAVu_MgC1KUsvcKml9niIBilytbzKw_6
atmos25_4886.jpg,1M4YxsmrfwCJvk-q-0g-LrnXssxC__0lJ
atmos25_4887.jpg,1MTZjYFC4wREZEvspdc5EpsHHJ8ROnQWc
atmos25_4888.jpg,1MN8PcbIEXRxzDhDaUGgjy1JJfsFjccuQ
atmos25_4889.jpg,1MbNwkrjdyoMmVFMlVX3BN9zeRxSVYe97
atmos25_4890.jpg,1MkV4z8PB0cDRQt0j7JefwFsHWGKQ_9Kn
atmos25_4891.jpg,1MgErCDGKI7EgaeiqQiWMtjj8Y55KINPN
atmos25_4892.jpg,1N5Ps3bKMQ7D1PkLvX6O-JkIk5c5mM3Aa
atmos25_4893.jpg,1N6QLY4K72pnC3j6LrRzqYEctFK74VBxD
atmos25_4894.jpg,1MxQvQuTvlCvlgEjnjtOPLdBqR-mvTYG7
atmos25_4895.jpg,1N6Ve2kZnpQJ62dDGHRM-am_bl5Zwfzr6
atmos25_4896.jpg,1MtMU20XHwEskY4v1WMmwrVkS_GPp29Z0
atmos25_4897.jpg,1MyBqWhNc5dJhh3NWiGvqwyIatFFiceRJ
atmos25_4898.jpg,1N7DG6MBhgDXOOdzN3OOSUoUdTGojLZBK
atmos25_4899.jpg,1NBRAAWYz6GT31uWlGZaeUp9h5rxU49jf
atmos25_4900.jpg,1NbBnc_fLzfG0tzYEAaKFvuNhqpFaasu5
atmos25_4901.jpg,1NENuoYm_7iYEQFy-CEnbEZWEE_3LynrX
atmos25_4902.jpg,1NDGPsfCmNgwWWh44w25C7gAnsC-OyZFU
atmos25_4903.jpg,1NZhe_Ut2zvRcZOsFpnPdOU5EFNg7AEWh
atmos25_4904.jpg,1NhnoAS51_ZVJeRVCgNjZxBuMYMbjeUnl
atmos25_4905.jpg,1Nu9VjQFr9Cks-7xS7lc547VWX9-4X05T
atmos25_4906.jpg,1O1aszPVFbBNWifJ2rpw8HWV2VpJQmfgU
atmos25_4907.jpg,1NpgM5QOoU_6RRbj7zPLJAvlW0ncSsX8I
atmos25_4908.jpg,1NiNaZA_pqkAhlI4GwyG3z3glvH8fV0Yu
atmos25_4909.jpg,1NlSgD2JJapt9I4ycah7ipVfKnQDsU7id
atmos25_4910.jpg,1OBMxqrck49ois2zxMfeRezMpOTEbt_-g
atmos25_4911.jpg,1OBTBpokiWMKaQn6cmP8jDwySCN12PKRa
atmos25_4912.jpg,1OGD5RJ_pNQp7hGMTqwzsYdA1syCwSCqz
atmos25_4913.jpg,1ONVA12ehNCtRQMXkbDnoR9KMTY_DFEU-
atmos25_4914.jpg,1ObO83nd6j6CEotnWckpT_CyvAtU2hach
atmos25_4915.jpg,1OSlMoi6ob-wPBxq5OMacsZT_Qw37PM1v
atmos25_4916.jpg,1OSebhLKiNhZN99rlcvYOkVine6k_joSg
atmos25_4917.jpg,1On9-_x28UxtGSo-ni4Dx7zWjKObPrE-U
atmos25_4918.jpg,1OjazZYOF-HGtZ0OeM0TkyCKQ3BcQiwR1
atmos25_4919.jpg,1OrvwDl66m30Zisr2ZS6xeZ68WpC3NAWG
atmos25_4920.jpg,1OovB2h7e_JdTl3qtxpJ1wkjYOAX7UZBI
atmos25_4921.jpg,1Oom74OpzO35lHFDPglRbBk_og2Nibnxp
atmos25_4922.jpg,1Or_hiEKxfQ-zACkDvMyS4ktohHa2nQVF
atmos25_4923.jpg,1OwfObETJ1z5vPTSF7Df_I0OpNvYktxsQ
atmos25_4924.jpg,1OshF16BCmm7WltPIemyOGR4IjXKdAk2s
atmos25_4925.jpg,1P43XfeOx05ifYeEh4r-eUgMZ8eSClj9w
atmos25_4926.jpg,1P2zXSxF0t3EpXKXkMmL_8AGTZuv77SG9
atmos25_4927.jpg,1P1uI_pk_l3EtJNbIY9nHlVc2DdjhzDh0
atmos25_4928.jpg,1P5KCqrVdsvoeY06OV3OgSupjtYnW-0Qp
atmos25_4929.jpg,1PBSmUxVJ-CLu3tpuY1hkciORBrTN5g-h
atmos25_4930.jpg,1PIEGSGzxRDwoebj_7LwtH8C7KadKLfCG
atmos25_4931.jpg,1PJBVhjxLoVkh-3dqKM-RZZlh--RSZ4yy
atmos25_4932.jpg,1PGQ8IuV8X3ZodE7bAPeeNYLSV8gJ_Xdp
atmos25_4933.jpg,1PPS1s5FjVnaKZDjcRMtZVctVImsiu2Se
atmos25_4934.jpg,1PM9d8MPtbNzEvbSzEEv79B0Cs-27xfg0
atmos25_4935.jpg,1PZShLsarLY73QakZZirxKv1BETklkzSo
atmos25_4936.jpg,1PUt7PwWS8q_XxAErhiLq_xvHAwvZxcAm
atmos25_4937.jpg,1Ph5LbtnJBFinOkXWR-txSod9vlzisUpm
atmos25_4938.jpg,1PahHzKcw0CuKAAO3oDTJOO-VHgy5r4BT
atmos25_4939.jpg,1Pq_5OBDejn4sMC-3ll-QAIMJKhK-q7fh
atmos25_4940.jpg,1PlYg_-wskmgXVdESfr62UHaVdz-zXFz_
atmos25_4941.jpg,1Pwwzvu5l0Ev8YLPZqY6ypAgl4YclY7a0
atmos25_4942.jpg,1Pqtm-vvW9fD5ERUFCelxEQ-VOvKJn2LJ
atmos25_4943.jpg,1PyAtX4LtwCrQmdXC7E4scproalcaa0Fg
atmos25_4944.jpg,1PvONCDusev8Yn3VNBFeeZpPWM67bMRcF
atmos25_4945.jpg,1Q5z0a9poksRwTTONKCWimwMBtoJSJQWP
atmos25_4946.jpg,1PzQXwMEYmnSu5Q91YrH5zgjotU7PSfoB
atmos25_4947.jpg,1Q4ywdD2yRQfrQPtuC3ftk5sTA5ePs3oZ
atmos25_4948.jpg,1Q4droCHtRcEzKT1MmdlFe3IJb4oNOvLM
atmos25_4949.jpg,1Q2Mj067bpDuFFKuZeEpzsmBfHOY9DYAH
atmos25_4950.jpg,1Q8hDSdk0c7uzBqIFBOz7QBFUUXen3S0G
atmos25_4951.jpg,1Q8QKI50L0RupDPkRJGUNQ5KgTwfSzNF3
atmos25_4952.jpg,1Q8naSXx6Mfu9lsA3y5JCTutdEWbdIHq0
atmos25_4953.jpg,1QKDhFZnk0OyF2tfAYJrBUjeTb-LBCpwF
atmos25_4954.jpg,1QJbaVom8iADIoTZlBcSLjjmT7ctu52Bj
atmos25_4955.jpg,1QdS4jtGbwqt-QN9nHOtfm7U-Bq6xcDQV
atmos25_4956.jpg,1QZQtfzmYHeZaUIrTaLl8qmwNn5D1WMYB
atmos25_4957.jpg,1QTNl6bwAfX6KVn_o_hwvtSYeLRjDHe6I
atmos25_4958.jpg,1QuTl6g0AKFdgsVgt6dRsLdm01-fjrHKR
atmos25_4959.jpg,1R1iZfZwPIeB7A3FUuS-HKdg9Ax4WDUGG
atmos25_4960.jpg,1R23K5HywzQPHpP-rZIPzo7TtDtrPuxcG
atmos25_4961.jpg,1R3y1FZsDtWZ5qu46GQmESg3afChykI4Z
atmos25_4962.jpg,1R9gcUA2unhktuBQV8oANCEJQmOBEd1qE
atmos25_4963.jpg,1RAoPioM0Wv5ekeSkPUiTlgO6WsE3P7PK
atmos25_4964.jpg,1RCaUnj95fqzu-lTUxfMt9T2_ty0hNnS4
atmos25_4965.jpg,1RJkxSYSwXV0TY_8ddXEINMSZmbPGURpc
atmos25_4966.jpg,1RKjhGpm4Pt5CjvHm-jscYIRhewdx9H0a
atmos25_4967.jpg,1REjKuBL329k-rng6_G5K2kib4DtBCa7X
atmos25_4968.jpg,1RWcEgq6Eeqaa0l-tNpJzeQfl6vKVf3rA
atmos25_4969.jpg,1Rkzx8T67bpfB8pb8x9enR0Oz8C24FUZG
atmos25_4970.jpg,1R_rmv0_TyyCdLq2uPIYE1k3YF8LiPCRB
atmos25_4971.jpg,1Rts0HMj8ylFsp6M10bR26elrCKlgOqxV
atmos25_4972.jpg,1Rgjnm9k7fJHXBLsGsJsXjdr_Eo_DYjPY
atmos25_4973.jpg,1S8gliUWClYvyY5phERyOyfvDCtbp71O2
atmos25_4974.jpg,1SwhQUpR8y8ifCpYgnQmhGhh5enOANY_u
atmos25_4975.jpg,1Se23p309oG1-3zdAwJpTCauCUxMDFoJl
atmos25_4976.jpg,1SxRqjF79Sr29VTMF2aJoFQHR6WbXkOFz
atmos25_4977.jpg,1Sf2ZyjMtoBokX6-dEHK3ETiLJhJkLbXE
atmos25_4978.jpg,1RuykJu2OyrIjy3qlPfe-dK9RWbKVyYFy
atmos25_4979.jpg,1SJzTPF6itJHwd5SM8Al7LtncFVNbcchr
atmos25_4980.jpg,1SBNs469UaFOAtwSMZai7FAHWmmw_bTvV
atmos25_4981.jpg,1Sy_zeiRV4b3V994-tvTvyqX1Cvfvs_om
atmos25_4982.jpg,1TBDyfJNyuqZX2yRFOF2dq6ed-yG8lGGe
atmos25_4983.jpg,1TX65nRTSFqGjhJTvdSGmrDGQcK4EHYER
atmos25_4984.jpg,1TH_vscCGpytMbTZfV9I20s5F37HcMfdF
atmos25_4985.jpg,1T-8DiaLSqCp8FcGoJji76ovV_BTnmf37
atmos25_4986.jpg,1TiKdeIrdDOiNUMvCqn5Ebo9wGAZfdA-o
atmos25_4987.jpg,1U1v5De57-ganWDgauG3Fkfei6BaLHwoq
atmos25_4988.jpg,1U4zWLgCIkiNDyqibk4Hval8o1YN9UUha
atmos25_4989.jpg,1U8apgA2JLNFG5DN0CQwr0JzkMtuobfWD
atmos25_4990.jpg,1TubV1EuFQmUF4OX0BiujKTV3dsDCrFQU
atmos25_4991.jpg,1UpbjWRxmSotPyaKqOqJeFA4ACMVcXnlc
atmos25_4992.jpg,1VHXbKbZDk0QUFhIylnQOPxUzOSB8IT0R
atmos25_4993.jpg,1UWLm5SWsuTgIbomDl7kzAmKoBh-luK6a
atmos25_4994.jpg,1V2xPE_q9gkG9dR8CUsXSOkB3td1D2Row
atmos25_4995.jpg,1UzFb26tpnPgnzksOkg8MJD1SKcXkS5KR
atmos25_4996.jpg,1VQgLbEhadNZQyxMwQDcJURA6w7iSuM82
atmos25_4997.jpg,1VSOzWEWMPa0xJWTG2mW3E1R8wkNz9TRl
atmos25_4998.jpg,1VhYtAeiVYFHA4Cv_NqrmLGPJCtipnx0E
atmos25_4999.jpg,1Vq7QpZr5OAaemPck_u44pnQpUesUi2Vg
atmos25_5000.jpg,1W0twGG_M0otYOnxTNSHDcfLuzPO8tIK3
atmos25_5001.jpg,1W821GM83khVGDhf_4VYNcaLOVPuZg23O
atmos25_5002.jpg,1VxQEBzRaf38YBaJs5hw1QiEW2cXpgrCx
atmos25_5003.jpg,1W9cUF0nrfXbi0GQpkEvSTjrH3oL_XRp1
atmos25_5004.jpg,1WIcT9_gcW07HjFi_Kx36fA0u-9QKIbnB
atmos25_5005.jpg,1Wl1dcqQk-ROMjp8pKXypGBpzW2VQ4LxA
atmos25_5006.jpg,1WQkaYLr69AVaeVG_b8YAzF0BWTT_E-0s
atmos25_5007.jpg,1WTiNdLNFB7sFoTktdFruqwHWNcLTHIyE
atmos25_5008.jpg,1WKSUMgFYL5qhYUqSs8CHlpNwsbtKA3x5
atmos25_5009.jpg,1XEWIXapk_DA-p7LbsaekHlfnBLZffA8X
atmos25_5010.jpg,1X7Xn26d6Ud4aJoR8TVJnC6_7EMbJ9ex5
atmos25_5011.jpg,1Wz1iN7kGyf4bEIrvWvgUUl4knaAiQBM6
atmos25_5012.jpg,1WtC-lc55e3xX3i_iBepWBSDpfx6WZ8cQ
atmos25_5013.jpg,1Xq6wIgmJbnZls8rA0rrVBlMZ8aJqP8E2
atmos25_5014.jpg,1Y12wOHOQHAr2RCfzxCQlkM1-x5x2EsbE
atmos25_5015.jpg,1Y3tUVcfRt6Q4tvP2kJY_7n4aFu9vSU9u
atmos25_5016.jpg,1XNJP-WaKlH8P5GYGPC2N_KvufFbH4res
atmos25_5017.jpg,1XiLCWFttH60g4ichTwUZpUdIbtoyWKv_
atmos25_5018.jpg,1YFB3j7bi2vu85z3ONUH9T_VBIMDDCB0X
atmos25_5019.jpg,1YH6ap88B9j2CuOmD0SqROAdc16X4I7nM
atmos25_5020.jpg,1YYSC0lf8sVnVO5063j2BpQrXUGPgUU4Q
atmos25_5021.jpg,1YRJa2uH-dDaqo-hbLT9cpp6dhVTyavQ3
atmos25_5022.jpg,1YdkmW7khJVPY81mgCNawNEEa-KpE8rI-
atmos25_5023.jpg,1YrOSSs5p6oWAbLRc-PvnyjFYSs2uTrcC
atmos25_5024.jpg,1YiCoBGbaAclQ3ZraPdFbRbmTtCEgQ8vp
atmos25_5025.jpg,1ZLKfSZcEIXxlzXNW0P26GvdA-haLvitW
atmos25_5026.jpg,1ZIPHROPQ-hqcORMQkKuF0j6kFM7iLN-d
atmos25_5027.jpg,1ZCPf4Q4Th6uFnhC6JK1mEHfieeIat_EM
atmos25_5028.jpg,1Z3ElEdaNyBvNHG_Z0tBXERgFpQvSBVbi
atmos25_5029.jpg,1ZfxluVpjNWLDpqYLOuf3PV6aZmMXiKjt
atmos25_5030.jpg,1ZVsKhjSOpyxZVtLFqJ_C-RS7o87NS19s
atmos25_5031.jpg,1Zj0MmAzINi2edKZ3lyh92_vqscbbTdea
atmos25_5032.jpg,1ZiwyFwP50iPvIY2xKG7FQ3IHGMuz16zZ
atmos25_5033.jpg,1ZhF4f4jmPbHIPiGLAaLUA-wsadP1LEjb
atmos25_5034.jpg,1ZjacB1mMG_T5Fn9LjjHGL9WJudhhDLWM
atmos25_5035.jpg,1_-ImaNZ1INgTQwVMJxKgUYOZc5yeMgvV
atmos25_5036.jpg,1ZrKojs1UGHYmlIgCJ4i_R19Guoixfna9
atmos25_5037.jpg,1ZoVE5D4kqTjG-5BU7HkSqFUoYMbR90Wk
atmos25_5038.jpg,1ZkFKmBLOsYQv0sxM5vNDa1Z7B-cGS5im
atmos25_5039.jpg,1_-ggaoe8chETMj_gPfgiQLT8wuwt1_1h
atmos25_5040.jpg,1_0SoB-PbV8uTz-KtYOVvCUsBNMQrdbX-
atmos25_5041.jpg,1ZlPVEXIv51hkbjP-853yOPnHOp-Joqxm
atmos25_5042.jpg,1ZqyR5GcBkKqJEodj97FoZE3C2L3rCHeO
atmos25_5043.jpg,1_5MMxLrywiGAGM08AdT8lieioMF0as5Y
atmos25_5044.jpg,1_7FvMEXpGF67N7pEcB_2YlFtr7PUuCZy
atmos25_5045.jpg,1_BzUwt7zxQoKvEFXbsBID6yZO-9IZ21M
atmos25_5046.jpg,1_7LPTbibDpNJ-3f3c1I8oFY-WTABF_4d
atmos25_5047.jpg,1_EquS9EQYDO5yE9BlEzofjQh6tyU5qld
atmos25_5048.jpg,1_3WXdiNjM0nbaFUB5W6Icwbc7uTs7hU5
atmos25_5049.jpg,1_8rxZX04BTj9XlL6Vn89bjXjrsRW5-V1
atmos25_5050.jpg,1_MNSzfPU315Nwfh-Tn_xFqlM-34MNzdn
atmos25_5051.jpg,1_JAe6T5MBDdKn7mWm3W6ZSEg9vkaL0k-
atmos25_5052.jpg,1_HI_U9fycy0ACXnOAjZqDB3WXpRIONh8
atmos25_5053.jpg,1_NgLdfa5g2Jrv54-Je9o7levuIkIkkqx
atmos25_5054.jpg,1_T8LNS6ubXaAlBfw8SyHo-gOTnstZMwk
atmos25_5055.jpg,1_Wnef0-H3a5ZGpgILaymOScsgiy7ZJjm
atmos25_5056.jpg,1__K2uT2CskiESJnm8w9A55seebbQn8OZ
atmos25_5057.jpg,1_XOqFjjsujNwnVAlLGvMHk3f9rw9Vk0Z
atmos25_5058.jpg,1_Y1AzzQJm6a9eMOGfg4obhB8w9BQfAsX
atmos25_5059.jpg,1__1oWuMcEblFaU8BE_VLdWaFVcQCQzWB
atmos25_5060.jpg,1_fE7XbPsWfmHrw3FPJedyLWcIAknX_iu
atmos25_5061.jpg,1_hPivH3NRwNPJ6TQTIuH9ID0O60clCYN
atmos25_5062.jpg,1_gN_3t-UJqmzjfKFSGO8mEDmT-h9Yw0J
atmos25_5063.jpg,1_uotitdlSRJ84PlY-4AD9OhNwMFvFsbM
atmos25_5064.jpg,1a8asIPO_-sVUWGl0bhkWq51rPW5PIQaP
atmos25_5065.jpg,1a23ddUNpwvjr0N2eMsqy1dn2RKIqIUs-
atmos25_5066.jpg,1_m_1l2mJTMHFfRSYthfyiI-8G0bRPzbB
atmos25_5067.jpg,1aDP9Jx37FVRyMCpm84WcPrBpb1vXlffO
atmos25_5068.jpg,1aGHjr8H9NhRRte8POCgnHCUCftiXd2wc
atmos25_5069.jpg,1aWZlHTH2D2z0Xy9xseegDgG8C0OfwzFb
atmos25_5070.jpg,1alR9TttASfDKKNMID2yX7RuTsIFx_ZOJ
atmos25_5071.jpg,1aa2XWpZy4wW2cCEPfeUAj1J2a9NkQqzD
atmos25_5072.jpg,1aplrVoYWSelxl16xXPgFnw81ddtcgdIt
atmos25_5073.jpg,1amI3yVKsp4iH94KHPjF50yszHDPl7Z95
atmos25_5074.jpg,1b0v1fnHfCVHBYbLlhdSfvS47_RT1YhM4
atmos25_5075.jpg,1b6tfoKjQhHTAQAxklfY0YbA1URdua0rL
atmos25_5076.jpg,1bEhNjl2hc5xFpr0nIydx1LLHK3P9FI5b
atmos25_5077.jpg,1bINVJ9gkj_8csBJnZtZMNmuGKpkERsjK
atmos25_5078.jpg,1bJzoszymlys1d5U3fPiLCaw8rMJ1YPQi
atmos25_5079.jpg,1bQmVBV-a-I-whpOIv9KSieWV9E-MacuK
atmos25_5080.jpg,1bUymz8Ogca_J6wtH8AlZ6qe8WD4spPFt
atmos25_5081.jpg,1bcoXzFxwZwU34vKTgKgAXJguU64IZ3Tt
atmos25_5082.jpg,1blEfuwnUyZkXDUJBAWTvMUZ16UpqO07i
atmos25_5083.jpg,1c7RfbojhTpZia3qLaX6QR6TcYTjcLlJ0
atmos25_5084.jpg,1c6ndi_WsssajNRCJ4kCRVhvmP2_5LPPl
atmos25_5085.jpg,1cDitKS3zIlEbYs9Sy5oP0cqWBcBgtWr_
atmos25_5086.jpg,1KkJkD3p7Tu9LA8FxBPkTPoEIHbJaRRIF
atmos25_5087.jpg,1S8tFT1x-Y4gfwuKUmx31kKvqk96DXyvD
atmos25_5088.jpg,1SBhThuaJt7w4IpiNUhac7t8tow9yEK_8
atmos25_5089.jpg,1SCKRUEjXGUJIIJV9rxAtA0HFtKKegMmT
atmos25_5090.jpg,1SQeS0Dp4HVgUFLOnOF006fJrhxv7AMRw
atmos25_5091.jpg,1ST_yJRDsmAYCqMh7QbBI4sIWSf2crWUf
atmos25_5092.jpg,1Sgm4sSRR6sKnSxCOutM5pwZd5Da8UQ3Q
atmos25_5093.jpg,1Sy4tW-t70GjLJMCt0FrZLl7D-mSdfXpg
atmos25_5094.jpg,1SphB0CkV68RS7Gh1GgYqrY0bmL2Vt5E-
atmos25_5095.jpg,1T-J9v2DIjLds82sDgCKq3zBr6BfGQq2c
atmos25_5096.jpg,1T1QFJUbOJWVPDmCdIBxui2YFXfLXk-hx
atmos25_5097.jpg,1TDws6chkPk_Jewm9XSXYhb9YI0UumQXV
atmos25_5098.jpg,1TU-3WbWsuWg4WDVFXYgRaD8yOXLFoFxn
atmos25_5099.jpg,1Tf1ObWXhMP_S5vQ2OfVeafzTIodx-9W_
atmos25_5100.jpg,1TkZLqi8s773ug3w_QfRhquAq6wKdrkpf
atmos25_5101.jpg,1TzqJd1HQlf2LZoYbx-8B2fH4xzLtd-Mu
atmos25_5102.jpg,1U1y76RBfIhweZ8CBQLD6oclSlblGh4BO
atmos25_5103.jpg,1U22Jcb1DiWEArp2RH2B9RfKdwrjVHWfp
atmos25_5104.jpg,1U7NMFY1CNLC43FtsV4gJOsaBApMikIXl
atmos25_5105.jpg,1U9mnIomkCOIbhe3043imxHiQt2L_S2lO
atmos25_5106.jpg,1UeP9t4RnTk3bxGz2c9csoVvb1iyk7_kz
atmos25_5107.jpg,1UsLAHjl2kosP0Ja7WS-U2s2tcq3nzPMg
atmos25_5108.jpg,1UxNn5UE62w0C584PqQtah44Ero1Tkl5O
atmos25_5109.jpg,1UzU3vEQLfIPcdr3SHSu1DzS7RLEG7U5n
atmos25_5110.jpg,1V3intnItkDwJnRQZ12SFUyKPIj73j5xj
atmos25_5111.jpg,1VFpn97DWmoYp_Yeb5JDeOZL-nVjnFm0j
atmos25_5112.jpg,1VJhbBYRZtPQXb1MmJh4PSxydI_lPKZ5-
atmos25_5113.jpg,1Vc4Bz9VyLdTUGxDM3XazjpcoSaNHH8B1
atmos25_5114.jpg,1Vg5hcu0pPDAuCqRd1TGFmD9Kn8qIDzfk
atmos25_5115.jpg,1Vn7lm5z8JqacfGWPoeRMKE0EdtySfG_U
atmos25_5116.jpg,1VxXUS-xJWhTNbpLvSB4S-raAx_vpO8Op
atmos25_5117.jpg,1W6SAJx0BMx0cD4MLt72HEa4UOEahKrRS
atmos25_5118.jpg,1W9NgbDoNSYST_wzEfvI3huapl9f0BYd0
atmos25_5119.jpg,1WHz0jRj1XLpag9ct0R1w8KBX5pjK4HeV
atmos25_5120.jpg,1WPzbaJcZ8maQ7XKdQJ1bFoc3_p5po0se
atmos25_5121.jpg,1WSf_5qM2yo4muWFDYOIJWV9f_vWlnPJU
atmos25_5122.jpg,1WfcfHCxxoZxLMoMwO0pGPwFOAiKrTr9H
atmos25_5123.jpg,1Won0i7P2wy-BNMh-rVCOYI5wnfY6lhSS
atmos25_5124.jpg,1Wx9mud4vwg3py6aaS9q6DnepNJHCi9jW
atmos25_5125.jpg,1X2BBz0O3vfOLBLsrtRa-cwDVj6xjAwys
atmos25_5126.jpg,1XDradHu-F5ZQe397N7hXaoYqOKv9l5Jn
atmos25_5127.jpg,1XLS1B6pzKyUe5w_Nt_30obS0RubE8k2W
atmos25_5128.jpg,1Xf7fX-IlNog5L19lfGsjwMs7tSxDl0Ss
atmos25_5129.jpg,1XozmAg2iYvnkjykOGougE2YktqTmmN7g
atmos25_5130.jpg,1XwIdiQqB50QQN2GFYKTXJbrmgqWSmMkj
atmos25_5131.jpg,1Y1_I9hIdYsMMA7CsbPLTcTiydQp9rJEk
atmos25_5132.jpg,1Y9D1atJQAu9h459A2OsMlKnYwT0X6Tmz
atmos25_5133.jpg,1YC2PDT9CcpY_9XUqc9XDx_BOyX0D8WkU
atmos25_5134.jpg,1YMGE2Gpu2VnU1EyA-zbtZP7zDj6OTvW3
atmos25_5135.jpg,1YYR4RZ3HJIK9WTtpOq30Epd0DHXcY33J
atmos25_5136.jpg,1YeIYBAZdLE0PkpgsJxbzVtZV-tm6kqH0
atmos25_5137.jpg,1Ya7XtpY4W5mhURWr_AVjueEhkCYPx6Nu
atmos25_5138.jpg,1YhdkkbH8owkyk_X24G1-UkJLRijuSaCl
atmos25_5139.jpg,1Yi3Ydl-rTNG09nx0-qeM9giqK0xk5LDR
atmos25_5140.jpg,1Ym2-dm4ozSBcysL2g2UuSKbkAMRrmQOe
atmos25_5141.jpg,1YnDOa18Qc5E-bJKpCQPce35tP-C_Mle8
atmos25_5142.jpg,1YquEahDSyVhbw27eWGYRmElsjtTrWDs1
atmos25_5143.jpg,1Yxzy1V3UJndj-bQnc4FpuHe0NCcYRtoX
atmos25_5144.jpg,1Z-ttMrtAH3DccQLV_Y7dRTXjJot0AV4Q
atmos25_5145.jpg,1Z1sw6dozGO4IpNhedHRIHVNj7fGfRydu
atmos25_5146.jpg,1Z3mZ784pJp2oKDY9YLpWifJO8tCWCT6K
atmos25_5147.jpg,1Z8m_SZ31_3XroGSJYiBP94W_PLUPxcG4
atmos25_5148.jpg,1ZAE4g1wWBJBNle7yel6fa4dIeH7tZfxz
atmos25_5149.jpg,1ZDWKoSzsHrPWVVLCk1AFC-ac1eww3GkO
atmos25_5150.jpg,1ZEy99z5N8-hFHt2nhLTDNRvOOBLIOMX4
atmos25_5151.jpg,1ZFbpY8bsx55DnPNsfOsgoY5z5qY6gbGy
atmos25_5152.jpg,1ZG0yYf3B6xfiyeXmMe_KdyKffv9e1iIa
atmos25_5153.jpg,1ZK3iCpVoXhgYZ94A5rxo-rHewTjwpRgz
atmos25_5154.jpg,1ZK4cNG2PfhKiX6rotPuwGd_66rx63W-k
atmos25_5155.jpg,1ZNKWkg8H5bQaT0G7UukrUHlhtrfuPv2t
atmos25_5156.jpg,1ZUg9NiRDdxnx6lAu9FCAUHTv8aFnT1PY
atmos25_5157.jpg,1Z_0a2xLWOGcUQqk-vCRPgcsUyWKmajZy
atmos25_5158.jpg,1ZfUi6_0s9Qu8_ANX4xAzURYWLqrIaz4h
atmos25_5159.jpg,1S0ozTMi7XoAQGKCjHBu3zjnFDT8XEJvW
atmos25_5160.jpg,1J4bylA8M2FoH0ge-3qa1Iv2_bac5e2A-
atmos25_5161.jpg,1J6iD2chKWnprCxFUabQBZSQFkyahN8wK
atmos25_5162.jpg,1JN1WSW_5XvJPcpDa6fojp0Bbf761GJON
atmos25_5163.jpg,1JOcE9MdxpSYLlOke5tEQaucvCMDezgh1
atmos25_5164.jpg,1JWmAjjl0t38mqTTpUrwgdUD9dVBLJJa-
atmos25_5165.jpg,1JV6286xnV_a0JY4J-yhWPPYJzdAFy6dc
atmos25_5166.jpg,1Je-hlhJb4zo02UFW7fgHepTxreMwH4wE
atmos25_5167.jpg,1JcGwoQFR1btlXoYcnPt6maa3rJZ-ErvD
atmos25_5168.jpg,1Jhot6K4dAbY0N7NSjJ4ptfKjTUuWDYpj
atmos25_5169.jpg,13DboaHYPn7QVnMZKg3Z-Xm47aQdSF5Ig
atmos25_5170.jpg,13Cdp1brSmRS6L9J5S47DpaKRwPBiEWZ3
atmos25_5171.jpg,13SCta9PaXY7E-KqR74peMsLHAJx7f-jf
atmos25_5172.jpg,13SlQn16eXryFdV0yg6-Octdw32ZUyCEF
atmos25_5173.jpg,13oiM8h10LINgsz9xE6R0h_-323UjDh7i
atmos25_5174.jpg,13s9H_FZFMsTq4Ul09g7EfQyrpT1ZQeZc
atmos25_5175.jpg,13EznchPb_Cxsh5MrVGPliVGxUaza5eTv
atmos25_5176.jpg,13tiYqCd41ZTKgZmTyWSX5hN9yRSAbL_q
atmos25_5177.jpg,13V_Hahfl7-dNxRIydPSdVPiTJEy7sdZ4
atmos25_5178.jpg,13VPRNFeq5Tc_aTFV3Qu6BPpx9-E7oqzG
atmos25_5179.jpg,13QpbQj00xRlqW9Zpxg035iOJO1rW1Toc
atmos25_5180.jpg,1-DnMBi_M59w1gUHqdrVmWc8wMBsgQCFS
atmos25_5181.jpg,1-36qPQbXgSdmqLYEGyr9qa-5ovItBRW8
atmos25_5182.jpg,1-2548szQKDxUyZzUMa3mle5zpqx9aXFJ
atmos25_5183.jpg,13GlZQkE84c2RxKecfgT7e4-meOSa0obo
atmos25_5184.jpg,13vTTKsUvvuvmaY6iq0kPEMqDp9b5jNQE
atmos25_5185.jpg,1-GWGjooreTQiIiOWh00FpS5pFxxvSyoz
atmos25_5186.jpg,1-EQyGnwrFx7LslX18XorZ76io5szSNum
atmos25_5187.jpg,13LvWIUZWjufmtxQ9I46h8lBQO6eHJUne
atmos25_5189.jpg,1-0yyiEyE5-1F9_0ggWD7r2oj8QIE-ODT
atmos25_5190.jpg,13UlgR7aXos2FRbRsjYWVQ3YxRe3FkS6u
atmos25_5191.jpg,13n_djTXQDLKaQHOOYXPqLHfIiMSTkDvs
atmos25_5193.jpg,13cVMDumDbQvfwBNcTKMmqrXItTYZVFo0
atmos25_5194.jpg,13nz57impL6vlP70BdwxeHDieJoEx4ynV
atmos25_5195.jpg,19A2k8Kw-AwR-Z728jH234x-EOkksk2YS
atmos25_5196.jpg,198vS9Th_Q530RM1B87rrS2eS19QHTR9g
atmos25_5198.jpg,1t0Pe4myZmRtQAkj0-iaTqT2bk-M0LybR
atmos25_5199.jpg,1tMzQ6TnK0JACMrqsw2_zU-PtHabA8dp5
atmos25_5200.jpg,1tQv-d6Jf2X0EhdBTPyY9p2dWszl4gBSX
atmos25_5201.jpg,1tViSrp6QMccTTQzlzUlrvfoq1qKhHK6L
atmos25_5202.jpg,1tbZRwsH8ThHrt-15r7NFshKObh2JcIkk
atmos25_5203.jpg,1toSyQKfsGI4jjf7ZQP5ao_XBqUTM4TzD
atmos25_5204.jpg,1tuqzI1B4XNyQNtPJK6HS3IRQz1Ro0GYb
atmos25_5205.jpg,1tOTcSMswWexT3F7sUdpZo-UyCTIErtQa
atmos25_5206.jpg,1teeNZgI9jGzkLGWyKDlhDGp6Y-zUZt-W
atmos25_5207.jpg,1t3vlavScWUYWPOEa_dGvge1s8bx9rmpo
atmos25_5208.jpg,1tCwhbEE1dhU4llEsEB1Loc9Q7s-h2Z_3
atmos25_5210.jpg,1tbxp2k8Bg3tB9gdGtIFw4fJO8bl3S0Ik
atmos25_5211.jpg,1tzF6yZoJqxPdoXUgW-uXQhn1dl63DQvx
atmos25_5212.jpg,1tY0jsZEXvUw3_F1sQ-Im6qrIviolBp-7
atmos25_5213.jpg,1e_azwu60sAmmpxIlM-GQ5RbBzGRO11b1
atmos25_5214.jpg,1KlO0l0Bb05ZkZ3zyg69rSLD2hG7VFmOr
atmos25_5215.jpg,1i3Tamb0TIR17OF2b4bZj3fBQHXyWw_jk
atmos25_5216.jpg,1jvBVSkEGtOyBzOqtK477XrYWp8G17VDf
atmos25_5217.jpg,1t03yidIwFHW_o0N5ALZhQAcW4C2m0tk5
atmos25_5218.jpg,1ekIr1BSPydP5he8f5r2h09_v3allhgeb
atmos25_5219.jpg,1OZYlLb7ROoWOHjcEfHR5c3RBFtDEFmM2
atmos25_5220.jpg,1gebME06tnOHgVXd-7mIeatU4fDpFGgo7
atmos25_5221.jpg,1Qf512aj-OqGPoZw_suZP3aj-cCf0NEzb
atmos25_5222.jpg,1hRgrnbw8NVe1GqTfTA5_4TKVc-hFGV6C
atmos25_5223.jpg,1Wiz6FbIX4YmK5-pVtAUah_Mc8AWjluxs
atmos25_5224.jpg,1GWHdBxob0un_gRPamKIH6-TNhlo-L2xT
atmos25_5225.jpg,1Str0cERYwVnikIaRqUZIiLvtkWKryYKC
atmos25_5226.jpg,1T0D32fz7vSMsfD1eWluW7xCM0EaAMIQG
atmos25_5227.jpg,1T-woifulCwmsOvlEKul2Koz0MUoXbNEE
atmos25_5228.jpg,1T3nqy98QMLlSkdp35pPbq99DTYkbTM6s
atmos25_5229.jpg,1T2sEAldhpxvWEspbEzd3oZ-jqNVv12FJ
atmos25_5230.jpg,1T5iWcyJBEXGl081HZCn7su5S8TgwnnAx
atmos25_5231.jpg,1T5CHIGhxCsHri346LxI7SQTgMpGabIXR
atmos25_5232.jpg,1T7A9p7BJmjv5f56NbSz3P_TuOwhk4n6Y
atmos25_5233.jpg,1T6kgg5_z5btSDvdVw-IZht2A47-be6mN
atmos25_5234.jpg,1T8lUkNGRclRZDV-nwsoLKMZp31RdTj9C
atmos25_5235.jpg,1T8AFSLBMagCbkubmug0IbHhMtDFt1niW
atmos25_5236.jpg,1TBE2hn9e_rq0qADxZe4sHPeW_rxjjsU0
atmos25_5237.jpg,1T9W-Us7Db1F7HB0GKMHD3JsYnsgSZCce
atmos25_5238.jpg,1T9UzTYOSR9ZeA3Bebm3OmjoDpgz6y0N1
atmos25_5239.jpg,1TEHaBuUJai6o1SdMAZIboDgXOad72qf7
atmos25_5240.jpg,1TBYpkJqDkayG4uXRKD84TpKRU1YPEDlq
atmos25_5241.jpg,1TBS3Bc8ZjVt1_tmizBXIHn4oDardh7S0
atmos25_5242.jpg,1TIjQEcg_RJDcpWO4v310Mmhg8R-42DcJ
atmos25_5243.jpg,1TFfT3n7FlzHe-Bvne7v2cbQS_yCNrt_k
atmos25_5244.jpg,1TK_RUljCz5GzqiiNw2RdX0fAYObIce9T
atmos25_5245.jpg,1TJyb_qc28Fn6PWT88zyXQjCWUGqP7DIl
atmos25_5246.jpg,1TNP-U4koJ44RS6DkngmWay-Z3VCBXSMq
atmos25_5247.jpg,1TM9SvJn8rjEFNS0DLgS0CA659-gNWCH_
atmos25_5248.jpg,1TNvncSQ8H5tD1lBhvf3UtXzuikVl_va3
atmos25_5249.jpg,1TNq9L13BGVjrawjkFGXqzPAfRVc3tyfr
atmos25_5250.jpg,1TPrebZI2oc4JuF5gI51abstse74xyecJ
atmos25_5251.jpg,1TPJ9d9QlHgkCvVehK3JtaB22L-8hVGCm
atmos25_5252.jpg,1TSGuBwy7v7em7GAIL5McCeJLTcqIYLSY
atmos25_5253.jpg,1TQ4gdY5mzEtoNVvZi_jNTaftzruCwGKW
atmos25_5254.jpg,1TVHFz6V_6v2B70tXOz9cMen02Tzcil_d
atmos25_5255.jpg,1TT-6TuqBCVYvB36-QOQ6SJyGE2fFSB4e
atmos25_5256.jpg,1TWG8TQ-3Ppb5qSgCj9AGypToZr26_623
atmos25_5257.jpg,1TWG-bBtAQ9tin0mZt8Ni9KcTheeYth5z
atmos25_5258.jpg,1T_wvU6H4Rh1x0qK5xw35O1W01qePiZ9C
atmos25_5259.jpg,1TWgenBNpkhdeHnKem6o6AEijEPO0Is-D
atmos25_5260.jpg,1TbP0b6ZJNcmi5vDKc0b5UO-hv2xo12xY
atmos25_5261.jpg,1TaPqYwEYRHRO2uDuigfp9xhezciST60g
atmos25_5262.jpg,1Td_9OQ3gFEQvP-JfShAOM19vXyJ9WzoS
atmos25_5263.jpg,1TcEbSFSrZnaHpVHYp-lew0Gx9Jg_orun
atmos25_5264.jpg,1TegES9SNgVduZLd3wUMzGBJQZ97W0Yqh
atmos25_5265.jpg,1TedT6L5eOvnLtgSj03jOOtcN1c62CM-P
atmos25_5266.jpg,1TmnJgdcMi6Qfy-CPegrBJ0Ci-6JNU-gj
atmos25_5267.jpg,1TkkJjCnv8-ijxla13npJo2lVCB7Pb_6S
atmos25_5268.jpg,1TiFez02J8rKPcOzvFbC6uguMJnRM6W6i
atmos25_5269.jpg,1TsDuVmzwyGJZfixmETanPytovLHsV2yp
atmos25_5270.jpg,1TpACfSRg6L7crZ8UMK1z6WZH78H8QUcP
atmos25_5271.jpg,1Tmoxe-55_H-Kb6R0i8Hk-sB170SlVa5A
atmos25_5272.jpg,1Ty7zCxfJG4gmac7TbuAkeumK-cfOvk4x
atmos25_5273.jpg,1TsbI746taB0KxtvRSJELvS_5Rhf3plqD
atmos25_5274.jpg,1TsG2X-gXgmTK4KZef0ONocjEg_mfLY9K
atmos25_5275.jpg,1Tz1C1SgJlXF82TXdp6rNcKiYJ1F6aZYB
atmos25_5276.jpg,1SwcFtBkDlD5eXv4jn_ZTw2MQN7tx_Kfo
atmos25_5277.jpg,1msHb1f0W2GJ5BkB3ohvNGkPYM83K3y0d
atmos25_5278.jpg,1lU5ng3b9rB_OGNjMRRP4z3ZjH-6mxkt4
atmos25_5279.jpg,1WcLAGQ3p0w05JIZiAjqNEi2SiWD7kc5H
atmos25_5280.jpg,1ASveEu0KCPk9NngXwBc9sxzT9R13YKhC
atmos25_5281.jpg,1QqHn5LKsAFReahMTF-nxme1jnMwtoj_U
atmos25_5282.jpg,1u4nOJ0FDSCuhf34P4zZm5aCaZdG9EP7c
atmos25_5283.jpg,1MNwB43Y7-3jV_j-Oot4nRmV-0MVvDHIp
atmos25_5284.jpg,15OxxtJpPv1ejsjOS9WfQA4JZLcg9_YPA
atmos25_5285.jpg,1-b8PIjjEI27D4siOlD6y5Qd9bwnXIAgR
atmos25_5286.jpg,1Fsiqlgd7h90sNt1yzCwDbHjOmXKT5ISQ
atmos25_5287.jpg,1b5PjnDeYnViLU8GhgjACHsdpWCD6hHT6
atmos25_5288.jpg,1qQrMyjVYX1LbRUJa6nVF2a_ZMwTWdkiC
atmos25_5289.jpg,11dzvQROuj37zhnBXMxZRDQs4muAf2ffg
atmos25_5290.jpg,1Cs6Y-9LCZLeFKXrwkYpsjYvtE4cbyxRe
atmos25_5291.jpg,/bin/sh: 1: Syntax error: Unterminated quoted string
atmos25_5292.jpg,/bin/sh: 1: Syntax error: Unterminated quoted string
atmos25_5293.jpg,/bin/sh: 1: Syntax error: Unterminated quoted string
atmos25_5294.jpg,/bin/sh: 1: Syntax error: Unterminated quoted string
atmos25_5295.jpg,/bin/sh: 1: Syntax error: Unterminated quoted string
atmos25_5296.jpg,/bin/sh: 1: Syntax error: Unterminated quoted string
atmos25_5297.jpg,/bin/sh: 1: Syntax error: Unterminated quoted string
atmos25_5298.jpg,/bin/sh: 1: Syntax error: Unterminated quoted string
atmos25_5299.jpg,/bin/sh: 1: Syntax error: Unterminated quoted string
atmos25_5300.jpg,/bin/sh: 1: Syntax error: Unterminated quoted string
atmos25_5301.jpg,/bin/sh: 1: Syntax error: Unterminated quoted string
atmos25_5302.jpg,/bin/sh: 1: Syntax error: Unterminated quoted string
atmos25_5303.jpg,/bin/sh: 1: Syntax error: Unterminated quoted string
atmos25_5304.jpg,/bin/sh: 1: Syntax error: Unterminated quoted string
atmos25_5305.jpg,/bin/sh: 1: Syntax error: Unterminated quoted string
atmos25_5306.jpg,/bin/sh: 1: Syntax error: Unterminated quoted string
atmos25_5307.jpg,/bin/sh: 1: Syntax error: Unterminated quoted string
atmos25_5308.jpg,/bin/sh: 1: Syntax error: Unterminated quoted string
atmos25_5309.jpg,/bin/sh: 1: Syntax error: Unterminated quoted string
atmos25_5310.jpg,/bin/sh: 1: Syntax error: Unterminated quoted string
atmos25_5311.jpg,/bin/sh: 1: Syntax error: Unterminated quoted string
atmos25_5312.jpg,/bin/sh: 1: Syntax error: Unterminated quoted string
atmos25_5313.jpg,/bin/sh: 1: Syntax error: Unterminated quoted string
atmos25_5314.jpg,/bin/sh: 1: Syntax error: Unterminated quoted string
atmos25_5315.jpg,/bin/sh: 1: Syntax error: Unterminated quoted string
atmos25_5326.jpg,1PNIxN20yiEkOXHGsmqtkhrP-HIl7ZUYW
atmos25_5331.jpg,1PRlvhni_dSfiV27R0tbW6VsnCm56fhOJ
atmos25_5332.jpg,1PUBDZASNMGwNJBm-s-dh_uol5ZtWTqT3
atmos25_5333.jpg,1PTLBKYfP8OztKbYeQlyxMZSZU1NDtGLT
atmos25_5334.jpg,1PVf3JrVo8VDxKTEBiI96GgvegsZSgNek
atmos25_5335.jpg,1PVwnb1ps3ZaUPZGJW5hwJ7njVvPqjEk-
atmos25_5336.jpg,1PYF_Erng4A5BWVrD7RAESZy7mqpqO05D
atmos25_5337.jpg,1PYLSYHCmdhn-vAWy91c2p8HIjysWsiX0
atmos25_5343.jpg,1PfO-mSEz3IGkfIDraaUNu6k67JtcOIWZ
atmos25_5344.jpg,1PjfCWII_l3J1C_dkLQzlaKd_IbnxK40g
atmos25_5345.jpg,1PhLe-1Dxcy3j00osM3RmopOPmJNjToQW
atmos25_5346.jpg,1PkPlODr3mPxZRd8CCDqzYdx410lEFVLJ
atmos25_5347.jpg,1Pjk5MeTRFfixPw2s7anGHv9wItWMzL8L
atmos25_5348.jpg,1PrpKBNME3qD7eBMonlx2IA55gxhSwuyA
atmos25_5349.jpg,1Pot_5PfOAC2GNLxJgtvQ-SudGVz7jk3U
atmos25_5350.jpg,1PtpXCws9Uo6-rXnA2bLOemIozksRNUUf
atmos25_5351.jpg,1Pw-VRfA3MUTak4jymt49pD6E_XN4BXDu
atmos25_5352.jpg,1PvEIbXJhnQFTTFdFr8Kbzvuj2XMmpdwm
atmos25_5353.jpg,1PxdPwVc92pTSaeHjFlFDKJR3Keasi1_K
atmos25_5354.jpg,1Pznm-OCj2FRu-C1VkQxJlUhXRD7GSekx
atmos25_5355.jpg,1PwBuLa-nyGHuN82w_UWzPa072jrOM70_
atmos25_5356.jpg,1PylLxVh-2668wCAqtkMQIhE5Tkb-AEpF
atmos25_5358.jpg,1Q--rMuJbwVATACUIOMr5hq1iNKm9P2qj
atmos25_5360.jpg,1Q1NFP5xPH8KjjnMDok5r7pyOMmvO2Jmh
atmos25_5361.jpg,1wknei4SGJnD7YYh_XDa2D8TlEKJwl96f
atmos25_5362.jpg,1wrJJEJQLs5iWG57ZCK-VdWiKtQQIVMrh
atmos25_5363.jpg,1wt0e4yyrD1pz3k3s67uuTqF6gSA0d6q1
atmos25_5364.jpg,1wuvt-RpXSN5olf_HEp4-pBxsvGbG1DAb
atmos25_5365.jpg,1wy1sbC9hTPEEqJDYmEhqTEQp_a3P7D1t
atmos25_5366.jpg,1wzOiHvyMQSmtUtKjLLXt0Y62cSVRYRhY
atmos25_5367.jpg,1x3-1rofShDbkI7om7gvwsM9N3y4ii6Pt
atmos25_5368.jpg,1x0RDrdP8DllijZia2hHQD4yWLd94XOst
atmos25_5369.jpg,1x6P0XXIKpb5CHOVBB-bx4Cs3H22xsaHu
atmos25_5370.jpg,1x3dKs22lisaivtbBmVfKr_KDyOm7UIm2
atmos25_5371.jpg,1xIQwimelTtZHxsZMZMQvjYb_kITNWAde
atmos25_5372.jpg,1xRSY5zA6qIVa8K6jqW3advGBxzo7DCK6
atmos25_5373.jpg,1xSPsZzN9XjDo67-vVsSgYS6RwCCtbk_D
atmos25_5374.jpg,1xSfM-vS18P5Qb0XFZsd5AnQIR4BKUEA_
atmos25_5375.jpg,1xpt-d-J1UoABNczmyRx-fsiv247KnjFM
atmos25_5376.jpg,1xaeZIGMrWZsz5FihwRe2wTkH_LbZHAmG
atmos25_5377.jpg,1xzalbo-nyGAtfVMRG1Uf5EYnhXsmNLTd
atmos25_5378.jpg,1xvXXLBumJkTqfiQ8KND9eX9VyfEsODdt
atmos25_5379.jpg,1yFJyNaI9YI0lwKexvmJbNGwS_LjXI0oV
atmos25_5380.jpg,1yDfoxnzQbNqtXWlp5HW6funlsqCCMkNJ
atmos25_5381.jpg,1yIxSJNSeEsygvI8u3NBB7R8EV5xDdxKm
atmos25_5382.jpg,1yGO__tUQmo86qd48zxnutCVHESXmHQH1
atmos25_5383.jpg,1Q5XN09E46Vd4d3wEp8glGGQyYn5iFwyg
atmos25_5384.jpg,/bin/sh: 1: Syntax error: Unterminated quoted string
atmos25_5386.jpg,/bin/sh: 1: Syntax error: Unterminated quoted string
atmos25_5388.jpg,/bin/sh: 1: Syntax error: Unterminated quoted string
atmos25_5389.jpg,13YnKxirKvxplZn8oj0mZyBDUpZJUOj_F
atmos25_5390.jpg,13_pRbLUgXuxekoquLVcoVp4WL8kO1byA
atmos25_5391.jpg,13ZMEDBTB-aFIOgtOLu8JoFoSJmcnWTX8
atmos25_5392.jpg,13ctTJEoLVppJA2B0HuDgrrwoILvcNZp1
atmos25_5393.jpg,13bW2fE3Jw9wxvCLiVeWUXIRIFXt6B5pq
atmos25_5394.jpg,13kRAU0OYoSUau4Qyw_kMIDfOvVn3dP1k
atmos25_5395.jpg,13j18IozDNNFdcD5FfLFrftPXaLmQ_Sgw
atmos25_5396.jpg,13uOu5USBwCLKQChhPJj3fYM0WtvTB7eU
atmos25_5397.jpg,13mTEj6dWFQHJa99GWtNOigvOvKQZxzMD
atmos25_5399.jpg,13wsLuX5ECBJ1-6xO0nlZlI2YtZ4zJu4M
atmos25_5400.jpg,142Bvn_KSM5XIccxdq48nyV6XF93HlbmB
atmos25_5402.jpg,14H9K2r5hYxSZ0xdpV1WdfgwX5_5FxYFN
atmos25_5403.jpg,14IF84LA_gIM5bsb0bfRrzG9J0O929jr-
atmos25_5404.jpg,14AdNmQkwCW15PQmGhRj0ukBNuIYIfYRD
atmos25_5405.jpg,14KGESjVvglaifdrZO1exTF5wEGhTrUGr
atmos25_5406.jpg,14MBn4Lkap9OJ1Bou7_BNkX-08WKRYl0u
atmos25_5407.jpg,14NjUWPnN1cou3XPyQMhW52ZlLukuqWun
atmos25_5408.jpg,14N_QkvRyaPh4Btinz83CVJwQ1bfepWYb
atmos25_5409.jpg,14LBtvlmNwj3uAZoMSnn6f4gZZbU6fSqq
atmos25_5410.jpg,14OfrM8IejrGUQ8tsBJ-hPyg3Ya7IxFSa
atmos25_5411.jpg,14UosKRI3LmE3XfdKxOlYwUxjgS6L02ZF
atmos25_5412.jpg,14Wl_CCrt8X1kZ1kzKlmWDuYm_dG7yH36
atmos25_5413.jpg,14U1U1kUv_JPxrgeY9DTO5-FEdyKo0m46
atmos25_5414.jpg,14WAKvRw7YYJASnvqNF34aCsQLg3reIud
atmos25_5415.jpg,14Sf0tet3slQT-FJRxETjq8tXoG-K-trG
atmos25_5417.jpg,14YRLaTYvDQpA0OlDqlBa3TVadnGUFkic
atmos25_5418.jpg,14acxVeudsSxLCtkiSEWS4s3IaNhBJf3w
atmos25_5419.jpg,14_jFgZXFcEL54VTnI1BHtEj6rr1tYC5N
atmos25_5420.jpg,15ocyPjZsfq6MR7O5W0rDwFPsZbOItmLN
atmos25_5422.jpg,15p8NSfdm7eB8k7jQxTY--gI2YObRvtBH
atmos25_5423.jpg,14dXN425_HMMv8aeZAU2Pgqou4sVUsDHU
atmos25_5424.jpg,15vetpU8TROfUuPg6ROwTmo3cPPtiXcCC
atmos25_5425.jpg,15w-f76tmbqgbJXxI8Auj369_F7__56-v
atmos25_5427.jpg,15uJCfJyF93I3rb0CbGaxIGCrOIGg5bsY
atmos25_5428.jpg,15qMtbQ5zo4ji51HE20q70TGHHDEA4J77
atmos25_5429.jpg,16DL14h2293kuw61DKT2qKpkuN9w0VUy0
atmos25_5430.jpg,166zeaqGBLcp9T3tEX2AWxZUPukWhxnKR
atmos25_5431.jpg,168dbbuCb27K8CIKgvnA_Jk4yefG7jZPc
atmos25_5433.jpg,16M056tDELqGiRziBT65KwhJFTq2Tw95U
atmos25_5434.jpg,16UANQ0gkMJtOKOzTnosUGpOiGTOqlIJF
atmos25_5435.jpg,16V96lRKFBvpLaPG2bSE_hZcmRXFv8lHa
atmos25_5437.jpg,16W_x7BDaZgPyTIZJYnlK4eHPnMuu_YBo
atmos25_5442.jpg,171-Og3LaYhwxEZ-pjhxGw2nPLOkYK1f6
atmos25_5443.jpg,16tnzsEALhKRfp3vrY9t9uNYxfc-xsI6x
atmos25_5445.jpg,178FkvTOqn13a2DwWN0SMXx2hFJsK3FJl
atmos25_5447.jpg,17D3vG0YU7uLQqAw4GYaJqe7GpNTtDKKq
atmos25_5448.jpg,17HP-lqJpTtV8p0HxH0X3S63eOaPCqf84
atmos25_5449.jpg,17SRG_nv6Yp5pLH6xZGT4B6f5IqSr_lFC
atmos25_5450.jpg,17hIos0XuaeI8KmKN9g7oA80gg_O9Pjnc
atmos25_5451.jpg,17meuFY5tNjj2VZQaunzkJllOxrsuydft
atmos25_5452.jpg,17kYQY-kW0BN1x6AhAVGavBXbk1aOQOQB
atmos25_5453.jpg,17sYpb9Xqu_dIqcZAi0PUwkaWS7oNq38Z
atmos25_5454.jpg,17tTYr25xYC-1M_nKvpOphcZakJkYDKcQ
atmos25_5455.jpg,17wJRH9HAL02qU0rBcGbbB2CJLaZWhVT_
atmos25_5456.jpg,186TonIThcg4SlZaTZhkqLr3P5VY1KION
atmos25_5457.jpg,18-6swAlPbgTCqqDtiYz6b14JmsO-fnSy
atmos25_5460.jpg,18TutpLMbCIQj5NhUVW2UDykZuI_bG4ox
atmos25_5461.jpg,18bB4MjTLxS5zRpHXL59n28xYDqlFsFSi
atmos25_5462.jpg,18v4s0iTXHGEjjDDUjYElq-GlYauZf8HZ
atmos25_5463.jpg,18tbrR2uGoObOys98aSKoIGMoa7eH4AZP
atmos25_5468.jpg,199lQiZrcamo7Gx7xI55Vd85yneypZiTt
atmos25_5469.jpg,197Rm-hwO3z2NbVnmux6U7p317HgqgZgB
atmos25_5470.jpg,13m0Tm7sqpaCfKn_r6XU-WSA4VOAoWSmv
atmos25_5471.jpg,13htHLSP7G4kC_Xh_VisD7Eb4MSOx8Pfp
atmos25_5472.jpg,14Yi6is6hhNwy1XUoFSj6YJb0YUHlt-Wb
atmos25_5473.jpg,15y_rs0gsX4O8bnSKVH9hMfsE_dJAH1Qb
atmos25_5474.jpg,15zSdIx6k1Ow0DRFtuQatoPQglKse-nL6
atmos25_5475.jpg,16BS8Qprb-q-pbnkV6_V9NTg169sgORwA
atmos25_5476.jpg,13xeXLVFrPVqIew6tB697aDIdlQirH1Y7
atmos25_5477.jpg,15mIriOhaVTrnxaiGjCg6vd346CCt54gg
atmos25_5478.jpg,169z1aA5QNT3gN3nmmjMJXiW4JzrIAXiM
atmos25_5479.jpg,16PAYpjACsnh-UmakgNEqvOXoxuZYvg_n
atmos25_5480.jpg,166mCAh_iv7hFGlHDNEfiiCUUoxi3YR9k
atmos25_5481.jpg,16mJV4UQjo3Y5C_yi_p81upUVMfx8-NS0
atmos25_5482.jpg,165T9CSLrmsB92RJvLmV72B8WlOWmst9h
atmos25_5483.jpg,14Y-ULmUnTGtYCxGHMBffHO2r4BsYgD9-
atmos25_5486.jpg,13kduLTvPax8_b9EZlchTHf2-2F1UtVaC
atmos25_5487.jpg,174pBiz7lb12iE_UC72AzjrhdSKEYl0ZM
atmos25_5488.jpg,16fKvSwXlNMXPxU2zaFpT-iUMFKnK0xee
atmos25_5489.jpg,16pRWikExhkztyE5wUyaNoZ0exm9cmTLa
atmos25_5491.jpg,16pw9JO0uH3WN1Ink1KLVT6EAfMmN7Hlj
atmos25_5492.jpg,17YjFJ0RWE7ilJr26H-TiDSkiS50U30p7
atmos25_5494.jpg,16LDe3r1QYFLL6am1fORmbjn0WSEXy213
atmos25_5496.jpg,17kNaT6Zzy7gRPXqnkh9P4pVa3xDtwNpl
atmos25_5497.jpg,147bpXTvwU_XDSUA0AfyqdhhHjonrmbUz
atmos25_5498.jpg,188OZL0RwcDvAvD4vgN9IBp4-zAwTkRcQ
atmos25_5499.jpg,195AG5A25u0rEAGgPtoSIz_dJjmGCmimn
atmos25_5500.jpg,17Eipq3dKhH47DR2-pdlCvBWzpOrbvIir
atmos25_5505.jpg,16a5wuKP4WmzXObAjBQ6cgAY7hxK3GeKU
atmos25_5507.jpg,18doqLZi2dNHPj1VabBWqcojDprPa5xFp
atmos25_5508.jpg,17YNq9MsXhIS3JSNghZx0Cy6wbrqDYH7N
atmos25_5510.jpg,18y1V4fPilGX5sgKpzEUaEctkiQEeHVTZ
atmos25_5512.jpg,17ZW_EP-6YhRStE8lkHQz8JaF_1ymKlIT
atmos25_5514.jpg,17TMzklli9bjgjm2IwxY3hY1rgO2m_zKO
atmos25_5516.jpg,17mgdk_ndyrTwCX9WHlf_MsXV0-B1fPSL
atmos25_5518.jpg,17oQAM9EZQCIzTQih4hNVz0EN_HmYFIEL
atmos25_5519.jpg,18hj6qyUcUPfpR3MGEWONA0rJiMGv9y4Z
atmos25_5521.jpg,1UBHY9mS9RJsyi34hgQElDnIFgvCTl2oW
atmos25_5525.jpg,1ULwwW_h-zUQUPnsh81dj0PtqREHOpB9o
atmos25_5526.jpg,1UTgM5TjpcTB3G81l5YP6WCC_TUpOTcVL
atmos25_5527.jpg,1UYCasORfbV_VwrfWTgKD1muS6XnDdOt2
atmos25_5528.jpg,1UQU7wyeYhhRXYx8nZ7tM8Bla66P96fX_
atmos25_5529.jpg,1UUX2puIAFC8a4BpnY7Az0SKY_HSoDUuB
atmos25_5530.jpg,1UfEd11jiWikq3wMoFjwUBo71vH03-4RI
atmos25_5531.jpg,1Uc-FAcStNYx_v483JYQAwSgoDpB9V9A6
atmos25_5532.jpg,1UrcIIxWQizT0ZWTEQu1_0VYxT1gnudzJ
atmos25_5533.jpg,1UvtNrrTYAd477H5S1_NJNvK6YBHMICfl
atmos25_5534.jpg,1Umz7dkWIWD-P8o83axnMOlR_w1RY1aCj
atmos25_5543.jpg,1V80Ugl5nqn5_Dqy6ddNORpXIxoq9e17V
atmos25_5544.jpg,1V57B_LS77Celv-7TJX-qqEmXgdmygDlR
atmos25_5545.jpg,1U8kwL024E0fZLHKqWS-n1xAkzX_8TNkI
atmos25_5546.jpg,1VCcTiuc9DmihdZpSHxUInpCFHKnMp4i9
atmos25_5547.jpg,1VC-7hdLeRFlAcxyjlYDOxI-wwqKLGzNZ
atmos25_5548.jpg,1VFGc0pN0CZNaJYYgCYiZ2ZS5CMrZRjd4
atmos25_5549.jpg,1VEaJg6yODkpw_sMAopq6s-AoIZ9A-vTq
atmos25_5550.jpg,1VKCyhnRdUd6se7VqlW3W0DGoE5pV4wIL
atmos25_5551.jpg,1VGBudWb8IZDmLsy7vOkydWwnB49Xt4fK
atmos25_5552.jpg,1VKTCAzchGAtJ_eD52-5tnNcg2o0nkp2h
atmos25_5553.jpg,1VKH1VP2OMSTipLDoXsx-bVowU1nftT7h
atmos25_5554.jpg,1V6sVGcW5VzCxaVE8-Ad1Z66m9leMfufD
atmos25_5557.jpg,1IVGCKfTmsOkBUErXTQPVAYIPGPIxZAee
atmos25_5559.jpg,18P2FIvVPG_PDm-2IS7B8ygc09GsxgWAf
atmos25_5560.jpg,109n7IfeazNQijLcXddSikKiNKYvE9nnh
atmos25_5561.jpg,1aDBRMxQQJj-FFcBLNdB76SRs7cWpeQXz
atmos25_5563.jpg,1ZXT064PTfFqgi3L6KcpNtc0FEMF7Mk16
atmos25_5564.jpg,13IsDal3eQPbehtgShx_Dzuk-tX1rS4VU
atmos25_5565.jpg,1gslJ3Hjxtgm9bxrZt12eP8ljnfFCprAv
atmos25_5566.jpg,10MW4u06YetnBLbyng5ZDJqbQdCMC3CHC
atmos25_5570.jpg,1UcRmPZlosKGsK8wG4jm0d8a99dnfhi26
atmos25_5571.jpg,1uAOmpVnR0JRsDHuSB8HEtx2iIYvsDJCf
atmos25_5572.jpg,1u9McO3qV48jk5oG4oPl9m1dwNlljh51J
atmos25_5573.jpg,1uErlmRoesdpko6Apnge63gJgrmj8kjMb
atmos25_5574.jpg,1uK5oFznxyYupxepipKNfiFIoUa9j-A0b
atmos25_5575.jpg,1uLWUUGCjD2JW4v_AFR0paK5fhUdve5wW
atmos25_5576.jpg,1uUBupEnZi7cupXDWmH8gmRry_xtGO2zw
atmos25_5577.jpg,1ucX7Qbn_casYQtyrNPZCzWL6Gp4fhnQd
atmos25_5579.jpg,1uw6luELSG-1W4_o4BiQMSg04mpyDuZXM
atmos25_5580.jpg,1t2JRc8tGpHY55ZnDgBawjvF7LnVBTRuR
atmos25_5581.jpg,1u-V138akqTbKGzIKUZPVc_5zptBxkGPS
atmos25_5582.jpg,1u0_VawItLrApbDMczJOHV8a4ONASp2pj
atmos25_5583.jpg,1uKelIgJXsgMmZGkgIUrqIcxfqGSnY3SQ
atmos25_5584.jpg,1tuz_bpINWBZJ7lnsuweql4FP16QY9DaK
atmos25_5585.jpg,1usXi9y341P2Br87A-NIUpz1LeAC5GHvK
atmos25_5586.jpg,1DypEnOhHf0gnHxeXB02-eK7XL5jVsUjr
atmos25_5587.jpg,1cm9klWq_Xpa4YAMryVysPDf_1tKpxhb2
atmos25_5588.jpg,1PqT7PJp1x_KuStm65eLY9BwCLSQyOd68
atmos25_5589.jpg,1k85AUQHH1vkPsja7vU4_A2lQKLUcZ1GS
atmos25_5590.jpg,15tI2CWnOHVri8Dz5kyAv-nMzMCtPuN_r
atmos25_5591.jpg,1ZuedUsLbIW60qwq20GAoq96-zkXHbtBW
atmos25_5592.jpg,1QiFayMOIg97Y9jO35nUglGuI3PniHbKt
atmos25_5593.jpg,1QhXbzrxmmRXqd06eCO52weoqTHNSauEa
atmos25_5594.jpg,1Qk0sVgIpbytxxIpYxfFwAwqSNWiUO3dl
atmos25_5595.jpg,1QjP8qMrU09Gp7XMqUPfpxFQJ0lTuIBAB
atmos25_5596.jpg,1QpwkiNJp83GVfQoTrQ3StzyM44nLDAQu
atmos25_5597.jpg,1QnSAcRoHgpUvVp9l3QW6LJGV3uD-lvEO
atmos25_5598.jpg,1QoiwSvdjXZh6Wz-eSCdpQcr0UZUUf0Yw
atmos25_5599.jpg,1QvpZo6xHIMLptTnEQIOhRrmNoLZK2wiB
atmos25_5600.jpg,1QuEjizXIjTajCuTw5VbVXvxIzIUnq0_s
atmos25_5605.jpg,1R3CiuvfbRgqIplier44H6IouWiSx7kMb
atmos25_5606.jpg,1R2bhIaPxph0MvPzTXrZP__MYz5fTRyoO
atmos25_5607.jpg,1R18QbV7SQoBMoNZgEVzFyx3TECGlmBua
atmos25_5608.jpg,1R4GmAVcJ_JQW78z0iAiD0RfGlfENSDTy
atmos25_5609.jpg,1R3nU7oPSCRWgqJPaidvuhUvzFVSFvYaN
atmos25_5610.jpg,1R77lp337RoP_-upaEXki6y1vTC3FvDl1
atmos25_5611.jpg,1R9HEZ3EnElMkD7if35VXCT7QB7HDQarL
atmos25_5612.jpg,1RAYFycQYBOMO2VcHSgIcITP8Lzcukh7m
atmos25_5613.jpg,1R6izRfpP9e6y9TbaFtfbpkcG7VPdreIQ
atmos25_5615.jpg,1RBjqK7DT3bHAnezhRASBYETbyjCSCKXH
atmos25_5616.jpg,1RBjdCMT0xgNjFgTCgXuUY82LPmSjQnAc
atmos25_5617.jpg,1RG_j0wfCSM24y9ojds7KmExRnyccD-aH
atmos25_5618.jpg,1RGJjf9kdtrKqwmUK1z3j-4LRLfura66t
atmos25_5619.jpg,1RF2UQWgwxXAeY6Tg_WSOy1zLC4r6UZOs
atmos25_5620.jpg,1RIHy7H6Dhqhw_5CaWZgcTdyAbIs1kdkD
atmos25_5621.jpg,1RHxWyw3mQBlAHweQrekVAfwilIxwaGrV
atmos25_5622.jpg,1RGbZ5hCh1awAKnsyMj16EcSEO7WkwnZj
atmos25_5623.jpg,1Qh7G7c1SeAXwMTDRJej9Y4Jysaf-Y6Jz
atmos25_5624.jpg,1Qgg_YfWea-47wq0eWqPaMSlCFA2D-Jfo
atmos25_5625.jpg,1Nrn09yd5YT0vysMX7djXMuGg2HsXUM-w
atmos25_5626.jpg,154rI8iXl8Zb3vmeX3pNcQ7A49nfKzRE1
atmos25_5627.jpg,1X8c3n0utwOcGUWNQF9z6IJfF8z4CmzsB
atmos25_5628.jpg,1EURJNELDExxvKMO3TJ1MF7Y8b0Tgq0BF
atmos25_5629.jpg,16oE2VmmqbQwEY6AjPTHgwiQ7vG8q7KRq
atmos25_5630.jpg,1CnaQrXk4_elihMDWmF9ZiXmdfdMVyyXo
atmos25_5631.jpg,1IvZz7dKLAldpsNQhqq2ffFRrvtRNW1Bw
atmos25_5632.jpg,1zY_7fcfK1Dpm6gkbNs0TQTR-amNJwyam
atmos25_5633.jpg,1dPMPijDivpYEV5Kdkcj-6YLTzWkBQMiQ
atmos25_5634.jpg,1mW2wJd8E3GeIfuMTRXnls764gXlMuzfy
atmos25_5635.jpg,1KgkHFMRIvN9hQoqI92Z7IcB9fVdV57pb
atmos25_5636.jpg,1lh4m6lVtMP9SXyO-8MdIyNfRH2aHloVF
atmos25_5637.jpg,15TluZrVSZhsxOPh0Rrtyk_0ii5ug2d38
atmos25_5638.jpg,1iWLxgSUGJeepRKyO--7qpz3bh0y9pkSX
atmos25_5639.jpg,1M36u48r759E_9JYECIHjZbjdmFskDpAs
atmos25_5640.jpg,1jJtBMVVLzKVctJEVjWw2E_r4W5_fl0C3
atmos25_5641.jpg,1aQUGGxf2eav4cUAaPir2JHS9FDcFJNZX
atmos25_5642.jpg,17YA7aXjl7KIpoUeVtq6Fwe1GLgv4M8g5
atmos25_5643.jpg,1qgC8ympwwaMQRl-jR9WEbGzB3E0ZeXEx
atmos25_5644.jpg,1VrIgZmnBW0qgd62PYfjEWBNv6WNpAMzB
atmos25_5645.jpg,1v3xD2ptpsI8Ec7GT_lrmkEg9xv6QD4Un
atmos25_5646.jpg,1HITBjAiasVZCZdafoxgOxPSnk86YDXj4
atmos25_5647.jpg,1CCYCZiDpNHzYHj7H_dD1JRSrQVhMpLSe
atmos25_5648.jpg,1YLeKUiO8x2gsWL_OTJHLLqayDKlC7_PR
atmos25_5649.jpg,1Kux7pzypSrDZMsnxawuuz2-8r2HGwfsj
atmos25_5650.jpg,165d1OAB7qelMEjhm-GSG6tQvWAi_ZkA3
atmos25_5651.jpg,19939bDwmInBhQHAjMhkdaCxHS6Gwktta
atmos25_5652.jpg,1IgQr3TyDCJ2wVW8NWtabnudpf66tSR8_
atmos25_5653.jpg,11o807q-VATUa_a1Bh220FCeRV4H2cuJ2
atmos25_5654.jpg,1m2JL_kJgmLE49M8TYtt6YluZilMzMiV1
atmos25_5655.jpg,1NCkc6OJ1ec9R962-h3DYivaRxHtUpwDL
atmos25_5656.jpg,133OFSDvqKbniX9BhrLHC8muBV8719fha
atmos25_5657.jpg,1tg5icJAjqUx_qN375hLgpsGWBfoMP6yJ
atmos25_5658.jpg,1wmUBifBpYPZhjjSC90UMwLvqalXNR074
atmos25_5659.jpg,1S2P_Ep2oqi886zMPQG2XDEF3S7-L1vpf
atmos25_5660.jpg,1Rs1FKav0bnJV0JTL1bw7zly3N_4xYRGj
atmos25_5661.jpg,1Y2dFvEGBT3-0Mca76ToSuQmF8RDb9UnW
atmos25_5662.jpg,1PTH7-cz0hpSv2ZKKuPzvifmyWsbXeNkn
atmos25_5663.jpg,12oOs045HT6E9SJNzvfO7_7jHZEnULfIn
atmos25_5664.jpg,1ZYoVFbZJhyM5aJ-V1oXzreyEst8UAP3O
atmos25_5665.jpg,1t1uL8UxWOyAlplLXxVAqh2xkQc8yWBDS
atmos25_5666.jpg,19jWi78r7dJYfxv_whNveWfbEXHscB2aB
atmos25_5667.jpg,1guyIIs10NMEYuQuYhylAomOZWXYhJTZM
atmos25_5668.jpg,1IU-QflmRGWLrxkjPDmOqV3usH7QgUfwy
atmos25_5669.jpg,1mS_mJ_Kz1fVvs8qdf2Hhsmh0xrLrXcux
atmos25_5670.jpg,1hOTuKeZL8P_pQNVeRhdkAFJGL3XM5z2p
atmos25_5671.jpg,19jp5Q1xgZVbPSWcq1lG53Y9MVl-34PXj
atmos25_5672.jpg,120YKGeuDzy3NtV2wLqAf2MgJpQc2THPU
atmos25_5673.jpg,1F7XaUJe-Oq92jkomaZjr3601FqLnARna
atmos25_5674.jpg,1xhHdF4eO7Ku5L48j9gqb7T8t507Tg0KL
atmos25_5675.jpg,1usM2ObkNqBqfG1t_mTfbAr4YiaJlzwdo
atmos25_5676.jpg,1TE-nHgzddYGS0OLgIPJVNxMjKOJA737W
atmos25_5677.jpg,1iQzUOULJfwifirBUjbBf-fMJnfg7UHdw
atmos25_5678.jpg,1fgG3XgColf9Ku9o1lL9GyUSX9520I4ab
atmos25_5679.jpg,1VLuD73TfdMV-DaJteUSA_PjXKP2HsRfi
atmos25_5680.jpg,1XjMuku3-M3sNlArZn9gs959glXjPFGjX
atmos25_5681.jpg,1bMfYVTZOi7SiRs3mtHmPrDaetvvT_vrx
atmos25_5682.jpg,1R2GI7opRArntjn-0tUOjb6US92xZ0daZ
atmos25_5683.jpg,1MKShcJNX_RcvlmvR6aZEb3osvhOiYlt4
atmos25_5684.jpg,1vkwWFT5pP5-PM9KyIN0SveSP8b-FrM6v
atmos25_5685.jpg,1btALEWc09XV5h1UJ8NYXcAyocYwmJtHc
atmos25_5686.jpg,1N5NoL4hFzEVAK7wuefvHwh3t_SmpPZr2
atmos25_5687.jpg,1PdqrJGlzEvSorWu84TOL4aPMltyDEwBD
atmos25_5688.jpg,1gVnAJcQzGpuAlw61oR3VYCpko1LgehCB
atmos25_5689.jpg,13iR3xbsdplMlLXgaEs5g2zsahPugOtIp
atmos25_5690.jpg,1eCAps1enTXXBvRCZ99ApczyqCUZtUGHW
atmos25_5691.jpg,1QkE_JjE7GCRgsebEUYhxssQ7VyhL3LLC
atmos25_5692.jpg,1MRDdWr8gYKi-rgb-3y8PPhU6cDKkwNgP
atmos25_5693.jpg,1n1NlcbO-f2RknSJN-2YaAbhj7ogf3znZ
atmos25_5694.jpg,1YoYqouXpLLKxRgT7wk69UcxC0I71-ST_
atmos25_5695.jpg,1YjpCAEo7stOeOV3yiFhtJ0mGmrqcS-9L
atmos25_5696.jpg,1YnwnynOxdAuRpkUnleP1AULla2OLTWXc
atmos25_5697.jpg,1YpSTsGYB3HKO837lZ0MRcnHuYRlzpcTW
atmos25_5698.jpg,1YqN9x55TtEzpjMa6-SvVBHLZxWcFBP4_
atmos25_5699.jpg,1YsemXRPv1Mp9Z2DWianlEJtf13xSaVae
atmos25_5700.jpg,1YqfyNf0EhkLJauGLxck6Mb6zWLGeLMzH
atmos25_5701.jpg,1YwNyGiB4BiF6QfkwE_1Ikv3KxT8GWCoK
atmos25_5702.jpg,1YuBCMNUOLCI_vKZPJoW2iTw6RpzKuRV8
atmos25_5703.jpg,1Yz7qyK0H-Zeu8fuE1T3PFGyhZaXM1Ed9
atmos25_5704.jpg,1Yxze-LL0PaTwDDz5mYIRveufQhGXjStr
atmos25_5705.jpg,1Z3a0p_zk6ljetdimHm3QMUSbaG_k0HpR
atmos25_5706.jpg,1Z3pfXlkcVrZP0kykEnEOQHU1Cp-epN6c
atmos25_5707.jpg,1Z6UvZTI-7prSH8eL2kh0Ikqn4E2K_tSk
atmos25_5708.jpg,1Z4Q8AWlSxiu3HMBvaPV07Q8h0lZ5W10q
atmos25_5709.jpg,1Z8O1F6g23v3dWV_IcHL7m4QAx8hZQsQx
atmos25_5710.jpg,1Z7n8tyHezDnLj5lPouyrMrABtqdYDhWi
atmos25_5711.jpg,1ZA2KYenonTyyh-UPGgfd5D7igTYNSay_
atmos25_5712.jpg,1Z9-ljgFxhX_twxW0_D02kHYh88_K5veb
atmos25_5713.jpg,1ZArMoHL3kQzLO9TZxXAtv0xEdQDHsU6n
atmos25_5714.jpg,1ZCCFABolyuOsAbE5impxzm5mCN9pEEiL
atmos25_5715.jpg,1ZGkOHXZAuFl3JqKuJE4YfHyBFDtjyZFj
atmos25_5716.jpg,1ZDk1WaEj5G0kdTIhT3umqxpuIwBwoK-D
atmos25_5717.jpg,1Ymdiwb74rXonO-9VV1WWvgPSAVo1eE7d
atmos25_5718.jpg,1ZKSw8k4A3jwGi2kCY6-USJSSwkodDhG2
atmos25_5719.jpg,1adOi1ZQKzovlOQNgaZiRfLAIEBjqvehr
atmos25_5720.jpg,15pch2YKdKDVxRD3gq9gXkMCud4NMvYrW
atmos25_5721.jpg,1ug6ebPuhI7Vf-xbnnBKaYvXIAtVpS0BY
atmos25_5722.jpg,1rmD_xbDcACehNtYi1-IF7CWH6qpMBp4h
atmos25_5723.jpg,1kbc3KRIQT9tZV_dvumgwbTm9OhgsqDvL
atmos25_5724.jpg,1YBSkk4Ni3Fq36njTHfsN7zQUmKGE_5yS
atmos25_5725.jpg,1HvvKQI2amrTPceZtVLZaAjzRDfRHuFiV
atmos25_5727.jpg,1Kp3GA9_dIR1rnOcECk5y-xoINVF-B6AC
atmos25_5728.jpg,17trpIuBOmVXujsihOZ9X6VMKsVBG2QNb
atmos25_5729.jpg,1-B_3VPt8RiGPgc1g7p9f0w8jrM9G2RRN
atmos25_5730.jpg,1GbX7kQrU06-6ojEKJrvNsT-dZ5R1Skwy
atmos25_5731.jpg,14mmSPijL53LE8bfJNdJl-Sgo_SdIIc5n
atmos25_5732.jpg,1PzB7QAIhfIbsRKM1L_t6J21PZEBOB3Qd
atmos25_5733.jpg,1M3b0JxSKCNb7X2kz5KoLVxrfJ68llaF2
atmos25_5734.jpg,1NL5zHbrbafArzO2YZu-HSQjp7xqWtMRE
atmos25_5735.jpg,1qn1Nfz1u1O74WSUElDSpnYHioBJT3IXC
atmos25_5736.jpg,1-WIvVLyuCMbtwR9X_3fHv1i79OCAfMFD
atmos25_5737.jpg,1gaJNEq-u7ouFruT00d6BKQh8riJIz0Dl
atmos25_5738.jpg,1uVpGXx1_N0QMtelLE0CpBHlJ_AHNetCo
atmos25_5740.jpg,1XvegeAHT_S5oyUX96Q_DIi-3A7eRzLdv
atmos25_5741.jpg,16cgs7y-SUQE_ZG4qBHRn5-3wVHVpUUmt
atmos25_5742.jpg,1Q2sJAwRqE41ADla1o0yEoyP-uRerZR2d
atmos25_5743.jpg,14DeE87HRor4boQyttDzkjY6qJEQZ00xZ
atmos25_5745.jpg,1MyYFLO52727V6LyP7dhi-CVSa3vOHn2S
atmos25_5746.jpg,159QUUHe0bvdQgbReQE8ZVn_e8n9sqOxA
atmos25_5747.jpg,1EuUijfLmGrAnfhk7RYjF_uVNLGZQslaC
atmos25_5748.jpg,1NmlUDsNPJK3gZKd0DR1Qai7Cb0oDhUbB
atmos25_5749.jpg,1tjLfyQeh_2b7vYKqjLJ4fIjVd9O-1u5O
atmos25_5751.jpg,1Q-52KNcmdhLf6hCLltb_NpubXQoqMOrh
atmos25_5752.jpg,1m1i1PZWmoPvJk2KjdOtQBUYmAyhOPQ6b
atmos25_5753.jpg,1pt8WB_eBGW73bQSTBoebEtEsNW5NLdJY
atmos25_5755.jpg,14PhJ8YmpHuFnXkDDA7GWcu_LbslJWQi3
atmos25_5756.jpg,1EQClePzsQXhSdsBmPYsA7y-VioAuQtXX
atmos25_5757.jpg,19WoaVIK1wrEP1u7NfljE16WadAwUAh33
atmos25_5758.jpg,1rzJPKD0l1YeJ33AbRcAyBDYrtkHlFeQT
atmos25_5762.jpg,1bqUn2qscC20MiVwJK2ENeOjQUABNhAPi
atmos25_5763.jpg,1rLek57LBnIIQFw6h06nPD50fqK-zc_7c
atmos25_5764.jpg,1NejZmA4-CuxdlKsK5jFQLTr6DRH0HmEt
atmos25_5765.jpg,1xENkez8tQ9IaH2Hwpgn9k1u9HpLE7kaQ
atmos25_5767.jpg,1h1C1Tsz8nCHpY10005TD0GL1XXmGrDGi
atmos25_5768.jpg,1wVWbb3lecX-DblS1cr5SfU-P72geLAT2
atmos25_5769.jpg,1VT3U3uFcCetBvAZ_ogFLEZG7cm-cZmmv
atmos25_5772.jpg,11RolJG2eLOif_bdTt0YW1MiWvs8M1sYc
atmos25_5773.jpg,1sD5y341xWHE04oHfCRi17wh9H_27roeE
atmos25_5774.jpg,1RcOb6jRW06LEF0tJw-lkD5_mB7NXDhFh
atmos25_5777.jpg,12apLzw4PSGlTDjBHBbjWerAgJbeSEZXz
atmos25_5778.jpg,1UY5h0bocsi2IrGk0jrWqQ-2Jj8evayiY
atmos25_5779.jpg,1p_VndrffC0tD-u00iQwjDDxdtwf4X28s
atmos25_5780.jpg,1Vs_a2bm6VsFEM745_BETH4PykU2UfXNO
atmos25_5781.jpg,1io2HtroQRFaGSXSnSx9CocIzxNdaE0g4
atmos25_5782.jpg,1LYB70k0Up3-EFdB33wplXc6lhTFl5-Bs
atmos25_5783.jpg,1NbIf8SlcFeCZp1tgh9H0m4wo7plc8hUL
atmos25_5785.jpg,1w7FZZuizpIJEa_J6U5BsC_gy11TOIl25
atmos25_5786.jpg,1jP6RZ2PiCG4fdSeV0l36s8WbLzl1w4DO
atmos25_5788.jpg,1kKpy7iGKRm_4h8PrQJfrf-Xeb4ptdN2-
atmos25_5789.jpg,1R0OLYHc6sqM8Ip9I2gWA8BfBRP6q714F
atmos25_5790.jpg,16RZ09Co0crnqa7bPwRFs2DfzABLXcgX4
atmos25_5791.jpg,1sTVhUkqLA98WGKHV6XzHyT1aEyOYXtye
atmos25_5792.jpg,12-PHt2LO1I-wMM0Tcv7QtCPv3LWrSbsv
atmos25_5793.jpg,13asVyC3_9-zrjL1kiU0c_6Zu-HFPR9kZ
atmos25_5796.jpg,1PQXOvkehkaVlQ1X8JWl9m5kiF7o1KtpU
atmos25_5797.jpg,1qm-P-745TVon7i8mNH6X9SOsZUqQWMjw
atmos25_5799.jpg,1NMtp0keajtMmOgk8-L01nxWUiuOl1GSS
atmos25_5800.jpg,1u5kXtKbggnrN8ifiqrUBM2suRc9M2qMh
atmos25_5801.jpg,1cyyZNRcQtACf7TLmAppYwT78Mb7PAtw1
atmos25_5803.jpg,1ikz78ZCq8koFtV9lbTQA5aqRkA7o-XO_
atmos25_5804.jpg,1gBj6Z9Ywr6E6gfIP1GfmYeENbzdTCOu5
atmos25_5806.jpg,1SVq74GccL_ViNeSjUn23by3Q770AG9wF
atmos25_5808.jpg,1xbixI3eU5urCjdzwOETDVfmxvrUw_gkx
atmos25_5812.jpg,1IxEMokzBvLuGOCOlmHyOs0G8UQ77PuLC
atmos25_5813.jpg,1dKpLGzg8i49WEX4VDldLY2fqXTPFsGy9
atmos25_5815.jpg,1hMuydFxai-dGqK5jPqrTowXjZMNSJ5X2
atmos25_5816.jpg,1OO2bn31D9nlLKLeldi3oLDFvjpkqKL-A
atmos25_5817.jpg,1AQuBJCZKMrkJISOODP4BDqTqLXTkUBRL
atmos25_5819.jpg,1U4vzRVw2CfHqfEvA-8BZp3Oh1jxWjIAf
atmos25_5821.jpg,1acwWAi5lvCXIaGAT0VE1ROQO_76EXw64
atmos25_5823.jpg,1rvtuTDNeXBSkBZzTkkf0XObFYPH1VGfx
atmos25_5824.jpg,1dOaUqSBjYFSimqWrtUjLmmcFpAD5saIr
atmos25_5826.jpg,14w90uewxQfHA7piJSvLz_uQCvs2m8SWs
atmos25_5828.jpg,1VGUF-iSqPPgZyw_EaYDbdunnO0yVlxPo
atmos25_5830.jpg,1yyrTPZBT77KRY1UyKJp6VJ_tqeIgIWP9
atmos25_5834.jpg,1t3IW9oLqs4ij7mXxVrH5HuWvyxzxypDP
atmos25_5835.jpg,1Xog8tzS8N5XmQXMknngDoUbUjZ0Nl_Cj
atmos25_5837.jpg,1o20uf2l-R2EiDGlSBX6krWJeWX7okrso
atmos25_5838.jpg,1hDWWBKJgt8JdNEonzZV4TlNo26uoXPpJ
atmos25_5840.jpg,1ucD--O7vwKD4BME6rSr8ntwPspqTPdbg
atmos25_5842.jpg,1FRgWzG4jTbm-b5xLjDQU_OzWpPTyibsy
atmos25_5844.jpg,1H4TYe6hlHCCUrbs2HYWYrs4NcpKUpVPN
atmos25_5845.jpg,1UTfbkVmPAPbumfK4NiqSRybeUKOgO6Dv
atmos25_5847.jpg,11JqXrUgqclIcmGblyUGFcL1mm3J2iCaN
atmos25_5849.jpg,1aowKvZOQA9hTweE_TuuP4JY13nCYO5QP
atmos25_5851.jpg,1pileLklBQKQDbyM299mBSO-Il6ikGeI2
atmos25_5852.jpg,1ykWgFT2eEk5RpRSxF9g-F5XczFrYiSol
atmos25_5854.jpg,1EQYMhDz5kW_FuS_KoWIsQKmm2bfwEYVb
atmos25_5855.jpg,1y_OOaHTW_EaiHsgyvj6zU5CrXm-P0M9W
atmos25_5856.jpg,1NMACrYOz_Flvnck84xDcYGNXW-1DQTB6
atmos25_5857.jpg,1rdAY9a0fzGHJDfie2fu6woGtmNxt--7_
atmos25_5858.jpg,1rdaRQEQMwcaBmwqY4q2b5ctnBZtfZvGv
atmos25_5859.jpg,1rdVmmHkCS9c4nNAWMI4071ZSoc5Rzs9l
atmos25_5860.jpg,1rhCPbjPA1sRHjqF9BhcsBMSbMC9Jmfz8
atmos25_5864.jpg,1oKvRpPOfduNzbFKNd-ZnxQKGR5WLSMZo
atmos25_5865.jpg,1oKmaLxC4IYaKhdaiFhJ_uygCwjRf2LWl
atmos25_5866.jpg,1oMjvUhFZSzz7cIQcxAE1C8WMQ4HZ73mQ
atmos25_5867.jpg,1oLSMmiNd3sOMGEXqvjpLZJM_7JgrHqgy
atmos25_5868.jpg,1oPHSpoecM-HmW8vxw6W9OmyPpjgaQD4Z
atmos25_5869.jpg,1oNpXbR7C8YSt5V2_Ne07qCHRhlRA2QFY
atmos25_5870.jpg,1mXAuiPGlL2USmvwIygqp-HjiNxYudYQQ
atmos25_5871.jpg,1mXFm-Ce8eNUQ2YZuYzzPzsSLgYb8I0Ji
atmos25_5872.jpg,1mXTGLnSLSfjalvIARE3vDCfsf3P0cAhV
atmos25_5873.jpg,1mar77lv2lDv5unjbu9b8QP_jdNMGvBwR
atmos25_5874.jpg,1mjNNvgyk_5N88v2XMjHgHoPplrQpAMU1
atmos25_5875.jpg,1mdiRyxv_rzhnKInkJEC5JRI6kM6k2w7j
atmos25_5876.jpg,1mcaFV-Byw6BNx2vsTA7LFYQlzP1A3tOy
atmos25_5877.jpg,1miBr1yyVlYPq7FFi_Fvi7pBknhhGboes
atmos25_5878.jpg,1mlFabOzQTvkzfkGEWTK4X0aMYKXMBnT0
atmos25_5879.jpg,1mmRnaxiQXP8KcQE8k6nQsNsARxsbVtlW
atmos25_5880.jpg,1mmzDdRpA6leGTSJnhm0H1rmJY-gPs6vx
atmos25_5881.jpg,1mokoM3ctnT-lWDQu5tRPD5Ho2GgDGXmL
atmos25_5882.jpg,1mpSLzkI5ctXaBFmtVJnKKQfBgqvnkXvR
atmos25_5883.jpg,1mp09BJMwZ2cU44fkEyuvyz1C-f_oSFNb
atmos25_5884.jpg,1msrik3R7IiPr7O-_707uw-p3sa0AmyoQ
atmos25_5885.jpg,1mvda7B0cVOHc7Vyh1fuvl5XV_BTVcK5o
atmos25_5886.jpg,1my8dCBzrHLeNjGkuz5uUtXkts1IP7swY
atmos25_5887.jpg,1muThgRpIHE82bolmFRoMTFaueqi4J3Ir
atmos25_5888.jpg,1ms4NBQ9GU5rcgUSpt0Vq_wC8M_RQB4Dz
atmos25_5889.jpg,1mvsqTfy0HhwXtEYG7tu620vLaB8pF2G_
atmos25_5890.jpg,1mzBa_4i3lcpNPfpuW16MwicKagCK22qW
atmos25_5891.jpg,1n16269AluBZ5yWAJP-Xz6dRpyJxgaqOk
atmos25_5892.jpg,1mz201YVEfCMd7XWU66g-5FLEqN2KNBhu
atmos25_5893.jpg,1n1MXTFuaSZjIPLwRXkBQSvr92-Bu5RxL
atmos25_5894.jpg,1n13KkMpmdlZCLjQvGU3czvzrQfP55HHi
atmos25_5895.jpg,1n18Cw7is-f9NHOw0b1VexLnWdQ67DcbI
atmos25_5896.jpg,1n40PYE6wYyVC32jzfAXvejIX4KQLZsu7
atmos25_5897.jpg,1n9g1p8s3JFwrUOgVGxSDBLW7E7T0L7bY
atmos25_5898.jpg,1n2Z2gX0rgQmiUot9lDGoz4IEBqZ7rFlM
atmos25_5899.jpg,1nBzbOzh9HS5xBSi4_O23CoA7rfe5PFWW
atmos25_5900.jpg,1n6FU9FONbCtd1HA1V9zSLFK-n9fjuJYS
atmos25_5901.jpg,1nAhl1waLK2i6vfXvUR8D7WkPodKBS-84
atmos25_5902.jpg,1nCUQtU_KZcDbomND_6MrD7a4okeyr8fY
atmos25_5903.jpg,1nCRu7FKMW2DzlJB1qNn9cR9VrTlOqyOJ
atmos25_5904.jpg,1nFL1LDdnLyh2mEzEv1-VaKDZCRQMOgGn
atmos25_5905.jpg,1nFvQUm1ksIKc3-gDm-PZ0jt8oh2MCdS0
atmos25_5906.jpg,1nFokAbKwYsa_KMOL3YAogvSRQmVxnSak
atmos25_5907.jpg,1nEKrufAMaoeMAtrBqiVQFTiM8VM7Q7wo
atmos25_5908.jpg,1nMELuF9O8VM2j8pdhr9WEK-pZT9y5iq1
atmos25_5909.jpg,1nIt-G3mbtwVcGvQ9SJ-i-1jVgdY1VU7L
atmos25_5910.jpg,1nOJHjJjdSFQDjMPa-AgY6yASoAPvVHkI
atmos25_5911.jpg,1nN-Ud75PaD1fMCYWMi0LahJHM4m70wo_
atmos25_5912.jpg,1nRU-59N-ohtOxRemijyQcLND0cZ2Xrus
atmos25_5913.jpg,1nTZ94wwDLg4zTrA-YY6rcSU3RnG7-5EY
atmos25_5914.jpg,1nU5LcBBAJZWjzrfdnL1oHnnbEM10ZElQ
atmos25_5915.jpg,1nTdv1iOwYEqbdtpU6K84GY3F0_mHNRgb
atmos25_5916.jpg,1nUelLKi13r_8maYoFT6FWqVajaqSJ0R3
atmos25_5917.jpg,1nU_UCms6uV4UjjWBHdeq0_6TMUDtjkEV
atmos25_5918.jpg,1nXbnhLlQCjwDnJirFk_CSS_1aOjzM5_c
atmos25_5919.jpg,1nZugj5fMIrfPdDzZ2ylENyme5sPRKYpl
atmos25_5920.jpg,1nVSA1mDLObAZhpRi7msV5SG9MlQxIXLR
atmos25_5921.jpg,1nYlW_A4pTGX2_3V5VnwidKcUALTobBNF
atmos25_5922.jpg,1neoLxM0jjUCuP7tbqjMGub-E5TOtuGrp
atmos25_5923.jpg,1ndzfWNqS1J-KeAJ0AS_F_ujf7EgYjzDR
atmos25_5924.jpg,1nfzJZ_ldQstaq3bHahFslg3-ERR-E2qV
atmos25_5925.jpg,1nhX8j3Kv9VzLhSd_xebZIc8sge_yltfq
atmos25_5926.jpg,1nkWF6JcPd6Kn3NpL4e5YyH08jbXIErZ-
atmos25_5927.jpg,1nhpfvPlnZ_JfD5uVIKhWnlv80kdEXrkm
atmos25_5928.jpg,1nmspdzWyB47KHFxqzHtthHKsI6gXxP83
atmos25_5929.jpg,1nnMO_pwAr_MSbi_NN7XNnr4LFHxeczrt
atmos25_5930.jpg,1noK4H2Vd91GJp--5eXZsLRs2XlCQOAWL
atmos25_5931.jpg,1nnpnSeDm1xR2DUUON8O9YVSyn-KMictU
atmos25_5932.jpg,1npRe2t_zMD5PUYbNTFWd1j25IZxiWEYU
atmos25_5933.jpg,1npua8_mxpa-mcf80WDGCExdyOH_qYyoZ
atmos25_5934.jpg,1nsrfNS5GECnIKVPVVkF_qvFsq0MIVdes
atmos25_5935.jpg,1nqFh6I6iMvN4Zhhye2_lAexo72-GDBPV
atmos25_5936.jpg,1nsvpalQFC_UMUEGeEuicyegB2XaR3DMY
atmos25_5937.jpg,1nvQ7fpm_aBYcmaCWHoJpXF2ondaA21e4
atmos25_5938.jpg,1nwXlbt2ot5PB83FyZoePUYnnMunAYaxK
atmos25_5939.jpg,1nwECCqtPf9s3XaexCBbCJM1EzE6QCThd
atmos25_5940.jpg,1nxPvP9TfW2LFo4gUPNyNQob-L1vN_9BL
atmos25_5941.jpg,1nzDTCQyUuos1XTdE3yNpRGWw-IaR79E5
atmos25_5942.jpg,1nwyJZvPV53OgC7c0FtoCbS_tC3myLLTC
atmos25_5943.jpg,1nzUbXd9VVcOd4BzKxlCwshOOGGDG7Rfe
atmos25_5944.jpg,1nzMB-_AvOHsD93Gyf6fG9UNzPBr_3RVq
atmos25_5945.jpg,1nyLVBjgiKGoQw1lao8YUcgnKRttnxHkl
atmos25_5946.jpg,1o3fwmigF6bLThInsL9IBRKju-ZG3E_XQ
atmos25_5947.jpg,1o-sChFDevVjBy114YErh2KvF41YLX8RS
atmos25_5948.jpg,1o20ToUHwlorS8tKk4e7pdtqB1uTHdCsm
atmos25_5949.jpg,1o7JUdkU0hAqKR6M1LTM78rVtyZfozu08
atmos25_5950.jpg,1o2luY-OF1iHYM5TTkD82RiEJFuPz6H2s
atmos25_5951.jpg,1o7wsAwDyySzUexC1s51iEMGTD802_Eb3
atmos25_5952.jpg,1o5dcQA5exVLq8LJIH42Az37Of6sUOmjQ
atmos25_5953.jpg,1o7YQLYYM7ahKtLgpXkAIzH7gEhW8X57x
atmos25_5954.jpg,1oCiPmOw5kHpK5r7vXSA4Oxr0tA3ALGiW
atmos25_5955.jpg,1oQpJ4DCw4BylwbnT_YCcrma1szySQ51S
atmos25_5956.jpg,1oQDoDDsi_8xx4RxW6edA3FPbQibqhPVC
atmos25_5957.jpg,1oUJnGDmAVJr4-7n4MSE7xB-PpFBUlTE8
atmos25_5958.jpg,1oSKeOa0JlOBfXSNIAexExQcJMP6_Lavt
atmos25_5959.jpg,1oUuBrcWDaA_Tsdt-y9jS1Rqx_J7Zig6Z
atmos25_5960.jpg,1oUQRqGWfDaMzxYhevtB7QMNT_18BNLm6
atmos25_5961.jpg,1oXjH2UqhwYvVR6nGcnRHX0drgOnEpErq
atmos25_5962.jpg,1oV4O8QUJubwCa4e4g1iwIhVMZmgckITq
atmos25_5963.jpg,1oY7h1mulPh2c_Eeqa9yaAERe68BW9Mbu
atmos25_5964.jpg,1oYCX9_pP6kaedDQd5zHQpOhZ01lLj2na
atmos25_5965.jpg,1oaD3Ww3MeHBXuLIKspf7OWprXImm2cMG
atmos25_5966.jpg,1obwfD3r4ecQ49Q4laF-MId7dYGiY16lt
atmos25_5967.jpg,1oe80V2IygRpycU4rnY3MPqmU4Q3JmFjm
atmos25_5968.jpg,1obgWrmMIongnFZ4CDPx-Ux3hxL34FPHT
atmos25_5969.jpg,1ofZt1j6JYlnEbZ0FFScHQ8B1ZLsFEpNV
atmos25_5970.jpg,1oePHf9br-5k5r8Szt2nYoN3wQGGkmW4J
atmos25_5971.jpg,1oiVDLDGpbVRDqg-VK8F24o_VLxUtParE
atmos25_5972.jpg,1ogwe3SkC7muZ5HIs_60JgRdMMKS4OOa1
atmos25_5973.jpg,1okXqLmTXpJDJCyLiIIxT3SESCov6ce1b
atmos25_5974.jpg,1ok4fKakNmh0PuPCVdYrkrMv2KeY9sycf
atmos25_5975.jpg,1orObppCDYresm5Rb6TKSLubfBspKTpJc
atmos25_5976.jpg,1okd17PU-HgPVVn2x5JHyUzuxFI7MnwpD
atmos25_5977.jpg,1ox61nd0XnR8EnWCOUJKhN9wqfqIy-SjF
atmos25_5978.jpg,1ovot60rfealZ8qua0dZ5JqN3Z-3yjpwc
atmos25_5979.jpg,1p0mavgKNeIhWK9qeeGtDqrL5Ifah413m
atmos25_5980.jpg,1oy4_53or9q6xcXeXEm_jR5Ei77KsEj9P
atmos25_5981.jpg,1p2ouzwE5z-TmXyDQyR2WR_ru1cZM6m9-
atmos25_5982.jpg,1p20-S5--SK_9_5No46AiU02QogGEO8M6
atmos25_5983.jpg,1p4ZqTzBOQJHJgvTnKlMo17WSkAwzW29y
atmos25_5984.jpg,1p6FfEe5LvDeCwGs-9uuA-wjwaNPCM-RU
atmos25_5985.jpg,1p7ip6EM_12HMZaFQc81O1HTrErzE4FzK
atmos25_5986.jpg,1p7IJ9oVbLVpYt109nki2CT0ffYIGvb4G
atmos25_5987.jpg,1p8lg12-yhjd1_2GFJJjRMV9AbHqh-7wt
atmos25_5988.jpg,1p8h8uV6iAvE81rAmdr9-57oTD4h6UCDR
atmos25_5989.jpg,1pDNHlOBtwsYFC4Uvuocpj1aAijStETEo
atmos25_5990.jpg,1p9peKTQXuoKE7NfuVjm3JfbtPzORlq0M
atmos25_5991.jpg,1pGOFQI6UhycvZAGivH1RqTLNPNTelYRD
atmos25_5992.jpg,1pIcuDFWeNCoet4vHLrr-R7Yzj5dqB6U1
atmos25_5993.jpg,1pL8g9kAu9_ACgqMvA7h3nWvz_Wc_IQCN
atmos25_5994.jpg,1pHuvlV5uVUpgKhiMqmylXzv_H7fnYH9Y
atmos25_5995.jpg,1pJrOmkeWPhWGGCSc-4HHf6ZHfxryJwJ1
atmos25_5996.jpg,1pMHD_5Q369NVdo-VDxob0M49Pi_rjyqD
atmos25_5997.jpg,1pLRmTO3wmAz0aKDfz2uoWOMT-QWnDKNz
atmos25_5998.jpg,1pNMF-N8zIEv28Go9-0prjWeraCYU2gr2
atmos25_5999.jpg,1pNCH7bYu_Kw16FkhYs5EhtQ8kBgLhLmZ
atmos25_6000.jpg,1pPGuQkMDZqS4rW4WVipQsMjA-VCfgzzH
atmos25_6001.jpg,1pNzBUUxFjZpR5FN_q4_Mp-q9TZog0H_S
atmos25_6002.jpg,1pPRe76rjo1b5JcN9YXKCb2Rkch4mT6CM
atmos25_6003.jpg,1pPlsz39h_97Js7l7w8PsoYwNdcXfYFqS
atmos25_6004.jpg,1VkzWpgsiiNaWoEx69zcctOjCo9HRwxZe
atmos25_6005.jpg,1FGMvdvsPvcmKm5lYiDeABBxmx8vRYP_a
atmos25_6006.jpg,17ol8xgNgXa0XJuKY5_CbPFUiGm8LHu8y
atmos25_6007.jpg,1i8JroAL9lE2v6Htxt388qjjOeK6_AD2M
atmos25_6008.jpg,1C6k0MFimCerlY4iooQ6W4uLvwXhVLcr4
atmos25_6009.jpg,1C7naCDZPzd9Z6XVKbca89RbVqUCK84Y3
atmos25_6010.jpg,1hxpo9f7IHaQGUxwX7yZGbawhsry3Xb-P
atmos25_6011.jpg,1hxkUnuyoIwsaoQp9tTtqRm6Lf8NwhXlC
atmos25_6012.jpg,1i-MB4yJDSUjMqT6R9iaODfbvWnO3AKTL
atmos25_6013.jpg,1hz3lAt084y_7B4YkFxgCATOH9RhW7POE
atmos25_6014.jpg,1i1ReapekdvQnH98hjfxCW3IiJ0nNb0a3
atmos25_6015.jpg,1i0Zs5UaCMlKyubWIMXsmvzuobDSVh4l1
atmos25_6016.jpg,1i2puNg7U4msA-hLkHrB6EYP5zdMCRRnB
atmos25_6017.jpg,1i1q7g5MPS5mB9J2PlTlKJ5vOr5MANLAX
atmos25_6018.jpg,1i7ljeWN22EU-vbTYo9BrDHchjiudmxVR
atmos25_6019.jpg,1i2vRvPq1TNu7-j3KEWyoMYqgNCRMzuRM
atmos25_6020.jpg,1iAWFdJyrLTkHrF7BHOej5oouTr8sxNdd
atmos25_6021.jpg,1i9yOWueIvJegOOtb_7tWKcbkXmkH6UIe
atmos25_6022.jpg,1iHCvhToWFzIie7lrk_9Wl_MEZJzSiPbv
atmos25_6023.jpg,1iBHSht-DllSMcIuU7HftKhA1V0n4vob6
atmos25_6024.jpg,1iK2ZSQT63MfXSaUsTHjf3FvN-XTMK1dA
atmos25_6025.jpg,1iJ3kdzOrFydyfQbGPV9kC5xPPkDlvP1F
atmos25_6026.jpg,1iNH7Ye_iCwbcsRuDT3Q6Rzx5BuEHT-pR
atmos25_6027.jpg,1iL42zxVtQo4qqGzDV48LQZnhsq30JsHg
atmos25_6028.jpg,1iV8KXYVgf3Gjd5yd-tmLYahpCrlAaNmM
atmos25_6029.jpg,1iOSTqQq3ZEBKlgU_yeGwOn5vPPsBWuWE
atmos25_6030.jpg,1iWdlYKlC4sej3l-rwiIQyVyuESoinzSt
atmos25_6031.jpg,1iWYcUFRIkfbjNJlhjepjj5tMXqzSAVN8
atmos25_6032.jpg,1koGovqy54IStGY-4AUZRJ5SHXOjq2e1Y
atmos25_6033.jpg,1klI3Usvs1_NVBipci1jUeMDNdDY0j-ew
atmos25_6034.jpg,1ktpegWgJYujyioF0rfwAjwIq20IiL_D2
atmos25_6035.jpg,1ksfHL4Lzo66FEUd2Nu2ogWOGdvC3NqKm
atmos25_6036.jpg,1kyTSqN9zFuMslNfJXv_3kErG8n-Kc2MO
atmos25_6037.jpg,1kxrBtAPJ0_O6y42Qwu6fsMrbv7J5JOeP
atmos25_6038.jpg,1kzGdZnKy-p1GTKZmh0ZhATRDm_UgbV0N
atmos25_6039.jpg,1kyzZN0bg03v9PNmWTNNddC6Svb81G3ja
atmos25_6040.jpg,1l66qZpGH6kvDr0RnLuZcsXRflp53gyrw
atmos25_6041.jpg,1l2kym5y73ndCUh89ZB6nHxRirnmd3-x8
atmos25_6042.jpg,1l6JewFPDiVaKYfUhbVaYHbV7VigEayg2
atmos25_6045.jpg,1l6_JWIJfz-u6XBT_83GRP61nnu5beaJb
atmos25_6046.jpg,1lD8wK1tbUJOiRY3ZsNkzOd6WZcelOHbW
atmos25_6047.jpg,1lBfAlCrPfl2kodckuBF2lQQm2k329mq6
atmos25_6048.jpg,1lFshYUWoo6fhSgbqUi70AOtVU_hHbI-O
atmos25_6049.jpg,1lFjnxgSOF4ok6dnUh2PuRtzYhe8HhGhc
atmos25_6050.jpg,1lH54afTV3mssy3uTLtMCedFMCJ98yMRX
atmos25_6051.jpg,1lGnMcMrD6Kxek1f9gOF3h5-MAsapP-GE
atmos25_6052.jpg,1lIGdJSnF7nljnx2xnGJXAKq9t7i4XU5w
atmos25_6053.jpg,1lHC-HiOO7BubFSTuGVcqPIwORQ6F0RuS
atmos25_6054.jpg,1lJtGk9Tq5tEdgKEbyxKPptaomVlEzhj-
atmos25_6055.jpg,1lKMrC0c2SmDWfGj1QIu-nj7XN4uYDlzN
atmos25_6056.jpg,1lKtqkPKba9hwiJwIBGYxl__WEG6A_LAZ
atmos25_6057.jpg,1lLO3wBjhfplJ8obm36UQhxaOIAnFWKay
atmos25_6058.jpg,1lNzEZ5tBRBs9VmTGripnNzbdSrB0ZSh5
atmos25_6059.jpg,1lM87Ev8xHYBrG-UaBLhd7EOf940JU5LY
atmos25_6060.jpg,1lRO_Iy-YKurX4rPUhY0Wbnvis3n1sRt3
atmos25_6061.jpg,1lOyuP-C7FBCfcpRhYR61Bgr8xtmFH9wO
atmos25_6062.jpg,1lVcTtXAF9wz2CGqvdUGbhwN4rqZTm_Li
atmos25_6063.jpg,1lUwVNml8nfA5aiYswEu6um4e6HeGATfW
atmos25_6064.jpg,1lZqkrwCHc5jgnYVV1Bb5uskiWdJPPfje
atmos25_6065.jpg,1lWLgoEg6JcEK_VMJPdlJMiprcPkjAu-N
atmos25_6066.jpg,1labW5V1Zs7NNwKPAZWYhnJJcWyd2pbZh
atmos25_6067.jpg,1laNAaWhpDn36TmI131BpQen90nmMvaNF
atmos25_6068.jpg,1leFnrntz2qrit8_Fv6VjZftIVQLwTT7W
atmos25_6069.jpg,1lbynFEESTS-DaoIowYk0C1n67Kr_S9_j
atmos25_6070.jpg,1lf-baglqO9hLzAJgGux02cMQMRRIoypW
atmos25_6071.jpg,1lenJVQqa6mbbYB-RJpwxJGEfOfWAK4Cs
atmos25_6072.jpg,1lkJpF1m7kPClFAsimzwr0aFRh0xUwbpm
atmos25_6073.jpg,1lfDVx1gu6oZW1Vs_S_X5_-jYsHo-3A88
atmos25_6074.jpg,1lixx2BExplRaoJ7pPOf0LAsVQErQiANq
atmos25_6081.jpg,1lxUfycy7T8VxNGkMEhzz67iyKBckAqC9
atmos25_6083.jpg,1lyQQwQ9viaNWKyi8AVufL2sATmsb9IrF
atmos25_6084.jpg,1lyMp-pKdp8ulqB-S8Z73FgCxrZLx_LK0
atmos25_6085.jpg,1lzIwgvY7wwmuGR4FnAA2nMFMzLPpCHAe
atmos25_6086.jpg,1lyoVJ3rm4dfSoT9PQk6-FrSaokZbwUk1
atmos25_6087.jpg,1m398xBDYwLkahkstRkLo2P4uF3NrHTDQ
atmos25_6088.jpg,1m2bLN0tv2fwnIOTvDYqXfY-uzAm2rcxJ
atmos25_6089.jpg,1m7UlX3QDevzDahSSwyqQ41b9IjGKftxr
atmos25_6090.jpg,1m42OB8IAQFDCASCErvWKf9f6mI71vlF4
atmos25_6091.jpg,1m9ALURQ5etkRACY6pEscQRyUlhSN-dsT
atmos25_6092.jpg,1m7gyL2Kt2XM1W0-j_J-Y42uS0jPGNjCk
atmos25_6093.jpg,1mA1GVCzPM7N5b-NuOi5Spgmqherh2fIK
atmos25_6094.jpg,1m9KPFiLVyxDrXqs2-U18wP3wfO53_0vR
atmos25_6095.jpg,1mBN9I9qpoUcv56GdkPwsHPHGDQAuxG0E
atmos25_6096.jpg,1mASn9XTWv8zngK8JxDhS1FKWRvo3Hm3x
atmos25_6097.jpg,1mCcRkO0aOzDwVE1uP3vIgI-oWL6BD3KR
atmos25_6098.jpg,1mCCb5Q_mZV8U_2RdNEUonj7UGGEOu_4f
atmos25_6099.jpg,1mIa08BBOV85sSlUxJeoNyjCIpjAddrx7
atmos25_6100.jpg,1mGZH73hn69ifxNdWwYtq_G3c92nN1wdH
atmos25_6101.jpg,1mIo3ACXemmFdEbs7DsIcg9H38TIDP0ZJ
atmos25_6102.jpg,1mJYbkHk9ZQCkktyaWUA1P-2IsYinrkd7
atmos25_6103.jpg,1mOND_QsxLr0k4yBxTuquzdKfnaMD7zSF
atmos25_6104.jpg,1mPJfxeupvehyR4iyUIah17xPnKntESWi
atmos25_6105.jpg,1mRtEFOS-y-an01P73OE6tZ7D-bPnys8x
atmos25_6106.jpg,1mTmt7vWKXiA2fHSbwbUwoMaEwo59OLOG
atmos25_6107.jpg,1mUgmlCDgB5k1gAM3m_Qoo9uTT23jzxBx
atmos25_6108.jpg,1NEZlLjmVxru-MkLC_S6DL7p5prZVOSAg
atmos25_6109.jpg,1sp5wIRwSUA5uIqGSUDmPUTFcRIGfrwCw
atmos25_6110.jpg,1RBoez8G3pJNlYVqQzb5GLTGqsFcfp0EU
atmos25_6111.jpg,1oOF8rS9R626BmrkE_dsiUz2WHu_gGWsC
atmos25_6112.jpg,1pnBuwmE3CRaVC82BRUV0S6dNvj3lI27L
atmos25_6113.jpg,1P5JFda6Ttm3rcAuA4F7--ZSK1Eex_X2H
atmos25_6114.jpg,1P8c6htqiHslUAwCD5bsJP_qQxZGjZBga
atmos25_6115.jpg,14Fg1Utq8YQxtd_wWiotz3uNW7jEqcMog
atmos25_6116.jpg,1rgJZmN2aEcmf1VNxyqV0QMKLLV54QGFc
atmos25_6117.jpg,14nOSgBEI3DRvu9swIwrmHzC-B1iBlEav
atmos25_6118.jpg,1t7U9VA7gRsdFqjYOs9NVnrJWsF9jrgnt
atmos25_6119.jpg,1JMLD8cAKwy-8bXIw_ou_Urh5AcJDgL01
atmos25_6120.jpg,1DMqX-_wvI94RE6b1xlS6PGA3fZZNw6Su
atmos25_6122.jpg,1roGeJspGjiQHNi7sobMb0crY2orPTR7P
atmos25_6123.jpg,1ghNDhomC9XhjZ79-XtrHJUv3RoodLkR6
atmos25_6124.jpg,1UJr2DplRRw5KyDVnTRqWDYGYkGdf0gYw
atmos25_6125.jpg,1vr1u0kpN78PDh0g_5vwdem8hcme_udF_
atmos25_6126.jpg,1X2qGqAGmaKy3QpKWt680AeH17ah31X02
atmos25_6127.jpg,1cziJmkFkcKBuZJjzarRPo8AOYxjVMTrT
atmos25_6128.jpg,1Rxmnpf1jfbRUj4rffrEyDKhqYfq0IsX3
atmos25_6129.jpg,1EJjVREtpACRHcl9iT77ZPZoRTtRZdwV1
atmos25_6130.jpg,1Yg0-CbZKOHtiUk1HE5EYwiQx8LhAO-cE
atmos25_6131.jpg,1YiX0OP8_1qg-tjsy0O1_UMJHhG2W82G0
atmos25_6132.jpg,1Yi30FFTDPnEyvjBL1IgmIM3fwjhPnhwy
atmos25_6135.jpg,1Z-pPtFnzBOk6Fhr301taj1Nf0iTD8vUa
atmos25_6136.jpg,1YvDVs-hWqbWFofFfQZpTHsvAQUmkLJvA
atmos25_6137.jpg,1Z1CnTG8QjmC8NvbpT3xtt7veiluzuHVL
atmos25_6138.jpg,1Z19VBdensjDDwAzLNghS1MGFDzDZW2hD
atmos25_6139.jpg,1Z7BfBSn7mKrD30Op-nYcaIaPaaGrso43
atmos25_6140.jpg,1Z6m-L5abPCt5IKSMtvdxsZ9ZZ6WufGZh
atmos25_6141.jpg,1Z9zaNLQvNdA-g_RnA-xKSghKkCwqFzGV
atmos25_6144.jpg,1ZRJUQexM72SCpC8C8KBcKGeo0Fp9pheG
atmos25_6145.jpg,1Zfcm2p5Zr88tUITaCHwzZ7yZ1Dxhsmdu
atmos25_6146.jpg,1ZkHPW1n01UkEXsYGCbIT5wZ-DdbuZLj2
atmos25_6148.jpg,1ZxmNHH-6pXugE4dfhl2ZX4Ja1-oCYUHj
atmos25_6149.jpg,1_96k8KoUbIg2fchhqhC6x1AIuazKppgH
atmos25_6150.jpg,1_2kISjkwK2qGXZ82ayaAohQx1p3OW55u
atmos25_6155.jpg,1_Tir0pjh9ydVrp4rQIDaj7sgXXGkxfoT
atmos25_6156.jpg,1_SFdTqrBPSXtjLgg10NFpbfvx818UzlZ
atmos25_6157.jpg,1_qlC3nip-G_kpqL4b2Un7aXoGHCCbV75
atmos25_6166.jpg,1bCip67iy4_BwaowJOqMdffOII_xJCGzi
atmos25_6168.jpg,1atAnWV1UyndDoE5fWDy-gd22uPFdaoCe
atmos25_6170.jpg,1axPTkkmHf0iKoergEFKfVX3A6RDL28rM
atmos25_6184.jpg,1baua2_ebwbb2sL8NEAxBjExstIGmbsm6
atmos25_6189.jpg,1bxB6VBXGYAcPIY7y1Ow9TKvnJAui_uGJ
atmos25_6192.jpg,1cVDr3QfHY4sI_wCpaLDJd29mYl_D_pLJ
atmos25_6196.jpg,1cJnOhfPWafVFrazxwXis0ypEXifb_HUh
atmos25_6197.jpg,1cp9azJoFhEYkG2RQBzGhrYVLjHciQqoV
atmos25_6198.jpg,1cofVofAGEjBOBviiXdQ7Jbp-4ANP9Lia
atmos25_6199.jpg,1cqG3EtTGrRzaoSdVPu2JWfLzn1DaucEX
atmos25_6200.jpg,1ct1qPGnWyUCX0lAI5BVKDpnhB6pJGwwd
atmos25_6224.jpg,1ea_jQfCJg7QPfedkSzC30atchVMHwClQ
atmos25_6230.jpg,1f2sp2PYdfDhV_Xyn0VldQYKKBVZN3MRL
atmos25_6232.jpg,1fDzcn6TovsPROWUDuXEMQIODn7n3uoZk
atmos25_6233.jpg,1esOM7nZhUd4EtQZGDisH_-lvYaTwGHpr
atmos25_6245.jpg,1flFW4BrKsuNBtJx2TqAF5VlBbePkmTyX
atmos25_6246.jpg,1fmNgzCeBDu4miuTCeXdSk71JgvQXa0g8
atmos25_6247.jpg,1g-8JP7JVfb_Hxwu7SYmaW1WGauVif3sE
atmos25_6248.jpg,1fnU6Tyxbdla2eqwJHbK78rOL6i9j5pRJ
atmos25_6249.jpg,1fmffMxCa6KiVZjWhcl99U3zL3AzTZKP5
atmos25_6250.jpg,1Yhq8kE9lGHcqrBDICQFUlpzMVoM9rglS
atmos25_6251.jpg,1fzPB_hO5su5aLM5o5l84B7GY2ggLae4W
atmos25_6253.jpg,1VCRfMYBhoor-nYiAySJISUIDrBG62jSb
atmos25_6256.jpg,12KRJWMhMP1g9dwyXngVg948RYgl5hqZQ
atmos25_6260.jpg,1638xVBtRmNyuMyF1so7ELP-vy3RSwD35
atmos25_6262.jpg,1JtlPBWcalzMmb5GEnV52sgxV_EwqSZTp
atmos25_6264.jpg,1h0flSPyzdIIMVJC9BpRlEB9sqdvU0fTE
atmos25_6265.jpg,1PQjQMvx4k5ysfsJpCTi5ph1UN41TP0cc
atmos25_6266.jpg,1qyQ7FWxNGaVxJj04trelqaNmHBM4hr-G
atmos25_6267.jpg,1r6H7B3nEkrSf6M8LRL2nXldY4RhnUkL1
atmos25_6268.jpg,1r5HmwbrymKlYpjwz3P71clLdP2NW6nbt
atmos25_6269.jpg,1rAD3L9clB613BHIie2qVzLndq2skTud6
atmos25_6270.jpg,1rA4n9D7vN9N-_mxFEYB2a4zlEB2z7tD_
atmos25_6271.jpg,1rJEQn8Zf4wPmgUyqjjLR95gFfHiYrQ85
atmos25_6272.jpg,1rTquaa_yqqR-GGPK2p3DYQB4Vx0S8eBe
atmos25_6273.jpg,1rYVQD9NYPMmqb5rjykjxwmKtneO32Pvs
atmos25_6274.jpg,1rU_c3PS80HOqA2WTxg4QBc5a74RiWXJ_
atmos25_6275.jpg,1rYrjxxxEG08eB98tks77aOCPT1ok_ZwC
atmos25_6276.jpg,1rqDCQnOP7bT1sXYoWfPPQewjbzToY3RN
atmos25_6277.jpg,1rb5N9OMO732iO0g0EDSYFwKER_0057PZ
atmos25_6278.jpg,1s36ILNUrIoQXYMBOkt5VabBqPtjUNFsv
atmos25_6279.jpg,1rxEsfJMorUXzjCJ_iaKjUb5b5MjDXd0L
atmos25_6280.jpg,1s9U2rZFtmuDGW_QNeAhCGwZ927G14o5o
atmos25_6281.jpg,1s67DJfvXvcyqQN2fM5Vn1eNwk9rsY9Qd
atmos25_6282.jpg,1sEZiDxFfEBaqYC9AXtcExu2BC7psnoYK
atmos25_6283.jpg,1s9hSAx26U6GtFhS28EDpV22-L0NVWXiW
atmos25_6284.jpg,1sEsqaxX-qm4SFYexYDuSiDHQtRw5bpgd
atmos25_6285.jpg,1sEb73Tn8GuBDSylUtlK6eKzjBskIVEZC
atmos25_6286.jpg,1sFwkQZzi4HKe6-_FqXorPYAFe7406KYL
atmos25_6287.jpg,1sVsEQPFI05KQCSFnOS_Tr3Ub2gxUvBq6
atmos25_6288.jpg,1sbNymiGMavSVO8NSIWpcHuibHnwfjcrO
atmos25_6289.jpg,1sXVVyLNdqrV20o5kEEmcOrsRgg1cpfWT
atmos25_6290.jpg,1sluz8mD0u34H4KYtHWRLTjp_bWdeUBrT
atmos25_6291.jpg,1sjj5sFqMISr_MdcgEbedA2xu6C8JI6Mf
atmos25_6292.jpg,1snAZuJc8-wx1qf9zF0WTL3t0PRs2T2Cj
atmos25_6293.jpg,1smPs6RoW1Cr_Iu9oMU7_Qx6izNi4YjIy
atmos25_6294.jpg,1ss8Ez7Ld5kPxhtWEUSfKv1O_ftsFftOJ
atmos25_6295.jpg,1sp1MucXX7iNO5fD9g1igLSt2dmvCJWro
atmos25_6296.jpg,1sxoW_5YIfaLArK7X6O3RwNG98xkt1jv7
atmos25_6297.jpg,1sv_oGCLtyzFcdZ1NdQccebTczrU2pKPb
atmos25_6298.jpg,1tCxvcYqDPRtyfkBGox7xXVSk1Q2ocLNw
atmos25_6299.jpg,1t87lzyUyZYLE2q5WUAUJqZgOMaAGgar9
atmos25_6300.jpg,1tEiH-u52MrCD3RNCUT0KGsvJ2HPwXKQg
atmos25_6301.jpg,1tDUUfngSyLMbJcMEd7wdESCre-_DMUop
atmos25_6302.jpg,1tPMqdf3gq7jAxLkGt2wVen7fzwDBO9Nq
atmos25_6303.jpg,1tFSjn2HFlThYCctcowQGEADqYFT79BpH
atmos25_6304.jpg,1tVBK2SAw-V7wQUFk2tHfZRETKhMnOyZh
atmos25_6305.jpg,1tTmdK3-NS2OumgAPJd_erkZbYWfXDCtS
atmos25_6306.jpg,1tmb_L8vYjoZyU2WrgpqSxAe6AOJ5XOi0
atmos25_6307.jpg,1tYb_na6hbTEwvDy442tEjsr9szo49zP7
atmos25_6308.jpg,1ttneHH-WHhv1U-_CvLANnaySlzKCX2qz
atmos25_6309.jpg,1tssSXPJtqJLa2Z_88N6JosZw1w87pM-L
atmos25_6310.jpg,1tuwe_H50oLSOJbQBCq1D2D6qRF8zL4fD
atmos25_6311.jpg,1tzuaarW7sCnFmV8lEbKy1wcGUEQITpfa
atmos25_6312.jpg,1u7xS2InnJ6KLpuSLlwKRTIWB9_8gUaoC
atmos25_6313.jpg,1u6kmQ18v-A6VLZLyjjFvEn-583fmc5-F
atmos25_6314.jpg,1uFO9z-R1m0RBxN9qrIrjYM_t0o0ZeDvu
atmos25_6315.jpg,1uEcFhIYyFIT5bOdhjhwm7vmzaYw0dWO-
atmos25_6316.jpg,1uNEQB7VR2ZprJwViuIdnegs0w8MQJIU0
atmos25_6317.jpg,1ueInV5ZustL9fqcghkf78gpW_c7m60w2
atmos25_6318.jpg,1uKL7Us19xRTQOBC4BHH4T0PJJrj9RDMF
atmos25_6319.jpg,1uZgnXcj9tyRtknwa_khCP3p58hBZ4MMK
atmos25_6320.jpg,1unf58OXqUwuv0DPJHlW_eIGAF2xkU-Za
atmos25_6321.jpg,1uixPj0SgV83fE7hPgkrkKkMj83bid-lv
atmos25_6322.jpg,1uvg8nbv0929Vez_DC7GmepqoUjXCUpHS
atmos25_6323.jpg,1uvO8LM9zPJ9CBpllnttMGOysoFlo3z_U
atmos25_6324.jpg,1uvwasRAvw4670lAGnxQOwOen18aC-ND9
atmos25_6325.jpg,1uweDR_NolweBpaAj4qas9FGR8WO9KDxT
atmos25_6326.jpg,1v4uruj9MWnfmkiyDRKvopgKUV-CVt7jl
atmos25_6327.jpg,1uyIn50UzXiFLn8SaFR5ceyH5KslBvPx8
atmos25_6328.jpg,1v7zfbmF6gyREK6uOe-6w627nIl-jeM6X
atmos25_6329.jpg,1v7jXMSd47HVH-HufVNtH4S1VAT4zKW9s
atmos25_6330.jpg,1vI1sNCK2RmXXjCBiW-HATOQbq2eXp58E
atmos25_6331.jpg,1vHamc3d6nr1g4_jen87h-1bmmIBryXXU
atmos25_6332.jpg,1vMFFdGL-wKaZKR6NcXJOJJ7VmpmTpnn2
atmos25_6333.jpg,1vJqHzJtfCTY_2diY8LDfQ83p4sX-hhiI
atmos25_6334.jpg,1vTukrHC39Gah2rWqPUwg8ty8Qntl9Y5t
atmos25_6335.jpg,1vMbHrTwlJjbRpdZSFbWpqwzSXH3JMEHd
atmos25_6336.jpg,1vbM6509l9A5Ovflc4iW-MZLUm3GMe6X_
atmos25_6337.jpg,1vh7UcYTIoCRAacnpmR5AMfSbJDCpioEn
atmos25_6338.jpg,1vZMiIu-oczDd8bYQPWWsnZUjtRF3w-o7
atmos25_6339.jpg,1vell3gTBYtYlCrBlxnIsyxxvqQ50_rN2
atmos25_6340.jpg,1vhS5Wveo6kdX-1099d0lSjuywOkXFfku
atmos25_6341.jpg,1vhFrs9Vaz-nuokMF5gXzWJ8y7-grFeQT
atmos25_6342.jpg,1vkHQKeYCu3uY-iOC7tFcyYIBLnB6nkpw
atmos25_6343.jpg,1vjz7CST_udzSWdLkNkIrGam8TANbRaTm
atmos25_6344.jpg,1w1DJI8798q7HXihvX2qi2k8T2PNjgZWa
atmos25_6345.jpg,1vwvAi2OFZUjvNwIEgWfTt4tADxqmieSl
atmos25_6346.jpg,1qz4lM0gh02qIyYgNYm6_hBC63eoCvwbB
atmos25_6347.jpg,1NTvybwBPPtvfhvZ_VF4e3K_3UKZ-nlv3
atmos25_6348.jpg,1pCUiZxXIdW328sdTXbfHb50HD2VSzV1y
atmos25_6349.jpg,1C9HEE37U1QtxOaiWSsJ2Nj2h9Eg88W-_
atmos25_6350.jpg,1lhxzHBSWZAMooKftx4-hgiZFpi73JHUW
atmos25_6351.jpg,144RViWbMKzLW0qFR-0V_m-2CsXC9xH1_
atmos25_6352.jpg,145Yb6ddXCF4IiNh1iP0BA1z7vZpWxmUG
atmos25_6353.jpg,14JbK9zHMgWzx3K-6wyL1XFH53SuH3Quk
atmos25_6355.jpg,14LBNk9Mb4mfuVDeWGg33YIEQwPb0jknC
atmos25_6356.jpg,14LVWA51ebA0xnoco0XuAv2xBn2mfdtf7
atmos25_6357.jpg,14N2pRZQmmFncw9vEeZ8jDknjdzk4Q1rv
atmos25_6358.jpg,14MtU1-LQbxKqgDfX91CEJ2PF2HeRLb9q
atmos25_6359.jpg,14Q0hDjo7A5dzgKAt9jX6GbC24Aae_SDa
atmos25_6360.jpg,14PE3iIaG8OuOI5bES66DwitiElLBjcYh
atmos25_6361.jpg,14SE_ZpqLgtYqhYVKd_T69YeDEb8NzqZy
atmos25_6362.jpg,14QCKSXDT4GL4EuAyJRXUEhzhiQ6uzNNP
atmos25_6363.jpg,14StRBan4GedauDsVsXqbGtgD4qXygP-T
atmos25_6364.jpg,14WQ4Pub1C9uEonRLeKnndo2UAUNZuMVC
atmos25_6365.jpg,14Z2r-onN56beTEAGhWUdX6QdJQfzGdrK
atmos25_6366.jpg,14XCQbmL8ZrtepoqWdEPsJCFCwKKgCWKi
atmos25_6367.jpg,14_SjUWzmTebuRuz5TOmY2MnEUncQboJy
atmos25_6368.jpg,14Zzx9gOvgTO9cIgvL9yZmucseMm3y7Dv
atmos25_6369.jpg,14e78fzIr0I2HDwmNdmn_hpVXQNLyiVK9
atmos25_6370.jpg,14aXX9fzF-eBOUt-FFCClgIqJkbpi06b_
atmos25_6371.jpg,14kOoHXtHOHp3hmnLcKztyRqW63Nw-dZq
atmos25_6372.jpg,14g4x2PV0_JSvUujbuH0ideviaWzTnunt
atmos25_6373.jpg,14mEzU8r7iI-TtAk_IhODFWS-_752FYBD
atmos25_6374.jpg,14kePyaRyMBsf3IZb6D3beaViii90OFpN
atmos25_6375.jpg,14y1V1wltmi0ZQckNfyHOc6zViwc5KIFq
atmos25_6376.jpg,14nOyKFtJqGpuOG37nWoW_XTzbk-rgl7O
atmos25_6377.jpg,14yXSBP954Fb7MP2xBrcaTh3nY-DVKD7Y
atmos25_6381.jpg,No such file: /content/drive/MyDrive/Colab Notebooks/snap-sorter/Events/Day 3/SEDS- equilibria/Sorted/IMG_9925.JPG
atmos25_6383.jpg,No such file: /content/drive/MyDrive/Colab Notebooks/snap-sorter/Events/Day 3/SEDS- equilibria/Sorted/IMG_9917.JPG
atmos25_6384.jpg,No such file: /content/drive/MyDrive/Colab Notebooks/snap-sorter/Events/Day 3/SEDS- equilibria/Sorted/IMG_9935.JPG
atmos25_6385.jpg,No such file: /content/drive/MyDrive/Colab Notebooks/snap-sorter/Events/Day 3/SEDS- equilibria/Edited/IMG_9917-2.jpg
atmos25_6386.jpg,No such file: /content/drive/MyDrive/Colab Notebooks/snap-sorter/Events/Day 3/SEDS- equilibria/Edited/IMG_9919-2.jpg
atmos25_6387.jpg,No such file: /content/drive/MyDrive/Colab Notebooks/snap-sorter/Events/Day 3/SEDS- equilibria/Edited/IMG_9925-2.jpg
atmos25_6388.jpg,No such file: /content/drive/MyDrive/Colab Notebooks/snap-sorter/Events/Day 3/SEDS- equilibria/Edited/IMG_9935-3-2.jpg
atmos25_6389.jpg,19NIBCWjpj7qqg7MSawbYG7Qc_fOSbACs
atmos25_6390.jpg,1f54KbcG8etef1L-fvSWew10MGg4HeGWd
atmos25_6391.jpg,1OMeYkWdKQyMXVgfZMh-cLojnwSLOcaMJ
atmos25_6392.jpg,1D-29-nX2wUDlArReEOJnHav2hbzInOzC
atmos25_6393.jpg,16_BZ8wugkoyCltmBtmUdY3E1EdbKi-FM
atmos25_6394.jpg,1-FFwo6-cxa70XfTq_b0u4CBg1GvhzzCF
atmos25_6395.jpg,1aU9EhRD6IYdeS3A9TjX8YHs-GHv0e3N2
atmos25_6396.jpg,1_DvveSW0RK3K6xxB183xW3apPJ1joFUX
atmos25_6397.jpg,1qg85laraMflOvzfNIZhYTfWqhkoRrFUq
atmos25_6398.jpg,1gBcg4NYlJLLyzi9GOX9p3i5irXMM4MQN
atmos25_6399.jpg,1kfQ6qAnXmXpHsasnYeDeJzgK5JDYW6gq
atmos25_6400.jpg,1euP_zrjYEbwZsVIC43XDWf6W2V0WkAqc
atmos25_6401.jpg,1y550zIXaVM2Q5CMBvkeYqLrwsD7GQF7X
atmos25_6402.jpg,1A4M0CfHSN4oHsLwOQQ7lN2q4ZrS5dsF-
atmos25_6403.jpg,1iQ82B2HB3AFI16y5wxB2QMjUJzGihlgF
atmos25_6404.jpg,1sC950ScLgX0FWkXMFQBykIzBo48wy3Vr
atmos25_6405.jpg,1Lwr19quHEGBptboTVQT-PB2WX-g3sWzZ
atmos25_6406.jpg,11sTMNHxcleTnEFGQ4EfGQOsGKFZEt4y7
atmos25_6407.jpg,1dZ19mvvqXyzX54c_aA8RBNM2vzVUiZNx
atmos25_6408.jpg,1mBG7QEfdEPs5CIkcl-939Y00eAXVP0fV
atmos25_6409.jpg,10GWUmKE7QIVBObTI63_CKHS7saAGpbBi
atmos25_6410.jpg,1_RtJDJ2Of6Jlolbx1mCAWZQgoS3eQNCp
atmos25_6411.jpg,1fN9fb6aG1d1jZxVKihFxeRA2tupxOLsM
atmos25_6412.jpg,1dYsoAVBQCxowC-pNG5w-D-7_ZckGr7F6
atmos25_6413.jpg,1EP78YSKVOJgT9kHwHPlt2gjF0lo1BSX6
atmos25_6414.jpg,1x_qNk7oEXzfBIF4U4Pfgz66WFCYX8OAg
atmos25_6415.jpg,16LVAx0_wGc3dMZoM2LA1fIBwPfFeVnsK
atmos25_6416.jpg,1dxt6HrHA-6hwg59prRZQI0Ym-4iUqez9
atmos25_6417.jpg,1dZT4VXA0PSmBPThInLBS5fwFhS4psy_I
atmos25_6418.jpg,16EV80XZ8pvKWA2WfrjWbxDUjZOWrTLfS
atmos25_6419.jpg,1HMIb20KrSN_o38O9OFSO2l9yVXcmfDKm
atmos25_6420.jpg,1dZ1q4cbo-SngRcHfBxvLhGADeTBdcFAs
atmos25_6422.jpg,1_cV0UnErk38K_3uco5iccMijse2nP6uE
atmos25_6423.jpg,15VpteeMMRbJECrrrQeJqn1kdJ8mlvpE-
atmos25_6424.jpg,10olIcPpYITek0VelSiWmSCOp72PjrGzZ
atmos25_6425.jpg,1X05QMcA04Wjhomqg8Kb9g9eCKkmElKFt
atmos25_6426.jpg,1dc5Ib76tBYxCRkPpjjId2hyJDTRb2FIT
atmos25_6427.jpg,1LMx6irm4NiE9fgN4dsHxOgx81G2YwmOz
atmos25_6428.jpg,1DOncdl_lMjZGU7WOBAEDdDoLBoaN3Eua
atmos25_6431.jpg,1tViiO0wXGjJFRhSbzAjMXezXaKgL-YfR
atmos25_6432.jpg,1zG85cK4KRWmB96x6pytYFpqoRziIDgC9
atmos25_6433.jpg,1dcPnqB4tbUNZGnv5JTUj1VSueyKrJ5Qp
atmos25_6434.jpg,13vy9TgY0TWs521ToCJQmOEPWNIsB--rQ
atmos25_6435.jpg,1TcyTvgTB5MfKR_0DbswyB7zqVL4jrGz9
atmos25_6436.jpg,1lUvSTy3xVk3ga1k0_xNv0VYZx-Z4Lt85
atmos25_6437.jpg,No such file: /content/drive/MyDrive/Colab Notebooks/snap-sorter/Events/Day 3/robowars/Sorted/DSC_1955.JPG
atmos25_6438.jpg,1w9qr-wR5QTGhcwQSr2xya-3HBwQip_Px
atmos25_6439.jpg,1w1z91V-iR56gi_tf70uh6FOEXoBQKdh-
atmos25_6440.jpg,1wLomoGNWGbgARUGn0AKWZYe6sUHFn9og
atmos25_6441.jpg,1w6daZ0gxxB2eW8Y34mzRQj8kY9-0lD73
atmos25_6442.jpg,1wCTr1Kr-JTu27ydPQvzb9XYy2WSrFWr2
atmos25_6443.jpg,1wMdZTI6a1S-oZ9piYlSpKNKsYDPNfT4u
atmos25_6444.jpg,1wLpiDNo6lK6LOkVXc5cw5-bYy2q_v2J-
atmos25_6445.jpg,1wSGf9f0xBv4dAve1v9GY9_E5itY9437P
atmos25_6446.jpg,1wQFhjJK2CBdBRIJ8jjdiK3BFyFgAB2aN
atmos25_6447.jpg,1wXBChfI0DquCJfTpY96HpBAbY_-5VsZU
atmos25_6448.jpg,1wToxr8FAdfRYvBoe7wOQPGc_em_UqczA
atmos25_6449.jpg,1wcHL2C44q2MjGydUexNJHnG4vekAuwlC
atmos25_6450.jpg,1wXZFKOSwZCuZUNlUVQOPKrlpTuN-j0mg
atmos25_6451.jpg,1whuXdkfIk3j5F81oimaLT0VVTn4q1n5d
atmos25_6452.jpg,1wdRUMRfjF6_02Z921ekXLP5JAOtRadfO
atmos25_6453.jpg,1wjHaRWzN5CeQ0uwMLwaOm1zlL1cXCGDI
atmos25_6454.jpg,1w2JFwrVHzPbjWTDu53y8d9TCqkg-yeTe
atmos25_6455.jpg,1-6OwP37jd3Puq3LWJbPZML5aitgQdkVq
atmos25_6456.jpg,1-8zwsD8dK2LQivMKXsODoUON8EcWTUzL
atmos25_6457.jpg,1-8NRBdWbVhqIOiIaUyI9ZUW9jWdQ5ty6
atmos25_6458.jpg,1-9GWAlwUDTn2nuEtA7q3NO9j8XrmBV1L
atmos25_6459.jpg,1-6vxgKg2ms_SSSb2qdc7FqQKPTNnT3ZF
atmos25_6463.jpg,1efInG5Q8lW9ZuLdaJbeMJ78RKJpY21xL
atmos25_6468.jpg,1entDoUn-b-eHPhxDLEgiB4hrTdP6EEV0
atmos25_6471.jpg,1ev4uAxrNbeHvPb8r2eUXELgfEovm1mhg
atmos25_6486.jpg,1fC0M59Cf9Wl9iU5U6hx6XvBdvr7h5QBi
atmos25_6493.jpg,1fJC45Wymm3rXXrbecDItxAMs0czfX-Y8
atmos25_6508.jpg,1fQqLU7nDnWxheSqDh_APG5wHKBx7WLje
atmos25_6520.jpg,1fbSpmN1l6XHkbG-473W0esLkYSvqzNED
atmos25_6529.jpg,1foIdSnqzB81rxhx_tm9Fk3Z-2RrfGL1x
atmos25_6530.jpg,1fmXZ9VstTsqwak2g-8quAb0Glkm-4LzK
atmos25_6534.jpg,1ftfNLoEAJ9BI5nkfjkzQkebLQ2fM-6u7
atmos25_6544.jpg,1g4cBhUbewBP4ODQjlkkI0c9wEiC50hxA
atmos25_6549.jpg,1gA0fJBmvkfeV_4ebdj8TGhoufAbUuw0K
atmos25_6553.jpg,1gF267yUJA0jMfFJkxWPmqqiUT_-F-TbG
atmos25_6557.jpg,1gL7J3vk1sAQi195O9hETlYCdVQAmUdTl
atmos25_6564.jpg,1gW7E498r8ngqxjMuQh9XYq5hdTndNuD1
atmos25_6579.jpg,1go2CsoJ26GmNXADFvh07-6UpFD7uxkHd
atmos25_6589.jpg,1h240FYAL8JoHcwKJAUIfT2BPy8g0guX9
atmos25_6602.jpg,1hEpZdEGZ-kVzEuGW_qPUfDigyTR3VFMk
atmos25_6606.jpg,1hJ7iYmZozAZXrFfGETZcfNgt2B5i4TNO
atmos25_6622.jpg,No such file: /content/drive/MyDrive/Colab Notebooks/snap-sorter/Events/Day 3/robowars/Edited/DSC_1718-2.jpg
atmos25_6623.jpg,No such file: /content/drive/MyDrive/Colab Notebooks/snap-sorter/Events/Day 3/robowars/Edited/DSC_1871-2.jpg
atmos25_6624.jpg,No such file: /content/drive/MyDrive/Colab Notebooks/snap-sorter/Events/Day 3/robowars/Edited/DSC_1874-2.jpg
atmos25_6625.jpg,No such file: /content/drive/MyDrive/Colab Notebooks/snap-sorter/Events/Day 3/robowars/Edited/DSC_1893.jpg
atmos25_6626.jpg,No such file: /content/drive/MyDrive/Colab Notebooks/snap-sorter/Events/Day 3/robowars/Edited/DSC_1955-2.jpg
atmos25_6627.jpg,No such file: /content/drive/MyDrive/Colab Notebooks/snap-sorter/Events/Day 3/robowars/Edited/DSC_1882-2.jpg
atmos25_6628.jpg,No such file: /content/drive/MyDrive/Colab Notebooks/snap-sorter/Events/Day 3/robowars/Edited/DSC_1698-2.jpg
atmos25_6630.jpg,No such file: /content/drive/MyDrive/Colab Notebooks/snap-sorter/Events/Day 3/robowars/Edited/DSC_1906.jpg
atmos25_6631.jpg,1-SZFp7qqGa83MmmE42HUW3otXlqUDZ7N
atmos25_6632.jpg,1-TX4wCLRa76yXcG_BtRtZPI249KAxPke
atmos25_6633.jpg,1-TNdfs9Mt4uKcvP4nstb-VHmBSnRBsCT
atmos25_6634.jpg,1-ZKuljmqSvMc-FbYhkeECmqF5EPJltZG
atmos25_6635.jpg,1-YrEG584SvCQTYV7cNQZLoXuyaiJMhYl
atmos25_6636.jpg,1-fCr-k5F2G4U1ensSMj5Pt459veft7VG
atmos25_6637.jpg,1-_0O5uZpKWI4atSrJ2je-LKJ5gRRuknI
atmos25_6638.jpg,1-bdRDfRjKplFvIbvp43V_bI64CoAhQa1
atmos25_6639.jpg,1-fwL5Qj6CAqBR59UhCtAd4A39cn2UvTx
atmos25_6640.jpg,1-efocYy-7nA9otc5084R3aeqEQ_QOp7c
atmos25_6641.jpg,1-htWfb3B8OpvlrvyQ6mYYjoh9nxCTpNy
atmos25_6642.jpg,10ChUC-nedwnb8F5j1vLrYQEW-yhqq8TB
atmos25_6643.jpg,10HhEeur5_SrtQb_I_n2FpU9Nd2ftK7A9
atmos25_6644.jpg,10-Uphx7V55HN7Nu1NfXQvlCDKk4Y_zjT
atmos25_6645.jpg,103GWDyKBHKmoQoO5e9fZ7oHP4D-nHfo5
atmos25_6646.jpg,10DMir0ru0VErRxu1JERPYCvBtURZ1dgG
atmos25_6648.jpg,1016gwiCaYgqLhh7M32lIvlB4ZRd-0zEi
atmos25_6649.jpg,10KD5PfjgElAIGYGwhujv1-hFHZPJEHfd
atmos25_6650.jpg,10KjCw5KgOonC7oUez2VHKX6vq5AGPjYV
atmos25_6652.jpg,10HIWzySS0PcZUlrbYtbOsNrB2MytXFBO
atmos25_6653.jpg,10WDsXfA-2dgha1QBlECt7jTKoOStRbJ3
atmos25_6654.jpg,10avJrQKzqwAMzL_NqjU444AZnJcOyn6o
atmos25_6655.jpg,10YnELGo0LpnSDbzopeFyXsJ6BMZfQlYj
atmos25_6657.jpg,10fIuB2vOVfvOVW63MX0l0QFwou81cTeS
atmos25_6659.jpg,10fm_Oj39GyU3vex9sIA0cKEK3hfkuHHP
atmos25_6660.jpg,10gMD98CdLvWDhS4StonDRi6wReBQefnW
atmos25_6661.jpg,10haaQXbcJPseTRJjrGooZcKnCI9FZtsr
atmos25_6662.jpg,10ZA49dOfU-9jI9fe5Jn0r08Sb0y8Sv0V
atmos25_6663.jpg,10qPQEyqaCLy0MSYKypGFvdhCBcrGZneP
atmos25_6664.jpg,10uT8y7HyZ7EdmBpK35JKK1ryoBOI2LJA
atmos25_6665.jpg,10hukSSdIu5BHMUFucHXN59859njwazWZ
atmos25_6666.jpg,10slT0dil4OyE2hot32VWGdCuDK7ROOR1
atmos25_6667.jpg,10roX3_O6wV1Kzfx50A5V8HT_e40aPsQR
atmos25_6668.jpg,10zQdK0qNAsSSdZ45l_bC81G2r1q5vY_Z
atmos25_6673.jpg,11MYU_AlABi1-BYCeVgyg-r1_HV40zPz3
atmos25_6674.jpg,117HWOoM_xn4AXRmcu1OeFKDEZ7CFyAPW
atmos25_6675.jpg,11FPABV0EcK0sBmZqC-6niDXShYn1GCx8
atmos25_6676.jpg,11UBeceYx0UBY38rzxxOUhSg5F9vmWHSP
atmos25_6678.jpg,11X4nfKlibIgvbM5AoxBBazO_IBdxSozn
atmos25_6679.jpg,11WM6WNPQ-FcCiTA_J5lxJfwfE8eIZJA6
atmos25_6680.jpg,11bhVWDOp2-DXz3T9qUMhEWiDIuNJWIjp
atmos25_6682.jpg,11k4no6Cc3UbykQo2tbFsTy7C70z0Ai7L
atmos25_6684.jpg,11pNf9G-ibzbYy9mLgiDItytyZz0HfFzm
atmos25_6686.jpg,120Ir5I2aPeJQqSAa2Z0OSEZt2ag7eLJy
atmos25_6688.jpg,126KNbiFcz9Ba7Zx12y88j8fDu8EoGX7n
atmos25_6689.jpg,123TuWgS311vUm_X3Zi6PuMu-DyrA7kWj
atmos25_6690.jpg,12A1177sQFLZPQvb0kgCQSemMlbiqfQac
atmos25_6691.jpg,128b5nhiz_6oedWofcO0Z4liMD4-47JvO
atmos25_6692.jpg,12DnwYtQXmyebtUAHcyzTECMQ8dEcWg3k
atmos25_6693.jpg,12A2hokFHoA5n3KpkmV06DrmZ9_gE8ai-
atmos25_6694.jpg,12HnDWeHzmZPkyrApcrkiMrCTC4r12SJd
atmos25_6695.jpg,12JwpfgfgDStWI_D-WlfHx86TDIurU-8v
atmos25_6696.jpg,12JPfjeaYJdGY-WnJhbAlEQJ1WnGHfJhW
atmos25_6697.jpg,12LUZIZ5vtMFiI-aZiHGtA0eCek-SJHH0
atmos25_6698.jpg,12KMCbu1Y3wn6MxY8l8aNdY4AyW_jewAh
atmos25_6699.jpg,12M7_UViqsI_4z09uTy2ItmmH3YG-9nGh
atmos25_6700.jpg,12QNgkRZx4vn7s3FN-pV814SVwr7j7In5
atmos25_6701.jpg,12RAa1NDF1GdEm-vNb-b0MLpEGAs8Ilks
atmos25_6704.jpg,12S1PcOCdJkmtdRYltmjhmPTk-44KJTvC
atmos25_6705.jpg,12XnQZXX5_NDd-8Z4kIzPJBfEiru5glrd
atmos25_6706.jpg,12SQeLqSMwnxcpLoBQRtl6VfNl8Xz-q9x
atmos25_6708.jpg,12Y7amjWVTb1hWRqO7vAqX-yVYp-a_tCg
atmos25_6715.jpg,12dAHej4LzGgToteArN9khxAJXs7mcCLg
atmos25_6716.jpg,12cV13ZGm2-eMOio_ViFt2ZK2J4VYl2cj
atmos25_6717.jpg,12gSeKTj35JViw39b6PTkKxo7abMGqt3a
atmos25_6718.jpg,12fDNwPPRwUQUQ3-pBjv0NP9WUkGQvNNn
atmos25_6723.jpg,12yS5zSCspxl5LAH_xpUeVAq2c66blCKt
atmos25_6724.jpg,12yJS75-RwgOnMLGEWLmXbrYgp_Xo9FIO
atmos25_6725.jpg,1337nCmMK0t_UT5E2vGqO27G9mGGt-2SV
atmos25_6730.jpg,135_qwJAhh5STLh5ULAI5KeRpQAkJleo_
atmos25_6731.jpg,138ifsMGYNEd0osbicl-zohz52YBJ009Q
atmos25_6732.jpg,1-THuEpSm9upOfU9gU__g6T5xDR_2GIzH
atmos25_6733.jpg,10MdcVjKVrcRUg5XQGcVxGaz3Vau5u97X
atmos25_6734.jpg,1-q9lsh827_4Zaili05AyPfbQyU8IQ2qk
atmos25_6735.jpg,1-lhqKZRTqU0kjB7HEcnm_AY2YfPZ2RQB
atmos25_6737.jpg,1-w5ETnenFSrd1h8aZe14A7YHvHq6JFIY
atmos25_6738.jpg,1-z_6g6QFPcva2hJuHfytEyjuXW-P1vWN
atmos25_6739.jpg,1-x8qUxJGBh9I5rhqoP68Q-TGVnGqshSo
atmos25_6740.jpg,10KknX6SmnU0ApVIn8v6x3aIExuo6kF9Z
atmos25_6742.jpg,10w_ZGAQUSurMm6SoR5ma9LfsiNeRzl__
atmos25_6745.jpg,17YaHhpMgPzmQVL_Xv3UPjD0N5IYv6BxX
atmos25_6746.jpg,1IPNmJnB-4mByuyMXtgHTH3GlsVyRqu2w
atmos25_6747.jpg,1GQ8dVgnnjPcYMDAYHe89enGyoZ1T7twG
atmos25_6748.jpg,1ZCDZDt2eiZ2nKJF276Q4nYhz3BIy6frI
atmos25_6750.jpg,1zigKAf70H2rysIOCryV88QFcLkmxVXyi
atmos25_6751.jpg,1tSq80VkGb3JIhKS5bcqdaQKY8UyGuXjg
atmos25_6754.jpg,1Efn8kTkcmEAKSQ7P0GrRqrBK5ubb-3W3
atmos25_6755.jpg,1wHN2yZz98lQQHyEJtbJk7JKTSxnvV8LO
atmos25_6757.jpg,1KeZ4I_kPuABEQYdcyOsZLU9bgVtnrFCm
atmos25_6758.jpg,1dFiAO5l30kZTgyHt0PrWOgWfh65sBbdg
atmos25_6759.jpg,1MZyd_671XinbwEyKpeKOE0g4eCEPgpqm
atmos25_6760.jpg,1_lb7Yb7H9B0VvUjHAcatVlqOaS6dnrrb
atmos25_6761.jpg,1QB7vQ7x7C5ZrBQAg2uCeYb2PE2chfMdb
atmos25_6762.jpg,17I0oHNRlpqZNYX3v57XPd3ub1delL_Zt
atmos25_6763.jpg,1a6BPB-0b6KCS3DMrdw1SWf03kkPFwVWh
atmos25_6764.jpg,1VWVdewWnQa6mTc7PimoA3fqdwZ-07o3a
atmos25_6765.jpg,1VWiy9BH6qGQ5ctCMShkqUiM3x7sr5PWx
atmos25_6766.jpg,1VYlm56TmctOsapxC2Xek8BH4PH4bScer
atmos25_6767.jpg,1VXLkStZl7I9PIVK3wcroUCrkdU0Ht4pn
atmos25_6768.jpg,1VZPohZcOoTMGgfhoajZrx0sXZQyVI7uy
atmos25_6769.jpg,1VZ1dJ087AMNYz17meokivHyrQJT4ZqJV
atmos25_6770.jpg,1VbR_Ce3oSCkeF16hQnZQ8qLP6-aI1bW4
atmos25_6774.jpg,1VgCQsUovRrm1sOEiNydm8aS5zu_kuvEO
atmos25_6775.jpg,1VdIcUaLWtqKKzETR8PNUmluog5p6161s
atmos25_6776.jpg,1VlpjXJpj8gzzNA8G9qEEC34zberCDyBO
atmos25_6777.jpg,1VljRYghAXiwpkHMSeT7dvLE-AtszTICx
atmos25_6778.jpg,1VlxdeQWnj5pn22vRlgeK7n3lx1tBNuD8
atmos25_6779.jpg,1VmGPLwDItAqYOBAqIN_YYqM4Vf2T3LiR
atmos25_6780.jpg,1uDhhGBodExHjirWHjWBuoUfUaxCT7dZK
atmos25_6781.jpg,1uCIfnUoPFhPd0lmKAZUP-IfzzWFA5_zs
atmos25_6782.jpg,1uFCVPD_TzLwL-5a4k2B3H_ta43Zbgf4c
atmos25_6783.jpg,1uI9C5lDpnNoQ89e0mudM-rUT2M2pRFac
atmos25_6784.jpg,1uIk4n7-sIdEXL-285oVU2aPLAx6rUgL7
atmos25_6785.jpg,1uO6r_BTku_QsGkpCGVOIOd9JzekHMeYE
atmos25_6786.jpg,1uOqGwXT22TycK3DMekbDIElEMhZLMJzO
atmos25_6787.jpg,1uPgHjv2F67jSg2BCikEgPPdsOeXAQHXX
atmos25_6788.jpg,1uXQSfZHCcJQ4dpO4gYDYRwaNL6scaJ0N
atmos25_6789.jpg,1uZO2SSLHH8FkI2FM_AwhLHxXCMmohF4w
atmos25_6790.jpg,1uYqufqm8yhdlreNjeDLIVy-iwF_Rl-dL
atmos25_6791.jpg,1ub2ixIgknFkWRnL0klM4RU99h4Lk2nJ9
atmos25_6792.jpg,1ubtxIT51LhQwTXjpWUIrNEYye0bzdxrX
atmos25_6793.jpg,1ubFTj1Bwzi0vY3-_piPCFfuNseIFwRBu
atmos25_6794.jpg,1ugdxvMXJcPFg2xvsMmiwvSQ18jlbrPj3
atmos25_6795.jpg,1ugZ8zSTOXlyWFFVMcdnFaT_W29Ck7P2I
atmos25_6796.jpg,1ulEXSPAIEUviC0SBOQJTfzfarv5junB8
atmos25_6797.jpg,1uoGzGSA3X_Oc6JDH8I4H_I1VpoG4xWHT
atmos25_6798.jpg,1uvHyEUKiaprESi3iHz4i0tx0NDePyTrR
atmos25_6799.jpg,1v2Oa4ebofxeqtzzvvLPAeT7um_eolKei
atmos25_6800.jpg,1v3nfwjiVoz1xZbGhJ4eXpE-ofN9cTw9z
atmos25_6801.jpg,1v3Q8ouLjMMaN725TXcJDajrXAG4d--Ys
atmos25_6802.jpg,1v5LGhaAc0rlgSuXKscYqPIs_q-Ltop-T
atmos25_6804.jpg,1vD_bNp3msZD70ySnlQbEzL3AGcP4ag8L
atmos25_6805.jpg,1vEI45r-IpnXQKQueRd4nPg00tOk0A3DR
atmos25_6806.jpg,1vBV-_CmD-VthA2JnOCu_6_5TX-b-04f0
atmos25_6807.jpg,1vGJsd6pR9H-RIedGGoKRbrUMXO1fSvD7
atmos25_6808.jpg,1vG6h2pOwEdU-ohUlwMLsQ4errKS6b0X8
atmos25_6809.jpg,1vJG0Ti_c66--xXuc9_DNz1NNbjk2eOo0
atmos25_6810.jpg,1vHVGni8Y5-LyntuxQTi8KxKH-AMRlaPf
atmos25_6811.jpg,1vN4ixFpCaEZmtBJZshYwMm8trcXgaB3L
atmos25_6812.jpg,1vNqakzG7NpTQ8mNui7bYRkHXmZpnBOOU
atmos25_6813.jpg,1vUYqw7KZMOPfEVf-InGAxMwX_awLf-fJ
atmos25_6814.jpg,1vV13VZr8EgxIIdaqDdv_nhISGnA3cSX4
atmos25_6815.jpg,1vVJryA-dnNOaud1l1FYn2g8By7t1PRkZ
atmos25_6816.jpg,1Vj7i6itlPuALlyFrOglTkCy-ujp0i1-3
atmos25_6817.jpg,1Vhsr8BDDWZiRLmPuENgoe4dEswq_T_78
atmos25_6818.jpg,1MXIM34m1QDVAB5kpT1jUbduNn9T77fra
atmos25_6819.jpg,1xga1EOYEhJQn_a-AyGCPjqJKfnyE3lpj
atmos25_6820.jpg,1pNEWqLCZcpFvA_iVqtrm4MsroJHxBuV8
atmos25_6821.jpg,1N33FHe6Vj7rfIolqttevD8I546fu3fmJ
atmos25_6822.jpg,1gcZbmnFiv4try0KIxrOKzGer9bPhBAoM
atmos25_6823.jpg,1SkXvPyukpe1w0GNLnT0EI9gMK9CWmaKB
atmos25_6824.jpg,10ELVZYMskY6xuaOR9U2tLwkzuatcg5Sa
atmos25_6825.jpg,1n0mjkdUdClau1ruh9RdWUpzaKLm-64jp
atmos25_6826.jpg,1GA60qwRAVE3QbxOuMZgULm3AawcPmfAG
atmos25_6827.jpg,1GF7STovDNakusINPkB7N5lo0FLvYHth2
atmos25_6828.jpg,1GDbhNZeLZDyz64G_gYlW94cvgTcwwebp
atmos25_6829.jpg,1GLVmuXqb9BbwcDOo58w4kCCGHNuYqwe4
atmos25_6830.jpg,1GHDHvsufN4Q_mwNgQV4nhc0Ln8ucerB9
atmos25_6831.jpg,1GVRLzuVBAIQ_qtqTM_Mkq7ZsAbb59xd5
atmos25_6832.jpg,1GPsZQezotEYryqKZhEd81FyA2Yh9KEfG
atmos25_6833.jpg,1GZgpilw9EMdhiJmJycad6rBaTwgNKDYb
atmos25_6834.jpg,1GYmXdwgsoFjlLxPwEBSDjgTZvqcsZyEl
atmos25_6835.jpg,1GbwmiKkPCg0hP6J_JNgnnzweUrWtCkHk
atmos25_6836.jpg,1G_Jj0TStOsQpZ3zgF2e6gYBcY2Jik3Qp
atmos25_6837.jpg,1GgPDJ4jxKEa7YoyMGmO8d0uHygnSdT6O
atmos25_6838.jpg,1GffAej5calH0GKX-vSK5U37Y6evX3s7T
atmos25_6839.jpg,1GjssHZGXwGkIE0_22q1bYqpzZv5QUAzq
atmos25_6840.jpg,1GigtVbwKVugFLkG0zeqZq91jiabMlhkm
atmos25_6841.jpg,1Gt1c-5jC4qW2SJSdXrmFFO6jd3z9F1Gj
atmos25_6842.jpg,1GmgfwQq5nmLQj6Vybr8aW57eo7KT-BPD
atmos25_6843.jpg,1H4dXSNYtUc9DXGMevHqhmDmVR1UYx5C7
atmos25_6844.jpg,1H3NtGSI0OrO8RNWhENPSIRA8F6w9k4yo
atmos25_6845.jpg,1H9REU0eGjRHs4GwmWrY35DdkWnKW82Ae
atmos25_6846.jpg,1H5zYj5Hp0rGz39Xg0YS6yuNPEIJoOfJZ
atmos25_6847.jpg,1HBFqNEhEg1H2bF7MOb9Si8HS_wYWp6Uf
atmos25_6848.jpg,1HAqbeXZgAqgVFaP2l4poC5uy9ZpoGb9B
atmos25_6849.jpg,1HIeXZ-xEu3qZoG80y6MI2Ve1UjDXleek
atmos25_6850.jpg,1HIcnxDpvRShplfkT2XEvJDzb91wQ3GhW
atmos25_6851.jpg,1HK8gQ4M-EsnyQkjbd7WwBeFwbS7ChTDV
atmos25_6852.jpg,1HK8RYhTr93Ofniih4uX8S9oH19yQr_Q0
atmos25_6853.jpg,1HOWWZqjUXHWdOge9d9_zURqVwo_SgkH1
atmos25_6854.jpg,1HLlqpiuHQR6kkupAAUILmkRo7abyOXHK
atmos25_6855.jpg,1HP_5bcnifYRT8tMzjeCeSRlGg9avyEfj
atmos25_6856.jpg,1HPDgqzwek_YrdPUPK-DaT6COgNiIC998
atmos25_6857.jpg,1HRDRtf2sW9ge6mnU4GUyPOCHKuj3r1F4
atmos25_6858.jpg,1HXmr3FHysAvBdeij-dabUaLpOXqm8vEw
atmos25_6859.jpg,1HQ1J_kpRc3RvmTEcnQtoMdHhqmLXcImR
atmos25_6861.jpg,1GBSB-7_xHoQ8AmlX_3Y9yIgetN1QB1yD
atmos25_6862.jpg,1HGRjOpxoTfCep8TWKXlCduSnVU03fF_8
atmos25_6863.jpg,1HHZm_UMDjPkYtg4hymLbmFmnM9xbbR_d
atmos25_6864.jpg,1Gx5UHKrhempnXKZuXlSYCaiKERROeHi0
atmos25_6865.jpg,1Gv7FMkcZL519QOP9rJ6m4mqJU8F-fBDV
atmos25_6866.jpg,1H1V8BLi2YfPwNza9Ss8rqrwTjdPAfdwK
atmos25_6867.jpg,1GxidXfFYLHvou9fxuW6-uO_-o1me5w9s
atmos25_6868.jpg,1tb71ookr6U1MSLSGAPCZRESJuqXNSaw3
atmos25_6869.jpg,1Hzcbl0sx203JETJe1YNG0iIIvQzThvcx
atmos25_6870.jpg,1RW1nfbMYhvFvRQeFb6ovx7r1WjuQnPQy
atmos25_6871.jpg,1_EIukNkV8YEmfIt_2muFgkqQ9AJBTI-p
atmos25_6872.jpg,14BfjS03Sfb-EZqbqrfU9YjQA5lRYwJzH
atmos25_6873.jpg,1NDs0CHRJ5JmL5DWR47jQEnlGhQkPDE8g
atmos25_6874.jpg,1X_dCUESWm-SFF6u-ojELA0Z2V_fWMWWp
atmos25_6875.jpg,1frznnyrj8Dbz38uSpXMC9rVNocZeXAS2
atmos25_6876.jpg,1GQTnD4qwpSq3DGs4OdtqNKNnuGTE5B2G
atmos25_6877.jpg,1GiqNh-FJDxdRTz6WDFfW-YuQm30OevcS
atmos25_6878.jpg,1Gecxecyihq4-PTC-C0YY4AQaJxxN3Hsa
atmos25_6879.jpg,1GuWQLx4wGtsWrVjhuSFQZIMQMf6K2TxE
atmos25_6880.jpg,1GoiaeygBhkHpMfe_40r-N2sAgOZedd6k
atmos25_6881.jpg,1H5ndEyXuZoaDHDDbgGmkgTN-lscndnBn
atmos25_6882.jpg,1H3Fg5xTLor8BHLVTOrHva7xnWpJ9UUq2
atmos25_6883.jpg,1HShC10Kign5ZOifS9MnF4k2mxkyieHEL
atmos25_6884.jpg,1HRKLqd5Rw5c-AozwJvsyEz75Fo8ThFHS
atmos25_6885.jpg,1HUYF7ZEOdjRyR88zlmcXuxife_9g73Vh
atmos25_6886.jpg,1HTUx8ANvI9AH6zTwyU_Fb1bMN-5IbIy_
atmos25_6887.jpg,1HZUmglMfv6HO2o5taAk-s6Rg-NXIb479
atmos25_6888.jpg,1HW9L4IhT8adj1gPnXE0lAGUR7f14i8Sb
atmos25_6889.jpg,1Hdgdiau3YNrX3rBl2TA659PdZ5LfY4jj
atmos25_6890.jpg,1HaQKduwkcmgp2KvfUzNbErxu1c3K3_Z0
atmos25_6891.jpg,1HfnoQ9BODxUM3GwpTX7RaUjsEYIjHY6q
atmos25_6892.jpg,1Heu94Xy0H3Xo0fC8NNdCUe2URoImlAIS
atmos25_6893.jpg,1HipbqJ0mDVwwYrywDx6g-StBymZ33w8p
atmos25_6894.jpg,1HhqlFDt0NYJo4Zc7WzhP8mlByKajrXlR
atmos25_6895.jpg,1HmSxYzVy17TRaul0gEQA4S0WlC2_SVGz
atmos25_6896.jpg,1Hk0o-HIY8fpJrdCc0MVZkYpbkQWl3aui
atmos25_6897.jpg,1Hu4JxL8UUZ6Iing11OhSvotXGjPx10v2
atmos25_6898.jpg,1HrRTZ2xrJ2WOOFebdLZOPZ7qWTR95834
atmos25_6899.jpg,1HzdytwbNxs4qTuJC6S66ThAoWNoCN7Ct
atmos25_6900.jpg,1HzQAZ8E7-VtVGpREqXUcnLzxl8dQOmz9
atmos25_6901.jpg,1I6nMkrBOzWMAaXvCo-ifXITKQV0qCGda
atmos25_6902.jpg,1I49tS6Q1tN_4Rffq21oX6JnGWqBR5Rtk
atmos25_6903.jpg,1I8XJ6lkC3w8G8dkVxcbXbws2JxQRCOao
atmos25_6904.jpg,1I7eZYVDd3b8SsYOjhWqskM-OkkvlUiCi
atmos25_6905.jpg,1IEXCIkJHckI50y-76a9EITkko0t30RUr
atmos25_6906.jpg,1IDtGRm0iB7xGm4U5cG--G1LLNmv-HQks
atmos25_6907.jpg,1IItSwdrNUgOV5gKjaJAiX1Oewmh-fzCh
atmos25_6908.jpg,1IEdooa0j-2tqc6yP5mozZt5vvuMfGRTO
atmos25_6909.jpg,1ILQ6c_xUPDo30pjPn0qmhC_a2lwsojki
atmos25_6910.jpg,1GYGcbtkkoSVY-waQgt1qZ7LUosIjPhMJ
atmos25_6911.jpg,1H0GjkoOVBLEtZELLYzo_lR4CLmymK95I
atmos25_6912.jpg,1GysPm4qGxUvF5dx5OFqDzfcaHZ9fnENo
atmos25_6913.jpg,1HNm8ji5XZ-VmH-9a-3BGKxkSGpCHyUDf
atmos25_6914.jpg,1HDVOSebxDal5KHL2LCSb-6BCqITIDYk-
atmos25_6915.jpg,1HDPB6wugyrZW--H3VuHjIXqFWqedQvHX
atmos25_6916.jpg,1HGp7L3H4e4XLZhvEZsgdCHNAZWep5LyJ
atmos25_6917.jpg,1sA0S98xgb-gm9o1kCcWQoKJnYEdhasOL
atmos25_6918.jpg,1TB8RXRwBCBDLC8w-NeK_QNJt_Lsg9Qp_
atmos25_6919.jpg,1TPI6Xy_OA0NULlVc8dif_SIcRqMU6iKc
atmos25_6920.jpg,1qxHwHRNaCBlsxyah_Sh0w7AzS3on5Nhe
atmos25_6921.jpg,10K9gzzK7ti3xT62Bu0NxEH82xdeLeNUH
atmos25_6922.jpg,1BMDC6oWrRKxWZk8Y0Gdb0vaxU4r7rEMs
atmos25_6923.jpg,1wCvBSCFOxKlLIeOX1y9q8h1DtQZFdqbF
atmos25_6924.jpg,1I9xcP7SO7sY84QX9qFGxU9jvun1F5o0R
atmos25_6925.jpg,1pZp9C4UY9sXaHv-maPzQPtQdHuk7aYCE
atmos25_6926.jpg,1uIQCdNJoxb3P0Grspz1w_dis7VhWkZJI
atmos25_6927.jpg,1TzE-nFUDinClslyOabB2MiMJ0rdcczsd
atmos25_6928.jpg,1U08qQr55I_J9XOBsaV3fUU3lghSRo-v0
atmos25_6929.jpg,1U-j7Nbrw-h3uhaUbvEOucM6wY7qW9GNU
atmos25_6930.jpg,1U0rd3hWTzVs-f9GlxC8xcD683XdpRjpm
atmos25_6931.jpg,1U0ELrqO_hYGEnvmSjrk5ZY0_KQFz4SfX
atmos25_6932.jpg,1U2UTGkjOx-7RXbEpHht9hP03g_7ezpqv
atmos25_6933.jpg,1U1iC7WOsjmN92YrzCoDe5T5EtYJzQOX7
atmos25_6934.jpg,1U41OKUjvZ4xjQfy5G31tzl8SwNGyNeQd
atmos25_6935.jpg,1U2kzJHTu1J3wgCd-XtsHBGR-8AoRpNCD
atmos25_6936.jpg,1U6V1dpqTD-rZwMpXXMuSNUh4OffSZVD9
atmos25_6937.jpg,1U4PY4O5hl6Jmmtl_4n41CtRaEwYg1ZpL
atmos25_6938.jpg,1U7IkP55KWzC3Cdu0wYDT9WBGFeNxrSer
atmos25_6939.jpg,1U7HofvPmxLqGh16UtivKjXA76_ntKhW_
atmos25_6940.jpg,1UA0AXIBCUd-JKzT_9XQWVN9jNgDgWsjS
atmos25_6941.jpg,1U8CpYXu1d_b-fc0miFbXpsfytXPXP1J8
atmos25_6942.jpg,1UAYkT3Qa4f1TOfXf70Dpk-ASyNz8ibiB
atmos25_6943.jpg,1UA45DU-I4JUStmObaxFVTBPCdrD5HdmB
atmos25_6944.jpg,1UDVZSOr8dfOEomXgCoMDevVI_k408-P8
atmos25_6945.jpg,1UBN970BgfpGRy656mEcPdHIisuiOy-cp
atmos25_6946.jpg,1UFo4bV_Zr_W-bTtMSpRb7emQJPl2QcMQ
atmos25_6947.jpg,1UENkbDV4WXWwqJCToeO1NFt6iDvNN8_d
atmos25_6948.jpg,1UH0B8BBYRxub6JbWL9J1wlk6EldXKgMy
atmos25_6949.jpg,1UFtzSM5vfVcYUo9ajmXRkh_ugqqD5D6q
atmos25_6950.jpg,1UIbNNUgHP9luRWKzz7DkE3-Xv1pn0Q0t
atmos25_6951.jpg,1UHnAIytrenBtqKud0bM-bPmdi-6o2K7v
atmos25_6952.jpg,1UNWcxsNZt7mf4RGcTEs0qJXTB8x5GgmR
atmos25_6953.jpg,1UNGY6Fu6FP1IWSIqi6sYujO5Q0-thPQc
atmos25_6954.jpg,1UQDZrxq-5dx63CtoFHSWomrxxKYNaHu4
atmos25_6955.jpg,1UOTKixTx_EMGcu9loSAG4uYe43_H1UG5
atmos25_6956.jpg,1UTLG7WA2gU2BfzhGMhHMhlUS9LHop7y8
atmos25_6957.jpg,1USBVxZeLoN7UdWK85T40zLc2QHPAvP2l
atmos25_6958.jpg,1UVwr-BW1uigetbFKsjTHti_tFo-yBIXE
atmos25_6960.jpg,1UYLF8GftWsPHFtf5TPrWkZqKJJu1cNKm
atmos25_6961.jpg,1UWQIDI8DMOq9qvo2cqDeLtT7XeAP4sHt
atmos25_6962.jpg,1U_HtJZ4Zu04y6V1RNdtYCw8MnG667IRC
atmos25_6963.jpg,1U_E716GTZPHtugYVyC4H65wFjJjvBA2z
atmos25_6964.jpg,1Ua5kyhdStnXo49PqGkgdcgyXYnXOmCEo
atmos25_6967.jpg,1pRmDOr6MzJDd6ynbzpdZtya-0wgBC4A9
atmos25_6969.jpg,1pT2hhQqIocsRL9DEAJlFfZXlCCarkjNy
atmos25_6975.jpg,1pXmEOlEz77_1JhOwd5H9ptAC7uMhVCHW
atmos25_6978.jpg,1pdHuAZikVS3n2U1WIK6IaYIvXUUSt5Hb
atmos25_6985.jpg,1pkTSVjGlcMKiYoB0QwbzkbwCs6KxzST9
atmos25_6992.jpg,1pwF--2OPWEfR5AUs0PKDB0AT4IeNnDla
atmos25_6997.jpg,1q3e0HLjLofyPWCI23mFqrLcXkkLSfRw_
atmos25_6998.jpg,1q3ledZd7q8EBNcjGk3mlncaIfT_gnAri
atmos25_7003.jpg,1qALCxTvhBT9UVS88S9HKSOuHY54e5iTQ
atmos25_7004.jpg,1q9sp4sVygCM8PTFZptwmHoPPqDICcu50
atmos25_7005.jpg,1qAoAnJmi_SmcQFSK9WU7Nnc-pQZ-JAg6
atmos25_7017.jpg,1qYVtSu3xATkjcaoGSB5vOoYuAwkyR7FV
atmos25_7019.jpg,1q_tyZxZ66dr_QDCAkc7d0tJ97pgH9kQk
atmos25_7020.jpg,1qklmCy8rfDiqrhoiTERup0zegbkaWF6B
atmos25_7021.jpg,1qfThQc-UfrhP33DtQtAr318vphhJG8AT
atmos25_7022.jpg,1qcc5zBLNfZQ_5sLv68_z_EJgBlzcQgKc
atmos25_7028.jpg,1qyVUNYh8H6elIpD8ghkZD7Y_f9gHvjZH
atmos25_7029.jpg,1qzhssUVg3eWERLjDkOPBUwNWCM77IsSr
atmos25_7031.jpg,1qx1Gg5H5Ot26CxTdOPHbtDuuhe2RVsRW
atmos25_7035.jpg,1r6ucGvnecGISb-yusT-O2m_MhM_AhSAB
atmos25_7043.jpg,13aOoe6jDl0hsVMwtQQlIPZcYXhFgACwz
atmos25_7045.jpg,13bzyxLMllO0gnH8CVfImPiojnUFdH6HF
atmos25_7046.jpg,13bCyfbXwxhihkHT2-3EMukCJUOelZ_vQ
atmos25_7047.jpg,1X0Ruayba6rokQhKwhGCspIwpMAVENmbk
atmos25_7048.jpg,1X-R4UkSaGb5p9bCQngmXgW_2kvHvAt6X
atmos25_7049.jpg,1X3ahhW8obiwZl4J-wpAf7EvW3u_pq3H6
atmos25_7050.jpg,1X0qhN4rBbQPubn8FpHjm8ECNtpfGK7Xy
atmos25_7051.jpg,1X6iyws0BgyHB8-uHj31Z1cHBelZcmHXO
atmos25_7052.jpg,1X437DyDl5oCDJhg0dCazUqw_4Nn0K97j
atmos25_7053.jpg,1XCpJ3idRadhhDTrd1DUvJ7JqXGsDVtZ-
atmos25_7054.jpg,1X9XY_3ES1zRh-M7gFBethNNiKWhK9G19
atmos25_7055.jpg,1XHOlw1pCdtpB8bQUGzcKwy3qE_03MPnU
atmos25_7056.jpg,1XFOYxANZmGsNM8vZ2CXNpSgFUKSro3x-
atmos25_7057.jpg,1XKAOS_-bDEqUAa_A8dVF9FobCIqVVB6-
atmos25_7058.jpg,1XLO7nTZZgHUkZjblFgQyMZ4S77BVuWPA
atmos25_7059.jpg,1XKqupiPvaOKKz1wPXPiYPt8Pcuu0keng
atmos25_7060.jpg,1XOmL8F3NGvd7t1B2DYgkGBxSte1Go54M
atmos25_7061.jpg,1XOv2AXpqZ74QvYQRcrqUTuHUzz21qm3f
atmos25_7062.jpg,1XTk_ncCac9PuQHPjfaksyZ20e7ln4MU2
atmos25_7063.jpg,1XVB9NShDseXAUYpvupuJKoQcTq4oV8tW
atmos25_7064.jpg,1XUYo7f8KpDgrTK2AyooKzrCJR-op5O7r
atmos25_7065.jpg,1XY8U4ChQCSGCGB4_OxD5-4K1p-b8srDW
atmos25_7066.jpg,1XVOXYr-UhfPDkq188m46xFNfCrqidcsj
atmos25_7067.jpg,1XaYxwZCNnIwCOffjyGjAsiUnLfr35WjO
atmos25_7068.jpg,1XawfysAOApWlAm8Dx3PBwBZqaFJEPmOU
atmos25_7069.jpg,1XaOwXIEDXxOgdYGaV_-eLz3PQHOdQLBd
atmos25_7070.jpg,1XfG_RkBHRBxeDDCgseSJRmb7DtbxLx2P
atmos25_7071.jpg,1XdM8QmdAQXVioeYQXV0RGK9zjlWBJUBt
atmos25_7072.jpg,1XlK5ufJq4UaNKmPaCs-k8F85Iav-HzlO
atmos25_7073.jpg,1XhoycCt9YVu3Q_hXm44aSI_nMLq7QYFA
atmos25_7074.jpg,1Xp_jLtRjfAo21fXfLViuL7TbCbkvG57j
atmos25_7075.jpg,1XlghjrP7ZumtonlVJqPVk9SpWYOMa1Hb
atmos25_7076.jpg,1XrpB6fXQdmn7WVNYguxoJ8b6nr0WKwA3
atmos25_7077.jpg,1Xr0DQi_r2G7TUdSQlIBEnB3MCG9JgaDy
atmos25_7078.jpg,1XrrKoHqUOYUaFgm0NP8-j4JKgrPEj4DF
atmos25_7079.jpg,1XruuoatrR-2Ub5fyPxhYzD3l6HGPaP0c
atmos25_7080.jpg,1XtTdtgJ0rzpVrpGlL-9rbIOtrpBeUJu8
atmos25_7081.jpg,1Xv2LvaC9Lf6dSNbqvhZRXAWsL3_MbeWG
atmos25_7082.jpg,1Xtgjn6cJuT8zA9KEZyM3uOe-Wp6tLwoq
atmos25_7083.jpg,1Y-PfDaSg2udWWRGRJROaedpUduQENOfg
atmos25_7084.jpg,1XvckLeMaGfa9BgpT-g2OYPfz6LXrJ8lb
atmos25_7085.jpg,1Y3Qx1r-eGw7zVEpcFBxWqo3-oYry1r2t
atmos25_7086.jpg,1Y1f8ytxm_ruvt9vLhUfGHMUSrpKgAIRx
atmos25_7087.jpg,1Y4cvVjQc8A11xJHzDqNWGPcvLETeY6vN
atmos25_7088.jpg,1Y43H03jWtDcaBGMdyrFV1xgVXuWU3qB4
atmos25_7089.jpg,1Y629fx_7NKlyesywxbDSbxVha9miTo--
atmos25_7090.jpg,1Y5gl4KWU2iDZIey68w_sL4VYNKzG6NGt
atmos25_7091.jpg,1YA62JRh8JrSDDvxBvqvEW1smz4pRID2j
atmos25_7092.jpg,1Y8gXtEltZTJOyZzOlApNjw3dOcEDUs-b
atmos25_7093.jpg,1YBkarcuo5rNXbPei_JOXGxZTeDKpSGVB
atmos25_7094.jpg,1YALfKdxAb0KeRuFEukuuHyL9pXQ0vPwP
atmos25_7095.jpg,1YDPCmVpbw2rEq1kUibX3nIGn0bVatiN8
atmos25_7096.jpg,1YCs0gRsGsXWnE1bWlZxZgMs8IpcengOp
atmos25_7097.jpg,1YH7GZm44zNQCmb9_hMFyfD2-w1DBxKJN
atmos25_7098.jpg,1YJzUayv-b6WAmGi5K3XUHeS2P--dp7_j
atmos25_7099.jpg,1YGDdefMNcmZM583TPTJTqK00zTnKl3dy
atmos25_7100.jpg,1YJEIy1MaXVJATsc6jfpeStPmG8YTQBKs
atmos25_7101.jpg,1YMpEj3gcfvrqoqurJdxu4_b8RYtu1Vdg
atmos25_7102.jpg,1YKp-iRmGrRqWGKZ6kDega_bhFh73u8iE
atmos25_7103.jpg,1YNkrFYAHjzrWpplo9g4vxayrtGeM83Qc
atmos25_7104.jpg,1YQemGbH7dPzY7lc5A95KwKrLFI3bGIt8
atmos25_7105.jpg,1YUq7fzu8GtrbfQZ3mY5j_ZT021irk65m
atmos25_7106.jpg,1YVxtzftMCzUojk9mt2WWmM6teR3DoEl3
atmos25_7107.jpg,1YSpiHahUIid0LB_jD7UnN3lgiwxaYe8c
atmos25_7108.jpg,1YVPBxj6fp55esiLM9domq82Ef3Gym3-k
atmos25_7109.jpg,1YX8UB_9fKw89Z_797FfNYy1BAh2peHCd
atmos25_7110.jpg,1YWDAxeDuy8zTdX-OXSS7jblHhQFJ8M5M
atmos25_7111.jpg,1YXNjfi04fbZqGzyYqfTcFFeWW6c3Bb0d
atmos25_7112.jpg,1YXanQgLRuU3KWFvYxn4PoariHKR_Yclq
atmos25_7113.jpg,1YZXXY1Ojc7I48jnryu-vFmoMJ4NM9y1g
atmos25_7114.jpg,1YbJton0JiIGDeu_U5B8UtWXNrU6d52_j
atmos25_7115.jpg,1Y_GlAQnJ4wY7xlFLqMUidtvLJ5rbFrlc
atmos25_7116.jpg,1Yd0YSBOvIerbXmZm5zWA9TOnnGfn4HyF
atmos25_7117.jpg,1YdDVBLQrKrJxDV0pniA4UsMYl2h4thsg
atmos25_7118.jpg,1Ydch-h1GVETNo6VM3y4iQMR8cINZQxOd
atmos25_7119.jpg,1Ydl9F8C76KYiwc87pKyCvkkkcg-ldkhz
atmos25_7120.jpg,1WzmrxdGH_oH6z_9hrm8D6_W53-1QC4M3
atmos25_7121.jpg,1XMe6Y5YXnNmJFyF8frWKKpTJL2Csehh4
atmos25_7122.jpg,1XLsa-3t3Tu0D7VyzTZfwyAZwTS1JGe2B
atmos25_7123.jpg,1XN4UpOmqwByUBS93UhYMnqcjNZ3oclDL
atmos25_7124.jpg,1XPLLJ8rD4iVkIGfN7zOFxvGs0ZL8YqZC
atmos25_7125.jpg,1Xh0DWZVMUrBQ_pegNSksLsM4-YzT42Wj
atmos25_7126.jpg,1XfgYLfqYAvEyJP45wB--F807kULYgHs1
atmos25_7127.jpg,1YE8TOokR8VcRceydCYiI0XeZB5xbgeR4
atmos25_7128.jpg,1YEDvDspkD_ZSnUBtOnrcgCMMrG_gfluU
atmos25_7129.jpg,1KIra8VmiaMYCsEy8H_wV6ZUFqVbk67bk
atmos25_7130.jpg,1X1t923OCenrHPYWcZriAFQyoDWrIQpQw
atmos25_7131.jpg,1ywtyb59bqecn_vwdUEA6lxGelw5nsDwD
atmos25_7132.jpg,19EWwCqzDcXfIKOXyRSJeImfV9fNNXMsb
atmos25_7133.jpg,1SqIjr0G4j4Cx1fqiAdGbiaQufR2TMYbQ
atmos25_7134.jpg,1hQzRjaiHJ6oRj6s2HTmCbjuumrDtLlb2
atmos25_7135.jpg,12C6Sm8SQ20mKSwTK3_uHLinqQaYquacf
atmos25_7136.jpg,1Zl7Qq8Lh1oPWqSCs-tYdvwug-pcZhztW
atmos25_7137.jpg,10JSAjNyGdoES_zVquRqbnoRB-akXg_5v
atmos25_7138.jpg,1O7e_roZ1gC5614EODA-GjirgTD9K0TG1
atmos25_7139.jpg,1X1K9i7Vjx4LqWd6WsneWvL1CS6ng304G
atmos25_7140.jpg,11-EX-vdGXjbEuB7jryJZ9srPr0OaQ4-r
atmos25_7141.jpg,18KqokfXq5MbAopnypKA9UNag19GXX5MR
atmos25_7142.jpg,1qAMZbgj4ZXBgzLmb1msKbt02NOnEtdpt
atmos25_7143.jpg,1Fy-wc1IuZgnMgTImhnhsaYvIBdziIhDa
atmos25_7144.jpg,1Zig3GUM_6YAAnNSU1ouP6alHw_fhwH6g
atmos25_7145.jpg,1304HJkvwH11da0iT7sxbpJtCcTD4iAh1
atmos25_7146.jpg,16eHQ_SiyXmRkCW0y6_XrvDTQF8VlX-aJ
atmos25_7147.jpg,1r-oyxpE1_Gj-AP51usaG-SWwXmlId00O
atmos25_7148.jpg,1VYGssJUT7iKZrTLlo6UIbz-Yp08U6-ul
atmos25_7149.jpg,1F7Kiue2qXBJ8offxTBsZW9Ois378lwef
atmos25_7150.jpg,17YDPm4C3NSiVLDDvKZRkV6CqY_ZYr03K
atmos25_7151.jpg,1u0VBKgkIyRtFPuWgSRkm0TsyOnccu6rH
atmos25_7152.jpg,12EczDXPhZqDJLWW-kh5e9Y38dadYiTY1
atmos25_7153.jpg,1-bsZMx9ALyPW7ndvHz4e3qgvrCcnHikv
atmos25_7154.jpg,1e7c01LU4zv0jHYA1eUvGPlmlDEtF0h_D
atmos25_7155.jpg,1BnADgm0__hLR0BNvxqisNSCvQFXWoZeV
atmos25_7156.jpg,1ztroFmq5gFo6TdXkwsQAQY1vRQ0st49K
atmos25_7157.jpg,1O4xn0qZ7avBx-T7u_skfuB0GFdqI8p4F
atmos25_7158.jpg,1hj5ILhqX_AuqFRn07Mr63wFEg6J30E9D
atmos25_7159.jpg,18A3JHTHWDrCm8saVRcmsZ6wEpCRIP3sO
atmos25_7160.jpg,18DOrQaLY4ac60nrG0iI_WCK8R-LZo-fq
atmos25_7161.jpg,18AJJ8WLvepH0Tk1bpi3YqObE_mEkwl2l
atmos25_7162.jpg,1oHbGcs0Zy5VbTnOOaNk2NQAewSZMVH8k
atmos25_7163.jpg,1oKQjJZCKx_gWybQUOFfUAEZlkhnDVuL3
atmos25_7164.jpg,1oMBaxWFKP7maKF00ZXs2aQZZ32qf0bnc
atmos25_7165.jpg,1oSOAC324RoqXIyujfATxk9O2CBmA2BEy
atmos25_7166.jpg,1o_803vNeiWk-yEJoqHOcafip_4bfhO1q
atmos25_7167.jpg,1ocQ7mS8_6UJAGRdFmhuiHqWPVrZwsRnI
atmos25_7168.jpg,1ofJ8l_U3OKFz0qIaDqMd15uM7RaIgWdY
atmos25_7169.jpg,1ogrKCJSX3UU1mKRC47Yt2cjpHCwTjm0g
atmos25_7170.jpg,1oj-2tRsTXujIybj_p_Jm85iKyNj9IIbi
atmos25_7171.jpg,1omCZKKN0hE6IUVNh8q2jSCq86y0SVT1Z
atmos25_7172.jpg,1oqEmtz86kJjCojoM4UBWf9dEFS1Cm6-2
atmos25_7173.jpg,1otCCu4blBZIpY9Nnm3DQmtYb7-NR8ISX
atmos25_7174.jpg,1osf9KbAOCuI99-Fgeq3qgsKrdDMc-oG7
atmos25_7175.jpg,1oxxQc2mUQ5RuDaNS6hzeEFqietllOckR
atmos25_7176.jpg,1p6pcCrb44iLOOOiM0aVmYiLvBk4B8xUM
atmos25_7177.jpg,1p4-L819ureugw2gt_52kYzRj3xjvhhA5
atmos25_7178.jpg,1p72Xw3yx8qWUujrkgMf7DuhJv3hv3Kpq
atmos25_7179.jpg,1pHknbVCbybKF6RENDKwR1TbkvNBUo09v
atmos25_7180.jpg,1pGiiYMV8KX87sfop2qkkhqSfm5QPe1-X
atmos25_7181.jpg,1pM-VlJyuK7RGDEf2iLLGwp4QH6k9bxVS
atmos25_7182.jpg,1pOtfu4NAStK-WNaxz-OJsOsx12YZtr9f
atmos25_7183.jpg,1pVrpPN4oYcmL8obLcmfzWwoirhpEhW2p
atmos25_7184.jpg,1pX70Tfbi2HBJWTanZVPUPsQ2JIpWNYlH
atmos25_7185.jpg,1pWS1RGLEQx2ltTGfkPjpZn50a-J7ZfwG
atmos25_7186.jpg,1pYSA4rxMwkcTBCCk4kDEqS0xVhLosV_n
atmos25_7187.jpg,1pZU2_ZHzgekIaM1rQY8jOSM672u8FeJA
atmos25_7188.jpg,1pbOfZZP7-vuIqcY7CRvp0Q7y52E6-nzy
atmos25_7189.jpg,1pdEXWb6z2PK0WLjb47B-ROgVQuUllRxf
atmos25_7190.jpg,1peQcolQbq4lJpsDyD9dk_7FOrT7Hm-RV
atmos25_7191.jpg,1phVBSL_7fk0e9P4UZzMCNoIZ2h4rCL5U
atmos25_7192.jpg,1pgtNzrN_sOYrulogFUdvzqPGrvxBYinH
atmos25_7193.jpg,1pkXFMHOitUIwQbLbXK-ZjvzpCwrWW56F
atmos25_7194.jpg,1pkCef40ZvQW5D1hMKRNVVvXfBvlAhohd
atmos25_7195.jpg,1pn86Hd2B-6ayKkdVw37IaI-YB_ghufpK
atmos25_7196.jpg,1pmgc33eiKbDoxwu_OvnUxTZMAm3GDDra
atmos25_7197.jpg,1pnKozbDEUnyqXRkX7yMJ5S49PezpMwun
atmos25_7198.jpg,1pqOMFfGFWWxVreZ1iyma8cxV4JS9xaLL
atmos25_7199.jpg,1pt9CenBY0koVV7wO_bcmfHj4arSGzGOQ
atmos25_7200.jpg,1pv3jSQ9KFsxzNyOJ2sq6j4k0BUCgNWHO
atmos25_7201.jpg,1puMIgoPpD7-x9h7zki0gfoXW6uoKpB-_
atmos25_7202.jpg,1pybgjfb31e62Up8twuzu2HdWFyo9hTkQ
atmos25_7203.jpg,1pvSvqV9RAvHsKCCDdtQijs6KCV2__m5W
atmos25_7204.jpg,1pzyUDIHplrgVx-44Y0kcyKsaZqJqUBU1
atmos25_7205.jpg,1pzTaDPqOMIV18XaDcKaEdsYMITKBzPlk
atmos25_7206.jpg,1q6KflF21YIfhu_oehvSls3VFhlfRv-hp
atmos25_7207.jpg,1q3bDYMMM5hXLpLMajtKLGIx3kctIxe8P
atmos25_7208.jpg,1qFtk5sHZQN8lon1dhg7lHorGtyXwgOLS
atmos25_7209.jpg,1qETUgXi4eS2WTOFG6fsqug8XjA9YXYGe
atmos25_7210.jpg,1qHOzOXQhX9oxsUu9qhi3xo0KIXI77lMV
atmos25_7211.jpg,1qHsloJ2tOgQEzbGcDxjyg_99JA6C7WgM
atmos25_7212.jpg,1qOMvu8Vpibg33CfsUR-EBPxOPHPJvB64
atmos25_7213.jpg,1qMYiRNn9HUooLmiqcvaRQGsrHyTV6nV9
atmos25_7214.jpg,1qSmhhPxGm1V1bFhngRU8_i9MwRchnt3j
atmos25_7215.jpg,1qQz06Ay94tXPPEPCH-HdS501bWwnCtkK
atmos25_7216.jpg,1qT4AOzTXBCJ-NGwNG1iqDB4dYpvVA5r-
atmos25_7217.jpg,1qSuGveXC-B_0Fm-lSVXVxKmzGyOHYYzl
atmos25_7218.jpg,1qTV2gSNPdaMkElaoSNrVIL9_EHGpY7Qw
atmos25_7219.jpg,1qTCZngRb8JjL5UgthVaIozVx1YWk_AzU
atmos25_7220.jpg,1qYOE8-88yHZUpWj636nPJ9PK1nTiResY
atmos25_7221.jpg,1qXcqdqpaLsKaXH-ap0ORH-H3x3FMMm_z
atmos25_7222.jpg,1q_YmyEfBH0pBfUl_yK0q9XC03GCG7ydt
atmos25_7223.jpg,1qdVIcICPeIqbetZgP7wd9ff-fPYgdrch
atmos25_7224.jpg,1qYs3B6Foh4Q9tJi9gvOVNXng6HTRC9ex
atmos25_7225.jpg,1qdJ_6nNn85J3rzcyhhtup8RJZfXjIt3T
atmos25_7226.jpg,1qddFT62AZZ0oEo2gvHtqMkWgUGTsc5Wu
atmos25_7227.jpg,17mWqhQU6ENo1wJrJJxHlTbv2Awzz4bDI
atmos25_7228.jpg,1qpOTfE65SjpvjODtEnLOStLRLt2Ley8_
atmos25_7229.jpg,1qq7ZFEf1ectmYQcBqI_2GP2co1rIenhh
atmos25_7230.jpg,1qq2nTvIc4DefiYYljFDhtW3GvXzfmVd-
atmos25_7231.jpg,1qsLdDItklw458h_HLMaLwbDq4DmQmsXK
atmos25_7232.jpg,1qrOQN7YA6Of33kWs4Tx_DlvX8rrf2Yuw
atmos25_7233.jpg,1qve8X7VQIJ-rGpPiKCGR8TO4Jt_FoDKA
atmos25_7234.jpg,1qtHioFHyiE-znCB0VYWeHwiV3Wivp9H2
atmos25_7235.jpg,1qwy7J0l68Gsdsa0hUp4MF45z6P7k97gF
atmos25_7236.jpg,1qwtCjtcHK_oFHAeFFw6dg_LP1qg3GDOd
atmos25_7237.jpg,1qxcvp5p4pVvAtJSUilPmlm6r0AW2shqW
atmos25_7238.jpg,1qzH51ayaz-krogR7WPYwxetXnnfLug0P
atmos25_7239.jpg,1r3wightz0rjB0Jm84sYk880Lhrjb0qPt
atmos25_7240.jpg,1r7aj5gErhb5SidVXOzZO2jx1bAr05gY5
atmos25_7241.jpg,1r0enC4KtA6wFTeMOT5hfcFr18xus0ote
atmos25_7242.jpg,1r48XTi_60kI24Wz1Ott-UuFr6bOJmQrO
atmos25_7243.jpg,1r9KI3MbqWoD7qTCUg0fys7EDuWWLRb7B
atmos25_7244.jpg,1r85eJYD-TxaDAMXU4ssxpApqO6r3J6jQ
atmos25_7245.jpg,1rAaKthRsMIJxu-_6tgc9yc1v11SFyKBg
atmos25_7246.jpg,1rAKBoAd2gy3OW4B6l8dd-z5h62JUYMcW
atmos25_7247.jpg,1rLEZ1w4vdtfNRoLM_bPVV1Y1hYM0AUOL
atmos25_7248.jpg,1rKjsErVektuJZsNzSJNWhIxqSQB7AdFw
atmos25_7249.jpg,1rX09rkrIY5g3XPPU8DLF5nNcbZBVoGeH
atmos25_7250.jpg,1rYYLqXxhH62lYpPESDN3DyTaUKvdZ9r_
atmos25_7251.jpg,1rZ9PmJ0fRqYQlju7OVyZ6ngKMwTfmcpd
atmos25_7252.jpg,1rZqfh8PACIER8KvNKDzWG97FdxRgdKLs
atmos25_7253.jpg,1rZKKLbHjY_kbopk756I2rYxyjj8f9U7Z
atmos25_7254.jpg,1rcEaetvFrcimDhIpS1wVVOFOWb9zki2D
atmos25_7255.jpg,1rZzIt_znTaJsJj-dl1mzXtudN31UtOcq
atmos25_7256.jpg,1refqqE51H2cctyDDWAt3_WDKLjfbGcXl
atmos25_7257.jpg,1rdSmDqPpRH1jFsPpFo5l_pE8b_iC7o5f
atmos25_7258.jpg,1rg9npJY05zBXSTja914LhFeDA2k-b9Cw
atmos25_7259.jpg,1rfgqLBZ6HmcYjaq9WO0hDavYL-e0NwzK
atmos25_7260.jpg,1rh2_Cb5R_eAy1SDia8ofOqfipKWibntF
atmos25_7261.jpg,1rieEBEhEIFl_tnC4B3xn3Xjs932WszWE
atmos25_7262.jpg,1rkr0J5u8ZSbzjqvtc1DG47RvM_qPmfUI
atmos25_7263.jpg,1rk8OxA1d1tT-r1iedxl8SSFKu4hMIFMY
atmos25_7264.jpg,1rp1UKCIU-N41-KIw3SpcPABM15cQUP00
atmos25_7265.jpg,1rr3laGZaU90gjMvgx-HCj4VidHwRTp9Q
atmos25_7266.jpg,1rrrlT3_ZzYPcy1NRSlNYzScYOv5NJXxb
atmos25_7267.jpg,1rsumBf0zslITNep9wU-OiaTaRpVvec3S
atmos25_7268.jpg,1rs2MNTIpnOLKOzPwEF-BHSJ4T5tb_uL1
atmos25_7269.jpg,1rtAGoDTgnqD-Jv0b1ovJRu7v8YDTy_b4
atmos25_7270.jpg,1rtD52FkUKhSHIPiYIAIQzPNML_pB8BFS
atmos25_7271.jpg,1ruh2K4xMYJgKV2q5eDctxqmzSt9BxX3x
atmos25_7272.jpg,1rxDlI55Kv0giVDs_ZZha0VtBoT6suMKz
atmos25_7273.jpg,1ryC7zKUqSIOHMJKH-Io8KgbxIeaX-nsb
atmos25_7274.jpg,1s73FwsrLoqeqKLmRROV-8ykrz9s-_OAE
atmos25_7275.jpg,1s6BRxfKsqusSzhWl5Gz9gwLr1K7fkPL8
atmos25_7276.jpg,1sRkujheuiGcjkkOrxEmfrzqKfw_imYlu
atmos25_7277.jpg,1sRPq4RHgvTO4r8N6R854I2BceO_HeoLD
atmos25_7278.jpg,1sVTQupXHM_4eEzSmoBzu1TaeCg0utMn8
atmos25_7279.jpg,1s8qY6RP54w-YjHBIgZyrg7KfUJUaaoV4
atmos25_7280.jpg,1s9pnnr6w3R9RPhyUc-V-FWXWZD-kIlWr
atmos25_7281.jpg,1s9FUzqczN8JtXHk_v1X9STkOn1XeNHx0
atmos25_7282.jpg,1s9N6dMPtiuTwTdt3VffbM-fbVoP3247s
atmos25_7283.jpg,1sAE8YVz5CK88qHkbjTUTz2xx9a89dVnx
atmos25_7284.jpg,1sTQHFe-CylMmsp8S5J0krSIQiod0dd4d
atmos25_7285.jpg,1sHTBuMf5d-aM5VQy66eqSevHUIPkYkWU
atmos25_7286.jpg,1sG8Uyby3YONRdQFQZjeJZCJXaLfvdAjW
atmos25_7287.jpg,1sKtbpZ3b4LAiLEbtoYy0GFtA89hrR3-E
atmos25_7288.jpg,1sNlZNzajgmFjSfcMJzttxgxYggbECLpx
atmos25_7289.jpg,1sQ9cW55S3QrH3An8CLpyWDpWX8H-c11i
atmos25_7290.jpg,1sX3bpmg0WnGqkSYPPj3-pcklXaNcudyr
atmos25_7291.jpg,1s_FJsE-7xkn9bxQHSpyCuLhXQKLdFaUl
atmos25_7292.jpg,1sZQ1_G8GVhf_D0i_uwuxFKNzJftaE0wG
atmos25_7293.jpg,1sbai3E312-rTNLbcM3Xh6qLovreKK4p3
atmos25_7294.jpg,1s_P5n4G_iLGT8TFjx8P8MTIMH8wjFSaM
atmos25_7295.jpg,1se3JwJlNT24NV0DHbFjMXP8UsUVE2HSq
atmos25_7296.jpg,1sfcFXtXm0GuQt5h5eQ8l6QU1VtLkV5eu
atmos25_7297.jpg,1skDnt2Pc9ueIsisUDY7YLWgPilS0i4hs
atmos25_7298.jpg,1snKEo_P1IA3_Amu7N0KmYyA_PP1WRTRc
atmos25_7299.jpg,1sp1pAJEUpJOsFyT9EhhNdXF-IJUwu_5h
atmos25_7300.jpg,1snKWuUss1pn7BUG49cAQk8puK8vxDmHa
atmos25_7301.jpg,1su8hRHBtgkbwk_dzbxSPs2zNR9kcxCL6
atmos25_7302.jpg,1sr3oQq6u77D1x1KUpuK41RyIAqrDxtUV
atmos25_7303.jpg,1svZX6IL_oKa9Erh2mvlKyg_Qhrq80sZw
atmos25_7304.jpg,1svgyNMKKNPU0vLARuByANeZuCcwgUosh
atmos25_7305.jpg,1t09mZoQHd8WP5l0dlFCMRMmS_IXS2bx8
atmos25_7306.jpg,1t2wSiLk7H6Rtspdhm5gnbLNRSRO1HZzX
atmos25_7307.jpg,1t6mNGO3HK1jUdzyaES57PHxP6r3c2yGZ
atmos25_7308.jpg,1t8Hw_26fEqEp5olh82o-ITfyQTr81kOf
atmos25_7309.jpg,1qeCGZcsoqMpE2VwJ73nogPjurNsxuCaI
atmos25_7310.jpg,1oYzE8f03aFBFlkvOxx2UceiLzloFxOnZ
atmos25_7311.jpg,1oOGt9jQFB1KiTcU68asrjz0XGVD68eQn
atmos25_7312.jpg,1oQYWXHxaAKjwGXG5qe1RYGfoLAT5Ukok
atmos25_7313.jpg,1oXjJooUeGFZ_AZSO-NhcE31xp2RaNJQ7
atmos25_7314.jpg,1oztFF8IfgHa3lmB3gXjWHBY8YgC948_-
atmos25_7315.jpg,1pL3D3sjJ9H9vAv73qMRInjSAtp9bL3Tz
atmos25_7316.jpg,1pLr1UN_-rrLR_-oweCEiSp7rze9nAfiQ
atmos25_7317.jpg,1pGbm1_eZRYwfyR_iKGXWj7H5mn2_HLIr
atmos25_7318.jpg,1pA0XDT2BgFE68sCwGbRE9v1jLTaEoy1c
atmos25_7319.jpg,1oYS6JMjjjN1M4jlAP4KNPl_4YvYBMoIc
atmos25_7320.jpg,1pDcyt2kawboRANXdoR0Z7Cq1WMR0SDoz
atmos25_7321.jpg,1oTSEacez8znC40P0IX50vMaWnitRmN0u
atmos25_7322.jpg,1pgmpNoCbg1DLx7ST62659IUmU_FDU0J_
atmos25_7323.jpg,1qAHuG-2iIAF_g6x6S20JN-SRHHPXBqMA
atmos25_7324.jpg,1oy-61A9qwBJAlQQRNyvd3J5t6I7FyF9_
atmos25_7325.jpg,1oz1_4nRP7zhi6LNTeei0mxKXK43qUrtT
atmos25_7326.jpg,1qKdi4zPdTBvVQXvW42fzQokmxO7Lg_hV
atmos25_7327.jpg,1oy4XRsDDJEd4_KbFXORl1DjKikXXHMI7
atmos25_7328.jpg,1qDifgr8mOMq3ZtXd8bxlm8xoisvTUkeg
atmos25_7329.jpg,1pdhYwuEkokgatmcYgddtmHCrQgy1I5Xt
atmos25_7330.jpg,1qDVhRf9cVu9v5u9zKhdaegTKmmxq4Z8D
atmos25_7331.jpg,1q8axT54h-Jt6w0L1A10hxpzR_RpC8GoT
atmos25_7332.jpg,1qh9LNTB3mRjRZx8Skp2H5tEemq2pBG1W
atmos25_7333.jpg,1papaoPsIa2QY2iyVvAAfVJSOkexWqdIB
atmos25_7334.jpg,1qoEqopYTtc9_MHbkziAIRqBVOXv9CqAO
atmos25_7335.jpg,1pSzji2NBC9K2iXp2IZg5zfO3SKM3GhoM
atmos25_7336.jpg,1rB9V_epIZPjDW54SmwulBVnwmzrzOj73
atmos25_7337.jpg,1rWq9-APapNGDagvpqKdbyQH9FYCfNJ8L
atmos25_7338.jpg,1rY4QPM76kLTl9u8ftVj8v-bn0XD4YAx6
atmos25_7339.jpg,1rW9BiBoazyu9vlnsJi85y9cH9f1y40X1
atmos25_7340.jpg,1rTQJSJB92E42DqXYW23RAvAQvljt_q7s
atmos25_7341.jpg,1qUAG7ZdVqtsWDIgrnhUapG10eXG9JPdj
atmos25_7342.jpg,1qE-IfGee0jlrdeDBxokWtWzfbVx-Nrl_
atmos25_7343.jpg,1qVEP0A2yfxNb9T_RR47SPmzrC11rWokE
atmos25_7344.jpg,1rlMq2Qz1mGBYp4x1lFQaOC-Y8oCfwzPS
atmos25_7345.jpg,1qBe8AOTbq7xDDoBpsZ8RdW_Tz0PjETbx
atmos25_7346.jpg,1rGmDjErby10WWL0EPwQP69RJb8OO_FQI
atmos25_7347.jpg,1r-tDnlcPDTbxjDxJ-jIqMkNB01FkPm81
atmos25_7348.jpg,1rt-dafvMgO6hTXMFTlrBXAy9O0aM3cLJ
atmos25_7349.jpg,1rzXHCI-9kvd7Mfm3XPR9DpER57TtFyxk
atmos25_7350.jpg,1rnGhNWF4PS0OcXYlpoSqtQxqZOGwThU0
atmos25_7351.jpg,1s61G4r0E1Qd_R-9-g_6aPtOieI0N0w8U
atmos25_7352.jpg,1rlezVJ8NwfGarDdUdE_Q_oJOTQv9M1jK
atmos25_7353.jpg,1rvYnql7qA_6n89x32fjPncCwyaxcLN3A
atmos25_7354.jpg,1sNxQ0RscPPHQ7eK6WEkb4-2cgQMzed8t
atmos25_7355.jpg,1rm1-djstdD7afblqii_vb0yoet5dOtqQ
atmos25_7356.jpg,1riioPVuCzxFdfrggA1NIL4WCkosCop6o
atmos25_7357.jpg,1rJ2mGkmxUCGY0Ynj_Y77oLYAeR1Dv-WZ
atmos25_7358.jpg,1rjGh75o3siAh4alwrK3-Qhi6kGW_oYtB
atmos25_7359.jpg,1rjQzr_l9amPA_ldhnw64-5ROfN8bM5OH
atmos25_7360.jpg,1rGTWGOtMeZuKJYp_Darf0zizjZg8tuiO
atmos25_7361.jpg,1rX5DXg95Rt1BHKIO7xHh4LGLP5T0v6sb
atmos25_7362.jpg,1sM_voq53Ibh9GEGM4s5iOECGkUrQK4Xs
atmos25_7363.jpg,1setu_FAYMWSlgnJo6LowqEQfqDu28N3y
atmos25_7364.jpg,1s4wmYLEGPgEcVWXZiHcG0HPx_Qz7boFW
atmos25_7365.jpg,1sfymTW2OBhIVa9uSvYTdS_NIOQ-9K8PT
atmos25_7366.jpg,1rVQ538PmNR-0-OIckldPGJN9ovX3n-8i
atmos25_7367.jpg,1sJvoGzBef_yW3ppOjwMvQse3Yl0OzKqZ
atmos25_7368.jpg,1t2ELxNtAzC260GmoP1p0p4Yr7VCJvRS2
atmos25_7369.jpg,1ryO85jg2lC9oCt4EMMVWF70zML9uv_ln
atmos25_7370.jpg,1sOydF4oFhTLGpD2GQ4XVNhRxnEy7Jy6Z
atmos25_7371.jpg,1sCGjNewJ6q9YVUpJiTuNFLWpKf5gQ8QZ
atmos25_7372.jpg,1sEexC_WzQE3CcP5a2cpaTch4dNJfRp6Q
atmos25_7373.jpg,1svZyiWh61CVk-t99VBzKsp9OvoItjFiM
atmos25_7374.jpg,1t7CEKlKOcsvVZoYcRRKOx1Vw-QTdMima
atmos25_7375.jpg,1sw-Z5Xg4Y0AkAi-hJwuaXHSFVe1oIibq
atmos25_7376.jpg,1szB9DJ278xEgqzPu011j3FJyZGyaU58K
atmos25_7377.jpg,1rhecFg9UTOfoJjFFBkvtmQJnS4i7bwzO
atmos25_7378.jpg,1rWM5QYMtp8AUtAhxXpSUMlYp2KfEbsnj
atmos25_7379.jpg,1sFS91jKRv8Y7UTtflxPOQqb8eHm8ukEN
atmos25_7380.jpg,1scaB7WELRePZL-TEbL7MTX88ge3Z4zol
atmos25_7381.jpg,1skiC5o3i8RSIhmKINBbADxUHA4TlUzrW
atmos25_7382.jpg,1LGxT3G8nlQmSnuch-wYHaYaCU5dFsKiY
atmos25_7383.jpg,1LGI45ZS1PpybATxYslNhQBlrwGDMt2Oo
atmos25_7384.jpg,1LFxClsNFIY8PFFHVSPq5MGIuKuPiCcQk
atmos25_7385.jpg,1LJm632uRQaz8QpJT15fKJb7jM27RJeG1
atmos25_7386.jpg,1LIcRioK0BMDX7XMWdhMYYcEmy3k7UPIn
atmos25_7387.jpg,1LI2_BLpswhkBxlfvdZVnWIdoyzTWy7Wt
atmos25_7388.jpg,1LMyqq-VVoH9yfEWi1ik2Uo6yWd__hkQc
atmos25_7389.jpg,1LLrDREroVoVwD4beQnwOVRnKdO3Zjwye
atmos25_7390.jpg,1LKIv4YYJmS2Vc1D8RS81n75wG2Tgz5iP
atmos25_7391.jpg,1LQbPrkYR1cZmg_bD0f_PkLJ0jOTuKn55
atmos25_7392.jpg,1LOqEwJFdNYGWw5LVNkqJxPnOuuIn8jHu
atmos25_7393.jpg,1LNZ4H7nHrttnh_H6z9li8uL-_XY7E-Mo
atmos25_7394.jpg,1LRfex5KtfX_d2D5EAKFgYUGO0dHXN0o0
atmos25_7395.jpg,1LQj59Hr8kKf0fqbaGsUojMfKdUhtxWBI
atmos25_7396.jpg,1LW8pBuW2tqwRuX3sVhEIvBAiBbo3zTdY
atmos25_7397.jpg,1LVBnQXQTdvzX59XwDLHfcAfdJznCFnn2
atmos25_7398.jpg,1LSQ5VcmeVODU18mMi80QH13x-qWXpvS1
atmos25_7399.jpg,1LWKix4TXXMSOBnBn-hCg5VQT2CjZvxds
atmos25_7400.jpg,1LXW9zy6_FM1hd-7Aghdh_jxzcGz4wQbp
atmos25_7401.jpg,1L_3ZGIHBUxyKXUL2cV46EYP0QeP8sQz6
atmos25_7402.jpg,1Lb2uwUg2kwJWTZ-8vryNYcmAmKr3mUBp
atmos25_7403.jpg,1Le2-SZZOYqYk3dnVJqpX7sbbrwITmKPa
atmos25_7404.jpg,1Lh55c_EGghSHF9s9Nqv_KwOFQNScUsyn
atmos25_7405.jpg,1LeI9E5go8sHHAIIOXfYh8AJffw-w--Ga
atmos25_7406.jpg,1Licwx-X69jyOvlI57iQZZelenamo1X7E
atmos25_7407.jpg,1Lhk9hjuRuJ7hgB5bthab0HvHvOkWYqgG
atmos25_7408.jpg,1Lm-rOLBwXDPLHMwi3vGr-o00TZZw3S0i
atmos25_7409.jpg,1Ll54U-jXHPO1mGw3e4PKvRsO77-xiaVZ
atmos25_7410.jpg,1Lmrwuex-HAJtTbd15sOxcTy-RLwEx09f
atmos25_7411.jpg,1LoFaq_mnT4a84DeJz4b2vPsuDv7nXK7-
atmos25_7412.jpg,1LmsYf7N39pd0FDwz08vXUmjpXSNPdoiq
atmos25_7413.jpg,1Lqx6nC4_9JoLdUyYXZ94FCvf7AD7oPjy
atmos25_7414.jpg,1LoxMP9LqdwmF_8ONIcUcAOBqTWsRzBTV
atmos25_7415.jpg,1LsEeuKUFYHAhevMU2PVFfrzL9Fj8Bq1Q
atmos25_7416.jpg,1Lsf5ar1z9iPu8-qOodK6kFyGaVBPOAeN
atmos25_7417.jpg,1Ltj7rY0xel45GlbXou97es-Aj-uxi5ay
atmos25_7418.jpg,1LuS9GZZkMjSAn-9qOEiOm384Uq3AjLx8
atmos25_7419.jpg,1LwoE0OPb4xwVsP6NjbI5WHbXtqD9j5Th
atmos25_7420.jpg,1M-5Ta3t0yzFruxZX0A_pJdLFm6KB5S2g
atmos25_7421.jpg,1LyBpiMjDNjakb0os0TSICt_Oy2Sy5WgA
atmos25_7422.jpg,1M-s9f1EgC_J21oXANbaowfi-p6pwPnaL
atmos25_7423.jpg,1M8YiOvqPPe7V1IN5Vty8e8Z8YUR7aWx8
atmos25_7424.jpg,1M9fsE0RBKCVFYPz-XkcU-WuRZCY2103q
atmos25_7425.jpg,1M95hXNufV9OFaU0TQP6r_lgVqYQ_68Fi
atmos25_7426.jpg,1MCcz17nKEhZLtSWOlx5xR9Z84jnTqbGf
atmos25_7427.jpg,1MHAV0QrWTP1gp-eoBg-GUEPMJ62yRnf6
atmos25_7428.jpg,1MHB3CGg-DYDWd-YV_i915Dp5XegCWqlF
atmos25_7429.jpg,1MHJieZG8TP7sruYbe4SCoBj-JPTXwl7m
atmos25_7430.jpg,1MHfMLH7N3XyZFXAA6riQ-sPHo6McBD_w
atmos25_7431.jpg,1MHyKq3cLEIK2qihbujTm35K0MzZLmszD
atmos25_7432.jpg,1MM-gkpYSOZcTtizJE0b_dgKxAnYPeLA-
atmos25_7433.jpg,1MIa00nfofk9ATUqPqw2wLEfONyv6sr4U
atmos25_7434.jpg,1MShHlQ4Qa3p62gWe5xhcO9HEShtcvVpQ
atmos25_7435.jpg,1MSydMZvROAIuYesPPlkCQiu_aOz8PwYr
atmos25_7436.jpg,1MTsj0IuyJ-hv1JEgpyGazvEbtd7PrxKO
atmos25_7437.jpg,1MW1O4Pdgt98p4_MhoerzFeyPG2J4dAqm
atmos25_7438.jpg,1MXkgsPE1ETg8WruQp_ZFGWunPTValpjO
atmos25_7439.jpg,1MXcXNpxlx4faghx9DJsF1enpCFdF1yG9
atmos25_7441.jpg,1MYML4Q_VNi-J9mFJ97Cs7puBpeGIPi_d
atmos25_7442.jpg,1MdnsnsS-eYCyZp-1nXRvk4vuU-bOGq4w
atmos25_7444.jpg,1Me0L-bgOT33NJRpPgaZGa07O6QpxP7ux
atmos25_7445.jpg,1MgBLq3jiSmiK9__eYdt8VH6k5Dnd6JnO
atmos25_7446.jpg,1MeZikbo2lZWRo18QC9NG51syxQGzzD6y
atmos25_7447.jpg,1MjEmtTCgg1n0h41oQgJ_v1cXzd7uIzTu
atmos25_7448.jpg,1MlXm3gHNyN2xOeafxZKfQritga0bptRL
atmos25_7449.jpg,1MmAKx_0g4uaG1xUybBSsN8CfOrMupPwx
atmos25_7450.jpg,1MmkMIKxKas5XdxIeNUNPp064hsw9Xehz
atmos25_7451.jpg,1MqkuUXHf7BY93B7Gjyv-75S6Fj68YCQR
atmos25_7452.jpg,1Mp_sXEt4OM942mO2xKJPB_27rTmTf1OB
atmos25_7453.jpg,1MsYxRCUB_78QfY4AqjGRzpsu4VZDfk_0
atmos25_7454.jpg,1Ms7weNJ2H7qpANucQBj34bjobL7Cv9Qd
atmos25_7455.jpg,1MtgDd2jn8rqd4TsHPQFc-I57So290GkU
atmos25_7456.jpg,1Mx_7RlDF9ag8JyyhDK1R4J-1gCOuxyOz
atmos25_7457.jpg,1MzpXKZ1T_C5kV_qqf8ZNWlKd9e8vgew2
atmos25_7458.jpg,1Mxe0_2zMBy2v-xkv1Q4kGCsYIij7z7Jz
atmos25_7459.jpg,1MyIsV10MMRYxoQ1-10wCOQvIm0nxMRdE
atmos25_7460.jpg,1N0MAgICUz0AzCXYJ4-sNe5XZCN0C_o1f
atmos25_7461.jpg,1N0a0R1AkDJzsKOcXhW1ckXWSgsubKdNY
atmos25_7462.jpg,1N4keuhh14wfTTbPDMX5GM9xinZyfK1mn
atmos25_7463.jpg,1N4qgmejBK4xFCUnUy_eQgxQht_wHwmnj
atmos25_7464.jpg,1N6VCo14-7pvMJem0nzhfnaIeDNf8b_E8
atmos25_7465.jpg,1N7M_2bHruxbt5EmN6Lwy4oDeRf-ONM7D
atmos25_7466.jpg,1N7-sYIncm5ch0jPRk_MxtAteK2tbWeG2
atmos25_7467.jpg,1LBBWOkAvsGtuEC2NWAQkI_4nBvPwzDwd
atmos25_7468.jpg,1N3SKGNLkQbJzW4GW-d4RDGD4AikxFLA4
atmos25_7469.jpg,1Pc3B9k5gqcY9NSf4b3-16EM7u5hJw3fy
atmos25_7470.jpg,1Ph2FbFbQNA6SbjdqaWA_Rs7tE_XN9ZNr
atmos25_7471.jpg,1Pv4JRVJ2Ca1RXo64CAhyu89Y49fMb230
atmos25_7472.jpg,1Pt04ZKe2jHLGhif9lvFk5M8bwzidwo3B
atmos25_7473.jpg,1Q1wqzsfSkVSpt5_Y0ZjVG_53Ivnk54wB
atmos25_7474.jpg,1PwX9mb1Is0XzJ4oyp_IaOpgwkVe47hln
atmos25_7475.jpg,1Q6-zZj1HcwQmbwOKTszsAFHmY8f9wWg3
atmos25_7476.jpg,1Q2zSKPcckdBuV5ehvtAMT4JRvsu_b7ZE
atmos25_7477.jpg,1Q88dutVS46cJfmwbEiDxIGkqCz_0-ln4
atmos25_7478.jpg,1QBHG46AKUb-59H9jrdJmoJZW9beJZzHJ
atmos25_7479.jpg,1Q7ofJ0grznryhFB4n5ceuka0xHX_4H7c
atmos25_7480.jpg,1QAXLKZD9J7kGsN9by4u9V1KP9YawKTnO
atmos25_7481.jpg,1QExAGxRZV5dAe7PaSbwfbw1Nki2KObCd
atmos25_7482.jpg,1QBqzX8biUuRXlt6iLTTk1eUcBL-Pr4aK
atmos25_7483.jpg,1QGl-vMTln2YIlbSFMNa-ei7UvzoF2wWb
atmos25_7484.jpg,1QFXuQufrEO_8PCXpV0VcM5CW1QYVRYiu
atmos25_7485.jpg,1QLqcQqMApTC5QY2iXOlvUnIqbjhDgeJr
atmos25_7486.jpg,1QHy7Vt4YWTiuU0iLXZJPCGX9mohmKbK7
atmos25_7487.jpg,1QPavsgt-ifAN6gmOx5Bi-8Y-Z7d8eCOP
atmos25_7488.jpg,1QOboTGyaR9AhgnXcRg2ANE_R3m6rBYM-
atmos25_7489.jpg,1QSbySKi7-P-gcJK_sJGj98efWyjx2soc
atmos25_7490.jpg,1QVHu0l1-2t4xO10sd-09oio6QTzrMEsT
atmos25_7491.jpg,1QSxf_Hjlu2uQPZRPdWtFf7p32OGfbCxJ
atmos25_7492.jpg,1QdQzfXfqvyXe-NPHNUA6Va9kgoMLYqQ1
atmos25_7493.jpg,1QUk0fAD828kih0ka8hZL5PWX1_ylIo6m
atmos25_7494.jpg,1QhLO_DHXPSgwzXS6YW7n3R1VC_qWVVXQ
atmos25_7495.jpg,1QcOrMrBy7nzE9y7v_ScsgOBArYgouGHP
atmos25_7496.jpg,1QmaPB-MKMcznazIKBeOjEGybGKmRbYmy
atmos25_7497.jpg,1Qyvoq_vCmbbb-6SlpGti2m3j1N1jGJGz
atmos25_7498.jpg,1Qrzn6GAr5xzCBXBJ0BYQhrhXu4n4LlIf
atmos25_7499.jpg,1R-vYUH6VDOkEm2d4YiY-fV6gvHxKsKHe
atmos25_7500.jpg,1R2bllAp335GB3tX7K9CFM_Jy1RT8ci-8
atmos25_7501.jpg,1R1OHG2e8lsPATzuCcXFIQEZPlQ6YXuIr
atmos25_7502.jpg,1R1wiR3tQQKC0oNkEz_e3-hWdKHUcttAd
atmos25_7503.jpg,1RGOjC4gS6vGdA5RmYp4bskfdR0wi7mmc
atmos25_7504.jpg,1RJZLwrd2sKIUmShYFEbxi4UWLRlxwgIM
atmos25_7507.jpg,1R_msgzNPxp0lGlWuwqJyvA6V5_xx93j8
atmos25_7508.jpg,1RZNEjWTfLULJFxyp-VoQma_P8m_s8v-l
atmos25_7509.jpg,1Rl5EGVYTStbkj-Bwz-2VfFlWjV9mx81Y
atmos25_7510.jpg,1RqzXAXFLA31kTzpotbZpIPSCV6dn8XD2
atmos25_7511.jpg,1RjPKXLdkNKqam46kNhq-DF7qdq4-PNyV
atmos25_7512.jpg,1Rq2Fw0p4_o8PuP9P5I4Yic6EPNwJJfEn
atmos25_7513.jpg,1RvFHilZRFV3S_88p37_Ty_RJkAT6jvpl
atmos25_7514.jpg,1S5prFnErtJWXY1WPw0d90l5hxGPkg0wd
atmos25_7515.jpg,1RtPtIsE2kPtALq7WWhk3Hlsg7YW2LQTJ
atmos25_7517.jpg,1SHDQW5P3taKh6p2Ef_Os_aGxssxv5Ew-
atmos25_7518.jpg,1SNCVKqXwgGOjdrhAdoH7dkJpjiRZ_xmr
atmos25_7519.jpg,1SPSXyvaufCOQL-OMUL2zpWZkzJlfFE7R
atmos25_7520.jpg,1S9gbPIUavVamXHPth__W7uV3RyjoG46S
atmos25_7521.jpg,1SHV6o-_1zaXf99jV6ZCfBRXwnJ2MFVVE
atmos25_7522.jpg,1SP3Tnteqim5EUNgHCA35HgXuDssTlCPG
atmos25_7523.jpg,1SQvmNKYY6-bLFoDvY4emNAv_Ogh_51Sl
atmos25_7524.jpg,1SW4n0j5nvd7_BDX7OVkfJE5ac0XINrZT
atmos25_7525.jpg,1SdZoiNcvkqqnhlBp-w8McOjVsmN1HP0E
atmos25_7526.jpg,1SdkiC0fiSZ2auHDUksDxA4A_pIkSOWup
atmos25_7527.jpg,1SZrJmyy9TDROL0MhF9mzGyKLsN59nVF_
atmos25_7528.jpg,1SfTXS2vU1rC7CAyVkQ5NRx9NiR2OgUii
atmos25_7529.jpg,1SlhHhQ2iJ5uYgHj7_f3S32_9A2JZdJKq
atmos25_7530.jpg,1T1LcP-qkPuYXh19B6dXcoNbAZm7lpO3a
atmos25_7531.jpg,1SnieSmTZb6F1k6SeWcrGBOgOogxC7Z_N
atmos25_7532.jpg,1T3VgkPEwbZa88gi4ji4Gey96KNM86m7s
atmos25_7533.jpg,1SrYUmzMAdCjuJsrzNAxr1Xwave245PbG
atmos25_7534.jpg,1T3PNQhVH5-b1n44WLNF645DKlZMmY6E9
atmos25_7535.jpg,1T6i7QShoSBlOzLXmos3EyXxEtgsvaS2o
atmos25_7536.jpg,1T486wStVapDCDOte0bviAPn-iUCqcail
atmos25_7537.jpg,1T7-it4bu8m-CXk9ud3EqN9aqqwoS0fFk
atmos25_7538.jpg,1TFEPzLqH0XqrGqFLCV_Z8fXFgsXcQrAM
atmos25_7539.jpg,1T96ruPTwhCp5LiqwyBiFSFObBT7k8wWT
atmos25_7540.jpg,1TGh_zA5xc4Fe5LGPGcwpDeAS2tXoaiK7
atmos25_7541.jpg,1TICaJb17dTP_rQ0rwtJRfM13Xx2bXP-s
atmos25_7542.jpg,1TEwLLMMvZ-QY70CE3hSNOMhPoikq74dC
atmos25_7543.jpg,1TMUS-u6PDAdQYPXq8NOAYU7ZAihv0TH7
atmos25_7544.jpg,1TVxGOYh-HFY4wmqrmEeGOiNAcWNC8yRm
atmos25_7545.jpg,1TLShMPod_8gWwLODTpkL-u6mRYTcNKUJ
atmos25_7546.jpg,1Tm38f7s_bYcPBty6zNDkKF0iSrmOtT9s
atmos25_7547.jpg,1TowHGFReSUJp1cLTX-ys2QLgHmqKxlPM
atmos25_7548.jpg,1T_YrFSo6_WMwewPZlUvP707tdm0RFGu_
atmos25_7549.jpg,1T_yncIjRcYesqhvMCdXq6xXHq3yEnrIT
atmos25_7550.jpg,1TVYNVLh1QUYlV_pgVPkKD0ymaHfixwYa
atmos25_7551.jpg,1Trp9HDnYwAhJU-wRVKuSOQvJhf0h64Td
atmos25_7552.jpg,1TqMhKQdtyDIDhWb838NTDPg26F60jgS6
atmos25_7553.jpg,1U8Rz9uzky2tH9KbzaPjs0NVAIWyeAcKt
atmos25_7554.jpg,1U40WIc-q9k2RS1i7u-4A3B2nU8QqpNpE
atmos25_7555.jpg,1UB8ffiRu0Gd0Xz763Y_6UTV98UqlIa7A
atmos25_7556.jpg,1Tyn1a4iKzB0EfnomD79jW8n_z-RyM4nc
atmos25_7557.jpg,1U17PgWf7PRKZzyRgEHylDgsZmjYQju7R
atmos25_7558.jpg,1UJ2CvSapoXwu83-eI5N-tIy8yHa-YHq7
atmos25_7559.jpg,1U9Mb30ROvJdy3-p0yC52EyKoBt7NBp4y
atmos25_7560.jpg,1UBygfqrO5CO3zKiaY2JTNvU61Dps1dRq
atmos25_7561.jpg,1UKmDsPGnhdykN-0n9Cvu0Ae8zn9B4ghh
atmos25_7562.jpg,1UN9pZYW4ze-ykqXofpjw2qSNkOIdxPj2
atmos25_7563.jpg,1URAyxkfIXC-0rmuOUw4TJwENLNfzKCxP
atmos25_7564.jpg,1UJ5TtRddnqnSrwYbCVMSpbCXvP3Vn9eB
atmos25_7565.jpg,1UKM9FZMbW9-R96tq7PL7is3oLTwn_x74
atmos25_7566.jpg,1UlRoUbR28Q1Y_Rqjdb0IlF4U1kZogdpf
atmos25_7567.jpg,1Uoc7835ISuJZfZlbNOo_g0UoBMONRKPG
atmos25_7568.jpg,1UmFU8DJApH47yicJ4c1QleeJoqi_ZYND
atmos25_7569.jpg,1UdXbXoB1iaXhtThQ9EmZ_QBZL5ifrVvu
atmos25_7570.jpg,1UQBfvjvE_LMK_BwcTP_Jb6ygSBZwhNwX
atmos25_7571.jpg,1UWsVwpKGqJeGCmFNGK5wLVS01070GAuW
atmos25_7572.jpg,1UVm3PlkrWJmo-8YYUebQC3otrDegTpPT
atmos25_7573.jpg,1UyWfBl-BDD0xZvMM89yRh0jJATziUWvl
atmos25_7574.jpg,1UuigFuyMiPIukjcHwKa2Hkqv7R5buCS6
atmos25_7575.jpg,1V3q3m-mLiAePetMJSi_aXm91PWxE7LiG
atmos25_7576.jpg,1V7_STDa5o2hy2QOPiKDYAUirJ4PI_SsR
atmos25_7577.jpg,1VChGZN3iskFslJIRngumIz_-7qtpNZka
atmos25_7578.jpg,1VJf0KFMusYNrcqfyqsIstqi8fsI0Xf6a
atmos25_7579.jpg,1VFV-IXg_75mB8hzVjjVENfFbJbDvHV6C
atmos25_7580.jpg,1VOtgZpfnMmTl6E4ZEXvEO5Iqm2E6x4ir
atmos25_7581.jpg,1VOAnbBYwc344FVU3fA6bKnmO8Iw3Wg8Y
atmos25_7582.jpg,1VGmooLJP-Ur9G4mF95_SAC0-CRTTAvyL
atmos25_7583.jpg,1VRT8bJYcuqjT984Sy3_iU-UOZa58xtkE
atmos25_7584.jpg,1VPGQEJ0oQxDIxi_sZNPhjRgQ489i-8ES
atmos25_7585.jpg,1VULfHWfn0Ca6KO7sGYZPOii6MJ9Yuncc
atmos25_7586.jpg,1VTrlc0xHhSRlXgHu1Bn2lUxeeWRul9J3
atmos25_7587.jpg,1VpXIwF8-tQg7eg2VYJXVFjIhheiHwMf5
atmos25_7588.jpg,1Ve7ghfORZAoQYAowfDh4BMGPXvC0eX1_
atmos25_7589.jpg,1Vi0hCHQxB2KQoV1N_DGtABq5rGrBfNSi
atmos25_7590.jpg,1VZxQ8lwiF6-9V0ucJulYTLOKvBRsZWho
atmos25_7591.jpg,1VhIX88MH4cidcsUdD0pNL7YLRL1Ht0qd
atmos25_7592.jpg,1VeW4dOVuIIRithocohUbeJZP3Oj8nlfN
atmos25_7593.jpg,1VgkFdkxaFFQDtc2HWDKiOJRPRcx0-GBS
atmos25_7594.jpg,1VjoCKOJoPFBKIJczBGfDVKQc8-20ikG9
atmos25_7595.jpg,1W46pByiSBRPC4iPK6TwEaUtE8K9S5sfY
atmos25_7596.jpg,1W0fsRXg9M3BBLmfWRGdgTQyFBrPa4zo8
atmos25_7597.jpg,1W24yx7A4JMWd_IdtkLzPOCPbBbtRpDJa
atmos25_7598.jpg,1VwvS8Jbeb0oB1HDLwhPOMEWi-67ZA5LG
atmos25_7599.jpg,1W88AZ5tEhe3F8FklJMU7msWpyOzJlBgm
atmos25_7600.jpg,1W7sxNJQeL3Rc7H6GEkwomODbsksUSYII
atmos25_7601.jpg,1WXf3RbIYHi5g2t4GfiyLNGOTekIpCLET
atmos25_7602.jpg,1WKTqlkHRTbQFwQk4sXVwAd6FcYCfwaOK
atmos25_7603.jpg,1WEOYOP45m-gtgpuXq7KI8--5eYuOacjK
atmos25_7604.jpg,1WWK8sCUUot52DGT0FoyeknPFE9KD1pQF
atmos25_7605.jpg,1WOEf_Gk2H9xmgXF-y0w9zbJNxfw4X67g
atmos25_7606.jpg,1WWwyBQ1-cLuTgKwh0Ur9QK4A4xoiKqrr
atmos25_7607.jpg,1Wb-CtpblbaeETQ715IX9XNx3Y8_u1Z4u
atmos25_7608.jpg,1WcSw7pgT2wCgPsKol0zUz9FldPNGHpUR
atmos25_7609.jpg,1WwUYp1zf8Yrart-734IqhQNmC9vKmnru
atmos25_7610.jpg,1XHYBtKuP6ZjVS8eYhBJjD3CmWoUClVjY
atmos25_7611.jpg,1X9qdxa10HWlSuByXLUfQ3HgeXazEedox
atmos25_7612.jpg,1WdxZZ8hBuo8FVHe-l34wzxwTPZIQ_rml
atmos25_7613.jpg,1WzcUAPkLNSdtg65oJsk9kNZTwcGkVNkl
atmos25_7614.jpg,1XDW7xwVe9oE5ULcAGES8-R6R7sLF84x-
atmos25_7615.jpg,1XI394_stQWZnnqs3iijoDqVNb2bx9MBU
atmos25_7616.jpg,1XY7Y8zoGeulEOn8cUAmAOrEUmkSKuebw
atmos25_7617.jpg,1X_zNPDfUM__90wseFM7VBZTFhmWQKseI
atmos25_7618.jpg,1Xw2TWY2QhY_nktxoMPVLwFDqI0KnbnLs
atmos25_7619.jpg,1X_WP5RMCwNCthgJQoCi2EPylInWFccTY
atmos25_7620.jpg,1XqozzQjesOjX9lfcGpVQfrSYjbvtVNbs
atmos25_7621.jpg,1Xp82HOikXxD7qUqLK6yGop_xq0olADRk
atmos25_7622.jpg,1XtGy-K89PIOlJknoXQFmzIbT6DH5jZzv
atmos25_7623.jpg,1Y9AwBqLpZPYA0lrXcxOUFHjQ1aX1FQkj
atmos25_7624.jpg,1YMSgimrDicJzblMc_1bB1ijcs2hbYnlI
atmos25_7625.jpg,1Y4p49rIZEh7kynK1HSOXptzBcAb4HHQm
atmos25_7626.jpg,1YAl4P8Ha__h7twSAOQxzZvMF0JNpahkF
atmos25_7627.jpg,1YQVllWKQz9HAmMNu0qDAHGqT_UZwZZyv
atmos25_7628.jpg,1YcRZjz9waJk--0IjUmmMlCFT1yhutSiK
atmos25_7629.jpg,1YZKfaofrwOCQ6dD9ASukOWNvMb5Qdj7w
atmos25_7630.jpg,1YbgV0GGBR263FE1pDQ-r47hs-bIR6IM2
atmos25_7631.jpg,1YnWjNzrbp9_wq24UQ9pZ1-ksuozFaTvT
atmos25_7632.jpg,1Z0Wl0Z4okG5oDlAQjWCw3Uqk6XwkwvvJ
atmos25_7633.jpg,1YgWXXJy5AGICLqdgCKNsM0j_Y6CMRmqB
atmos25_7634.jpg,1Ylyw2fXC1AYW5HaETCfxEyq9otCY3S1R
atmos25_7635.jpg,1Z7kTaWtDGhuvTSWBflzacqUI09rddOhr
atmos25_7636.jpg,1Z752dCLTLKZu9LXyJ0XwEASW9J1KdoNk
atmos25_7637.jpg,1ZBDsZOIM93rfcw7FZhDu3hmXMha0MvQY
atmos25_7638.jpg,1ZJQ4OKYsVLHQlD2G2NgHblWQir_gXrxy
atmos25_7639.jpg,1ZBb0mRV_gKPc3qhPzxfdsBY6EbnbAAiz
atmos25_7640.jpg,1ZC1Talol1dR1yxYVgzwyNIdFqYwj2CGm
atmos25_7641.jpg,1ZS-gAZS9Ik7AqVqH3iw0EjWzJFsvbg3x
atmos25_7642.jpg,1ZLEXM5k9g6O91pcalbLHd6VsDctYLc72
atmos25_7643.jpg,1Zjy5ffRQ1K_zIZOYCaJlf_X02J1cJzj-
atmos25_7644.jpg,1ZcC2ZFkkkBuU2hrEAiBB57U-o-YZfKfw
atmos25_7645.jpg,1ZoHLPdDGIimaYY0lEhl8ahRfQL3FwEbx
atmos25_7646.jpg,1ZuHjPRTQ236tIyvapT3dKn4a3sYGbGAp
atmos25_7647.jpg,1_-Opi-G_oHZvLmSLkqNABZBmk4zv1DDQ
atmos25_7648.jpg,1Zxbk28B2DNImriV2Pdrx8NhgKDnfIw2k
atmos25_7649.jpg,1_9Z6tOQbkIYkZPGWi_IVCnA6iGz8Xgbf
atmos25_7650.jpg,1_ABdRq0P7ykMS-J9-qFYit_4zl4kuUAw
atmos25_7651.jpg,1_Saax7fi0OsMme2jORy8vQsPfAenodkh
atmos25_7652.jpg,1_7NLT-Jt4TIQd9pr8m4lSRic4Zlp2RQO
atmos25_7653.jpg,1_F9V8noQJcYhE5OUGjaQas0kikjrpYDs
atmos25_7654.jpg,1_KnotiYFPUXnz9be6U8RuV6jmc1KYP1u
atmos25_7655.jpg,1a89E-2Sdm-ru3XxWqA3zOlp5oEA0jusE
atmos25_7656.jpg,1_gyjxRFNRKiMibwJwMvueVNw2TonY7qr
atmos25_7657.jpg,1_k_y69bE0AdJ85HoRCBfNyTdAn0cu6qp
atmos25_7658.jpg,1_jzw5B7Vb9PXFJNSNnARsQA4lO8fS28V
atmos25_7659.jpg,1_f9K7UQXo8pUaMHhMUu5M3e0j52MdwrU
atmos25_7660.jpg,1aBYIAMpvzV5hBQnaqUIQDJIlapg2A6fh
atmos25_7661.jpg,1_wlGVVLWR5zf2aX6p__iKYFCYcpurrRs
atmos25_7662.jpg,1aA6bdSEYO4A-f-M4vO3va0a9DK4NDWHF
atmos25_7663.jpg,1aEQSwVnl41KEZlWgQbYnMA0UZxSEs4c9
atmos25_7664.jpg,1aJGqg02A0vBpAeLQyJjQz87EiQfC4bzp
atmos25_7665.jpg,1aagtafdg5yNkD6ehC3loElAsJEySey0L
atmos25_7666.jpg,1abThp5pYPMnaY4xV3uOE6ILzBncVvxxc
atmos25_7667.jpg,1aosZejqe_rUye7VUpSpJs9YdTLL9hcUL
atmos25_7668.jpg,1aeVtKwM5qU65Tpk_f5gay3f4WZlrN_-d
atmos25_7669.jpg,1adtyDsoE6rIJc2qHxP4alVZlP8dkxENl
atmos25_7670.jpg,1ayqbldCdzRBMO_s9K9kX9Fk85DisZRhm
atmos25_7671.jpg,1ayI2iQN-yVGrBrp_tgAQnfIFbVf8tqDk
atmos25_7672.jpg,1aiZfLsi81f_sMxwZN1QnbQPRbLtTlP1V
atmos25_7673.jpg,1b4bC-z_BNfTlK8Rcr1EPde4r4b_kebTa
atmos25_7674.jpg,1b1lPlqilxmd8zoKdVa8qVg0Rccc0stoe
atmos25_7675.jpg,1b6Pmo4Gc2anlU1RTp6gxzUcTF_4fshc0
atmos25_7676.jpg,1b6B2sEFYkc8u38ERnhQAMpRBgKynCoxH
atmos25_7677.jpg,1b5Jf6-e1zdVM4sLJ_TenuIZa_N6OqBuP
atmos25_7678.jpg,1bK2NPFbAbE_P84b448zqOhCmvPzS11x7
atmos25_7679.jpg,1b5LK_Bo0Gtcm9tiE9DTHo-4WYnGRGIbW
atmos25_7680.jpg,1bT-1q2pMb7veVlK-ptkrOi3Ih-jQnZtL
atmos25_7681.jpg,1bRqm41OsuuWvzRT0264n4plEXS3oitFN
atmos25_7682.jpg,1bbJM8e9VVonVsDFg4DoYB-6zri6m1wpe
atmos25_7683.jpg,1b6yFvXCNRZALfYxm7-kUbysfYd2DV6Zf
atmos25_7684.jpg,1bXKlxmVCW9ua7gPSclBF8evEeKDf8Lc7
atmos25_7685.jpg,1bdaGHONDlU5t556tjFjErbPyIvAmrqK3
atmos25_7686.jpg,1bheyGfAXWPpBPlkCBuTJz6bCPNV1n5oV
atmos25_7687.jpg,1bx0Kr-H4KhbP8P0PUDfpzHXl0mBQmyUm
atmos25_7688.jpg,1c0IBvo1vQjGgoSQdTXcmjIpxzElWTMZC
atmos25_7689.jpg,1c7zmeVrNtrsxglb-X2bOGjbV-F2icLOB
atmos25_7690.jpg,1c7Ok1y7r83cu6fqaEv0f4Hcj3UzyI8N5
atmos25_7691.jpg,1cI4b1ARIKN6Yrl76lOZVdnkOoFvIK10i
atmos25_7692.jpg,1cNLa4FNCpPbNSiuPGloUc7rzx3NPrrqo
atmos25_7693.jpg,1cLgi4sIPoy7SnTF4ULx9kECKNkGG_Dqu
atmos25_7694.jpg,1cRjZ5_N-vWaBgTvX7CjWgDgUI2FtJniI
atmos25_7695.jpg,1cWSqC9JSZON-gLGGHKSwbL9fDB8CD3kB
atmos25_7696.jpg,1cMMpi8gHRam0DGQKlTKlkmBbiiHvlvOg
atmos25_7697.jpg,1cg8YXP39gmiA-KsmYuHoL6r0ojWtfNBy
atmos25_7698.jpg,1cX3wpOCFozWjmAhh5V2YxmKfNkDKTJy6
atmos25_7699.jpg,1cYvhQhXjTpBNAdCiWCpimuDNryoY6vcC
atmos25_7700.jpg,1ceXs6A5HcKAZJR1SgZ3vJdSqvJC0K0h1
atmos25_7701.jpg,1ckCqbS7v3SauScRtyKj0369KiSbPKEII
atmos25_7702.jpg,1ciidkDCXyu9mAExo5kTCi87-eg1_8N9T
atmos25_7703.jpg,1clwPGih1VkyjNW30gU_A3u4vP2P2iqCj
atmos25_7704.jpg,1cnflAYWy-gDgNiw0_OAZchlY23zDyr_K
atmos25_7705.jpg,1cv8dkZKS3ZXEJl6vOUQl9U6Dnr0C5MUB
atmos25_7706.jpg,1cy9SVVWoyJaKRa0F1G16FkCxuCyalm58
atmos25_7707.jpg,1d1mZPAOOYXbfWIEsqYKift1sfvBjPymZ
atmos25_7708.jpg,1d9RMqOzZMkq8rLcdKCJPro1UZ4R0DJbq
atmos25_7709.jpg,1d30VeO980PTrF4-wPCTarPWOv1S5698Q
atmos25_7710.jpg,1d4oYdwMZXwcv21L8jz1ACMYNU_oSlsYM
atmos25_7711.jpg,1dF2pTj6xykXS_1BrkOtQyTEUJwOtbao1
atmos25_7712.jpg,1dHX6Q1i9_hFYPf2pCMmWB_NO5Pv_dnfK
atmos25_7713.jpg,1d9YAi7-fBuKqzqZlKnewyEUxCvbUReeC
atmos25_7714.jpg,1dJzCHw6GfacpYXuPqWWs_Edt3pNiO1S7
atmos25_7715.jpg,1Pau7S7GtQ2p5_ZFc7kNMCfpA05iheHEc
atmos25_7716.jpg,1R6Nws9ooRdeqgW1D70TW1hnCLBbS4CjE
atmos25_7717.jpg,1RdrlwuYscbZJwzrUOn3j8m0_RRPZYjol
atmos25_7718.jpg,1RcSxm91rpwOCgHZouMEg0bfMY9ughrhM
atmos25_7719.jpg,1R9WKyfltoaAwqVNBU5PQNao3XAWk1WJZ
atmos25_7720.jpg,1QoNnMhy1mH4v_zil7MbJ8dndLOtkv7Xi
atmos25_7721.jpg,1Qp13sKOue3i3M0-4MN1PVOGgiOJEsyKW
atmos25_7722.jpg,1QHkm7c6SDHu4pte6mufZ4WHeE4LaK6me
atmos25_7723.jpg,1RBCJ_cr2HzcluT4-H5DKDTR4zmtlCJCa
atmos25_7724.jpg,1RCZ6PEyPRpmeLMWx89I3SYohgtdH_xva
atmos25_7725.jpg,1QHOjDoKxat0FoJV6Ag5eDgyCj48LTMn-
atmos25_7726.jpg,1QMhYwvnAUEnt4TqWEhRmcqIhHvU54jZ8
atmos25_7727.jpg,1QMtzfAmTlJDE740BrdX5aDQCYfO75N3g
atmos25_7728.jpg,1xXv0rNg9AQVbPydD61tS8xeo7Pd7iizv
atmos25_7729.jpg,1xbs6Bh7NoWGaIZfSOY6PAp8UxOG04Jql
atmos25_7730.jpg,1xaPXwkpBU8-Gu1HdSH98vqyq4bHiD0h-
atmos25_7731.jpg,1xeJM5gqpNKqL7c9UFT76L8wr5N2aDhjp
atmos25_7732.jpg,1xbtK_dexUjJaBS8-jQGAiPhuhXzuc87c
atmos25_7733.jpg,1xxpBMcum9sVUfP__NCR0uh3CJ65Aavod
atmos25_7734.jpg,1xvmVZWvia95blTJSzo6qQZetUZv7n7PE
atmos25_7735.jpg,1xxvubw_hw3VI4_uhILvkVwKbwAoWB5Yc
atmos25_7736.jpg,1y0mCHILGeo5oUJoe0qLseOsc3JWhypqd
atmos25_7737.jpg,1y84CBWVoswjcH3P6TdgMWCkneZQvRUYs
atmos25_7738.jpg,1y87TdkXrhqtuvtHVy_fP3pABVqD5VhMd
atmos25_7739.jpg,1y8ifghnQ5-Akmgo-5--onPoq5jKCSnnC
atmos25_7740.jpg,1yARabu_1-yD97OCuET-rfZG7Fwy-PdWw
atmos25_7741.jpg,1y8mGqY6WRJOblksEBWpa6RBZvF4Fi6m_
atmos25_7742.jpg,1yDFMlABOYrnynPT_27G1IFIJdVCITfIH
atmos25_7743.jpg,1yE-p5sXEW7yuxl0RGF0zZVwNgtRI0wIH
atmos25_7744.jpg,1yFTzDuAiA6FSqpg-wvVYNbETaXGx2M8C
atmos25_7745.jpg,1yCP7qARL1FVpMM6WP997Aa0wsSMxbOR-
atmos25_7746.jpg,1yIBQY5o8-5v56JQ8dh0dWUG_9slAi4tC
atmos25_7747.jpg,1yFpTXCPaAOwE7cavo4b1FtOrd23cSxgX
atmos25_7749.jpg,1yLApHdOFFU0v4yjN07W3-FL-3p3vj5ra
atmos25_7750.jpg,1yMsVLh3dlv-brdw5ywQxnFS7ay4FszDy
atmos25_7751.jpg,1yLa-E09jgs8-P7quxB-WlkTpsRp391PF
atmos25_7752.jpg,1yPYSN5Hnu1U7G6aGbHAW0zUEB9TlA92l
atmos25_7753.jpg,1yNRMnAnXGnW-kliAwD0pPlP9akuuduzE
atmos25_7755.jpg,1ySxp5Lm6vD6XZVBn8nA30KBxg2XpjN47
atmos25_7756.jpg,1yRLAIOpcx_jGdn42AeP1-P7VrufqsKFj
atmos25_7757.jpg,1ySZD37UnvO5pR7v3S50WzdUEYj1na5qH
atmos25_7758.jpg,1yVlBXZ-KpnP5gaPAtxB-HxqsT9WtbFot
atmos25_7759.jpg,1yV-ZyzLL3G8aowfgksTqiTy_RZyNGC5G
atmos25_7760.jpg,1ybOoE7wDZpsSZpNnDwxlTSUzH0pTAt-X
atmos25_7761.jpg,1ydw7WBSc56EMpI0UBP3eWf_5lTlFv8me
atmos25_7762.jpg,1y_e18SE14p1geRs8OUVhwIXBV-CSD3k8
atmos25_7763.jpg,1ygMg2ETLr8cjhEpsQ0PEbOpZ41XOEofm
atmos25_7764.jpg,1ybtImoLuBR_AH2eUWKikWlwu4xwDxUvW
atmos25_7765.jpg,1yhfrj0v1I5izL9KZWW28kXfaWRyN8P-y
atmos25_7766.jpg,1yjmB0t9-6pjVeNcDPF_9cwTEwsQM_Kcn
atmos25_7767.jpg,1ygb70mKc3RVVwPu9rxeyrpF752DuzRjg
atmos25_7768.jpg,1yjC7tYO-9FZa7tOAXoFT1-zhtpMZwfGO
atmos25_7770.jpg,1ykAudZc59ziGXuQPj5fEb9njP8hfVkKx
atmos25_7771.jpg,1ym3hpaL87Mn0WPeEVq38RoA6rX9EYqbq
atmos25_7772.jpg,1yn-QTojKLrGrL8Rrcs8YltLhX5bDfYtO
atmos25_7773.jpg,1yrw4QvNUrHTb-haGHFVRExwFKk1Xs5NP
atmos25_7774.jpg,1yvdU4MIaz0HwmpkiKoowTU-b0lDi-jsi
atmos25_7775.jpg,1ystiWB6o1RoUUBkBWA5sYKWmuhEWZ7Zp
atmos25_7776.jpg,1ywQHWzlokc_Z0c_9q9XVjObpxQk6pymY
atmos25_7777.jpg,1yvf-fXLNpF26Zwwrbf2YpTy7NpX-T5xq
atmos25_7778.jpg,1z1ihMm1rzHErQJxkqzFob5Dzuis1mnhy
atmos25_7779.jpg,1z30Il3k8iBqKadlfGVSSR0FHfFankBdp
atmos25_7780.jpg,1yyOxCAQqDnVBD5zhgciSdDThwqG4VsM5
atmos25_7781.jpg,1z2g75wbb1z11RjmYKbIik3JhOMj_cCFo
atmos25_7782.jpg,1z5vq4GErwKW1M4yg2CUPOT-CzzXaK-pc
atmos25_7783.jpg,1z4KwxHVeCOjLQcHAWeKucntKpljTlmge
atmos25_7784.jpg,1z7w7Ecm2QOxy-se24ON8KG0BxgysmTHt
atmos25_7785.jpg,1z6xId7tZyHzfx9u4wml_-f644dEU10Wx
atmos25_7786.jpg,1zE80fZAfH6QlwTgsNj4TY5XhU6gNhGdG
atmos25_7787.jpg,1zBe1mUt4NEkGgLf5OdCW882blpkPQIY2
atmos25_7788.jpg,1zJXzI2yzwGj3egl1o-H4poJGAbQ0jB0B
atmos25_7789.jpg,1zMoGjFsrIAk98WsQhOMTUDqpGX8uVsky
atmos25_7790.jpg,1zJiXqWLgfywWl6Y79xXDlBKR-VJv0mMZ
atmos25_7791.jpg,1zL8oSLmEsXURvH9lJFvy1l3J1B_tNr4d
atmos25_7792.jpg,1zODeB-TBaZlYXBS7WHlfGl3MhKqFUxUj
atmos25_7793.jpg,1zNafS6LG85VCcgGjq44piI4EuwPwQNLv
atmos25_7794.jpg,1zPjMG3IIVU6JjZMD7jVnWnpqqYed5XL0
atmos25_7795.jpg,1zOiLtfmxNVEydF9k5KV3B6eXRZ9TE5-F
atmos25_7796.jpg,1zV27K6hIKTFY76LYrBC0JrH6iVP4oWlG
atmos25_7797.jpg,1zVBNhI8TeheuZKIEN57oaiD9jP5mO_9V
atmos25_7798.jpg,1zaKp9FE_z1d-8U4zw_GqjexWEu6knWvv
atmos25_7799.jpg,1zZSt8dTFrrab80jHTN1avl7HeMWiGKK8
atmos25_7800.jpg,1zd3zyUZBw1hXQjx1DK4CTtQiRn7u_usg
atmos25_7801.jpg,1zco_PQK6ISeaYBL8yXTzjrlykPydDp-0
atmos25_7802.jpg,1zdaUu38AMliuIb-5r6xWcXTemK8MIB-x
atmos25_7803.jpg,1zdFcreqnoOsrhfkWnl5RdJYh5XNmTGRo
atmos25_7804.jpg,1zfPr8mwmpo8DzLqhT2V2-O1CIH8x7qi4
atmos25_7805.jpg,1zfDoVcoZuKlJRfHPNYy9ZGGod2JJpsnZ
atmos25_7806.jpg,1zgo8upFkDkv4AUe_WbGv3aZBTOD9kPK3
atmos25_7807.jpg,1zizec2UEJK-4ABPckJKwGUAU8BnAbcnD
atmos25_7808.jpg,1zi6aQ47eoxuSMqeY5ZcLWhbb26kgpmDA
atmos25_7809.jpg,1zxVca5BjQOxBV6waVQ7UPweqmnrlkW-_
atmos25_7810.jpg,1zxVwIdRgx0lek8yqsHzBK5KUH2a-YExV
atmos25_7811.jpg,1jD4fb0iGoiQh88tvud6yoetqWEiytrNG
atmos25_7812.jpg,1-9QXqm6KYhDuwFKxh2z_gzQ9qmMFK_S8
atmos25_7813.jpg,1-V-HZUfUEWvJ_wA142vC8vyLYopdqfdn
atmos25_7814.jpg,1-CN0Dt3C_RCnFJuoPJuMDc2WrB-6IgkN
atmos25_7815.jpg,1-JfxwR2B060rPU7KRBAgL6Xy7Z4LzQhe
atmos25_7816.jpg,1-XnSzfP9_dPupEeU0hZ-777mxiadYods
atmos25_7817.jpg,1-WciyIu6MMlDLFSrK22GJk65-vHIiX2v
atmos25_7818.jpg,1-qlJZnWV8lW9HU5zo_KrqREZXqXkttmN
atmos25_7819.jpg,1-u-yZjrr7Pfw9v580GP-ZffUdSC7MDzo
atmos25_7820.jpg,1-tQY3kirTdJjhSBmzfhgXw6NfkPuG3B9
atmos25_7821.jpg,1-wYBFc5M7HFMaYu_9RQ9JjwCwr3cT4Eq
atmos25_7822.jpg,1-zbJD4xuBx1XnAVKveQUugeH8lqJ0w5J
atmos25_7823.jpg,101j4aE_3uSMXOWPt-iS_cQBpZjJar1gv
atmos25_7824.jpg,105OHMl1SJBTqTVu4aqqNHkxlD-g_91be
atmos25_7825.jpg,10-2juABl4jqtC5qEQmy0I9E-eJxvhvtT
atmos25_7826.jpg,1048KR0nFs25NB98igWqvVGeKfA-NAQTf
atmos25_7827.jpg,10F4n_KKA2HpcV1n-CQo9kON60PbR6Zog
atmos25_7828.jpg,10EIhmY8h37hcbrNk6DJFFPh0y4eM7PQ8
atmos25_7829.jpg,10IvALHlsE546E6SoBXkyVrO_uw_l96Mv
atmos25_7830.jpg,10Io7a2a4gV0XACjuYojmWIrZF-t8U-gO
atmos25_7831.jpg,10SlEQyTh32mrCscCrlB09aFjh_cCHCP2
atmos25_7832.jpg,10VDq26nDFqA3EwVDQnhmMs_LwMF0Vx-j
atmos25_7833.jpg,10MbLumi3s4-aNFFqWfecuGvq_nvdBcMg
atmos25_7834.jpg,10ZeVdCvr8xx3UNzYZX8OjwWcgnOXkJM1
atmos25_7835.jpg,10SrIyoWuE6J09HXzm2gVVrPgRS4j9vAs
atmos25_7836.jpg,10XdaoCo9o3cbmEHWzauxS0GPnvx6zD7_
atmos25_7837.jpg,10ehZg55rkpofsCWk7Rc0hcEFhss1iAZw
atmos25_7838.jpg,10jUiPmZ3x1UTVt7zMXKGzO85WLzAt40n
atmos25_7839.jpg,10jhYQ8DTUroy8RdeKtt5jFQxeRsvl6K7
atmos25_7840.jpg,10m68-posNSfdj_PQmYvXTfwc7zfCpJ-9
atmos25_7841.jpg,10xS9DpWt2Do1YAXkww5lWGW-m9nUAnio
atmos25_7842.jpg,10zns8V4DhExwwld4zJxQbmF_L14Cy_A7
atmos25_7843.jpg,10yNzWhP8e6hq8ryCdyv369OclTT3rQU3
atmos25_7844.jpg,113MLnxyI_X9m3aEXywmldiHOpDBmHI31
atmos25_7845.jpg,112MA8Dv1PyR2Tl9KcPs_bK2RmpDH0n5m
atmos25_7846.jpg,11PRD4xjwe8Y1NAY-9gjSbtxVPI6EiCVn
atmos25_7847.jpg,11Oo7uy1egCG7dTibYlwtxZv9KCF5qWXw
atmos25_7848.jpg,11p9_4DdEZGOMjvkJNSQfCPbL8TdtdiLN
atmos25_7849.jpg,11iruzLGcpV8P5G7IEhQZzqUnk3S0uWn5
atmos25_7850.jpg,11rSS9wvM5wKEhUQ1-yIkSMiZxaHRX7QM
atmos25_7851.jpg,11pCpPUuY1DHXe3M3rcyhdKRObYiQqkXN
atmos25_7852.jpg,125CUGbpZSXSq7Lx407JdNeuudPGhe-Lk
atmos25_7853.jpg,125mjN1RIe739oA0J4EmMoMVQBYL9F_ZZ
atmos25_7854.jpg,12260wApyjr136y1w7ZEr3PxS6oCNJQjS
atmos25_7855.jpg,12OggAEljJ5LmXCFgjSRTB1AWukeNuoqn
atmos25_7856.jpg,12WnSOnwGJClaT2oYToIzus-hKa1bAcbq
atmos25_7857.jpg,12QLtvFcGz4tzuHkcO3UszuaT0cRxX3S1
atmos25_7858.jpg,12PfFNQzt6w_aGLU933ple1myxqXEmTsr
atmos25_7859.jpg,12rHD5FUK6-ZMWnwI-66z5Xw_F4-kTwy7
atmos25_7860.jpg,12nWwRnzpNw064lVbe5LXjMD3puoBqJ1W
atmos25_7861.jpg,12fc8PVcTxPiFNmRSPaTA_pw-bbu-wxLf
atmos25_7862.jpg,12x1tQLiioKCDybIpcOKSIEpp4uQ30fRd
atmos25_7863.jpg,12zVijF8NBLINJIVWiK5NXZURtOBc-Yx2
atmos25_7864.jpg,136CklEqAciP8zDJWKeHGMvzSdEChtddZ
atmos25_7865.jpg,13EwwA6NhG11sevm1Tbr51-GtQdzVLdYh
atmos25_7866.jpg,13El5ueMgvs3ApXvdGG_5ZAaxVC1d-2Ub
atmos25_7867.jpg,13HBfRCmtaovOGapzFaH7LQdRc-ax2IyN
atmos25_7868.jpg,13Oajb5Qi_M3h9tcmGSo_jGdMylIP010J
atmos25_7869.jpg,13We9zwBY2eNbEjpDTam1l0oRV2irkMtS
atmos25_7870.jpg,13efYP_u7UMG_8XvaNImaGONsnJEN8eoY
atmos25_7871.jpg,13e392Mq9ELqbgUe8WDe5hNi3cwJ0iGs9
atmos25_7872.jpg,13grR6HZy1kZcqfUKBZE_sFmRyGIBgyjc
atmos25_7873.jpg,13n3vvhwl3sIcGjNweCZYiQ-Abh2HD51l
atmos25_7874.jpg,13mHH9XD5YiYGVW0iIrQ1lSympdo2cjWt
atmos25_7875.jpg,142RybfvRkvgC4he2ie944u5YltdxAkfP
atmos25_7876.jpg,142IRYq_1DVgcwHy_VgQv8oFy36JO-GvD
atmos25_7877.jpg,1xa7eB2hPJFa_2Eb6V-zgVedVT-xbJOq4
atmos25_7878.jpg,1xhuf5RmsAHWsh3PJfrtvnLUA-Q7dr6Pl
atmos25_7879.jpg,1xi1HhXy9WDUuR2lYFOkNRokeW5IJ-miL
atmos25_7880.jpg,1y540ib37ii6A3OUEwiNWffptQs_LlkIu
atmos25_7881.jpg,1xlHuQidAkjfmbhH_OJR15OQllnvUhWVW
atmos25_7882.jpg,1y5wIWojzVo1MHFD4tKwRf4LEI8PcKeUC
atmos25_7883.jpg,1xillEDbwprn8C6VrRc8vqGEtEPDvzE8m
atmos25_7884.jpg,1xjmQLxeifkjcVgyHn3zG7erUn71ZLoV7
atmos25_7885.jpg,1xrWEehYQC21_vkuphfELfPxuSX9LTQEW
atmos25_7886.jpg,1xnAwJlEpu3-XHr8jB62ERWG-zTdFJaoi
atmos25_7887.jpg,1xpzGYa0zFMHobGbIxG2LpSvCYUFtnP4p
atmos25_7888.jpg,1zATwAJNKCHZCROuapJOIIRAJF2_KYQaI
atmos25_7889.jpg,1yf3RWpJ8faubtEl0IsrRxQckcZcqtWaH
atmos25_7890.jpg,1z8B1hGTsXqQuFDrI3kffvWEQD7_MRro-
atmos25_7891.jpg,1ys0GszZVirnDKyc-J9cJFles4j557BTX
atmos25_7892.jpg,1xuTepvk1PLpaeAxq8B4pA9tTVQWEDTM9
atmos25_7893.jpg,1xrs_i_CD6jvykMWYSTRol3KZ7M60hUCm
atmos25_7894.jpg,1ymhWKSFJNsQgDa--R6LK9gSuFOGoh0Uu
atmos25_7895.jpg,1ztVkF4zi11FMSJyzBojmG0ppQtZ2qQqH
atmos25_7896.jpg,1zS3BMKJyyA0kDAzX_D2N6jClt756xtap
atmos25_7897.jpg,1zv6oEiO3ankL98O_sX9JooTY2lxd6rRI
atmos25_7898.jpg,1zQIAVAyAYmPWC2mhAUN5ziVHoAUFuBBH
atmos25_7899.jpg,1znLhs7SFE3lo5AURMnv1h4UOkYNheFwa
atmos25_7900.jpg,1zmyQqk4eoHKk0s59mVwa8N3WjpxhY1cr
atmos25_7901.jpg,10gj4XybAZq4VK86lFQyLOmlry2PcGQPL
atmos25_7902.jpg,1zramvxKwx3nB9naWbOSBbixH72lMXoac
atmos25_7903.jpg,11iS1bIfkFMCVI4C-pQeIsuyN4396AHTg
atmos25_7904.jpg,10JTzVKqUlAUfgRqDmy9IvriVz0WHWl90
atmos25_7905.jpg,1zupLMUEMh4oxQdzZR6BGdxeaEIilimxp
atmos25_7906.jpg,1-j7CMtwNbVuXoa9Iqr5Pv7j9cGZUu2K4
atmos25_7907.jpg,113bwrBAPNOA_Ukmv_kilqdY6pK9bXXm_
atmos25_7908.jpg,11Hq4ZXHKrlL7USKt3BeXWtJgCkZs3Bi8
atmos25_7909.jpg,11dTwNO_hMAoNTkHvRmtKNKPhzNbbXCgE
atmos25_7910.jpg,135xsdyGMXMhQXQotJZ-MuAe9dVT16Cq4
atmos25_7911.jpg,12IlEZyUJq_lA-5NFv2IF5JCxKXeu3fmE
atmos25_7912.jpg,11R6R-kfpo5-vAZWW7N6olZAeBX3rQdeE
atmos25_7913.jpg,11SG91hueijr7JUpW0WPOi1JB2U6Hc2F9
atmos25_7914.jpg,11Z_Y-M369fiHDut6P8m5UuF74hiN6PWS
atmos25_7915.jpg,10JY_5Su6H6A4TQcbgQh3BQnZg98QjF6n
atmos25_7916.jpg,11aPoQLXH9YvedrDxe-wPz9ODZA5d3QxY
atmos25_7917.jpg,1-eP_Xo9RM5D1jDT0j52ZJPeMnDt5ONv1
atmos25_7918.jpg,11cFFWXxMRw1_h69XL4GjGVNK0sXDCbUa
atmos25_7919.jpg,11ScoVVZNxoiFXvECeQayWvqra8xbpXLI
atmos25_7920.jpg,13idWWaipGGZggYfqtBjb1H1CIMA2NQiC
atmos25_7921.jpg,13kEpnwbTzQZ9rRP0Hl82Z9v2usDUdAVM
atmos25_7922.jpg,13nrY3XZl2bC9BS8g2yvv9uyaNdd2KDDD
atmos25_7923.jpg,12g14fBXx03LCXOsljAzDLlJZaWFUDoJC
atmos25_7924.jpg,143eX4h1-re8rUY0FkB06jZ-2-ywb-H2h
atmos25_7925.jpg,11bTKVkQIwJWJvBHjWBIQBaRLcWqaN8i9
atmos25_7926.jpg,12CvptTj4xQTn3vQS4wXGBMcsLCUiEwM3
atmos25_7927.jpg,13yfMO8DruKQvKN0Pwa4RgiX5ZJ7IgXbw
atmos25_7928.jpg,11RbQv4hYejtxc4g6C78FzKMhc3RCj8Im
atmos25_7929.jpg,18FprUq0mm2DpFqRSdgyP-YUVyVHMH2hd
atmos25_7930.jpg,18HekZlZMi1tur0r6bRbFk_Jn2MXNm0kk
atmos25_7931.jpg,18GfexHg5NTDDKGFD-ML2Mwm2iuBKeEYD
atmos25_7932.jpg,18Is2LLHcuT8EArAbw_DEbk6Xq6CFH6Qq
atmos25_7933.jpg,18IIxH1ozCKqy78NUW2CiF7OmfLK3o1Eg
atmos25_7934.jpg,18KD9NA3z74VY7JUDMwdPyNPIY1kdzXkR
atmos25_7935.jpg,18JCH2NQFziKG69QH-rp21x4_0Xf2jpVg
atmos25_7936.jpg,18MdmBb9tHHIcNFCCjABxkrrFzdgIUlKc
atmos25_7937.jpg,18Kp2tuOTVNth-8xNhTtcWIQIeogFZOsT
atmos25_7938.jpg,18NTZ_yCEsdO3NnLreb-x15BNZWmbVami
atmos25_7939.jpg,18MlKLIrX6hJdciWFBfM0i7XKlq5vGRad
atmos25_7940.jpg,18TipXEN5V-n_oPVM-T_FKZtSgidyyDQC
atmos25_7941.jpg,18R9r008Kru7OUGTSd1tiy5lqxccoCpxa
atmos25_7942.jpg,18XWgtAnXOBc4h0pWI3P1-jhYtNzz8LmG
atmos25_7943.jpg,18Tkv3U-eqxnyDYsHpYsasMyziJ7Egv6y
atmos25_7944.jpg,18_CbH8dW2vcesiFWRslCQyoaj_100gaH
atmos25_7945.jpg,18ZFWFj8JgIs582ge6PYhVzuMQgLf7C_q
atmos25_7946.jpg,18_w6Ntl9mU-HlfBbnCS6I9P4Tp1qrmKR
atmos25_7947.jpg,18_fEhIQe5cMCFPHGSmgMi5aRs07dB8o9
atmos25_7948.jpg,18b7AVVY2lxOt5decGW1CeVffWEFrycCe
atmos25_7949.jpg,18apCkWFOMV2x_4DIt5mBiouNZjrkcM-3
atmos25_7950.jpg,18cUZoH32fcmFiV2Q4dOwLSElwwOIcFMT
atmos25_7951.jpg,18bFHkDLR_g33k4Wrmwnla58qYMWtEFoV
atmos25_7952.jpg,18hHc4lRuc-jHfFZkpgnssxtl0Z3eEF6c
atmos25_7953.jpg,18dwAcdMPlDEB5Noe6f1ajib6VBoJfrQv
atmos25_7954.jpg,18jCNghIt5h-0Cpe5FaYlzw74MAaFNbFG
atmos25_7955.jpg,18nyB_XM9ddKoFMKx2OAgnCqNJm5e5uaV
atmos25_7956.jpg,18j-jYwgQZD8douF0zk3DvG0NOlANeI13
atmos25_7957.jpg,18mo7AKsQeJqBKFlouW-evAWnMyVJZTpO
atmos25_7958.jpg,18oUBxXruHr7KM2YASqhxteFNjtvck54d
atmos25_7959.jpg,18oOh1Fvbp1n2aJxFopACd_ola3d5DfEr
atmos25_7960.jpg,18rjZJbTZ65WEk5qX1U5cU6W_z93ac0JD
atmos25_7961.jpg,18qr1ZPROGm5l4mQ2kn_aKp3J-EnpckwE
atmos25_7962.jpg,18v1jNPKH_qkwHjPzIQ617oIH82k72jLd
atmos25_7963.jpg,18tyhmXBi7d2nhzo7zc4pBEh8nWFcR72I
atmos25_7964.jpg,18tWhEzkBICsv-XNHWd-leZiWoR-D9Y3d
atmos25_7965.jpg,1905VbVXdXo9NRxEWNqWFgY6JpZVQSxz9
atmos25_7966.jpg,18wZtjJpu7qGtVNLVqtviHabdjR1Gd2CF
atmos25_7967.jpg,19-i8TmjN83L-SgA8Mq0GeRUX4LOMrZLB
atmos25_7968.jpg,191Uq4RQBev2-CKaeWZgVng7ML-VUptbo
atmos25_7969.jpg,191El-h688L7R3fOYmdx5u8o0O2-8TQKO
atmos25_7970.jpg,1932Ad77JdcxxzSBj5TabR9yus2Qdzrhi
atmos25_7971.jpg,192kPVSxZp4QtoRAgoOiBHZG5a_bqyPB2
atmos25_7972.jpg,193P-cONeyUrw8LZpoewGqkyQNlF9QRoP
atmos25_7973.jpg,194zClxh17v1WqpRfLJWs-OmTo6UsiHkA
atmos25_7974.jpg,196f9JA6fmNeAWA-Xqet0ZyvUMMxtFVQY
atmos25_7975.jpg,196WSqfcDwnZUSHzgv97168WDsRp5ssYl
atmos25_7976.jpg,19A4wHCi7uiboxbfRfPd6B_mIA2irfDKO
atmos25_7977.jpg,197lHvVSTfo8MSP4lAHArdlDWLGa1qUdd
atmos25_7978.jpg,19BiNl27KJubtWV1R9h1eQ8qz3oIUmLlz
atmos25_7979.jpg,19AE7Au4B1gRdt2c0Wg-NVJsIi0f3VJHC
atmos25_7980.jpg,19EFiFe02D_WEyyXJp4nCuV0bD7N2YaNF
atmos25_7981.jpg,19DWwtZyvZuzVvhylwS2bXH8f1sasUpfI
atmos25_7982.jpg,19Gp38bG_-5OutBTaooX8edmdUlfqS_XH
atmos25_7983.jpg,19Fy2_XeFHM4PQ3DtjklVCRdhZiC1KkAI
atmos25_7986.jpg,19LG8A7Sz80BZ-3dZn_Lzm94hPZ_WhhxE
atmos25_7987.jpg,19NOZcCCVnqslfQ6QFQxAtx5ngGWjD1fg
atmos25_7989.jpg,19MBbrAMbaObq2FS-Qdptz5YEPzUPUyzl
atmos25_7990.jpg,19Q4sGUtnzQNGDDIC5F0OWNK3KQ25rdhZ
atmos25_7991.jpg,19OsTOYR1ZIeaJx19GraD_zqWLIvO87ho
atmos25_7996.jpg,19ZTcQgujq0kNbkdqGyf-QquTZGLQkHXk
atmos25_7997.jpg,19Z6PJwE3AooZAuzXzYMH1JDsTv2GGqgM
atmos25_7998.jpg,19_VTP9Hu9fOuB8EzWSUkVA_fdJJ-yrfp
atmos25_7999.jpg,19_O8V_7FJOb2jIMt8OhJWUgu73fJybD0
atmos25_8000.jpg,19eLpiNlkgZDHle9v3Bdm-DVH4JKh6EDI
atmos25_8001.jpg,19aVPoj_qJGNRTg01zEqjlw3G3guIIRSF
atmos25_8002.jpg,19fzDofjauJHrrmaBeZzQ2iJk9Ok7mBwZ
atmos25_8003.jpg,19eNvFjzH0GiCNDWEo2AVV5-JoSrWuVLL
atmos25_8004.jpg,19lAp3vHA1xfcsD1J4wzSfSQYsTyNnh51
atmos25_8005.jpg,19iKpKcInU-35BqLHDo0BBCnbdlWMMEvq
atmos25_8006.jpg,19qwuycBcUk6ChF3fg0iq9bnbCt7MfJi0
atmos25_8007.jpg,19s2OkEfksRrwirYP8kaDfLXw6cATGSHp
atmos25_8008.jpg,19qD4vfWS5T6oW-ChfNuALS-8XcUmTvrc
atmos25_8009.jpg,19uVAgKarUoYOMxsYTKDhlRhOySPSywss
atmos25_8010.jpg,19s08iBfBl14IQDJP6IPJhXenVLXZ8wK5
atmos25_8011.jpg,19sEeGKunZEjKmoti5uHI5swZX9aHu3jN
atmos25_8012.jpg,19vrhr5R77teBWb0hqGiDCjAES-rW2IZg
atmos25_8013.jpg,19v3DFNfeAL5Y2WoDtJOafFZwLGyYAD5a
atmos25_8014.jpg,19y4USsIBF1kIBskgSEvo4zRcXlJT148R
atmos25_8015.jpg,1A04m3ICYZQ9_f-mXKrydKdigygu5W5hS
atmos25_8016.jpg,1A2mpFeqhwP20wmL-b2KJlzgWRWBjznOJ
atmos25_8017.jpg,1A12xMs-L2Ej8xTphXm7yd5IMmJnpRGuy
atmos25_8018.jpg,1A3nhun7-5lrlLE4yz-Ol0LG8nIQyf1zM
atmos25_8019.jpg,1A2vAwvizd4plBG3TLXVsXjg_1Ujrk3Eh
atmos25_8020.jpg,1A5XuLoRODi2Ekwacrh9jJdr2Rm9fhhmv
atmos25_8021.jpg,1A7P-iAWFdgPMHtO98SowJY_qCd5PHnLN
atmos25_8022.jpg,1ABrg9nwdkhDUpvEOiB1jGETQYzsPbQqY
atmos25_8023.jpg,1A3qTx4LBw2wluE1qmN-oQ196OV59vLDR
atmos25_8024.jpg,1ADL9CzxODKuodic8ba59H3570TdCiwJt
atmos25_8025.jpg,1AI_UtZTiH-fZkIgbz6ie-Eup-2wZCNAw
atmos25_8026.jpg,1ALfrsarZPBYQF9J4B-Ncs9Y_sqMhfmmY
atmos25_8027.jpg,1AKMBljOmNHl9zcxS52xjtNn57_wudPKt
atmos25_8028.jpg,1ATvnSbzAHyluU_uwimzmElRTSsN4h9N-
atmos25_8029.jpg,1AQTUhuE9FgqPLNxKqNpjH4cMwTq_ErQz
atmos25_8030.jpg,1ANKyj1R9bVBrqyvh-IRyk39JACepiJKR
atmos25_8031.jpg,1ARmImPSyjRzl_qs5rixmU727RiQO9gUh
atmos25_8032.jpg,1AZygHDSuLS4vpgxe9i8DEbSYi8tvmoKZ
atmos25_8033.jpg,1AX9dOI-F7bNU_0z8at9Voo-axlXhWY5Y
atmos25_8034.jpg,1AcByaH382zWJLnZK9Y5ir8KB6S_hPevq
atmos25_8035.jpg,1AaJnGz5ZOXtzCZeKc8i6QeMvzxtZ3AUw
atmos25_8036.jpg,1AekrpCDARr2HT8ggHuV3jbGbk-aF6id4
atmos25_8037.jpg,1Ae9OI2tST9F8R-6bG3raxAc3G76Y7mxp
atmos25_8038.jpg,1AhgvDek-P0CeSYxTu6nTX54kLaq7Ygwk
atmos25_8039.jpg,1AhMp_f0sqoxHYH4c30GdXWopeeJOQjQF
atmos25_8040.jpg,1Alvsim5S47fe6ohuhmWVrmcgtoGNbGgf
atmos25_8041.jpg,1Aldk8b1mmQGOnlt5qN8jw9x0VCq3KusM
atmos25_8042.jpg,1AoHXbv-p5RWiponbioLAyGNZj7gDhudW
atmos25_8043.jpg,1Ao7F1vBZJtPi1t1KU0_c-uUr5kvrgpQk
atmos25_8044.jpg,1AojbFxvZsHRuglGX8VBQ4netRJWqA3YO
atmos25_8045.jpg,1Aoew_pxKTbOtKGW55p9KIJAKAqERIy_t
atmos25_8046.jpg,1Ap1rDU_fD0L6kqLGOJ6Ztxl5JtVcBsOe
atmos25_8047.jpg,1AolJW6wIDznsSdLXhgPOAnazLSSYrkQ_
atmos25_8048.jpg,1AuyBoG5zSr0bATs8mTWcEeMCzSNAs5E0
atmos25_8049.jpg,1ApQjq_SmCISAt3n6RKxHYCIaDXuBIbGN
atmos25_8050.jpg,1AvwdOMDUBLbVnOaqFOWfe91z0lXHu8Hq
atmos25_8051.jpg,1AvZFMbEYJLNBGe1TOHeddT6BztOQrN50
atmos25_8052.jpg,1AwxWeDNjs4dHiBudMBli1BHkJOwFmzRZ
atmos25_8053.jpg,1AwW7jZfUt-rtGtx388JdkSIgCEDpa_QH
atmos25_8054.jpg,1Aypo-E67YJrE7r8WG1Fe92yOAd2ieBpu
atmos25_8055.jpg,1Ay-o0zPxFZ7xE3o9moUB1uG3ReEyegzd
atmos25_8056.jpg,1AzvyLBvG3f7c2vpYGRFodAeXB4UqEQ7C
atmos25_8057.jpg,1AzkM53mmwR7-TG1sH5vZ85g_2TV9S_dw
atmos25_8058.jpg,1B-Fp7iZkaEP49ZfT3j-Oe97KgAEwHkK1
atmos25_8059.jpg,1B-6VS_dJPiooSsDV3cPIpniwcnTSnv6G
atmos25_8060.jpg,1B-UmvqgQ5cS1F3dNN_xAdggne2DotTPx
atmos25_8061.jpg,1B-MGY5WDTZomjpxrruMKlWCkBYIhvOGP
atmos25_8062.jpg,1B39UCmrUUs0n4WmnE9J_pbfJw5YL9j6g
atmos25_8063.jpg,1B0sZVdKmcjZQTasJR3DCZX2MiuOR10ub
atmos25_8064.jpg,1B63DJdECX31nzFQDuI_a_LBFhDltP5uw
atmos25_8065.jpg,1B3y4BmNdUBZAjAFdtWhVDY9PFNgTV0YO
atmos25_8066.jpg,1B6h_biht44T64AZNx8R_tkP2YGw7tsTb
atmos25_8067.jpg,1B95jDs_8TDfunqzhZDnIiU9d0OKKhmjm
atmos25_8068.jpg,1B6DypedNk0DWGa3xCNUdjZ9ywbNYgoul
atmos25_8069.jpg,1B8IZMvVIN9PkWfzFEgKzJshVsDc4tyOo
atmos25_8070.jpg,1BF2NqFcJQr3lA_P8VgOilLuya45RQsSK
atmos25_8071.jpg,1BDY8SblNjVK96f4Blbp3oRZbdppgjN24
atmos25_8072.jpg,1BHJG4OFpizk4aTfIKBpWyp6OV8YiIIwf
atmos25_8073.jpg,1BFPeiJ2MPOE0IR_2shHBjFeEmmMWThZ8
atmos25_8074.jpg,1BIb-M_8Ilch2h9ruGGR2aQizBhmFWNG0
atmos25_8075.jpg,1BHjGIsyfm2ZsIJSTj1U900UZiMHKLf9b
atmos25_8076.jpg,1BKR3LpBEETQJTAQdf9mvFxWSpSwDaLJt
atmos25_8077.jpg,1BJ89Yrw4b3B11afe8XfbB5Efx88HpXFR
atmos25_8078.jpg,1BN8Z_7L8woNyslqKr1VVn0HsW5lYWhsG
atmos25_8079.jpg,1BMqDmr3xXR06OjoPTiGjj35FS9ZeYMVH
atmos25_8080.jpg,1BQPGRlV36Rvi-aI3qsziwqbXZF2A-04A
atmos25_8081.jpg,1BQ7sJU18AuwehcFLdo4Z5jmbCqzH4ia9
atmos25_8082.jpg,1BWiLj-aEqfYHe4b7Hzb7M3mZKC9ArBOr
atmos25_8083.jpg,1BRj5cguCFef65K_FkDel_I5Eg2UqZ5N_
atmos25_8084.jpg,1B_jtjsKrX5bCjnYINDmpdeolKkqduK2y
atmos25_8085.jpg,1BZTUaGjV5Hs8Uw6H1mXcoCC2GLHnpdYC
atmos25_8086.jpg,1Bax2o9XyVQfZoRe1aUXL_udgQ00x2kUu
atmos25_8087.jpg,1Bal6IBUo_3-Wzv5rb7Aj8nYO0cBvjCEX
atmos25_8088.jpg,1Bd78f1_l5--B252km85P57FFu8h1mJfa
atmos25_8089.jpg,1BcLxFZSkNpWO42U6BvMYIOKGtx3Zd8wn
atmos25_8090.jpg,1Bk_KAGk698MZZvOd6SYP9WPEyGUb_TnA
atmos25_8091.jpg,1Biqe3yjMadgDmRUsdyvrTE-y1xMIRUZ_
atmos25_8092.jpg,1BtCO0YN2OsxlBFeviLcIEV8PSVV4N6Kw
atmos25_8093.jpg,1BljLYKKt0mWg8W1fznB8-yO0ypN2ZFwh
atmos25_8094.jpg,1C0I-qmP0oifwFunPo08BBC83FtQ4ZCdE
atmos25_8095.jpg,1Bz-dCCAiW6uJdH3DhHwVWmC3u1M3LL0P
atmos25_8096.jpg,1CBGjYyzAku1VFPd8iq3HbtR0yPmop0yt
atmos25_8097.jpg,1C42-GYWjXzodQEmnfhJZEhB8lFuP_K09
atmos25_8098.jpg,1CDnPXieKqDHAyYmszAFZv0iSupV9x9fy
atmos25_8099.jpg,1CIN4H3E5LM8ixf_V_o8FjhT33GMf3Kwi
atmos25_8100.jpg,1CCUCPGy-O5rOL4Wcv7JVTElomAoqDpzK
atmos25_8101.jpg,1CFy7P1LTyNX6wYt7-1hZrm73e0x70mMu
atmos25_8102.jpg,1CM7c11OSTpd0dYM0qOzazoImOIwO6-P5
atmos25_8103.jpg,1CL9MKjd78AEGckjKZJ1Z9ipOeSEbYUV_
atmos25_8104.jpg,1CNFy5l6oz0Qw7eMDftFrhLHL0v0YyhiL
atmos25_8105.jpg,1CMkwLrklEqql9mSQer20goZAWwOwV8lU
atmos25_8106.jpg,1CSFW5J96z-0x12fjmJDi4zNxIb9rS0xl
atmos25_8107.jpg,1CSERoxr9yJ7nCxyKiNPfk0F1CZbPFTp4
atmos25_8108.jpg,1CPGb38uXn-lOxkiC6fypk1Q_DfzvRpc3
atmos25_8109.jpg,1CUIUvHmy6eVMHQ0KW_Mv0aY-ZSNa8IGw
atmos25_8110.jpg,1CP7Ytcg0m8f06VHKrzU0__6ckQMXHHx3
atmos25_8111.jpg,1CPWunEEV1VU01tRwvPc_Y4Oq56uLqqpu
atmos25_8112.jpg,1CVrHM0IkKxVhOjmT1rFxL94mG8i5-wkn
atmos25_8113.jpg,1CeCE-ZLcORzDNIY3oB3zkpxm4Y-gNyuR
atmos25_8114.jpg,1CeiV-98kUnRYPX7jmXWH68FDbSChy_fv
atmos25_8115.jpg,1CgFrjlNNW9IeidKGWcQNf7hcT45GhIyg
atmos25_8116.jpg,1CmQ1zdtabcy62Rj3c4UgBeyOschlEAY1
atmos25_8117.jpg,1CrE4fY70vec3ENc_zBj0nZaWh_dJVjzq
atmos25_8118.jpg,1Cwo0lGsG1wWRAQU5urlv2qZVNkfuWoCU
atmos25_8119.jpg,1CyIkQsnbPLYLxaTDLV1hew1oJvhhCrGi
atmos25_8120.jpg,1Cu11xnXuTKqxWZf-o4_RUG1wnXlW2w_a
atmos25_8121.jpg,1CvzHcA1MggmEhrgT7gNsk8uhbn0dnmfE
atmos25_8122.jpg,1CzV7MhSOKWQkKmhvaQEBVDOtWVEFD96w
atmos25_8123.jpg,1CzQDxALemQh35RKwoL8S4rRVK8k1yMX1
atmos25_8124.jpg,1D0QiEoVsK8Mwjd6Ic-frpbD6VkwyS9W4
atmos25_8125.jpg,1Czg-hLczAynO1csbwHq2BQ6fRyKjAu34
atmos25_8126.jpg,1D0rriHUwy5qG1m5f0Iyh8qfbo9-Owkjt
atmos25_8127.jpg,1D0etUX5Ks-EZZjVRQBGgAX3MkijdpwCc
atmos25_8128.jpg,1D3Pycy7Km0KMm03GZSR6Lo_oUzH3rRov
atmos25_8129.jpg,1D41D3mmsd8N9yj0WOQoB6-sHGeNnrUpj
atmos25_8130.jpg,1D2HxFtNs4s8tDNnwwEmxFEqZJzZXqESy
atmos25_8131.jpg,1D8Ypbq7iFX2V1IKCcvXcmj8KiHWt3C8U
atmos25_8132.jpg,1DGQHTETlODnfLOAXl_tfFYkX3S5Az1QM
atmos25_8133.jpg,1DAsPAADMbcGoM_53WLWHoH6gcehj_cGu
atmos25_8134.jpg,1DH1C0h7tCOAbExY1o1Hy9XNSevgbONIw
atmos25_8135.jpg,1DGj0z-Z3DLD4TTZCnLoU3f3fRb4p5Bp9
atmos25_8136.jpg,1DHHmk2kedFLTiyNeGkTzElMmpSF3-WGy
atmos25_8137.jpg,1DIawtELkcMHMwQNzaVQkterFTt5Przr-
atmos25_8138.jpg,1DJMnQH580IUpk_h7TARALpd5WIX3w7D5
atmos25_8139.jpg,1DJ3JzFU0d7MFFaQI2h8mWKMWuiJgzUSd
atmos25_8140.jpg,1DKpmoR85FhlK3nY9SBWk3vAWc6Ykbu3Y
atmos25_8141.jpg,1DKHIakKNUFmjjvhpB7TQgautoNPEWGeK
atmos25_8142.jpg,1DNxsHYB6RoaCSX5cU60Hf1810QqUKszd
atmos25_8143.jpg,1DLOQtFezfBBWlDEO2ql84oMA8aHoO9EJ
atmos25_8144.jpg,1DQ7xydSyxHXdCgqzhc5r-uKR7pLS64KP
atmos25_8145.jpg,1DPtRuV-5OQ3i8YKnNV9GMzf7zW5wK0UA
atmos25_8146.jpg,1DSTFUMm2pgnTSuFAPegvXQXXbkL7epKJ
atmos25_8147.jpg,18GBSYJ3kyltt3n__Bs-hLwp-xzzmKCEq
atmos25_8148.jpg,1FMT5JnVplCNSEDlJv2AeyjvP9AjkhJO2
atmos25_8149.jpg,1FFd1q_bDKcp_ariOHNNHUEHytDZMtOBh
atmos25_8150.jpg,1FNfPzn-F6V1ttN-ranEjKXPh0uq1Sra6
atmos25_8151.jpg,1FNvG16S0jJHksO_K4rD6c_1P3r1XnZDB
atmos25_8152.jpg,1F_PiF3zRSjG1m7zg1tzwKQip-ai-en2U
atmos25_8153.jpg,1FWLF2JP7zjlG5-RtCP-Eemq5TYfJeu_V
atmos25_8154.jpg,1FduJp10RS83075nqEFJyW49llxVQtDgq
atmos25_8155.jpg,1F_dHynp2TRerUwZpYbyD-In15cKtBeSf
atmos25_8156.jpg,1Fa_qr33es84gL3vM3aeD7ws1cpFwRbvl
atmos25_8157.jpg,1Fg2glP45AImXynfNskqxJq4cRZMfAcjZ
atmos25_8158.jpg,1FoqQB5tLF0--aIlvD8oaGeGq80WLaxAE
atmos25_8159.jpg,1Fi7FBNSghscKdHBZn7x3zTbVhYjOJ7Co
atmos25_8160.jpg,1FcyTPN6m5qOKzhSFL1gkptzaQpzsgphg
atmos25_8161.jpg,1FoGg_7wdNSZQjeWaThDUJpoz9t3sr5sP
atmos25_8162.jpg,1FxCit5e3cDeZmOWfWQThbUVVyAF1Ilix
atmos25_8163.jpg,1FuGZ2yPgnT7oRHHY7v1zT4Es4-F90epO
atmos25_8164.jpg,1FtVBwlAGVyQymfCsLCdzfXOMTvAkylRk
atmos25_8166.jpg,1G8CBSN0x1hs14CXPhJZ7qfBmGF4LRTy8
atmos25_8167.jpg,1G75dcBZ7YhjE1EEsa68q4hVcBevtcUzu
atmos25_8168.jpg,1G4glXw4sIs7Co5f3cT4ElDATyFzPsWZr
atmos25_8169.jpg,1G7snkkFzGrqnNSkuhMsHjPDjXCMhEfN3
atmos25_8170.jpg,1GK2C1bcEU64Arex58k0l3jwJVKawAzBC
atmos25_8171.jpg,1GM-30HBh2uWF6oF4iVeFub_ocmxNQkDI
atmos25_8172.jpg,1GXOcpLNoGydkcFeZVcjczT5vP4gS40HY
atmos25_8173.jpg,1GTtRyLo_9tip2LZ0fpKlQ7bCD8sGeMsK
atmos25_8174.jpg,1Gmbk6oKLZ_WQPpzet6TCDRWruW0N658F
atmos25_8175.jpg,1Glc3hOpOIceRkIJulT59xxdAF3Y-y7wj
atmos25_8176.jpg,1GxDWTAKUb9wKrfU01iZrNepUDC7FIRsc
atmos25_8177.jpg,1H-R3P-WzOc-pZ0jKM2SqB46H_OL-o_90
atmos25_8182.jpg,1XsEjbEI1pmKnaJhkYQNNy7CCCQFdhoOx
atmos25_8183.jpg,1XrhIcwHtnusfP22mDr-Frmr2ApugnWSu
atmos25_8184.jpg,1XrVqvjLN-qEyqjQs7s4B8UIgydy-pC_M
atmos25_8185.jpg,1Xr76de1PuCgPlwAW5l0Cm1GX-4neDxn9
atmos25_8186.jpg,1XsTiy-uFG3KhwQ1ODxYCoMxlViu5CrTe
atmos25_8187.jpg,1XpEPcGBfJRUHa8fNpRk4icdJxmo8Et6E
atmos25_8188.jpg,1YLPboVGrh22tx-FLkrUDft1ZFbsAZrJr
atmos25_8189.jpg,1YHedIFH7WsEJ6U8ZWY5QpS4DcmvO37wR
atmos25_8190.jpg,1YRIHKjNnh4h_2qS76fFD1kD_ymlMXJ3w
atmos25_8191.jpg,1YC-__CnUmwsaxMkKsELyf3FcmCAa-dbF
atmos25_8192.jpg,1YUnp3gK4cQvqJcJJI--222cTYCp55yFf
atmos25_8193.jpg,1YLcVRh6Ps5VFscNoWLtSx9Ez_89boky6
atmos25_8194.jpg,1YUJazmMg29a68QiC9bdRa9VwPK2V8YQK
atmos25_8195.jpg,1YNc36dQVSmFyHpb1xFOMI_JkcWwei8sB
atmos25_8196.jpg,1YmNWppFelUSi2Qu_IfMfQP4Ov08f7FhC
atmos25_8197.jpg,1HNhUacUyioOwMQ6TpY6YAMgI50NY_V6D
atmos25_8198.jpg,1YkjhvYD4N1Ut5muy5SRuI3G9UtTReaks
atmos25_8199.jpg,1HMA4noJJJgCnLt5lLLpsqpPOl3m9sJ7H
atmos25_8200.jpg,1HLiZ6cGp1AQ9hmm2xajQ_v2QR5cPmZpr
atmos25_8201.jpg,1HRTy3Rdp1F09yJkUhep8vNfToGcGMzw-
atmos25_8202.jpg,1HSVVbbH4Uybsfsw-OoMPC5o8o87BAq7Y
atmos25_8203.jpg,1HIx8_KVtjPyqRrktVYE9OG_P8-FOjraj
atmos25_8204.jpg,1HSREDwsAdbsXzdHlqiYgKz6uheWnec8c
atmos25_8205.jpg,1He1g9vEKuqs79B7GPTKrg7nVwxZxMcgX
atmos25_8206.jpg,1HczeG_W03hrJXKgIP-oW3mGShn6lIfDv
atmos25_8207.jpg,1HhYyAx7nne7Iya4-sc9ZZIMyVUAzOs2q
atmos25_8209.jpg,1HfJrF3D5BlGqLdghsRNtC4ZIiMZKFNS6
atmos25_8210.jpg,1HkpxheUbxR6nVC1LiQZXHUoAgcb_tur5
atmos25_8217.jpg,1IYcZzRptFlPbCW5ZB0QiKnkhtoL8Royv
atmos25_8218.jpg,1IYNzqPZ8TEYVr0QNmMNxtrhhXlxvdS0V
atmos25_8219.jpg,1It1GtUAkH8C-DxpLhr60Y6uhhPv-vq22
atmos25_8220.jpg,1Iqssnt7VsBWmfnM-rpkBA7BKslsrgYQG
atmos25_8221.jpg,1ImyhLXAWFYjZ6YImm3wIR1Yrfjkmt0Th
atmos25_8222.jpg,1Iuw8WV29mRy_rR3fQcopfVI2mTiRQjQa
atmos25_8223.jpg,1J8rOsKjHliUHApA52mQyqoF2xh8CEldO
atmos25_8224.jpg,1Iys7zNrxqqBAfgPcJ7_xUsnE9fHAzjfM
atmos25_8225.jpg,1J0AWkYE_fmdJ6R0d0IjyW1Sa6GwiSu0V
atmos25_8226.jpg,1J8Gb4fZRIMW2NbVjOHXOz-sqb2IShTC2
atmos25_8227.jpg,1J5kyn3jG1_htoHvEuWxf5HN0w1yJokiS
atmos25_8228.jpg,1J8gS5-kCJAiUVQl6AFLmqsw_7VaOlDsx
atmos25_8229.jpg,1JIczQfX69geR_KYcNih6MUYJ8l28HGY4
atmos25_8230.jpg,1JG7TTx0Oun69cEZgM7epVOayfKvIlAMQ
atmos25_8231.jpg,1JKaMhLDrLxfH2wbwkubg9XV1wherVrhV
atmos25_8232.jpg,1JIrJzCh2zpWiS21ET29ZxznGWySlGkwD
atmos25_8233.jpg,1JUTgUNXpHShr9A_H_M2galN6RXfGcte0
atmos25_8234.jpg,1JR4qQoyrwD5FnkXUdUqMFTXsxn-N7t2F
atmos25_8235.jpg,1JcMauimISYUjyVJ8tM4MQN0XzRZ_kGCI
atmos25_8236.jpg,1J_hlQykk8TQuMhFnmK_dDcw2MTSmTvKv
atmos25_8237.jpg,1JhIt0bMo6TSUu22U2Z7tWhJTJ6dTIsR1
atmos25_8238.jpg,1JgTFRKqQ4BaF5XXaBEhQVu2A7_EXpA00
atmos25_8239.jpg,1K7Ij_joKtVFbPX84Ckk-V5SmAwxhrKrM
atmos25_8240.jpg,1K6r0NkffC_6-T1grbFHYKGeUcKbVzMiv
atmos25_8241.jpg,1K7THqm9cxagBwv9J69Iv5WsTSjShr-m-
atmos25_8242.jpg,1KACJUeoKTOrbl8JgViY8262i75kssLDQ
atmos25_8243.jpg,1KIHrxk8R4uzsWHxePI8l-fGyUq9eYA0J
atmos25_8244.jpg,1KFQyUj3k1vE8Ehi-W9MnilefJFwU_wT8
atmos25_8245.jpg,1KOFJYgRHEsYUHok8i42gO7TmrpEV57Tr
atmos25_8246.jpg,1KL1GCA5qIZRvRyYiQFhvza1ww6enaF28
atmos25_8247.jpg,1KXPTTzextt8HLhnvp4w4oB4PEzEkcDLx
atmos25_8248.jpg,1KVLgPwXRT6bV4Tu0JdHAk_jaexDJ7VtX
atmos25_8249.jpg,1Kd7soj24dE8ROwUVpVfF9HNN5WdSrqs6
atmos25_8250.jpg,1K_0ZFix8xUmsG5KNW8gUsVxii9x22qab
atmos25_8251.jpg,1KilB5J6QQx_pzmuqN4wiWo3NG0GQ65LW
atmos25_8252.jpg,1KdvjO_MkEXe5-lnk1uw90CUGBLPjwxg9
atmos25_8253.jpg,1Krcqe-hUEwnmqhchjMiaiJfDbwftN9wq
atmos25_8254.jpg,1Kof2qmv-Z8-iVn_FNeyVeTFW8TbUB6L3
atmos25_8255.jpg,1KvmW7Db3H3IOJKKC-w4_3IF_qiI2IMhu
atmos25_8256.jpg,1L0Rm_VRV9NQAy_dqgHEQft9oLiGHtPQO
atmos25_8257.jpg,1Kzf9qXvBQGx9oxXCvGz2fZWsiwNUHG7n
atmos25_8258.jpg,1KvbIsn0U2GiR_S8qvX_D3Txhbk8-FyvY
atmos25_8259.jpg,1L2K75MamriaB-JNn2ux4aLn2kycpRUIq
atmos25_8260.jpg,1L84YFobVB3Ie1--FT4yuEnCCgn4Rh_h2
atmos25_8261.jpg,1L5Hqh7cpyGZgG36MLaOA69y0hSXJTKax
atmos25_8262.jpg,1L7jx_U78shMiiFbYrskjbgkicWK6C2yP
atmos25_8263.jpg,1LE1AYu1XVsCGMal2yGs9CM5BWMmhWnDS
atmos25_8264.jpg,1LCweRmAUMNZpFWvI9cHqUTZGDFcg0Iu9
atmos25_8265.jpg,1LLs-uIcefz3mptM1FhcZXwruhVlrvBY6
atmos25_8266.jpg,1LORFkl7_QiOcTMGRkkoeJQq7kdkK7tb6
atmos25_8267.jpg,1Lhu5nMBKDj70t5_GGhwJWWlu4iHmhpYq
atmos25_8268.jpg,1LhM9HSCB76WNtY4uj331DBoxC3Q7HYZF
atmos25_8269.jpg,1M6uPX_UqjagrzrQCXLMwgPS_idk5eHel
atmos25_8270.jpg,1M8LgGneZrRCwCUVYaPi2p8IWIW_PVFWn
atmos25_8271.jpg,1M4-Z4J8Kox3lMzrAdFLzm-vA6RrvZ_HE
atmos25_8272.jpg,1MDha1UB359nkOOEi5QfU5PEL_Aq5BnXL
atmos25_8273.jpg,1MEi7J7_waI6gP2q6eqZwn252PNXT5Jof
atmos25_8274.jpg,1MEETo-qqAgMjimHq8GDHa93wD7zyWXVo
atmos25_8275.jpg,1MNdc1gMopOY3-UIn1nDSrnhA2Qk1cY3B
atmos25_8276.jpg,1MTNyy92is7Ar_EHAcTlscffX1tA4eWbe
atmos25_8277.jpg,1MN2R3ibQP-cT3sNoMzHEMsfetHvSQUQs
atmos25_8278.jpg,1MRYaSlOSu0MzQVn-WJOAX3_B3dRLAizR
atmos25_8279.jpg,1MXL1n_DIamPPV99Akwa1XOipoeuP8Rzx
atmos25_8280.jpg,1MXBPBxym_p7st2aI7yTATpq13d0KUfDO
atmos25_8281.jpg,1MZLQyy8vZ-r-xoionoo7OLLO90ZCDCoX
atmos25_8282.jpg,1M_VHIjyst66qFbFOlPO_aoZfxryLANhG
atmos25_8283.jpg,1MocamAfRlZo-DfPs3YEEuKEaJghzGa5d
atmos25_8284.jpg,1MlH4tFuCKQIaThdsI-WaCN2hzhChON1V
atmos25_8285.jpg,1MmMuoiVaaG6tniTozZ0G-NDxZiUAaOPx
atmos25_8286.jpg,1MmwTfM_LO8et11BnsfnKBxMCHL_-QQvR
atmos25_8287.jpg,1MxeBZaNjdOzjEpSgdP5wf-DJtYNah0U5
atmos25_8288.jpg,1MvurIizFzdIkfskpdFyx-FBU1fWpnASu
atmos25_8289.jpg,1N7Fb8XjzCIyHEwRzFj3i7WnfN2mmY7pf
atmos25_8290.jpg,1N841Uz6_Ufwxbvxup5m2N2JaDW3IQcO_
atmos25_8291.jpg,1N9kHm3RQZMI5tIMil1DP6jhcvjlhaBpi
atmos25_8292.jpg,1NBzuo6LpT7Dc169j75qQuMdah727rGlx
atmos25_8293.jpg,1NJFh232uTCSvTZmnSWvujivRQ1QEGhwM
atmos25_8294.jpg,1NK40bkwx0nia18DTqoLZ4zO4QhjJsNqm
atmos25_8295.jpg,1NH2AyVDxweSJZ3zctWTEaYEakecVh18O
atmos25_8296.jpg,1NHK7oXzJb66S7t7_Uj4DA-sJhtsKpqIx
atmos25_8297.jpg,1NONyhyoy0rcDT1q6qs6grBhwnywIAiy1
atmos25_8298.jpg,1NLVJJ7sgDA283ySZRTT4JpBlVJFYHjfc
atmos25_8299.jpg,1NKrmgjB8gh-HHkEHwjGYGEyFxn3RrQ-G
atmos25_8300.jpg,1NNHGf9U1mXLuK7NaVLivJbo5Q08ptkIM
atmos25_8301.jpg,1NQsGOI0-mRsVoILk-7uG0WqAAUkNJlZZ
atmos25_8302.jpg,1NYzlGQlB6LnEvKeTUAjC6anxkSaX2wlK
atmos25_8303.jpg,1Nd29JGOUloxmdGvPiBlKxCDMQ3ShVavO
atmos25_8304.jpg,1NZHHr1s5OjcVNLhU9A4vB6M8DaW8eDVa
atmos25_8305.jpg,1N_RFLYkPA50tTVZzZgzV5c-fUzho6cgm
atmos25_8306.jpg,1NTFzyL2FxPQSS7qt4w5ZXdwNcp8fCPP8
atmos25_8307.jpg,1NboKkpgA5Bq-bVay51ESqqPO-iKcX6NX
atmos25_8308.jpg,1Ns-QnIrUEUCET1bPQzm1nMjFH7qVNpYx
atmos25_8309.jpg,1NrVbAFvYYbtTfQNnUnNlOkszxxNJ0x98
atmos25_8310.jpg,1Nrx4ZtKq5tFnyPbn5QegBz3zEztwiNVE
atmos25_8311.jpg,1NmybqrDgKfP2SBYbEe-UZ5vhvnk4hDuK
atmos25_8312.jpg,1NuktGEiM9YfeIqsRB4Vr9_pN66fFZzTY
atmos25_8313.jpg,1Nu_XWMdgyMfTh2Zps-OLK78kY-vssg3N
atmos25_8314.jpg,1O2v9yM9-TKqt7PdM7FAd7vExyzLazOIg
atmos25_8315.jpg,1O6nXfepqPNK7LOf7v8yi7yiN0pmqMzz1
atmos25_8316.jpg,1O1dhl93gw5cNO_zvCgsixQgjpdwCJ7fE
atmos25_8317.jpg,1O48xcgLrLaWsZnzPA3qshgLO1I0CMZ4C
atmos25_8318.jpg,1OAFsaFBn1rNT-RbTGeeoD-qW65UaJUnc
atmos25_8319.jpg,1O8bb3uDS0-TzmDXXp61GP5uZos7LoJRX
atmos25_8320.jpg,1ODboWtIm032pef8aEZMKMGEUXJHFoArm
atmos25_8321.jpg,1OB66FQYVQMTXgd01Y5rKpdOTAQjKt-3o
atmos25_8322.jpg,1OFUoEiot21p0QfBjgQrqzddY5QXaoUen
atmos25_8323.jpg,1OEBY0gmKgB60OOuHgPXM1JrEXOZ8iawx
atmos25_8324.jpg,1OM3UjyfNMtM63oCPofI7qCjptm8qMPAE
atmos25_8325.jpg,1OKK7y-0wRxQ-Pi6dPnEOnJhLIEWqGMt3
atmos25_8326.jpg,1OPqcFpPsP0ISeQlI1IjCmiKvLL8jxAlG
atmos25_8327.jpg,1OO3j-DxUAJ8rK6rGiZasl_k8OaIY8tYv
atmos25_8328.jpg,1OWwd_zpBxXe_jFhls4G9LQUAGZW99B3g
atmos25_8329.jpg,1OVvQqgIYJVZZ9Yz0kVnsLQgYxJmI99II
atmos25_8330.jpg,1ObRRYAKUG_b-0m2KJQi-6JBZu6a7NAn7
atmos25_8331.jpg,1Od-IQzRnmncLA1o8QARh5Hy-gksuo7l0
atmos25_8332.jpg,1OZghZaoQVxea72jbHkDpRYkpLTlQNesR
atmos25_8333.jpg,1OcsU6n-ayXml4kcpcz7QRJIstGCTMduR
atmos25_8334.jpg,1OdrW8-kFsjkZnXr-tsZ-3m83SoyEFRpK
atmos25_8335.jpg,1Od3XWyzrE2LRVMu-xjUKA9jH6FnxT8qH
atmos25_8336.jpg,1Oz3QSaEeOaDU7eXHCNXnSn02ZXOhSt-S
atmos25_8337.jpg,1Ow8ec7aP1snQ-Rkhzybz2ku5bCR3uohg
atmos25_8338.jpg,1PAUfsnjFGlkONEJ1NjBTTWmQn-w_CtJI
atmos25_8339.jpg,1P3GfmM9eseVGm1cQ8lqAuN2ikk1rGooi
atmos25_8340.jpg,1PLbmeRJozXL1GCSJp5_DTOXdRdzsDuCN
atmos25_8341.jpg,1PJ6eKOc36bHHwCyC9_P70HKbyCcP-5cW
atmos25_8342.jpg,1PMm9fvM7i4YCrh-UGA6AHrnY8ZTIUEKR
atmos25_8343.jpg,1PM-zNcUtecjRWGuQDXhbLBC8_vadnFJj
atmos25_8344.jpg,1PScEOq4nXqZhrt8Rc3ZaJdqhriojDMp6
atmos25_8345.jpg,1PN6mX7RF0wT5rWqImEIwr9U5SlOjZQMG
atmos25_8346.jpg,1PUrRpMLa1tdzHlF04A8q0NOKFnO71GLd
atmos25_8347.jpg,1PT7YlDZTZPEA3u4FRlF1oB21Q3fjjDod
atmos25_8348.jpg,1PYNW313e_HxgB-6SmXbry-BV2MFkrDGn
atmos25_8349.jpg,1PVnF5aXRsb2uLS7EI8kmztceRTxoc01P
atmos25_8350.jpg,1PbUXZHDcBLCTciCh0bDq4t7C_xBXWN0K
atmos25_8351.jpg,1P_nzH5gTt8nGGCRDqBKpAlqRdlXm4F-J
atmos25_8352.jpg,1PdqnZIzVESKJlw5tAWrdhU6hSnBQikiT
atmos25_8353.jpg,1PoI9pb5ksW6EIdgpRrrUScTrGf6kOE7o
atmos25_8354.jpg,1PdjcJsDQ_mNuRJFF9Mfu9AybrI3CVVC5
atmos25_8355.jpg,1PevyefiTv704M_L6glQRZHBUjvG01xQw
atmos25_8356.jpg,1Pybms_hVX6mG6iUd1YEWMjcpblIKh_8W
atmos25_8357.jpg,1PtJlJABZRPyc8aP6_94q0Lt-bPB8g9or
atmos25_8358.jpg,1Q070k2qZF2h3cypmvPv9iXAHKqReEoi3
atmos25_8359.jpg,1Q-0iKVYDIGbX0XPY07pc36_2zO--xzOT
atmos25_8360.jpg,1Q28qkNOjnOAcX2jN27xT59OQmUyVH3nk
atmos25_8361.jpg,1Q1ZXqVl_sfAELgPHo-IH4Q-Iv0qmtMW2
atmos25_8362.jpg,1Q5otuQ9UXAVVZ6K44RQkVgMdwiFWto8J
atmos25_8363.jpg,1Q55Num-QsW9t0Cg8feA0PQqO7FicbmHk
atmos25_8364.jpg,1Q99xrdil6nOS_R4eKVesfWV2Siu-Q7rr
atmos25_8365.jpg,1Q8TD23yPWY4eBavEor09iJzcm7rBYLSs
atmos25_8366.jpg,1Q9RH-evSWyY3CCAgDLBpJ084ot4obfA0
atmos25_8367.jpg,1Q9PafQJtjHKVvSRffXTUaN6LPGgj7B0X
atmos25_8368.jpg,1QTk-ZPoSMUFbH5xc2VvyYrAQR0wH72ZM
atmos25_8369.jpg,1QN7ni0GnXJlZ0BGsC_qOtqjhVrZ7NDEZ
atmos25_8370.jpg,1QXckXmDOS0t9QiH1QH0Bn4Jgty3RDUfG
atmos25_8371.jpg,1QURFAxfUXNn4BmN4qgrWuQjGwajBVLiM
atmos25_8372.jpg,1Qc8grwbWHi9wdNQAb_hiX30aD_uMeEKA
atmos25_8373.jpg,1QYDsrUBfFh-eMmpBuJKqNwNl94H6WvMk
atmos25_8374.jpg,1Qfx0BMvOOUwvrOdIbfQgA7C2BUE85Gbq
atmos25_8375.jpg,1Qfveq985VhhjRpNJqF-Bnu60Ib6wMI2f
atmos25_8376.jpg,1QhWjuaeTdAGTvh2WwX1V4h0PHibcUGWk
atmos25_8377.jpg,1QgbXjL69TiwWvNVtOho00yPa01YYAAgn
atmos25_8378.jpg,1Qk4X5aG_TcirRmGXq6HOuczRRABT_CZ4
atmos25_8379.jpg,1QhhAZpz2Ilxcjf-A_cFmnKYthNhbLrYU
atmos25_8380.jpg,1QnFKSzCkrlpmb9c5l09a_aSG94aEu39E
atmos25_8381.jpg,1Qlu3zJcs0O21zqqmPyZCMkPEN29vUUVL
atmos25_8382.jpg,1QqGFpZ-6Vq7VPd9OdU6H9n2-NVpZobSH
atmos25_8383.jpg,1QofkkbrfwZr27jyfpZbVDQ87sm5gOZwL
atmos25_8384.jpg,1QvVIefNjEEC4VHFGu0LbyK32_Q01W4T7
atmos25_8385.jpg,1Qt2q3jikglcU4MeZBqoRX-_m-eeUsobo
atmos25_8386.jpg,1R5FRomZue_0DCKuqMjjWExsD2X9ysOKa
atmos25_8387.jpg,1R-le6IM2KiSAXdwDEG15EF-GqGUDn9xh
atmos25_8388.jpg,1R6klOWuwvZqSPEHl4XCoWuScZYsIGWCI
atmos25_8389.jpg,1R64-W1Vn7ggWyv1K8PuBgC1HEHVWpzvZ
atmos25_8390.jpg,1RFJYaI9KQd7HEIjN2Laq6J1gSniY5I2m
atmos25_8391.jpg,1REiuUX81D8MalwFVH0pdFzx1o37R9AKA
atmos25_8392.jpg,1RP7DyWLKXREKEW53Lnwywe2f121cYSCK
atmos25_8393.jpg,1RP4zWrSsgzcgY6DJ1L8UakeCZDvFragT
atmos25_8394.jpg,1RTbV8MEaWRfv3q8n6-3S-Z0JaQxtms7_
atmos25_8395.jpg,1RQnjaF6RYjUMZbrdHN8wZg-Y5CptRQKB
atmos25_8396.jpg,1RY1vpK87lt1wQWG4fiXpTBXI__CTkSCl
atmos25_8397.jpg,1RXGpH8Wjz9CiYNYF3gVyWyBkcWlc9x5y
atmos25_8398.jpg,1RZQV6o3-Ipr8jYyzEz3VpM6zgBzk8AwK
atmos25_8399.jpg,1RZF6aLNVncTWWmiNJRkZ8AfUwSVsOZdh
atmos25_8400.jpg,1RbtBVsl0YpHlZzREcPvmI4uxNixuQDCL
atmos25_8401.jpg,1R_-fp0CQTbSeaFXXjD0M8RCeJsCS-iuP
atmos25_8402.jpg,1RgLD75GkODEm-KtJgMlQ_jwFoOFWUFnG
atmos25_8403.jpg,1Rf1sXdqbk_Hv5B6G6iB6E-pS6t3gO9UX
atmos25_8404.jpg,1RwGcxkF8iyAZTrmv31WeKFhOdcR0FcHA
atmos25_8405.jpg,1Rvz0Eb8qynRBYx6j7AX22HBwl_NayCYj
atmos25_8406.jpg,1S4F9F4yr24A5Mg8p_Kase-pXl_QFQEGw
atmos25_8407.jpg,1S4Oz0VGfBuE7IrThH0su8BPwOjFwpCI2
atmos25_8408.jpg,1SN_atSv2PkkewQf4lgxPnvCWyiZLQ8CD
atmos25_8409.jpg,1SJEdbwCZLBV09n2htgkxdPFYqzq4wWC-
atmos25_8410.jpg,1SGxNgnGAehgLSUzQ44Nm1p42RQJREh6C
atmos25_8411.jpg,1SEibgliSli6gQOn9tar7j6A0CGqPXaAt
atmos25_8412.jpg,1SNXLKvEDRoFcqg_QHzW9Levjgsp2amcT
atmos25_8413.jpg,1SLrEgduiFzQry5hUXmBeWjG6w7axE1eW
atmos25_8414.jpg,1STw9GSU1WK85kIgrTl-27ttDZ4wIhDAw
atmos25_8415.jpg,1SRZWu-kSVAgESJ6gBGlZuVLM9YK7dNbr
atmos25_8416.jpg,1STi3FR4A_4yTQeziCFPm3mPz5JwnNI44
atmos25_8417.jpg,1SOsm-cUQ-c89NP1a3TOxiNq3xYG7sBUf
atmos25_8418.jpg,1SkRHBGo8UEeuyxAS3Yy5tURgrF69_xQN
atmos25_8419.jpg,1Sqa2tXzj_CY8qeEPV8UONIBpeZHc5qEf
atmos25_8420.jpg,1SismEc0_B3W7ubEGl99xrsI1s5OzK6qv
atmos25_8421.jpg,1SkmOXFj-J7WoOFQ1arDwUSTnbl3nWtx9
atmos25_8422.jpg,1SuuaShil9VnGABRsQOXQmLxLgcV_2JV6
atmos25_8423.jpg,1Sst9AD0jgikIZwx7ka23Xu5oagtBYOtq
atmos25_8424.jpg,1T0CBO7zT10ehsOAQVRcAutUQxZV0S4gw
atmos25_8425.jpg,1SyHf7uVUj83rOshxKNBoyANfR3-m3eHH
atmos25_8426.jpg,1T4wJRkDu6TXr9PurOz_EqAbMtd5tEw6_
atmos25_8427.jpg,1T4_jDTqk2v-GU9k3EfLronmcU0c1P_rj
atmos25_8428.jpg,1T5onC1OnGqlptrAiqYe8C9ogG_IKsHo6
atmos25_8429.jpg,1T5mK7IXIGA1rRA7Xs7qhkcv88OwT-fpg
atmos25_8430.jpg,1TBQfupSc7wBCJg4CzMAJMiaSCKtlS3ud
atmos25_8432.jpg,1TAdV_sVDB2XNcKD-KhGm_2TxsdQ97-Wv
atmos25_8433.jpg,1TD3c5izlpcGz89Hsg6DdukorwPEPDlhE
atmos25_8434.jpg,1TJT_oQdB1fB6DOONs3w1RMq9xkwUj7Zs
atmos25_8435.jpg,1TJGqDItoZIqyk31tndaEw5h4SFHltGzY
atmos25_8436.jpg,1TOKZsfVeiD8fhh4rQpb90BkXOPabHzlB
atmos25_8437.jpg,1TKbOFlEZcw9PdrS1OMSDNlq6BrXZk6cT
atmos25_8438.jpg,1TZSddwCIMbg3BB_gJJozovt-Y7oURMRQ
atmos25_8440.jpg,1TbAsH42yPCb6tGu2oGElDaB089Usbqe2
atmos25_8441.jpg,1TbIIDyrf8dzanrVptJpFAJBB9FDlkFUs
atmos25_8442.jpg,1TgYWdDjPM6lENz34t2c03NAgfLix5alZ
atmos25_8443.jpg,1Te2ulyZbLQMXSsWux_6N7E2qJL-LUIJ5
atmos25_8444.jpg,1TpOZQTPCuEyExvD3R9go32HoyIUje7Jj
atmos25_8445.jpg,1Tnpqat3OFuYHjpKZjzyOl2T5dw2KeTQe
atmos25_8446.jpg,1TltauJ8hfZvM0LtY3NkoWWl8mv9HOk7S
atmos25_8447.jpg,1UJoTlZRH_89sJlHb3fKpZ0U2_GNwQSDp
atmos25_8448.jpg,1UGzHrlR8VxS16GA4FJtxQuFFCWi_Voj1
atmos25_8449.jpg,1UeSy7PDljHnZZQQmgXOM5QPQA6PdtRB1
atmos25_8450.jpg,1UeHyHXRJn7JDUjl4iz9QPtL90kL5Bgyl
atmos25_8451.jpg,1UfQ-rDCr5LA8FXlFXbhEQdL0LYqIW4H0
atmos25_8452.jpg,1UfRMklwB1h-3WXt_lWxMvuYmvc0vSbLF
atmos25_8453.jpg,1UgKa552AEScrCpBKfN_D2ysS7Z3fEXou
atmos25_8454.jpg,1UiY6uAnNfMfah9V7ofmmVg9bYYEhAtSH
atmos25_8455.jpg,1UqBYysnU4aB4ezoGVyVtpbHU5_DIcOqy
atmos25_8456.jpg,1UrRkOMBY9FT6iiTdX_tMFECsBmLIZ0BC
atmos25_8457.jpg,1V0TK6G8TqsaN_UBuUgYM0wBIc-gR-ZbX
atmos25_8458.jpg,1V0Wu3n8KOTZivTVXlobhQ0YNbFPtpNaU
atmos25_8459.jpg,1V3xlLsKviuXcaoqq6-mGfQ5Xh6-k0zFu
atmos25_8460.jpg,1V6Tsk3q91aFefWRtxEELOj9ynQRj2jFe
atmos25_8461.jpg,1V5i-bIXPqHF__Nn0mrHvHigFA3tUJyLH
atmos25_8462.jpg,1V7HcKM1F9zmAxAlJUWyAYDF-knXjMa9v
atmos25_8463.jpg,1V88vGSA2nNsSz6drLbsx3PRGziOgg22d
atmos25_8464.jpg,1VDFMkgWFDORHTSkcWN_k2iAXY0LGxLnm
atmos25_8465.jpg,1VKhvqYoLNomLj8u7G9sm1rNcXu0WS3dI
atmos25_8466.jpg,1VKrslWDtlGnKAaCPnXnmv1RyIKC_eUI2
atmos25_8467.jpg,1VQAsLxKGtdyx408-wrgZzsm5R1KAr2tX
atmos25_8468.jpg,1VFos5qnkq6QpFbe_6VjZGnmfyVx9oz3p
atmos25_8469.jpg,1VQiz-eyFFB3kGkWiH5hpkxcnHMpn3CJX
atmos25_8470.jpg,1VVWD2FVfM3r1BLzqVugH37VW_gJh8B7Y
atmos25_8471.jpg,1Vcs5VrRJiIP_hhnFrvGm-65z7X6_ZBi7
atmos25_8472.jpg,1VdQOL2P34d9Puivwr1KDeFaGIGKdynTk
atmos25_8473.jpg,1Ve-6Am9VF05dSyjRuQ8cQvgG1ZgWSZ4-
atmos25_8474.jpg,1VgISJFmnQBChVU6cKR_5tKF8TwE-VLrV
atmos25_8475.jpg,1ViNqgDIxiGpFFBuZQLt4Xmlx_f5eoPlG
atmos25_8476.jpg,1Vkkhonm5my_oZprmepB0eintscYleoGn
atmos25_8477.jpg,1Vkt3ueu-VsbIUKfuL4p-W5Pq-skd5Umn
atmos25_8478.jpg,1VlerLpO0rvtkx0GjtXLTzvNhbTcaSjP3
atmos25_8479.jpg,1VmOILIG5i26NIFE7imypZ1tFhUADXUzm
atmos25_8480.jpg,1VriXmnuw7b1AqTPSV8Rt1a315ITcdUnC
atmos25_8481.jpg,1Vs1ooC9vVrwwPSQrpYcJIka0o6uW7BOc
atmos25_8482.jpg,1VsN8tTH9DCxqYG8d_pdbh4rvCiFIm2K8
atmos25_8483.jpg,1W4FkOfDp3IQW_vo8oLCAFjOYAkfFwNht
atmos25_8484.jpg,1W48eQ-avCKE-IiMK3Kk3TmXI7s52rF5F
atmos25_8485.jpg,1W2GFAWG2yCOlMAl_La-5ultmIZj5R_at
atmos25_8486.jpg,1W8uVIWyMAeGz2ai1V7U5ONSFkpgHjsvt
atmos25_8487.jpg,1W6ViMTw7Bib7cB63LqwWYyNFYsFvmWeI
atmos25_8488.jpg,1W92m2cqN5cIeQSFKN7EBxozojQg4CTuP
atmos25_8489.jpg,1WAnWmCcMlxbH1irLkmeXPD4bWNlJ0lzI
atmos25_8490.jpg,1W9StrolJM8xgPhP6GOWQoMe80kN-FhwH
atmos25_8491.jpg,1WCf0BImNXfws63SUtGdWbMXVpr7lunN0
atmos25_8492.jpg,1WDxT4ipby6bRQvOhmrtR-VxzCllfumGw
atmos25_8493.jpg,1WIQOj_TOhQCvsXxC0jYolSe84ix5-WQj
atmos25_8494.jpg,1WQui2aQqLX2tfl-IwGxR6QpyfUiekD0J
atmos25_8495.jpg,1WRzObNlWVKI82frqPmM6aPbCu2KSNYXI
atmos25_8496.jpg,1WbkihosklvaPQ83OuQGx7-Q03807KJ43
atmos25_8497.jpg,1WdUc2MW0WGel9e2hRRoaGCmzjtL2LvL7
atmos25_8499.jpg,1tK2lrosbcyrUpnmfgev5Hye-rLgjViNh
atmos25_8500.jpg,1tYsH0B009DZxaFnKfiu9BEIGY0oiVcec
atmos25_8501.jpg,1u8-d4sRK1x235B9r2koS-UZ1J6oPTkKx
atmos25_8502.jpg,1u8p4qMQG5FeHdWskfx-2fBrocLFfnltX
atmos25_8503.jpg,1uGQ7I2L8wG6QPIv3M3L3UQZHMbEHoJ_h
atmos25_8504.jpg,1ujHbwI-oS2nHZtq9Qack43_bVXTDFhbX
atmos25_8505.jpg,1tmRyLCoM6ekbcDqDR35XEqc9CYr_x615
atmos25_8506.jpg,1ujwXuGlWw4JyY5VusoW93zKerakQRXzx
atmos25_8507.jpg,1uvKjsxerftRRaUmdhxd2eJpd1Odw2cBs
atmos25_8508.jpg,1us7IoJf0qjfOaxSd1nPTScnZANLggyCl
atmos25_8509.jpg,1u4RXJlDw8MjB5j6WtzoSMe09u3dBUz-L
atmos25_8510.jpg,1tp-q6_IU6LamZEfyHg_yvrr27KPPQA72
atmos25_8511.jpg,1uXnZcquiwX_dR8NSBHA8XD-x5brmSldc
atmos25_8512.jpg,1t__1dvxt-ThR8kgKlKrx1pdy4qbvk52m
atmos25_8513.jpg,1uvTCqO12oPhc8EbwKZtQGAd-7lcSEhv4
atmos25_8514.jpg,1u51dog8OBdreZy1lwIjr97LE192JEL9E
atmos25_8515.jpg,1tQHfbhr0sDCaQHlcQEnzDccyRqfRa-oW
atmos25_8516.jpg,1vJ-tRFS3i7iKjEqXLzixUdYkpISzeq9J
atmos25_8517.jpg,1vJDbEb8aSBWlt32XqIRF06Kzhf8um0Px
atmos25_8518.jpg,1uEjTipkG4JXv08W-qbQkR5AD-ZwriIVe
atmos25_8519.jpg,1vUNwsE4Dkj3ERCF8fgHBu4FZHqqBLuVx
atmos25_8520.jpg,1vQofwU_vVZhHMQYxKBjzU-6uJewazNZX
atmos25_8521.jpg,1vWYe7knPR7GIqiOWdu3GMZvCv-i_b89J
atmos25_8522.jpg,1vXscoo5cpAWM4lWmG_YNzJHXjPF9GNNC
atmos25_8523.jpg,1vlkDpaDP_NpxXHw4jVqKxgEhGlhviXJ-
atmos25_8524.jpg,1tuiUBdmGSin6h0yZDe73CMSe_H5pwZgS
atmos25_8525.jpg,1vhu2nH9TYT8qRVEdvj271jLRJN6O7W-s
atmos25_8526.jpg,1vfO52Cv4vPNnPTxLJmoansmOCyrHuzZH
atmos25_8527.jpg,1vTfi2wAY56AQPtyC3uUvnjK0RaVVzHBo
atmos25_8528.jpg,1vLXUXbVZ3CbDndsMw0cEdzky8IomHVBp
atmos25_8529.jpg,1vm2bqCPjXrpMzIlkdQKG7YZjiOUenl77
atmos25_8530.jpg,1vmOUQhKaYixNl-RbRxYvnXU8_fc0AFdj
atmos25_8531.jpg,1vpTG7hJkZYgO5SFVO0TxluaAPhPbJ-jg
atmos25_8532.jpg,1urWGQz6ruyTct41W4uQNQgSiFzX_S0Z1
atmos25_8533.jpg,1vxYHha_VnytXjFgRwMp7eGThScuo5zo5
atmos25_8534.jpg,1vR549vnBZJhjCDVe2a-61h2KZTPpdH9v
atmos25_8535.jpg,1w-yD0BRe4k6hld7dFpZ8D2owhQWdpOzh
atmos25_8536.jpg,1tIwTzWuxMWZmAKkUwKzk_A0QlJJQWmVF
atmos25_8537.jpg,1uxYIJ6EQBT5sHSeGflAJMvrkYMkvpO8b
atmos25_8538.jpg,1w-9jSG9Zfwaqv406CNEu5nIrT01ZFjV4
atmos25_8539.jpg,1w-q920omhYOLIEmChHT2Lhh599nW6_Bm
atmos25_8540.jpg,1vkpHCXSskL8OcGeQmuVDQHdUrpGsvqzM
atmos25_8541.jpg,1wSozy52vsHp30FQvU8fBUAj0c2zUpND_
atmos25_8542.jpg,1wM0Kx1HhRyExHiC25pU4b9UsBfhAjTDe
atmos25_8543.jpg,1weqNyxJ_XsoWk2uA8k6PhXwXHkLyb7Rl
atmos25_8544.jpg,1vaYUFUdyz1MOjnsfqVdSn22St4F2ex4n
atmos25_8545.jpg,1ucJC0e_2dMLUdfpqhILOHEf2qk9fkS4X
atmos25_8546.jpg,1vzUMyWa2brBQ-Cb5JHHanvc8Zk_RkJMM
atmos25_8547.jpg,1w2qhfuJfECP6nFfod67sAok1GcA1_wR-
atmos25_8548.jpg,1w11vx8omkauXS3dA7O5b5X2UavK8pzcm
atmos25_8549.jpg,1wa4V-FoMbXniulkvXVQAilsXyq5s6qMw
atmos25_8550.jpg,1wRo02JtNk6ho5a3vnhA1x2kUqBF1MIWX
atmos25_8551.jpg,1wCgaUVC2XHtWIzf5CDU37hvlsC2EFMik
atmos25_8552.jpg,1u8BmB8CRlaJGrpFi-godw0Khw9fQMMaK
atmos25_8553.jpg,1wuOevWw2ZkA_VvY-W-vf9WJwBTKT2MZk
atmos25_8554.jpg,1wz9g8vsMtJSAe4Yr85YfaMxAh0uV9DHV
atmos25_8555.jpg,1uru4C0uecWMA6gKmibonvHSir8c51oAg
atmos25_8556.jpg,1wZ_wKs_zmeZnxcurdLX00Tl6j3HrPKG4
atmos25_8557.jpg,1wsjuXQz6g8IOY1mgFpka6GfQOE4JJNtu
atmos25_8558.jpg,1woEiHohxLa-mnjSJJe2gpLRiJGY3k4CB
atmos25_8559.jpg,1xC7uMc2Jo0W2sFTmVUc_B1_SFdpV7Xq4
atmos25_8560.jpg,1vSexeRUBszZU-tqb_RU7pQsntyvVPbAA
atmos25_8561.jpg,1wbVM6B7QMhdiM9QpFmpLQGsMCqaKBoyn
atmos25_8562.jpg,1xAE_87k6SJi2BE0DWzlVeCmnTnHsErdT
atmos25_8563.jpg,1x4fss3r3BuPdSmCwi4nou3ymfOLNL8r9
atmos25_8564.jpg,1x0aUP4plED5vf6_VfhYi26k1gPaoqU5X
atmos25_8565.jpg,1xATdw94IcT3RwwR3FWYAdoPIElaUKlK5
atmos25_8566.jpg,1xFfFDErahKs2QThWPgocPgUDm-loUryt
atmos25_8567.jpg,1x6R3gHbaMXiKZ98oq1lUDxuco2Np-rF5
atmos25_8568.jpg,1xDn19mWsRlhjomwSoHZC-66uz9nlIcAp
atmos25_8569.jpg,1waV7ADRAh22mEhF9cqeA65yFlQpHpCfv
atmos25_8570.jpg,1xFG56cBWwABfBxSuAUA2KAC0MS7ihan4
atmos25_8571.jpg,1wh8RJ9Ie4WAjXHZ-X3iByzGXKHiX_FTv
atmos25_8572.jpg,1xTe8GxKlLfIJ8uyPhaxyaExuriB8Mt3v
atmos25_8573.jpg,1w7VqEpe8ZpaaE5iyULuPb9WfO1OYSwfs
atmos25_8574.jpg,1xLdk6b5hI0TjaiKkq_n7WW-wg900q38v
atmos25_8575.jpg,1xJZOoYgX1Pz6VL44tNLZQh-oPX8yC4xu
atmos25_8576.jpg,1xZdlMD943FVOLwYCv-pz6Jzko2Fqwvxu
atmos25_8578.jpg,1xfJdxVLU8CpGSiGRPJRHUARqZsaCWeFw
atmos25_8579.jpg,1xa9FrM3FGN3RLT9GBgyX9bdwyiek8i6N
atmos25_8580.jpg,1xl7v6MIC4isNhNFtYWPpuPXEj5Yuvn77
atmos25_8581.jpg,1xtFiwyQ5_uAnu_0eVeF7Ui2gVVuKoNCv
atmos25_8582.jpg,1xFjG8b88GPRbh--CjKgvuTCatAyKkTH0
atmos25_8583.jpg,1xmiuKmkTeoujiFFyjeWeM91QEfaofwSt
atmos25_8584.jpg,1wVlwkdtwZ2lMxYGOySj2q1kSzhl7WmwY
atmos25_8585.jpg,1xgVlD49c2rGyUizHIMqiSwIbKRZZ_d12
atmos25_8586.jpg,1xdrfGadHr3MRV5iBi81nemonbf_xUv82
atmos25_8587.jpg,1wCiWVTzVkkD185dMBRIRvqsVadqAj4c1
atmos25_8588.jpg,1xSyTGLT0MYUvqSjYIojbMITFngfoMYL7
atmos25_8589.jpg,1y8_-Cw3-TwjFBKyi6oP1emsC1fwJsOBO
atmos25_8590.jpg,1yGwcNLnsRu1airT-ocJNXy9McNVfKw-w
atmos25_8591.jpg,1xpZdoIP4HS8YSBqeitljVnOa6MQ_Ubwh
atmos25_8592.jpg,1xxKgwQdXIMNOG_48GrttORaPl2nQWcV6
atmos25_8593.jpg,1xtyt894U9pDCgvockX2tgpIrDYMIyoZ2
atmos25_8594.jpg,1y4Z2nuHW7OtCVoNZq4LKuisAfzCn67nc
atmos25_8595.jpg,1yN4vVlurfDmA2aStBUvulXrTAWsD162m
atmos25_8596.jpg,1xpV0yPHryC8r22gJyjuMvch_Jx89TppB
atmos25_8597.jpg,1yN2lK9pYzv_5mVB4vdMCljO_C1oCPCs3
atmos25_8598.jpg,1ySeIJBXv9wNVMaiJKTTpCRF1nbttM7D2
atmos25_8599.jpg,1yMC8VF8UW-cOymMzTVs1lhAuGj_t8qyM
atmos25_8600.jpg,1yPuBAVJP7um2nM78KTQvOfrjX7Xpp_6-
atmos25_8601.jpg,1wow609Gu-gP0keARfKaFixkdstkMVZe8
atmos25_8602.jpg,1yr_iryvJ5Qyy_UKnXU_9v8UxoQT6No8E
atmos25_8603.jpg,1y5TkTasZ_z_lkLKhFUDgfHZwixlzsFG7
atmos25_8604.jpg,1xq_2I1EREO7RnFjNT6vUfBYFGIe5sgND
atmos25_8605.jpg,1ydNthuivJYuDZ9O-pNH9vaLUtmoyqCEL
atmos25_8606.jpg,1y6tlz-osXTcS0DKyt1-HUtmwo7LgY935
atmos25_8607.jpg,1yiwBtL7bL169B3FDV3TRknsecLQy2wMe
atmos25_8608.jpg,1yAcGqllKTQRfeEVB4hfYR7Cup7LMQ_F3
atmos25_8609.jpg,1xeXVsL2O8WTRML25Wwt2bmNke_J0Npmn
atmos25_8610.jpg,1yW1ryaferIB2ov30DscsYKBb0K_Uzh41
atmos25_8611.jpg,1yDqZs-_TAKYFwS9MAeYdCsSix-Gg5FW4
atmos25_8612.jpg,1z-6EzxIEFm2P3AiHGyH807OmXpKJ_7Th
atmos25_8613.jpg,1z0XDdg3LOmXf8C0zhFuJv27GzpLoFf7f
atmos25_8614.jpg,1z5usPTBun50FKzqmeuXolaYvUVp_C67F
atmos25_8615.jpg,1z86yfny84UY788wy4G7qCUSb80Slt4hT
atmos25_8616.jpg,1yb_oGh6anlxlrsdTkTmhabf1Avu5iR63
atmos25_8617.jpg,1yy4C0O5KqPai5d3wBpb9lEw0-2eHTMqf
atmos25_8618.jpg,1yQgYC4--OMwSIe5VSDPJKNy7ISMbd6aZ
atmos25_8619.jpg,1wY6uXlVsPTPiKWgidFvq3cPYi0thwMM7
atmos25_8620.jpg,1z4yOZDsWooMJJP5R8MXXMKZFNbITIMnJ
atmos25_8621.jpg,1zGf3I_3iqj9DZInZcjmcfRAuT2MmKWRS
atmos25_8622.jpg,1zx9GYhsYWFYTzr2xi81vNwWAqATLm1eW
atmos25_8623.jpg,1zapfb1WEln0qr1YR4QeLV6z98bly7n5R
atmos25_8624.jpg,1zuc1CpUCoO_-TsHUQjy116GVVX8UXuH1
atmos25_8625.jpg,1ztAQf9xX_zgruxD7y1rI5aurYmwgP_tT
atmos25_8627.jpg,1-QoTx3YxZuBpnBKqsBFoWAu8Pec7QbRb
atmos25_8628.jpg,1zfw5vW5KDuWsk17SxPFGzDUXHnI2xK9K
atmos25_8629.jpg,1ywV2MhLv1sfFEbJR1Bv9bcmWs4BPLesy
atmos25_8630.jpg,1zbD_fayIVtTYGoWCStrnch0dYsFL8M6w
atmos25_8631.jpg,1-NpYQA3gEpQpLu16XPynkR9qJvyyjbHt
atmos25_8632.jpg,1zon8hKpi41KB3KY8rb6LKWaryOr64Zpf
atmos25_8633.jpg,1zltcHNS6NXLXAKl_yObWr-_k5Pd2zZzt
atmos25_8634.jpg,1yytGTh4h1ZVCtHoO-dkh7KXtP11JzYxv
atmos25_8635.jpg,1zlQCL7jv0z3GeEa9_V5CZ6-x__IQmz5m
atmos25_8636.jpg,1-vjJbAcJlrBCVjGDqo1XN6GgqWh7XSm_
atmos25_8637.jpg,1-RjnTITRaLv_7XCH3LvH2PysjnbxZGhV
atmos25_8638.jpg,107ZRpnwWvtdSmfFPPtQCHPGDZElBjQzZ
atmos25_8640.jpg,1-neVUY79cnd5up2kwvYk0E2q1xWqmGcS
atmos25_8641.jpg,1zj7YAe_WXnJrDI2ZSpNOeqaOTWVzTpap
atmos25_8642.jpg,1-KMYmGhRAP-L5vCQvG5Wsjxn2gh0GsIG
atmos25_8643.jpg,1zBfom-m5W4R4H5MozJK2-LMu6ddsai2a
atmos25_8644.jpg,1-ia8vI_V4u8KZrMxVm0lOSndoN5ZbcN5
atmos25_8645.jpg,1-mUpUlSlPALzqtnqF_PCFtjClqiPmcU6
atmos25_8648.jpg,1-hXfrr0cXJnuUoxvDUz5UQ_61z_2BH6K
atmos25_8649.jpg,1za3TKvHVW0bWQbpDbqctgM8_mOggKJ4M
atmos25_8651.jpg,10WLQZMnEioKbNTbDV3-sxiZrQk2UqGpP
atmos25_8652.jpg,1z95pGU2IBD4CVFweWQL6F1mpMk9H09Cc
atmos25_8653.jpg,1zl5CdiuQkRQ9Ie2JjLbhvxKizuy0idUV
atmos25_8654.jpg,1-S9ltqyUYoxPYg1B5y6E5dwuI1byO2OK
atmos25_8655.jpg,1-c_xw6hIdP09QHoc1x5bg_aUUktbq1X0
atmos25_8657.jpg,10xH15nbHdvrlwtWx68YNQIu7fA6zFhhN
atmos25_8658.jpg,10F56PPHB7PMangVq_VZ0EqMo48vFG9sO
atmos25_8662.jpg,110fU9aTYva7J0XJQnkikQwioyuLdJ8tZ
atmos25_8663.jpg,11DesrIjXTru4lOQ4bzyuJScknQEv6wXP
atmos25_8666.jpg,1-mMGOkGNVtS6SRr7MujN5OEOGFaKNBXg
atmos25_8667.jpg,11K0CRUXjoOZMz_isuOAR50rABWI2nkpL
atmos25_8668.jpg,11IqW7pVLqWZ_7kkWmMGz_zCQsotO0j93
atmos25_8669.jpg,11KZov4Cxds5ffbHiIwRZZkU3Wlnwq-Sz
atmos25_8670.jpg,11YU9IpmazfyD5gOR4UwjytXiDCdNLTKu
atmos25_8671.jpg,11vrpePvdShzZi0rFDFIpjTU63hAU9FJP
atmos25_8672.jpg,10yHtk8a6YB3lDLYKNCoN44EjOxbClF-a
atmos25_8674.jpg,11zIa-WotSNJhFbGUlX1aMl_-54tgQe40
atmos25_8675.jpg,11ELZUnEdKsjNqVDnnU2DPcmD5l0NQJnr
atmos25_8679.jpg,11Jy6nLhVtMetdCAUlpZ7ZSPjTKslP8Qm
atmos25_8683.jpg,12QeNQv53NLJXbP3TLx2D3_DPvx5AiDJm
atmos25_8684.jpg,12hs-fr3_G9EX983eCZpzcyFtw1wiSebR
atmos25_8685.jpg,12dU7FqHY_vRMLKvaa51adOw8SKibRNxK
atmos25_8687.jpg,11Xx72PHw7_VoNt-bgTWO3tbLSUhBeqIG
atmos25_8688.jpg,12forCWwFViwgHZnDrrW9Fw0iyM1By9QT
atmos25_8690.jpg,12q2bv6sRd59bKmvO9fn_HCkUyf7VZEA5
atmos25_8693.jpg,13JnnpvbbpCHVsXbM1EtU1u25nU6uorI4
atmos25_8694.jpg,13Jm1fy4hAMlFB95rYgZLtcpcX286JBW1
atmos25_8695.jpg,13NDHR0Hev7QMbAs7qvTc5EPegaBnMCq4
atmos25_8696.jpg,13QhruGo0eE-K8aVUpnB2xxFkIfYiFpHp
atmos25_8697.jpg,1-H6lYkhHxctmaW0LMXwM66_4Ht1HkzlM
atmos25_8698.jpg,14CKFAu5LpchHhR3ndwoUPpFdd9d7FcJB
atmos25_8699.jpg,13mQSdcklLWdT0i-w-ugRPEj4JEj-_Qpe
atmos25_8700.jpg,14D-QLq1PC7Erwe1HRQgprLHIFUs6Li38
atmos25_8701.jpg,13sLtVCyfUM-Tv3gCU-ebDhhFLAkw_vc1
atmos25_8702.jpg,13IUm74iNH1YRu71Jy4wmFokdr1Uwq1-O
atmos25_8703.jpg,12zgWJZaXzyEKJHKFzzeb7kKZmRo2fRJ2
atmos25_8704.jpg,14B0J0OBZ5iPGSt4kiWiRGr5DZ8WgY38h
atmos25_8705.jpg,13wjQaSNAJsNTgVbUu-aT05j6h_9yxl6M
atmos25_8706.jpg,14C_U8z_BxAW_0bmykyL8a3CIZGN6aYBz
atmos25_8707.jpg,14Iq2bSlk59dPjWbQqHXXN3ifWPancpYo
atmos25_8708.jpg,14MkljRx6TXNLhbbxbbV3fXG2f1QpKZ7u
atmos25_8709.jpg,12dZDy95QbW2A0eVclfDozm8NOFBzOye5
atmos25_8710.jpg,13HJkovrw1-PR1YgceXJRB0ktg48uJ3Dg
atmos25_8711.jpg,10K9pg8YgvQmxhlJ--T6ZhLBH68kjbz_6
atmos25_8712.jpg,14h8ih9kNL8Xwylomrp0BPFMQ3029M1Li
atmos25_8713.jpg,15KoI_GXr8Hd8NwYR2uspVRZoXJKc4xZ5
atmos25_8714.jpg,13otoAVVKBUV3Lg4nJubClnsrLr91H70X
atmos25_8715.jpg,14mdDj3Bs867LzPntMgoaJlzlHG_oNCck
atmos25_8716.jpg,15R2KtY5X1lkk0oI8XgrTAa04LQF6ysKV
atmos25_8717.jpg,15eyhyT6_VlB_4vUft5v2IZx989LDNoHu
atmos25_8718.jpg,14HUMk70baGBOIGaVGtwNUG-1enzbiNHp
atmos25_8719.jpg,16BD3kL3133G9a9QfxAmx0mBL-bMosOmz
atmos25_8720.jpg,15ceLUYRVd21HQLhHzl4c2O6Gxeq8Ax_o
atmos25_8721.jpg,16C6My4hfgpL-WSTKJhGjsa99stwHLT7v
atmos25_8722.jpg,16KhGRDnEVB6tY1EPG7N87MWIR3B72dW_
atmos25_8723.jpg,16y-W3xl3rmww8M2ZwkmbGF_y8gT1T78W
atmos25_8724.jpg,16UFQh3fPIJVlhqGYqAYbdtKwNZE3uPVH
atmos25_8726.jpg,16sp_CMb1-hLDDz-3nlyBbgFCldxBbBqA
atmos25_8727.jpg,132rSs1UVdKefOKg8Nd_FEV2GLH_E9SL5
atmos25_8728.jpg,16ugvYuN4rU3wxGuJ-HusjKM8r1ZKfqZh
atmos25_8729.jpg,16wkpM0Mdh-_7BpOMGra-j0_CBJ80n3HD
atmos25_8730.jpg,172Fk3jX2WTGuZD1oIzDZ8R2d2yczC8X7
atmos25_8731.jpg,15T9004lbFQEJPbbRmhkvr9LJKp1bZebW
atmos25_8732.jpg,14jTyZ3OVhRVX5VwZqIkkbRJzeY3Fsick
atmos25_8733.jpg,14iugDCVmnY9nHHY47QJ0Mtp2C4RGLOAz
atmos25_8734.jpg,17dywR5XdB4T1xSL7Xc27HMUtP4GVQIg2
atmos25_8735.jpg,17aGoizXmBV2p5NNWG0utmO75Dj5D3vqM
atmos25_8736.jpg,173iLmd0X7VX-PCyaodq4zAMh6jx5dpzw
atmos25_8737.jpg,15TDlljwU2XwpR1m1GIWV__N58-5UatoS
atmos25_8738.jpg,17fO4p0yva4LD54TCxqdXReJOZpJT8_tX
atmos25_8739.jpg,17jOfys6uUamCo2-aHrFDTpyEvUtC3ygz
atmos25_8740.jpg,17eWtbit1926dW7AtdRLjv4QymU02WVB_
atmos25_8741.jpg,17qbWvpD5diRxGDdqXmvqtO7OcXfD2SFx
atmos25_8742.jpg,18-IAOS-CINx8Xqx05ujtqhXQEOWbamYh
atmos25_8743.jpg,180YJ7DYEK8jhThIFiv3bGMhwmS2EdL0s
atmos25_8744.jpg,16diyTSy6rWqXPecH-vuwg7TCK2qWR1Xz
atmos25_8745.jpg,184TcSppZ44ckjvceEAOwBZ_p5lr1ujvU
atmos25_8746.jpg,184mX95936CH8JBERmMyRcmAX7eKdpjnG
atmos25_8747.jpg,17gP07ELS5vYCR02zHbLsE4Ksl3tnYSKv
atmos25_8748.jpg,18ahs2R53GczTewSZ926om-Hw_HQLYpkE
atmos25_8749.jpg,18-pb8n7mditZrCpDFGy3w63pOWNwDMhq
atmos25_8750.jpg,18ec7KlHby-1pmznXd3Exk1LoYeZgwFkc
atmos25_8751.jpg,17r_7K_TbmVDuQFH2VLQlQx6GtMbyYibA
atmos25_8752.jpg,18bIVhSBvS_S3MfwFhLKOW6z5IggEt2L7
atmos25_8753.jpg,18uMNWrrV_adXlJbsss8Z-EgcxwKG8EbD
atmos25_8754.jpg,18uZv9CzT0U3sXj9rv1_NMfXmjERusIM4
atmos25_8755.jpg,18vU6rJBk_mJ41GeMLb73F7X_NjKyCmnj
atmos25_8756.jpg,182gK6c00rA0Fj8hr415su_D1qd-ke5iX
atmos25_8757.jpg,1753kt5fteIZxMYfQ9bSS9vfS3huqXA2-
atmos25_8758.jpg,14E616mhW76qFWSZ6lCNCiL65ycU4xMG-
atmos25_8759.jpg,19SNqIRIo9YVV1k0fp28vK0D-5-ROVcPj
atmos25_8760.jpg,178RaHrCBzFItmPrwDO9aruJoo3cHOIuG
atmos25_8761.jpg,19Mm2ItmYFIGmrnENH9BDP1VhccUmdMVs
atmos25_8762.jpg,19xPEL3gVIuW5L27KOLY9lnj4L0y2SjT1
atmos25_8763.jpg,19vjDjnpFclDCo9R09wjchVCsKZR2fhck
atmos25_8764.jpg,1AFB8sHOgEPoiW2eQTubyfr7gt7XY_QEH
atmos25_8765.jpg,19_HvGwXy9i_vMBYiW-_RKz7YMX0HuJBz
atmos25_8766.jpg,1AXWJscicMlDPHtsFTWTiyTJsJJcey8pV
atmos25_8767.jpg,19dM0eEqNjLThpBukKpcixz1pRAiaazQx
atmos25_8768.jpg,1ALuhrtBslJh-_zwcyqHgpPqjC_q46Waf
atmos25_8769.jpg,1AMzQsv80K2x_61cgWHfyeyBYXiToLW6u
atmos25_8770.jpg,18sMnmeAlZJ4WXq3si6LF7l_iE4t8sy06
atmos25_8771.jpg,16I0qykF1nxCPqTCpsrXljiBPEDoNrx_i
atmos25_8772.jpg,1AUXr-8K3jnBtqNXWK8OWzk1dy5VtriYV
atmos25_8773.jpg,1Axn0UCCwfKNFjx8wHIxkj-4xniIg_FEA
atmos25_8774.jpg,1Ayw3-vUTAYJs42_H5iJbByRkra-DwcOA
atmos25_8776.jpg,1AWZmhGVJYiRG3TS8__Kty3QzMJjfBzYZ
atmos25_8777.jpg,1B9O_9fTH4svKLbP6w50SOP32TK6JfDjW
atmos25_8779.jpg,1B-mKP2HNSpWphIdcrfKiXpLObic2aXvn
atmos25_8780.jpg,1BGh0cmzYmoNXZLY3sZfjTWjoOJGgdUDl
atmos25_8781.jpg,1ALIgfCEzBEBY-6wegTDcs2MAyFvXYgnj
atmos25_8782.jpg,1AEapOnrtAVuId_REI04lF8T888ixuyf4
atmos25_8783.jpg,1BHw7bxNTRLeApRg8m1A0A3-0qFWXy0Mr
atmos25_8784.jpg,1BI6uKJCmrzONYEGQUU_Rg0l1v6t137hh
atmos25_8785.jpg,19RnBtQ5qjaThA45gGYUj0doaovZ0Dhvx
atmos25_8786.jpg,1BKYXE3WS9t8Rlkkw9XO_YWlvHDKbw8q7
atmos25_8787.jpg,1BBzZtYquSe0g6TLfhDFeTqXXhkVXi34j
atmos25_8788.jpg,1BCFnXPuO1PpLD3_E2HNeU0JozFKYHjUk
atmos25_8789.jpg,1B7j5NZX-kesKl_R_hetX0rvUpeT2qmGl
atmos25_8790.jpg,1BMZfS_-0fYufocbBMikB6bWEtiUeWhHg
atmos25_8791.jpg,1BLVBTJ0QzHwC_kdl-GlVQP5EzX_2ROXg
atmos25_8792.jpg,1BWdV5-F_q300e011AVhKIfVoz9S9p1Yt
atmos25_8793.jpg,1BgTKOcOy6ImGrbFq1j_shLZEviGPCPKo
atmos25_8794.jpg,19IpbjhixwNigfd4CBTRcbhA4_Hw92NA4
atmos25_8795.jpg,1BfyGEp-6vgYYN7ou5Ig_KwGJsp00YSfZ
atmos25_8796.jpg,1BthKwDgmCvQ3UiMjcLUzwD-cR-0vDKiT
atmos25_8797.jpg,1BKnOtLA-wgkwZEMSSEcUtig1SSTOEqkm
atmos25_8798.jpg,1BsaTh5FEm0rLn7azgNRgpVXXxAR-iyN2
atmos25_8799.jpg,1B1P_RL_gJ0VvBf0pxr54hDGn6zHXjcEY
atmos25_8800.jpg,1CHNv75VjtMLYgzqx1kNyPAQQ0uui2Krg
atmos25_8801.jpg,1C666lTtYS6pEOTG2BvKkWlkbIavctRWg
atmos25_8802.jpg,1C5QXTXv9-64lI3akR8BgH4V9NewT_ngh
atmos25_8804.jpg,1Bxmm5gse7Y1zr4TZNK91ZB93a538aD7j
atmos25_8805.jpg,18a8btj00acqh-srsjNGK0KEDX9irVGZU
atmos25_8806.jpg,1CHoMmGXKJjzhg1ir1mnXaG0_ov4zBeyJ
atmos25_8807.jpg,1C5sTLT4jAfP8IBpAuakqeWLlcvPU3TwJ
atmos25_8808.jpg,1CQSmBwJRdKTj-cqUpqLsAWSAHrASw-w9
atmos25_8809.jpg,1CtDk3AHfXqtqsmxeOfXXLUfTYN-C2_xH
atmos25_8810.jpg,1CVIF2I2F4kY8MaJy6pRgVRLrPWNbO1tZ
atmos25_8811.jpg,1CSHE83QyGRvWJJpxLnYh3gFMlpSd-INg
atmos25_8812.jpg,1CnrxiXrWcMq3BPn42GBEbGizDlNfX5jy
atmos25_8813.jpg,1DNPUFU97evSbT7A3JHAeM2AXLOsIZiah
atmos25_8814.jpg,1D11vb4YCLjCz67H0OhyAAXV235e8cuca
atmos25_8815.jpg,1D9L3QwUKk3D9_-nv7bDjfdcpqfD-NIAo
atmos25_8816.jpg,1BY0Z9JeI-6IZIft23ALe-o_koDQJCJQv
atmos25_8817.jpg,1DZDXQGta8dLGlYga1adVuGSA2i0pKSUo
atmos25_8818.jpg,1EEHUGgkTfctVugDBxulzGIPVfjS1IFtd
atmos25_8819.jpg,1CzQVnv0cvgd1XEOaz1ARMYCt1GpgTgVJ
atmos25_8820.jpg,1EEN0Jt6jYwey1ttNweYrPzHmyCVO9rLO
atmos25_8821.jpg,1EEtaepl7K30Oieo-kLPDy2qsV8RzpKYl
atmos25_8822.jpg,1D_4OBj7J_vZqpvQyKf3tj6YUFmXjLo7j
atmos25_8823.jpg,1BE3Jv8rSlqkyEnlTfqR0VEAt9_7nkIyF
atmos25_8824.jpg,1DaFhCae3rKfijzXC5T9vn8b3yAv4E18X
atmos25_8825.jpg,1DOfBTPYjyi-mjmFziFna75zJymF6dTjP
atmos25_8826.jpg,1BvsOFmtimved1vnqxLk5trsCqrrL0hgw
atmos25_8827.jpg,1EG_87XXWQEzeMdh0mvr0qZNgUfCo4Hhw
atmos25_8828.jpg,1CRbConrni1VBb1DWVQEaBfzCc2BvqSID
atmos25_8829.jpg,1DUoxqTyTHV5YEzHzB6neusAZeAZsYYS1
atmos25_8830.jpg,1EKPQ2VgL8H2yYSYcNqXIscIs8VAmKJeN
atmos25_8831.jpg,1EEfQQUmUmk_tzYY40znWvgFDQF7j_4Dd
atmos25_8832.jpg,1ERi9KOBfaTmIVRW-sZx72VUVrsamZ1ey
atmos25_8833.jpg,1EXV94K15MQs-LX6OVoMkCXm1nqgxyZEb
atmos25_8834.jpg,1EJOfNepUSM8bZptb1jNbgoBJbClmfcAC
atmos25_8835.jpg,1F-8jPJmAojBwKiA5vRZ9ThFRxudvWDVv
atmos25_8836.jpg,1D228mhfkbmkmhoOrEsdQoi-ixhx9_B3U
atmos25_8837.jpg,1EXIGXGly_lKiZjPonOqOvoc3ir_hZMZL
atmos25_8838.jpg,1F4OiQVe8S-Bho1PNeGsBXGQT6c-QugLP
atmos25_8839.jpg,1F38MnlH-Ynflw-R3y4VXjYavDkmRfIsF
atmos25_8840.jpg,1EUg9n6tO928agcbIg_AXk8Msj4R5uSMX
atmos25_8841.jpg,1F1-TTChE1uyHif_dr2GpfERU2PZTbfC7
atmos25_8842.jpg,1EJX7wB17qCPmIBkBIWQK27zvVIFrCQ_W
atmos25_8843.jpg,1F62OmT6DqqBHOvjuRYKKLICJBiR0xbkO
atmos25_8844.jpg,1FFKsRts2L66uyQkOFBUBiQUfGCBCH1wH
atmos25_8845.jpg,1G8qUYt54eIIAQQ2yT8SXHcbMB2NvVtDr
atmos25_8846.jpg,1EFAGFRP04rkSs44OjnBV2h3Dz2lbfygG
atmos25_8847.jpg,1Fk6wKbBlb4oQb2tKvnSwu4uTREWMaS30
atmos25_8848.jpg,1EHJJEWHG_y2sOPVc7cONjgwPmT1J3_nT
atmos25_8849.jpg,1FCqeLW1Tt_odlllnyPs0XYbjbWsz8vIS
atmos25_8850.jpg,1FPupwO9Zvp1jKGw5rDUx0v8wp4KuFmUf
atmos25_8852.jpg,1DVRZkAZ3gVSQ8vdEztSIGa1rH9IlwEDY
atmos25_8853.jpg,1FCjNdQFk0aavffjlwTUWKIvU85jzSJKK
atmos25_8854.jpg,1GF93UsXXy-VKv61J-KBsvMQcpHYEDze-
atmos25_8855.jpg,1GGXtN9ffpbSn30-fjTd3-oQCxjTW0383
atmos25_8856.jpg,1Ge-GseK0HYFiO7PyZ_eRCnH-6sKUx6R6
atmos25_8857.jpg,1F-eBr2_v9cZxxcE-ewAmsaOR-v-iI3ke
atmos25_8858.jpg,1G8CHVdllHLCyTrwUDCYDew1NZ5uKDSdo
atmos25_8859.jpg,1GeKlW4ef1DuRvazKAHiVLhdKgVG8uKXk
atmos25_8860.jpg,1DboRUbkaszpoJLTqW3s7AIfiPvH7LI-G
atmos25_8861.jpg,1Gh6W5o9sNTsWmMXyrjUyP-Lwtnffi8iw
atmos25_8862.jpg,1GgSGLYFAOQTC_nPnoLCKhW-4NhiXHQ_Z
atmos25_8863.jpg,1GXmsvao0YBUYaf5hpmZfXmVMLmpmWuha
atmos25_8864.jpg,1GZzjlD8yCMz9ZISch_TV34yvjKoCeU-b
atmos25_8866.jpg,1Gtqo2AMQZ5WbZP2jWW-041lL2TXcPDoH
atmos25_8867.jpg,1GrtSPUZnJZSbXc9VqUJYbi2GvZMRxDr-
atmos25_8868.jpg,1Fy-eQ2oo-6z18uYq2hQy5MvsFDVd44at
atmos25_8869.jpg,1H0hp6aGGQG6XpgNRH8tz--_LxYNfOXKs
atmos25_8871.jpg,1FOM0FiOdYZhZvYB9IuzBmpGRtFSHaL5_
atmos25_8874.jpg,1Gp5G1A4ndvXsNkbs7tHQXpVnZN26gs49
atmos25_8875.jpg,1F5xukCXCTQgk_7qhRkvZoODRS_K5VDkT
atmos25_8876.jpg,1H6A0SkFggBNHnr34u8B0IJs9fhrlWo3X
atmos25_8878.jpg,1GrcB8fZ1vn6JhEZU6VsrnCRKlKJ9UZIG
atmos25_8879.jpg,1FiR41zYfWP-A-aN02bCOwTD9iZJ5_XBZ
atmos25_8880.jpg,1H4toRF6vUu0DGMYGcRoBl7EqUuJlmLk4
atmos25_8881.jpg,1H21hP8VhGyeucEFHlap5HaGXeiTs0eur
atmos25_8882.jpg,1HXRzE7Juj0c-zr6ivvInCvxR0FVbQzKw
atmos25_8883.jpg,1I3yc1q5QgOMfyedcvSwD4EBEHMc5mHvZ
atmos25_8884.jpg,1HTtvVSYG7Grj_4t4mqgn4Rduob-dr3rX
atmos25_8885.jpg,1HjB5cC60LhNRe25_mq6YmVLUq7KJ0b_Q
atmos25_8886.jpg,1HVBwlxtD4AgxiLj4hegjG4EfELlYnJa4
atmos25_8887.jpg,1HW2nfOenqQa7b8EKDqRl_gaP-zpJf3Tp
atmos25_8888.jpg,1I5LHo5qPQ6xKkh6d1vxhKIi8Ip65WMzX
atmos25_8889.jpg,1HxiBtvdfGRtZ0CpYSsKyyx-SPLCXb8Px
atmos25_8890.jpg,1HXfAh24wSq2VAGMZiq4m5asybopV7aM6
atmos25_8891.jpg,1HZZ43yFAziRimKlWyKFFL2PVVXZahnPj
atmos25_8894.jpg,1I_BuiHts1XnKgRrk4OkmanVfq7sXIi0S
atmos25_8895.jpg,1Hh_g-yiq9aeRXiJ3-h00jttCb8Lp2wQC
atmos25_8898.jpg,1I_pbNv9DXYYrXMkvJeBCSLKRYp_DzFOb
atmos25_8899.jpg,1I1d0uGRWjieYDit2szt1z60YSyyBsMI9
atmos25_8901.jpg,1HH5wM4yRNl_IjcR5E32WEGOzx141s89E
atmos25_8902.jpg,1IfRD4M3zjZ0RNoxJsrEs7RmoyuzSRB_I
atmos25_8903.jpg,1IU2GZm8tfsfLb7AWnebGmnrWF756TkHo
atmos25_8904.jpg,1IkWpra83JK9_eT5_yaiZsWrptEIaVc7B
atmos25_8905.jpg,1JDP55SHx3aCfDJjOhl4nl5dh-RbFo9W6
atmos25_8906.jpg,1JARmQ9kzZk2oriVWX_0xT-tRLbZXPyHL
atmos25_8907.jpg,1JD4EORdd8CUvzn7rMnQY7gv5GuFMVZMU
atmos25_8908.jpg,1JNNMe0_WUN3oDS2nGkN75aAtekDqjaFT
atmos25_8909.jpg,1JYqBvtRJsDy8Kd7_obJbKOwTVSmvlWNY
atmos25_8910.jpg,1JWA0Nu9BlNyWuUFG7DNon5_I-_fQ7UW7
atmos25_8911.jpg,1Im874PtMlkvcnT9Lllcnf4yHlwegZm3z
atmos25_8912.jpg,1J_LzAQXJxvvSVdkiD_JyUYxESQL1KS1T
atmos25_8913.jpg,1Je7KjaL4UbXKzSaD3XV-v3mTfGttDjMs
atmos25_8914.jpg,1IP7sc-mv7ixI0RXAo8UAgMDWpKVaN6Z8
atmos25_8915.jpg,1Jdkk5HaXM45NyvPMZvPbYHhR1ZpK4ke-
atmos25_8916.jpg,1J_MeW2OBSLfHyxIzW25Pdi9op-wQTntB
atmos25_8917.jpg,1JvbVppp-xh2sejlEqAT-jcKSd4QLz9yt
atmos25_8918.jpg,1J8tbBwycPqnUXJRd1BqOdrRhgOOndDPc
atmos25_8920.jpg,1IyjNfHcI2KpzNauHCYdDyW3UYmpsO4N7
atmos25_8921.jpg,1JMIgSkAPap7mxZiY4dvfpkFoq1UIInlv
atmos25_8922.jpg,1If5ON7I1wnUYT8sYfgAq09OcXhMMbZIT
atmos25_8923.jpg,1JuaVWlLwUaXN6TmGN04JHlbpjcDemdUD
atmos25_8924.jpg,1Iw_9yKwy_SyZwACHAoTwX5Q9nnEceiNI
atmos25_8925.jpg,1K-5Yo6zkuTJfPCTorRVq-JQmmDthLzEt
atmos25_8926.jpg,1K2jybLoudofy8lU4lV_BBv-kmriSeo4e
atmos25_8927.jpg,1K2HqSZRtspzHqGVWLzJlRyEwXQdrRRm7
atmos25_8928.jpg,1KUOqrz6ZHmDdhYjdLCYlGLR3xh8dvncK
atmos25_8929.jpg,1K3moYXDCel5LhDYQIJc4g6j8UexGPTEu
atmos25_8930.jpg,1KYqA9hYthhoax9w3-kvutRp3RyFxzR8M
atmos25_8931.jpg,1KdIGy8uQgbus4eSvg1K23QKbAH6VDxwO
atmos25_8932.jpg,1KddSjgPCN22anfmOrZAktaCwQTJ2aXqn
atmos25_8933.jpg,1KXrDwKN5EtjTwLhs3DJRUqWRu52oWlnR
atmos25_8934.jpg,1JiuPfvaZw6asQ88TZ6KaE0RvTzm3kvOz
atmos25_8935.jpg,1KjyLEPwfcPfb27Yc0Kvi-ZKniIH1oHmi
atmos25_8936.jpg,1LCoKsLP6s8ovwWi2v_M2Ic8E5N3SAOx4
atmos25_8937.jpg,1JvBvXdQCH4nfzmbrFKLG588PgbhfumJB
atmos25_8938.jpg,1KD1c9GyUVdGaYasfFCvhrvrmcXha9Yjd
atmos25_8939.jpg,1LBIhmQ06Vo65mI-NTW1dtW_LbzHEYSPf
atmos25_8940.jpg,1LHfbCaO2Bgc2381q5kiQX7OqxzMv3xSb
atmos25_8941.jpg,1KDGnx7LGIeKuiLzDDeZTWp8P5yhzpLOo
atmos25_8942.jpg,1JWVVZSOuOcSoYeBpW7dMtAv9lkVKMdSG
atmos25_8943.jpg,1KZIaCY0ZQE3XVtHYZzzlYSiRDE6VaK7s
atmos25_8944.jpg,1LKvrTOygtjqBgYJ5Gj4L85bbnGlxKfm1
atmos25_8945.jpg,1K3qGgZ5sw64aicfVMU4FX7RD-9lNcNtG
atmos25_8946.jpg,1Lox9lpTDPNhGYQGrOxA8HlqrD9cxmMX2
atmos25_8947.jpg,1L__E3NiYFriTYuqRDyg-ogR8fCTBlDTg
atmos25_8948.jpg,1LkjvZ62ZoDP3SiKDlxM-LcX9aQzzLIHx
atmos25_8949.jpg,1KnVTVjeyOyIaZPkypATEbX75IwZ83czT
atmos25_8950.jpg,1KnNhxUISww2aPj-jM3_JrvWxmfHguhpN
atmos25_8951.jpg,1LmtMbJkyGVNTKlsfFYFIh1jJKNBQM-1c
atmos25_8952.jpg,1LaJkoEQMh5BJx9-6dmHEz91eUkOC6Vze
atmos25_8953.jpg,1LlkFcTHVKG7PIdSWzwVPaoqtyp0uhMq1
atmos25_8954.jpg,1KRS_nQWDo5ksU2eVJFSlREddhMNbLTTH
atmos25_8955.jpg,1LZ7tSF64Jf3TTkLGP3y_WeiCqoOEofz5
atmos25_8956.jpg,1KYB2fq084_pPn2TB7DRMRx9SXBpXpfKZ
atmos25_8957.jpg,1LnbdXUIWLJbvHsD6jjwYv61O8DCzc5Az
atmos25_8958.jpg,1K-Qo2f5jEBLGC7Bc_p-MgSnWIC2SiVJ7
atmos25_8959.jpg,1Knkcxtpkcqlph57WSRdzj2lWbv2OTe2r
atmos25_8960.jpg,1JXL0OnBqaf45JWMeOn0hATZU8zKg1nmH
atmos25_8961.jpg,1M-CFX97GuXGqojaErhvfaboKEoKObEJV
atmos25_8962.jpg,1Lfgi8OygEjsP8svPTzZAoziEv47OhoQy
atmos25_8963.jpg,1Ls5kZnv8ng8opvZinyeetOAPXYMsGb0I
atmos25_8964.jpg,1LrJ93tKnTUVzFPFdwjJtZtHfzoCnFOvC
atmos25_8965.jpg,1M-q-_8HDy3SFJbTuK8o-I2Hz45TYcmSA
atmos25_8966.jpg,1McPtDb7-SMtiygGjMTBxKcb0BHOh7CKy
atmos25_8967.jpg,1MYjxsfKHn7MqURpKuL1OR_YMmx2IK5Vh
atmos25_8968.jpg,1M32m8M9LgdPJ6siQT-384DXPY5I1fkAC
atmos25_8969.jpg,1Mbxz8U-Q_zjTfxjVH3tPovVhcaQdczKQ
atmos25_8970.jpg,1LzTejw8PjumwYJD0CeSlQlkG5Pt2QrpL
atmos25_8971.jpg,1Mg4aUTP7xYKnBlhRsrOH2j5YEdxl9MSf
atmos25_8972.jpg,1MkBosCvrla4Np2aNKMpd_0WQ5PZIXynm
atmos25_8973.jpg,1MrGggixSX7b4FWdMDkjoKXRgPdMUDcfW
atmos25_8974.jpg,1M2kTtsLYca-c32UAGW-PZ14MwhOUvwe5
atmos25_8975.jpg,1MkXL6vQ0lKajVUDQEPh4xXTqks1YMbFW
atmos25_8976.jpg,1N4GEYapP_okQsMCRY1ARx0EAkHYFYhl5
atmos25_8977.jpg,1MhrjxpVMCLjzKqloGRZ3_rIafTZ2v0Bo
atmos25_8978.jpg,1NhTmumjyMx1dHkDve8Ccn89-beim3if1
atmos25_8979.jpg,1NDLxaIETBCO2DirKBvcTLSMfLWojsCBG
atmos25_8980.jpg,1M1TOCoXmUIYFRm2B-PXBUwTbsRD6T9KT
atmos25_8981.jpg,1N5tbr32Bbni4wo8AVOEgJS0llpvHSkUf
atmos25_8982.jpg,1NhSZtOxhNTDSSlv84nWpDBwC6yK-0nOp
atmos25_8983.jpg,1Nl9x4j5SYK7mEJBltNSI3kvnwKD2v7kV
atmos25_8984.jpg,1MYJQSbmEwrxWCt0AmFdF738E1sQ4WG7R
atmos25_8985.jpg,1NvKnpbPDbXosSnIoVrt3GKqImbNpTRMg
atmos25_8986.jpg,1NyG4Kh0gSRdbikVBJcLkyxXLgJm1O9XB
atmos25_8987.jpg,1Mrqe4Lu0G7niNApYLLcvPiX-zys0TC7U
atmos25_8988.jpg,1O-xHVJ70pJ5Ke5EvUHWf_-ocnw96b4Dl
atmos25_8989.jpg,1MvqE9ZBTR8TBxWuSrqt6FiF8s_bMFT1r
atmos25_8990.jpg,1NjLS3KLzV-I_6PU-CHu2wwUImRXzCkA4
atmos25_8991.jpg,1NyL9lM06UCvIWqmATAjfesAgHP4WWznz
atmos25_8993.jpg,1OZJWJcuox2sPJBXwe9YKg2_dHza0lq_N
atmos25_8994.jpg,1OB5gbAqn6iCYjoAiuzAbWh1qRIxFKDwO
atmos25_8995.jpg,1OS8YsSCYf7mHTJAkd9lONFSdTVVlxmO-
atmos25_8996.jpg,1OAk0WnLSfJOM-1EWAOZKNGEj8kYw22Iw
atmos25_8997.jpg,1OYYh_2P0FeUGahE4650XdFeVxuN3VFzi
atmos25_8998.jpg,1OhlUS7JvgbeGIWdYeT-kowi4NN5Wx2KK
atmos25_8999.jpg,1OMKRyLL3YTU_4A3tq_jT08yNjesAZAJ7
atmos25_9000.jpg,1Ms7qGlkO-bqj0H7kTH_KlFV4ffVcCxXM
atmos25_9001.jpg,1OUmtyIm_-fxFo_fqWWVSqtjS14QEODev
atmos25_9002.jpg,1Os0-RNMp2VNiwt2CsKNR--bEYJuJBXxT
atmos25_9003.jpg,1OofF7PoemyHhnRm0LAGPrAocPJksI-S9
atmos25_9004.jpg,1P0DiwyTJVhtMfAEqjjGNpcAHFsAJdviz
atmos25_9005.jpg,1OJAiOhkvD5P8Ubou1RTRRV2zXoWTXx8U
atmos25_9006.jpg,1N1Pm_L-JByx-QFhoCpyMuQygIgLoivKd
atmos25_9007.jpg,1OnGHzjoy9D2Asxdyrz9zzycixwbbK45r
atmos25_9008.jpg,1N62Ue5d2Bo1EqLJfxULuOcHhPaMyYS3j
atmos25_9009.jpg,1NCeRfFAWDuzkC3AKA-FLyEjQ-JiJ59CZ
atmos25_9010.jpg,1Oi_eBittzY7Yxdl5wXVNnFC6p-WHLpOz
atmos25_9011.jpg,1OgIOL6X2co6FpiXaqiWwbPVcvp-s71r3
atmos25_9012.jpg,1Oz8UYiPFYKo9tT9cyUbmXzgz5mD09a1-
atmos25_9013.jpg,1Pt1DVGlC-vEAiKl9YoLbLcI-GlvFuu7x
atmos25_9014.jpg,1Q4MFQSUzXrk3xF3a6MpFsmZ_XkuPvrO9
atmos25_9015.jpg,1Q3FNnPosO-LFC1vHA1zd4lPiW7J-lvJc
atmos25_9016.jpg,1O7wwrwEKcXAmqeOkToVfi3HPi76KAflT
atmos25_9017.jpg,1QKfZv_M246AYRom4TecRLFfimy_8L_yW
atmos25_9018.jpg,1QhZBlTEIOZb5oAGuAXq-ooERstOqIxfN
atmos25_9019.jpg,1Pt3n9hWoeLbEDLTfJatZqUa1AlaTHx1A
atmos25_9020.jpg,1Qhga29bznVISKKmKHLSBMwXWS4Vo0Btv
atmos25_9021.jpg,1QwZK7o1J1TtRE2J3Rlpe1SvH-n5lB6ls
atmos25_9022.jpg,1OnYyS_u-Urf-y-YisL5Yiziwwx2CyGkQ
atmos25_9023.jpg,1O8NKvul1LCEGg7RCNRVu03ApMahA-Jxd
atmos25_9024.jpg,1RTqZ6-xUYdjU--k8LYpQnXjgfrjQsvSs
atmos25_9025.jpg,1QHfIbIlpmiWqu1rxnhLI72KxQmLIsUG6
atmos25_9026.jpg,1QqycnTau4l-OnuWs0R-OhjV4HOYDyVXQ
atmos25_9027.jpg,1OIvEigudbzDTODhBt26iRe2SXZMDhOCw
atmos25_9028.jpg,1RuaQ2IGxY9Bt9IRFHaPHzkWBZUUUlo89
atmos25_9029.jpg,1RoG1bmfCSyldshgOaBk5xrlPaZFSAgMu
atmos25_9030.jpg,1Rob7ugO--IEx-Ya0mUEdLBnWtffxl-Gq
atmos25_9031.jpg,1S7AmEm9H1PNuNmb7dYZfFFU611-R0ldN
atmos25_9032.jpg,1Rvv84ey8QLd-0YaZDD4DsFxr4PO_N5BT
atmos25_9033.jpg,1RDCAjRU_1OF7YcPWFcN4B1qn94EsKmhG
atmos25_9034.jpg,1RDmcW0zcYAE8Gj1qnrIG1eLl8GE1UWNc
atmos25_9035.jpg,1OncmFDQZiK-RS5oMkXTPM3vXSJYpbPiB
atmos25_9036.jpg,1RvC9SRWkFU8xrwvmdoAO--S4qKILYXq9
atmos25_9037.jpg,1RWUMBqm00xsZWlv-BfPIa2PvUvG5lEjU
atmos25_9038.jpg,1S2tsgMDQxrYiecp714PTXQpYfa0lOosL
atmos25_9039.jpg,1RyMJgaz-SQDqYwdXP7IGX62q1g4VitD5
atmos25_9040.jpg,1QwD9H7FhdIFb-LihAr-_zvkRmTR49Fok
atmos25_9041.jpg,1RxmmMzt_mtOYQ5fppq_wOptHeic3o0Wj
atmos25_9042.jpg,1RhTNec-Xan5iamMVZoerE2JjPl4tDG-1
atmos25_9043.jpg,1S2iYr9BNBTYBhuUglwX1iIzfyo6mHEPx
atmos25_9044.jpg,1S4xS2CtHCnnz6ecglBrE81D0X6PPvfCw
atmos25_9045.jpg,1SC0fm_syd4jKLzduIBu8WAzaTlmavQHc
atmos25_9046.jpg,1SXR_lkIELv12pKwPJEJukgh90pJzqW3q
atmos25_9047.jpg,1SUxsuRAP1SUl-hVLCrtvADXo6cJCxLuQ
atmos25_9048.jpg,1QrS2hL6p9DdHqhvpMOkmYDQ1_r-0qYqC
atmos25_9049.jpg,1S8y-henJX9-u5YQVVVuPUFE1ZUXk-xSE
atmos25_9050.jpg,1SYPGV238rwKKn4CZbOozJRpznU4eqpoD
atmos25_9051.jpg,1SYzDO9fY8OCZbD59lDRHfD9A8LcbZknS
atmos25_9052.jpg,1TcIj6ZSv42qnisRMI_J9Hs-6McBxB4p0
atmos25_9053.jpg,1Ti5pH-Q_lk90mZqQBBbEc8Z2bTCMFOMr
atmos25_9054.jpg,1SbBj-LqqydfY568bH1iobufS08CIJQVi
atmos25_9055.jpg,1T5jG_OvQp-xIq9W38eD1-x1JYYHCfLuK
atmos25_9056.jpg,1TsImTH0tsx2SRObPp7NkiwLU5wEjB1ai
atmos25_9057.jpg,1Seoalm8DEl9q3fDgnMYtTunjSflGNLyY
atmos25_9058.jpg,1SZX_Fwlrga9exsyoQDuWHHEk-IycRiVq
atmos25_9059.jpg,1TuF-_4RhISjGgjRsLJxa3Q-S2pVu_4CZ
atmos25_9060.jpg,1T5U6M530gHAOBFXJd8pkr53rdxYrBCDh
atmos25_9061.jpg,1TijJXMOCJWN__yIPRhhm8xuY79qgvbQK
atmos25_9062.jpg,1U9lE4UnLP7JiD3G-DwvzTV9aO3_crqu4
atmos25_9063.jpg,1U2A4misffgBmc5nWGnfgLoczgCfuJbqu
atmos25_9064.jpg,1S_2Oh-M6VV7mq-FCgsXHfU3zqzh3FyQX
atmos25_9065.jpg,1Tux_PNnArC4oEsRX4qr7ZwCgqZneapzT
atmos25_9066.jpg,1TsLJRkC0JsTJm-Aj9JUhRuVeBwUMxWTG
atmos25_9067.jpg,1TxmdZ02Flfq0s9v3wr1dL8KJSh6CrOLp
atmos25_9068.jpg,1TrfAJhOapLCoUD8Nzimi1982FL0fiDLg
atmos25_9069.jpg,1U8M1UfeHnX4fscoyH_UjPyKgoS0M7aFT
atmos25_9070.jpg,1UC9U_Ds-TYBVgpoKq5tva845mBuErH9-
atmos25_9071.jpg,1UKh6a3qNV4q4OiDDBGIuSTO6Cx_jJXEH
atmos25_9072.jpg,1U8MF5PIi-DlK0nEYGfceBRli5jhu1BXo
atmos25_9073.jpg,1UVpto9wCCDjvcnLQKPWgYcSJ5xZfRwd_
atmos25_9074.jpg,1Ud8VPjN2m3_nP1AqO1mFQhkvszgHJIVE
atmos25_9075.jpg,1UdypxDW4PECelvEMb4g1eftZtcYXdPSC
atmos25_9076.jpg,1UkrT5Sr2g5OhYX_OPvUTFU--VCbH444y
atmos25_9077.jpg,1UoJ3XC-MQw4ySCFP0pZo6JqTVec4uTv2
atmos25_9078.jpg,1UavVUbZRogxLCg9e3gVTFkj8rHfv_PzK
atmos25_9079.jpg,1Tbnf2nrwVgehlpkedoX4I0SF73AqXC2F
atmos25_9080.jpg,1Tz8S2XlFut1Uk3E51Y13kKwjea6PqZyS
atmos25_9081.jpg,1VpVey2zoxITABZbjbfuhHoMXxmVZ203C
atmos25_9082.jpg,1UtaoyUOY4EF_RY1EMr66F-H82dh6zna2
atmos25_9083.jpg,1WBE_Ye8Z0DMvVO_fO8xTCraO23-2GNPP
atmos25_9084.jpg,1WIsTAChfdwF_ps0XCx4okb_TxJ-lkRRW
atmos25_9085.jpg,1WKJdRDnpNMl9kxZT7WSlO8jVwtoQL-bp
atmos25_9086.jpg,1UCi0tq5zTEort9araNyQMhCwBkqOnLze
atmos25_9087.jpg,1WdezwCuDSdtHqDPRXfyMx_KNKsGyB-bA
atmos25_9088.jpg,1US9Ld53-5B4p-3DgsFDmg8_IP0iDL91E
atmos25_9089.jpg,1TztUyu-_QXA2_Bw3pYd58w3TQJbDM3JP
atmos25_9090.jpg,1WHV8AuqxoAGTZyMt65S3RRwWqXT_pAWm
atmos25_9091.jpg,1VxFYGS9e09rk3lCLby1qbr9IMgc4iPy_
atmos25_9092.jpg,1Ws7aBG_5SaLIyM9A5n89jeQTRvoLEZTf
atmos25_9093.jpg,1WkOS9mDLHL8ZcY9SiPNGSdY_DCh7fVli
atmos25_9094.jpg,1VwT5ePNjafwOAxr6qYTBg01JRLmeD3hZ
atmos25_9095.jpg,1WV5Ja5cmD54Q1LFYhi3Ih_mNesm9-x9q
atmos25_9096.jpg,1VUXUy1drdw5B1fJo4AyO5LGbS_S7VkNY
atmos25_9097.jpg,1WQxBwX2nYYzQ8lt72CWldjlO3Mf4ytqk
atmos25_9098.jpg,1WUN-d9CUqvwpNQPHol7Mt6Jyn6BuRwWu
atmos25_9100.jpg,1VzbgmFZDOrjJwJ3lQbwSxQBBS6_Ksp_x
atmos25_9102.jpg,1XmvhyH0ob923WAvikvEwlVcqmN9hGHrm
atmos25_9104.jpg,1Y8baZ-EldIPVzJj0yof6OgfXDbyxIBdT
atmos25_9105.jpg,1YhpOfq6PBtBzpngSZUTM09lMg8HrSIFC
atmos25_9106.jpg,1WV_gtEVP2tu4Wcn9k8AewVBGZOVWD00O
atmos25_9107.jpg,1Y_PCjMh-mxZiczWySr1obqDe0NHddM0l
atmos25_9108.jpg,1Y3coryM44SSxKNDScc-zirBQESb3H0bY
atmos25_9109.jpg,1Y73euPnlR7vLv0Ks2JvnSHSIz1tm9L2J
atmos25_9110.jpg,1Y-DJKSPZcfeGzVXv6HeF9nBYkj80_Ipn
atmos25_9111.jpg,1Y13yJv7dcrs5uTReTBZx9UshZqdgtNax
atmos25_9113.jpg,1XocgmWPDRKtGvnUl-_oQAfLOWQYo7VP3
atmos25_9114.jpg,1XsvgU2zplnwXfGh1X0sV3w8lIdkuNF6i
atmos25_9116.jpg,1tA2hHXTze5mETZdmWFzK1i6iS8wcoYvj
atmos25_9117.jpg,1tBPgBUlC1yTfN9irJe9imzA_rwlMqSn0
atmos25_9118.jpg,1tBZq5-e2qPriNL2Ie0aRjUv0cjqnhAEr
atmos25_9119.jpg,1tEU_tbL3MFqM5FJ3wVZnmP4-CWDq1EbW
atmos25_9120.jpg,1tNK_aZL65KEcMbFx7rC3m7X9lIuUXyVK
atmos25_9121.jpg,1tK4DEAyhuHtzcCCksUMOeNmuaakKW39B
atmos25_9122.jpg,1tQqkzstIrxAT0HCr0JlQIdxv7zc9T3PZ
atmos25_9123.jpg,1tTt_fD1y3dV9IA4-lvBWy5X2FweFNsbK
atmos25_9124.jpg,1tQutrYMuIqmTcCU3J6xIC2ekAIiDsUPC
atmos25_9125.jpg,1tWkpzNL1iOdX9tJS4Iw1RqADiCzzQZBL
atmos25_9126.jpg,1tXwlIzOAgIoKafbjbzuKQp8Qlx4sInaC
atmos25_9128.jpg,1tZb2bYDNH3YQ_LKfVlGdaYBqDVXYt2ep
atmos25_9129.jpg,1tcEXQ9vVZneHml9fpalIV9-1WKe3rYR_
atmos25_9131.jpg,1thOVuWczX3cTnF-SNISgXBdtkEwzBBfT
atmos25_9132.jpg,1th0s8aCtVjLgb_fI32Ag3Aesg2Y5T3EW
atmos25_9133.jpg,1tigBMozjcp_W7YQgB-yNZWmzEpZ3vclH
atmos25_9134.jpg,1thuQBRO19uN05Pa9JHPHiU9CyUhGX9au
atmos25_9135.jpg,1tjCRcFS-fNVex9GF4G8wHJaMh4BhdKgY
atmos25_9136.jpg,1tjc2T9ngRS6bKnXqj0EOn9W1H5uL2-UP
atmos25_9137.jpg,1tlZCaOWeZd8fTLrC9m_oIr6VsQJYdGuU
atmos25_9138.jpg,1toNxtiKijq0OQK1rlwiGnqUaLGo3t1Mi
atmos25_9139.jpg,1tsmE6NMZNEzPnFsaKhqwD_rx61L0wL3k
atmos25_9140.jpg,1tsPDPvuuyX7FuO4kAVLNyUngLaPrNjTk
atmos25_9141.jpg,1tvq-c33Dwy-k7bYa0PdOZB4rCig5SPD5
atmos25_9142.jpg,1tx92uXE6asRQe5h8z2exwmgFhj59eU9v
atmos25_9143.jpg,1twgCSpY3jEDKPNzXz22ArOAxoQ_awgZ_
atmos25_9144.jpg,1txahle5NrWpk3UXlIxn8o3fgECyXhuxx
atmos25_9145.jpg,1txZftmBj0Ili7qO4GtmaG7E9i7TF4yeI
atmos25_9146.jpg,1u32lFn47AiPiGJn13cfdUgcTdPyrVAfe
atmos25_9147.jpg,1uLACMla6s700hqgjcNEFKbFJuZ0m_Kkr
atmos25_9148.jpg,1uI4Z1ef8kCn77PJIhkiQM50p15_3k0OO
atmos25_9149.jpg,1uOwydq7VMSBxc6C_vmzl7615CWlN5CVV
atmos25_9150.jpg,1uNgKzifeDX-Ag4v0fLUoeuqm2kOrELRG
atmos25_9151.jpg,1uP00_BmLuTOSWVKLdpm1G5XH9BBKoQ3V
atmos25_9152.jpg,1uQNTJmT7G0eYab3BHFFGu6DQ1KAoH7H2
atmos25_9153.jpg,1ug6tzcoy0-4LAx3g4UMc_5m0ohKek9LP
atmos25_9154.jpg,1udLo9a3VkxX6V28sxPID4PzSuTrHJdan
atmos25_9155.jpg,1uiln4--rG-0qR1SiW1VlWqoLLzdwkLoQ
atmos25_9157.jpg,1uxKOoIOCSVsCmDjouZREoJHYGEeDIK-r
atmos25_9158.jpg,1v3JzDhxsfJbdLf4Hz_L__LmN5pF-Qzvv
atmos25_9159.jpg,1uy7UpXMpG8ct668IUheTsQ1TevF7LNua
atmos25_9160.jpg,1v3r-3LCjIa3Wu6pYAS_XBxFnBkwycFoy
atmos25_9161.jpg,1v3coNDlIkYsectxxBjGYeWbILSFwAVzR
atmos25_9162.jpg,1vDlfEY2jZuOfPYsARFhiSxIGzusqoYyh
atmos25_9163.jpg,1vBO025lLWsTBik7F3YW48dOuGaNk1eX8
atmos25_9164.jpg,1vHTqyfhQaVhVHxoCGHezSFJWBpEtCGMt
atmos25_9165.jpg,1vHlw9oQQw0TDP3IH3YDVJVzItoysNgXY
atmos25_9166.jpg,1vKmZbGkj9lpXDsbsy5psEmWElQLnDDU5
atmos25_9167.jpg,1vNWTj9mRJWd5C-a_yB4s7nxjBU-aqFUd
atmos25_9168.jpg,1vNvLJ6xh3hMx0ieOXfrKmQMRGF8iDrcH
atmos25_9169.jpg,1vV3uSE3HD_OIvOj_8SX1n7xj5H88vM17
atmos25_9170.jpg,1v_ICEZZEDBHGGb0XdyL7cetAE2t-hx-z
atmos25_9171.jpg,1v_PS6eyvQbFRTNMCuZeUNIdgms8iYFI3
atmos25_9172.jpg,1vaZerQHHPfz9q_K4_q2LfOvTK7RQ3Lby
atmos25_9173.jpg,1veQKkG6WAmC4Y7ivU6afe61eJUGpuPeP
atmos25_9174.jpg,1veQmxDa8NE5G6g-OEegqeuF7XMJFj9qy
atmos25_9175.jpg,1veSqkn9miyo7_a97VQEJ4k3RfHcFMS5Q
atmos25_9176.jpg,1vfxDME19mrv58O3Tak7Oq8BGwCjNOvwy
atmos25_9177.jpg,1vh0EI6Ti6R1VopAVB8irEDdn95F_VuP7
atmos25_9178.jpg,1vkG1hz4w_Ovl5bGlW_yPGiGoqjp5_ddH
atmos25_9179.jpg,1vocafJMk9l1-I41El3y9FSbzFoPivC_r
atmos25_9180.jpg,1votO-2w7FPd3SkSTNhAls0GCGFt9hE-v
atmos25_9181.jpg,1vpFG3kH7QzZa0sxbtRQbzn5XiOqWXSHB
atmos25_9182.jpg,1vqJMlbec8-Tz63_tyAbjB14GYH5e0K27
atmos25_9183.jpg,1vqV0fYCy5ycvurnEoXLj8HMSVeyhYt7N
atmos25_9184.jpg,1vtRqcmv_fs8VS9bJs0MzBgMLyLcB_ni0
atmos25_9185.jpg,1vwcXS8GbhAYVGGM-RktDsop__yhh7KPb
atmos25_9186.jpg,1vyLKZx2F9oQRbet5GG7dkN-U_I77js-5
atmos25_9187.jpg,1w0A19VcCrAfiAhE4sIS_3taU-xwF9VI-
atmos25_9188.jpg,1w3hy8egooEk87blyEujBVEU0Axr7LexU
atmos25_9189.jpg,1wAtrudpGeG4VGJFeB4j4mQisxdS8tBDp
atmos25_9190.jpg,1wGSv56IYEAGuanW1aqkYwu9ne1ln0jdW
atmos25_9191.jpg,1wG4RzXgllYq08r005dbpIqbq6-sm0bcn
atmos25_9192.jpg,1wIhA-fo96MMra5cwDaiGQc1opQJp6XnG
atmos25_9193.jpg,1wK5jv51fHgWk1v8WwUb5mKbImRnyjdNw
atmos25_9194.jpg,1wLrTcj1rEyN0fAlS_7Q81i-VU51oHmvQ
atmos25_9195.jpg,1wMje6Kq1zXUk32iIWdcYoRsi6JW4CDaQ
atmos25_9196.jpg,1wUi9remPX9pOwxxMJjwAIK1k86MWsoJh
atmos25_9197.jpg,1wUvu5C1jKpKPbzbBgLwehWM1DfvOrrdH
atmos25_9198.jpg,1wVKkbnz_g4S6MQoYGiXGqcjiPnX9iZR6
atmos25_9199.jpg,1wVgWlyuZRpDgLLNlWIVt2_qx9kwf7YE0
atmos25_9200.jpg,1wW5vX1qgMHWME8z9J6MRigMqFXabL_MN
atmos25_9201.jpg,1wWGz5RxvU8fSwBJQfQ8Gmw0HnA8jR9Rs
atmos25_9202.jpg,1wa8dCybBQaq4nVtohNfX2x-lxuysZjnS
atmos25_9203.jpg,1waGajQTNqGwcuJlkVk_d-MxM93dq7GGk
atmos25_9204.jpg,1wbV-QjlklZPdQjOWElIMCrJ081cfgN0-
atmos25_9205.jpg,1wgIRIliVJWBu0UJjD4zpeq3Xo0H9mG2w
atmos25_9206.jpg,1wlSFKMXxm1OQ_KsM0Xm2bXkk1VNuUHh8
atmos25_9207.jpg,1wmaF551W26feC62bFT4FfwVIM1xjpOYJ
atmos25_9208.jpg,1wn5DDVYoPJEBZQepxz1vxG2Dwx4dQT3c
atmos25_9209.jpg,1wqwh_3vj3vI1OXKGMhjikVhurCFXkq_A
atmos25_9210.jpg,1wsf-pF3VJoAAGRJYqgKOsE6fx7QXLLYx
atmos25_9211.jpg,1wt2fqaAwgt8kwxL1S0Q8v7APV6TGX1Ql
atmos25_9212.jpg,1wwaVRbNgZ5KYM1wPiZQ-MPxoX4Mj9UOG
atmos25_9213.jpg,1x1e43Saj_Akged8EGJqoI6O_ciso5-Zi
atmos25_9214.jpg,1x4IUpQQK_BrIGpynXB2_AHO0ZvD8CLFQ
atmos25_9215.jpg,1x3upnO2MR63vzymjw4CRF3LVSplK6kV4
atmos25_9216.jpg,1x7uFkhPc0Xa6NebViNsfQAhXOGZ8mPIt
atmos25_9217.jpg,1x724sK1ovr6v9uaV1wj8nyy00bHIKv3X
atmos25_9218.jpg,1xDDa7-FXbnIKsod5zv_IV6KwwRihvWAr
atmos25_9219.jpg,1xKV1KVOIVO883ZXOKV4C42YBfOSrcHYW
atmos25_9220.jpg,1xKjAhdj9sxtiZBVGmxs-RGRgsTRjtkyR
atmos25_9221.jpg,1xLezyB3PrLJMJOpWZxHJeheCplb2snX-
atmos25_9222.jpg,1xRHDUvYqKdl-IOS9uJE6y2zL4oMcg4un
atmos25_9223.jpg,1xNr8sLO8y5Cl7O0qGY5p0gymy-v_ua2j
atmos25_9224.jpg,1xYTVsev7rCkHQeuBI5_feOPXZe2P2SJ1
atmos25_9225.jpg,1xZ0X6tLF6H8J7Z3-w9Ogkp7h42zrh7QA
atmos25_9228.jpg,1xc-Urai_s0d3tNC1aktbSAEuKXEisjQX
atmos25_9229.jpg,1xfoHeSswoZ4YphSeTvX5GgaN5e6woAQW
atmos25_9230.jpg,1xhfnoB9XWesEyfy8V-cBXokIBtnRZFWl
atmos25_9231.jpg,1xkOtBUCjJ0sK_91o6Opse-dyS07p5aVx
atmos25_9232.jpg,1xl9DxQN4sIZCk5lAoXsot_BmprbyxZ-9
atmos25_9233.jpg,1xna0DB4ArNRgo0LRdFKmGAbMzK-23MKI
atmos25_9234.jpg,1xsj5mblRAdxNdSXqmJaj6w99sAwQkVYe
atmos25_9235.jpg,1xsk38bdlaBGzQbLRK63nVIaAopKFxeqd
atmos25_9236.jpg,1xtwzK-wV8qmZwo3nWpjIeQKB8_lZmOWI
atmos25_9237.jpg,1xvQEOCc__q_CRZ2qPdvN5o_1Qsv19ROf
atmos25_9238.jpg,1xykcOMtWNyu5-TOOU_yuZdLpfHKFp-V8
atmos25_9239.jpg,1yIfOnq_vyT6S7PVhnqTRqfskOYyKD3Dl
atmos25_9240.jpg,1yLVHDuOdld5dP1l9Y2dVHQSMZyBcV7cv
atmos25_9241.jpg,1yM1brYIlFT0nbmYgYRuQLnNABqvjOybN
atmos25_9242.jpg,1yODDCSIeqkvXRPVi8VJJErTi3BykyE0i
atmos25_9243.jpg,1yQ1NVxymNDJUZ1xETAVnVioWr6eqv7zZ
atmos25_9244.jpg,1yTvVamc232JFVGBFQ_Bhq6JnbRL1GxZO
atmos25_9245.jpg,1yZdVJVCS107QmgaHEccSO500xSIn1Npy
atmos25_9246.jpg,1yc_L2cfiWU-12zzRLMMdxPxSITCQ3G8X
atmos25_9247.jpg,1yf3KGloR3b0ugzDBnkZgTO2eGZYVZGj3
atmos25_9249.jpg,1yjY2-8zb2EI9FI3xHbk8VwGMj6fCV-AE
atmos25_9250.jpg,1yklIZPpD0n57qzdthGMDjPt3q02jpAW5
atmos25_9251.jpg,1yphg-8lSD7HKSWoTO3hkL5PLMXRgqO8W
atmos25_9252.jpg,1yqvIs_0k_4FJHV6cKtJO9EKsY3Zb7bAh
atmos25_9253.jpg,1yrQ7zDwREaM1tMQqQuSvsd7bw_-iwZdG
atmos25_9254.jpg,1ysSwtzu8Nhvda2eFzlL9_teUZMC-x_-e
atmos25_9255.jpg,1ys-hYrYsfUTEdfAWhM_WVYymPnkQN5Q6
atmos25_9256.jpg,1ytIjH-2UOF-TQob1e62o-hRX2iZgaYH0
atmos25_9257.jpg,1yw0H3db0nYf2N1JkE3S18KfJDA5t6u1B
atmos25_9258.jpg,1yxeQvX-GlnI-LpMg5-nAESZB6AXjwC7w
atmos25_9259.jpg,1yzGtHb1FJzvTGOCPfipfB-lplDpC_tpT
atmos25_9260.jpg,1z-WMu5i7OF0xWqJMB3WlWIProA_jezqQ
atmos25_9261.jpg,1z0OX-aTnZt_MZaZwf4o8qvnMhNAPDLg6
atmos25_9262.jpg,1z21FBx7Reh6hI0rGz4ENAytCg5H3gVng
atmos25_9263.jpg,1z5XCD9Z1_xQQSseu96TuQgigdwkmAjb2
atmos25_9264.jpg,1z7CTICDQUr08NIyhm3YHhmIOev2bmTrK
atmos25_9265.jpg,1z7UiKxrpSiB-UdpUdGh0lpzlkteYSlYe
atmos25_9266.jpg,1z9SqIyc8gTW4xauVsvY6wyGXj-_1r7Cg
atmos25_9267.jpg,1zDJlVSe45sPXwV3zZsovN2gC4VUbCVIy
atmos25_9268.jpg,1zKTMDnrjEp0Nv1pXIcOz0lj6yXGmzGD-
atmos25_9269.jpg,1zIEwSeKB6sFCPMcfduDgG7CMFrMmyGp9
atmos25_9270.jpg,1zMB-RiFdx7gaUmiM9RO5I3wCLwVF9g66
atmos25_9271.jpg,1zLoyCbVVR-K4i_pNk9ZMdfjqrRu168pz
atmos25_9272.jpg,1zRkQcABTgb3ppKEqV2Lva_9ux8MlzMTt
atmos25_9273.jpg,1zMlhHP6Ht2j24BsRf3VoixSwft5VFsFV
atmos25_9274.jpg,1zUcgHwFx_usg6JeID2evI0J7HMwiiWUH
atmos25_9275.jpg,1zVVurSz_m48kSKUkfz37b7_4IExmnIIP
atmos25_9276.jpg,1zVdSw4qGEeA25oxzKnt8giZ6oUDXeFZr
atmos25_9277.jpg,1zZNd_sERU90qFqO6ic2HCiYgKnK3uW20
atmos25_9278.jpg,1zVv6bbxcODZZe1p9jsmVy_Ig15TSr2DI
atmos25_9279.jpg,1z_5w67iAT_i6IoliBtZGaAaKJiXyiyXA
atmos25_9280.jpg,1z_ztNxFNnJcdvc8IQYpuUukE1cyqAguH
atmos25_9281.jpg,1zbymFhADuO-FKW09S8RnyasS9awQZj6_
atmos25_9282.jpg,1zdn8S2uwhe2rZF575TBIwH5-wzf5Wdfn
atmos25_9283.jpg,1zh-HZ2GY2uqzPhJJA0UiZ6Wwt6GWBIFC
atmos25_9284.jpg,1zoEe6fUCRPbCabRBoGLPa01CqPuF99nC
atmos25_9285.jpg,1zng96zI4vu8OF4TUHfvXmFjkPUk-8K74
atmos25_9286.jpg,1zqlv_GV-INej1k8WsKJYlYloulCk1pXq
atmos25_9287.jpg,1zx0RUIUU_ApfBthEzqhllcVWi4cE_NW3
atmos25_9288.jpg,1zwbw-erMw0xOqWSPdLwECXDSCy3TMq3q
atmos25_9289.jpg,1PC4oSmTRnyaLgkimC5lxK-K8HFYXzaaf
atmos25_9290.jpg,1zxnsRA-5yZ7BZqva83SBc7o6okzj1zsf
atmos25_9291.jpg,1-CkEDKNRBmIxonbAoHj6fAtpUcK1xqSR
atmos25_9292.jpg,1_WmJkqvOiNM7V44Vy-ihOQKP4e7575Ze
atmos25_9293.jpg,1-4imbytOrojM3KxJwy0MXc7FfM7E5S-P
atmos25_9294.jpg,1-23Q1rN_jyH51P534WMRjGHG0fPzoBGW
atmos25_9295.jpg,1-VB47Gf4yKW2UzyXS_wH1rrXkK6NirvF
atmos25_9296.jpg,1-bjabSQbEUQPejd3D6a14HBxnEkihzSF
atmos25_9297.jpg,1-eKbLVIW0MPJh3Yplo6Olk_H-Yimw-SL
atmos25_9298.jpg,1-dAHcPL5lapsHyQ1FM20wjh4w-vsjQZJ
atmos25_9299.jpg,1-mGPqQWrAQoSQ2oH5rpECk2GJaisMvY2
atmos25_9300.jpg,1-mCuagPoSp7X13rQtbsq4LW6fV4_636b
atmos25_9301.jpg,1-y25IFhWQMNc_UDOcSLHU4y2_fs3RD2r
atmos25_9302.jpg,1-xkhFCnwlKc9BPOlvJZkAKZBDgm4SkoS
atmos25_9304.jpg,10-FnpxOdEiuHQJE5NZUWKYH838z_FCkr
atmos25_9313.jpg,10cw1TVlcaiHxo4nTG9pPP3CZ3Z7F1isI
atmos25_9316.jpg,10el5HI5L8sM09--3SPUE9eg-KcorWcPE
atmos25_9322.jpg,117oYvILoYC-yPBc-93rOLWo02O13keEW
atmos25_9324.jpg,119xjRm7f-v8l4ob5LDtBkf3mZkCCynM9
atmos25_9326.jpg,11HWTMvxtG1iORWzMFm4sSHZ7CUhK1euJ
atmos25_9327.jpg,11HArmRQ51s95fPiRu_mcUkitATuAETcW
atmos25_9328.jpg,11O7xtWh2PdwgjiEigcEw-UpU4WmVro-y
atmos25_9329.jpg,11MMJKlxMBUK3-KxTtZZZINwfKUxH9c_M
atmos25_9330.jpg,11PJxErvqMG--tKG6BjiXUGzTF_XlEWQl
atmos25_9331.jpg,11PyJYKEbncluXgb-oslOBDmxqDZKwqO8
atmos25_9332.jpg,11TH48UBIWuHz1jQtW_rN5us3ttLv2jma
atmos25_9333.jpg,11PIhTw6NOT1c7u-vuRnjihaUKlm6U_6F
atmos25_9334.jpg,11W0OyO1roN5lRC-3SIqy4-LMwE7KhwwK
atmos25_9335.jpg,11Ut5xTJxDn2NglvR4pDK8kSYECFv2wji
atmos25_9336.jpg,11cirH7FYrWOrkwFJKR2QZH4ZMMbOXy7t
atmos25_9337.jpg,11dfgQEPv_XiUpOq1rL81xRgUjf0Pd7ye
atmos25_9338.jpg,11rOerWOyfhMphEavS78ks7eViS_CMWpx
atmos25_9339.jpg,11a6OziLb1aHmdeIZOwbPbPjeYy-3w7gi
atmos25_9340.jpg,11tNK8nmnP3igbAyWgrBIm3e-Y8KhE88v
atmos25_9341.jpg,11jA2LA_T4FKkU6Y-3jks6zSyDScgl4f9
atmos25_9342.jpg,11z_DIV6m8Afv4GtZAHHZHXaal5hwf5UM
atmos25_9343.jpg,1214lSV8SLxtFC4wTHC8Hp4IWbuoFOwPQ
atmos25_9344.jpg,126slyvXyzW3fjhm-r4ueZVt2omvzoLjw
atmos25_9345.jpg,1228S4TapkgUJXgN-QzZ4oAFSP1InY4bJ
atmos25_9350.jpg,12_gDGYAPhtwZudk5zAR_I7rwnZQaAFfc
atmos25_9351.jpg,12aw59R0UALvsy4RDbznVN2ni2d864uKp
atmos25_9352.jpg,12cf-5lw9mIEJQXNmTxDezXpO3202bsAT
atmos25_9353.jpg,12Z_boERfAQ68wHwopLR0l7p4Q8O1Rh3F
atmos25_9354.jpg,12kCLGjn1xHRInp-lRKDZ1Jw90Tvf12as
atmos25_9355.jpg,12jWgaUZsS9lzL-YN2dZS_bp4HcVQhtuX
atmos25_9356.jpg,13-JGDhU4cBLag9wDWoXzICtUF-9u6KqL
atmos25_9357.jpg,12s7O4O5W_o8go6WTA0yR6bUVClvlPjzG
atmos25_9358.jpg,12wBb9jArav8hPjI5ixrZ-Kpju_xoKEMV
atmos25_9359.jpg,13-qLHNJSxu9tIxEGwmfqVJH8n7X0Ibgn
atmos25_9364.jpg,13MPZDQ_qxsy-z7EoyJJMNbu2Ib1b-_YD
atmos25_9365.jpg,13LJ2VBe1HfpBLD1cXsVqMpM97icvEbLZ
atmos25_9366.jpg,13X7aa_7ryFSoQkUQZDlTip75IGb0QATD
atmos25_9367.jpg,13d-WS4NHX0BNcofnls-_VE6cshGvrKVZ
atmos25_9368.jpg,13d4xQBFu0PvRRUzZVEgQDu7RbMajkG-m
atmos25_9369.jpg,13UgfU77s9uiBHLskOfg8Zo4iCUY8OLTJ
atmos25_9370.jpg,13a0xd436wg0RnimVudFzuczlfOUlJO27
atmos25_9371.jpg,13UEqTVEXzWVJykALI1xN7lY_kZMAOwdq
atmos25_9372.jpg,13bJOAlwpTrIJtpMwml9nniyG7aAvkleV
atmos25_9373.jpg,13ZCQCTDxT__fC5bOE54ZZH-KMhANI6tl
atmos25_9374.jpg,13dlOmeYNJ5Kqb3ZI2eE5Y8tVGg3ZtlRT
atmos25_9375.jpg,13df8FwNb5zAx-p8ZyiQanQQi84yv3GfE
atmos25_9376.jpg,13hxxdOy_1iHiCRsO5sXNwpx107WFx8sZ
atmos25_9378.jpg,14-54gXu63t9yqXcG5fPtIy_Y0kpVWMH5
atmos25_9379.jpg,14-jBTM65-SyTHhw_b05GIpf9kQBxlNX0
atmos25_9380.jpg,14-5jnjRXcQvkvEyxD0UQRAJHDGs3rXn-
atmos25_9381.jpg,145ScwNx-kAFdZNWPTNBQGO6xv_tygjUU
atmos25_9382.jpg,14-e-Iy5yY4on2RuRjCAT3ymK8nCFfsjh
atmos25_9383.jpg,1407JRYxU744u8fx8FTj9NZrCgEiWw6BV
atmos25_9384.jpg,148Xmj-zDBxfYnnmreOjLM8zjgcLjWvW4
atmos25_9385.jpg,146fLlzQ57cABn0kA-Lx9Woh3qXgRpBiJ
atmos25_9386.jpg,14Do9pjeSM5vFQb0QDgD-6S85jSiGPRVC
atmos25_9387.jpg,14DKxc64fajUm18BkVQCBnXLM6tk0QTcg
atmos25_9388.jpg,14Pe5lOElksNnTUE2vYpCHUEjayTIPQb1
atmos25_9389.jpg,14T1KH7QdEpvrwhwW2Dx8YeX9Mk6bAxYR
atmos25_9390.jpg,14ODeuLnPiN9POx6FTAQ7Z-3OJTAqPzfN
atmos25_9391.jpg,14RJiSuWW4RKebTUUkFDy3AenWtM9M-sU
atmos25_9392.jpg,14XJK79HdWfaAr4QBuNSMc8_pQ3QHD-Uf
atmos25_9393.jpg,14VHMc_QMOIfnAyhbHDtQ_Wv1FoUNClct
atmos25_9394.jpg,14cGT_1gaKXbIxfkalQBXMtPTfP_2ejVJ
atmos25_9395.jpg,14XkYCAsXEbaJxgMJ1_PJW2Cp-J-k1pDX
atmos25_9396.jpg,14ek3BR1B0iy6-XzBI7J16VULdo7s9wVK
atmos25_9397.jpg,14cT9NfsSBv6ze5xzpC9RZ0xtDPEqVmzL
atmos25_9398.jpg,14ruNO9RlQuFL2gGvQaLmfRvPzDXNZkPY
atmos25_9399.jpg,14o_qLDXVnbJc3lI7Up22AxnysUxxnrnM
atmos25_9400.jpg,155iiAayh62NpTQ0ubDvEvfTjd6vqcMDJ
atmos25_9401.jpg,14sMjg4MOtgJvciky6XhwRIAjXcVcXQ1a
atmos25_9402.jpg,15FJTywTW_WvwdGJwGGALjCOM7WvWfVkA
atmos25_9403.jpg,15DiJ9Lyk1bhY3OtmBZbi6P-EJZfIJmUG
atmos25_9404.jpg,15I1Ijp0Scpy-9k8kGGsv0j6BDKRJ6hna
atmos25_9405.jpg,15HUym_1qX09H88tziO98pUijli3F6inp
atmos25_9406.jpg,15_J_0cIV1rha_shi16gq5iiwYdCDK8ch
atmos25_9407.jpg,15TOAJF-is4_XmUUYge8CPy7T21QPtN77
atmos25_9408.jpg,15nTczd9zQk7HgxlmeclBCo-kuXqD6TGu
atmos25_9409.jpg,15ik4kEBgbC__ikhnoYLoGeRQn8HX_BK6
atmos25_9410.jpg,15tVU5nnoBRuHoI4XRuSjBJMZLBVkvWps
atmos25_9411.jpg,15pQ1v-uYoVNIoEOBTU2Kja0Voy_mljLN
atmos25_9412.jpg,15yV5wmkW2UT9hNekcwo12MjZbBTRWzmc
atmos25_9413.jpg,15wFLQ1tFI0FR4jp0wQr8PtbxtSfNtMyO
atmos25_9414.jpg,161jVpJXj7YSvhbpxPcttDMlQtRr6tfYv
atmos25_9415.jpg,166cOgKwCj3ZZBHUBx_U_zQifu0jZotC8
atmos25_9416.jpg,16DL2uHPpJwW1FFeyJGgSoUOaoktW274Z
atmos25_9417.jpg,16Chr4wg9FtAyN0QJ1yAmVfLRyDyPoRn_
atmos25_9418.jpg,16SfUPM55OQ8D4KAYpt9Ccp619sAkT4Ls
atmos25_9419.jpg,16QqfGyzjZUOzS9_Bp9tpqRfnPU0NWtW-
atmos25_9420.jpg,16gJjw7DhKSgxalKBR021AoilwZzLD6Oo
atmos25_9421.jpg,16dljNkCdpf-VN6_L0VKQzwpX0mBxgH8d
atmos25_9422.jpg,16lOYOXmipu5ByrsxKFjVSgkrBLXrmeez
atmos25_9423.jpg,16iD5Qc5szxj0z1-OGFwSF6x7OJ_8MdhX
atmos25_9424.jpg,16pT4lc2tcqKAFEaC-wZAxdH2XsnsUpVA
atmos25_9425.jpg,16s12QiY4eUp37KbAvnN7fQGxcmFQGGDf
atmos25_9426.jpg,16maX5iBb2BESCvjXMopYUtSyRuPht7kt
atmos25_9427.jpg,16pmhZm1cNcLchkrA9PkCjwDBqqeT5C9g
atmos25_9428.jpg,179EPObzvf-uKKmLwAI0xEnYroSY1T3lb
atmos25_9429.jpg,179JOMJYnzTNJb3w6e7PA1VfmGvVSFYLL
atmos25_9430.jpg,17BLRqbTnzOA5UUVIkZO2LCnr9AvK8K9r
atmos25_9431.jpg,17AgIieInOvzHUaXRDO-3StI6hfmZFJSp
atmos25_9432.jpg,17D5884CBGiCLlhLxJZHNxJFO-cb8rb9v
atmos25_9433.jpg,17LgSAvKBhIetdHjYtiwygpDGEU6_stF2
atmos25_9434.jpg,17D_J6NsrmhKX_42nH0cIxTrOTiGBzcft
atmos25_9435.jpg,17Kjp7VgbVW4aW_gfVSDrCiMk7cL72dzG
atmos25_9436.jpg,17OgPR-SGXSWSaFcUqMbxf5JxXcZ9DMDB
atmos25_9437.jpg,17N97XlFH3xqw89IbYXZzlnyRUIk8Yt6z
atmos25_9438.jpg,17QLwdM2Mj3HF7CM1nVtjibnAcBj6htL6
atmos25_9439.jpg,17PaX26KEjUAo2miGV-gur9hEcO-CkHiS
atmos25_9440.jpg,17T9foG8ZjOWDUhKjBq1HxFBpm1lN9o6m
atmos25_9441.jpg,17SU9ToXU9Ubxny0x8fSvBS9TG0gVB22_
atmos25_9442.jpg,17Wr7GXGSEPuQmjF_uriZwRSaEaBjOnY8
atmos25_9443.jpg,17TiHvJ9reXsCeQ-rk9YAzJGQtto5XpJZ
atmos25_9444.jpg,17YeHXfyWMetuuNMTJpOBakY2BmgOQBnr
atmos25_9445.jpg,17ZuAjMWdT90iKJGcRMupybHd6hCvcAV4
atmos25_9446.jpg,17lIluhLY3pUtkD06MlxkurI8LpQ1w3WS
atmos25_9447.jpg,17kOEJLtAUZBa3NbcQKt28iQNxemTPiP9
atmos25_9448.jpg,17q7O8jil2qWhl8O5bZ_hXp39aCtTwSZr
atmos25_9449.jpg,17li_5xlt02-ES6dgSSC3BJc3uAGoHtu0
atmos25_9450.jpg,17uf4FzOrOlCqeINc8GenLCQivHjEQtdj
atmos25_9451.jpg,17spR2Zt4jU-r7dmMstFtLU3K6W8D5lKJ
atmos25_9452.jpg,186JKcFblfnTekhV3CDKytxGkMvmTwV6m
atmos25_9453.jpg,186QGY8lKO5SVK6OYXNIr40u0TG59EVj1
atmos25_9454.jpg,18BUoDwflMJRRsvt7z1PK-8EHIzQl7yBb
atmos25_9455.jpg,18KGxDNAmUShMWAN1XIDKHy6K9BiPNKIv
atmos25_9456.jpg,18Ac-87aBWmP-mwGw5fbWrrwIthW7InZe
atmos25_9457.jpg,18BgKzJqwOI0dSRfGBC_8RRFPwFtwP53E
atmos25_9458.jpg,18U7HwLoBS899GV766x_BK-Tpc3dz1DqG
atmos25_9459.jpg,18P7nTlxt489UzCQegucJB4sOO8645CMt
atmos25_9460.jpg,18VMbDbc-OwZqadMvnJO6-iYo7O-p4uLe
atmos25_9461.jpg,18UN__Sr1265zj7EPXHfHDT0X27pR0gxS
atmos25_9462.jpg,18YvuzR31tASLmfSHSsWGU-FqIBKI7ogk
atmos25_9463.jpg,18Y6AITd_4gusGD8fxJOwXOePQmiPaCjd
atmos25_9464.jpg,18_gL76-iV3EFwx3IG_Y0RRHJqhll_mOp
atmos25_9465.jpg,18ZgElf9mm9w21CZDLgrub9NWM-p-_66S
atmos25_9466.jpg,18hZu4TEGYvHJkLwY4XHS5_aCH08styCk
atmos25_9467.jpg,18fL7qI9zWKYklNDAEsGyHgSjWcZgPHuG
atmos25_9468.jpg,18jayq48pmdvcsbXfPgjgMwOsaYDpqVu3
atmos25_9469.jpg,18iiiDdNgP_r1EtJmvh0_C8kPaUFDhAEn
atmos25_9470.jpg,18m_BImBkspZeeMP5Hd83ru4ZyP_R7Ihn
atmos25_9471.jpg,18lmLNHgnMOMEcS9XL32L8oakncz6dIKX
atmos25_9472.jpg,18s2jMqwRyWYK9w55kPo1BbKO82Nb5Wpl
atmos25_9473.jpg,18p5wqPkvIdvtlxz1KaqhdA2s5V1yMMl8
atmos25_9474.jpg,192SvROvZ5uzqpSsNlKThZfOnz9Cmktt2
atmos25_9475.jpg,18xz7yavLG-t_5k-EsA60l4WXvrB6NFRW
atmos25_9476.jpg,19Bag3oHlIfjpNMi7WIfwOLfNONE9Thna
atmos25_9477.jpg,199gv5gzvcFbuOBs4n4_cirY1NLvZhq0h
atmos25_9478.jpg,19YiZnGrA4-BYAhbQOV3g-3sRRjBeeh47
atmos25_9479.jpg,19YAnIMUKUWmoyppll15hB6GBS4TwbLZm
atmos25_9480.jpg,19e3WxZu-d9YWfpcw6vBcT6QdHQe8JVB8
atmos25_9481.jpg,19dsBCMy_CZBHKAB5kDooTJL2ykiWSaXw
atmos25_9482.jpg,19gFbR3iu8JO9-oj8etv_qlP8C8qXl7nF
atmos25_9483.jpg,19eOOq6ZLElnx409oWjq2vPkpDOacoRej
atmos25_9484.jpg,19gKXK716SAxPhiERkUAFJTNExF71zaO6
atmos25_9485.jpg,19kQ_-5q4bJL5y-ww45PWVdQTSuw7SQZw
atmos25_9486.jpg,19kczAI3Lk6OsDmsKdgoE9Bvlv30QFPcu
atmos25_9487.jpg,19kYWIXv3AiAverPHwXN_IOAUefBG7mPx
atmos25_9488.jpg,19oh0Z7x3uEHmTzUwKJxVLeq3kgiA0Y2l
atmos25_9489.jpg,19nmfxYVj6_0MFlNa8xUwO2XUYCwD7CGD
atmos25_9490.jpg,19r8GyJacuriz7dP56YDKlRNYIlEiSlSg
atmos25_9491.jpg,19qnyz3c4KqM8hPrwCblgmKMEKiC2b8Cb
atmos25_9492.jpg,19rAuOi1QaLHxLbCKQhdCa6G3uvr25Ftz
atmos25_9493.jpg,19spiksJdT-lkxi53dN85urkfYDyzOEBW
atmos25_9496.jpg,1AB3TRwkaTUuabGncrxgYfHnt1LoGyCSN
atmos25_9497.jpg,1AERgAmKEtZrwumXsL42BDVkrnxb0HVKY
atmos25_9498.jpg,1AVahCzKfjVnUBR_6MWD-QGgs8JH7VbWe
atmos25_9499.jpg,1AV_G7M4XWfdwSpbRoZ9vbiGfTd7R7h25
atmos25_9500.jpg,1AclEKubhrBwaA0-FhwhgPITaq3VeJXKA
atmos25_9501.jpg,1AbT7x8nC3TpxkzO5IOzTAujVpBthkrSP
atmos25_9502.jpg,1Af8zVQS6PuUBk3xOJSE-XJr2f2USv4cB
atmos25_9503.jpg,1AcptrrUd-qmwNPk8C8O110qbkle_3z7f
atmos25_9504.jpg,1Ah5Hy-cidcwPKZsLAuPL7G9S-EjTWQcc
atmos25_9505.jpg,1AgyHlPz9i-dzqnCC1rjudoDYa71EmV2u
atmos25_9508.jpg,1Au-rm-typmLHEhgXQLbC46LMcKpy26qL
atmos25_9509.jpg,1AxCGyeGrsHL1yQq8YOsi8GE3JaUr5TiJ
atmos25_9510.jpg,1AuMJ6AQFMYB_IN7CWoMYrf4PpsqNWC1c
atmos25_9511.jpg,1BSsdLYbX2z5EMieLQ7XOwaan2Q1dp3kF
atmos25_9512.jpg,1BPma2iE1VO-V1NqJ70aPrH1OZFiQZwCh
atmos25_9513.jpg,1BZ9yS2qSgNdgil18g4C0X8TI2Zg64CRU
atmos25_9514.jpg,1BZ8-dpeSC1myo_JPeprpFjLUoCtvjKjE
atmos25_9515.jpg,1BesuMqNRVoeNv5MvKV5E7c5swPDjpa4A
atmos25_9516.jpg,1B_wggT9HUUZLp5G4WggwObFUlWvEnPeq
atmos25_9517.jpg,1BhaFhS2nyHQz3jsmR75WuuOeK_ta_nsg
atmos25_9518.jpg,1Bjxk-qe-WixVVacQSGAdrYAPHZ81CMK2
atmos25_9519.jpg,1Bo9gjquo6a1yMphuQoHKJ585Z2qHJjAM
atmos25_9520.jpg,1BoAUgKvbOcl9lhQFqXfrVJhjISQ3gH2h
atmos25_9521.jpg,1CGcrE84Cfjh0aq_kvAZx99_0-0fhVFTU
atmos25_9522.jpg,1CGYISFSB-dPEdQZPhvvQEh2OHsc4MDXP
atmos25_9523.jpg,1CQJls0L5Qm9F5voBjjpZoY9b7e4HZqER
atmos25_9525.jpg,1ChUrQI4jSALFpd-S-ULDyQEg4bEh6erA
atmos25_9526.jpg,1CVM416Sk34ksYuPAMaYAjuKREAeNy03P
atmos25_9527.jpg,1CZ2WGaPTA_SkL-MOaEb-Dtm3ZnBu1CuC
atmos25_9528.jpg,1CgBPj09AoYQlMNnvr0K2pP6bsnvoEBe0
atmos25_9530.jpg,1CiYC42HO6cr7xPbVvR_uSab_65HsxE9i
atmos25_9531.jpg,1CkHDRY4MBAIqdoQX1P0_9lfOHPb5DK8I
atmos25_9532.jpg,1CjUF4si1MD8WvUj6xAbc9uYLUlfSCbgo
atmos25_9535.jpg,1Cx91p2i7GRTmwQhpXiF6QvKNC9OIIwq5
atmos25_9536.jpg,1CvcPWh6ufI5d3hf2WGu-ap4ejyXVEcRK
atmos25_9537.jpg,1D1XMLnF4hngbmk1IHP-ouffSLXlClg5T
atmos25_9538.jpg,1D1CirPErt9aiXi9NaM5ZrpLsLUHItjkf
atmos25_9539.jpg,1DNKWIX1toJc2S5prQ-7kmkFNqcjh8bdG
atmos25_9540.jpg,1DBOdyVtp_e6zm2qObwe-06d2oM5z-bol
atmos25_9541.jpg,1DVjUUvYTqfF2CEF96elWhtbIAJIBZ9h3
atmos25_9542.jpg,1DX0DqS5GiwENVT_7UQ4KE3tQjhCGtCdf
atmos25_9543.jpg,1DYyKLx4uEPAlVXYEVL7f_LUIZbOT4Cah
atmos25_9544.jpg,1DXMwPAEh7CjnowywZFp9cZEjTZHx2MaB
atmos25_9545.jpg,1Dbqh93LOMpzEc97FCd7IUVi9TQu0bfSv
atmos25_9546.jpg,1Dd3crDj2XVKHTFLHCgWLeDBcZTRUDwI3
atmos25_9547.jpg,1Dj9tc4NtGQ23FopN8LQW2C7Y3mGTw-WZ
atmos25_9548.jpg,1DdU_3CrJMWsQDTjc_PdC0WaKeLjm-RxP
atmos25_9549.jpg,1Dm98r3xgIiw4QEfHs7sG4YmS8ofD0t10
atmos25_9550.jpg,1DlNS_wlU8foUd4mRLxcuNsDgkkUq5OIb
atmos25_9551.jpg,1DoMxllbvxHBoZrS0ogXuLUoyz9j_-Csf
atmos25_9552.jpg,1DnBXnTqa_LehOygRaQsBS7SNCcb05NKu
atmos25_9553.jpg,1DumN9guGVt2mMg1yTqF0Y2tojztY_oEc
atmos25_9554.jpg,1DrFSttNhn-jS0AkHSp5a7o4vfXJw9k-r
atmos25_9555.jpg,1E5yQ8HvewJZtL03djVWpjbHv--wkAm_1
atmos25_9556.jpg,1E6YXevMRvp_ludZzkwp1XyAZCFPcDnCc
atmos25_9557.jpg,1ED3PS6XtWhjt1ENoWXIBNGlkkKAKzqCS
atmos25_9558.jpg,1E6lkJCkLOVpxUdW8uLZxvOPiVppCFUNF
atmos25_9559.jpg,1E7LIwXrrABMO-paxJC_P7eA7CZVdLpUQ
atmos25_9560.jpg,1E4EcqvEucZHQgvxGKmy3-9mO8GIacOov
atmos25_9561.jpg,1E_-Ry_9f4rZtGZjHSwPLyumF06WxJsry
atmos25_9562.jpg,1EZCNWTfEPUgyjYNJ0lW6nhBK__MJ1cMv
atmos25_9563.jpg,1EaOf1kLl5B4N9tN7nub7_LMBj0U5uEbX
atmos25_9564.jpg,1EajGdt8fVW9teT5GebenacbmfJZ1JdEc
atmos25_9565.jpg,1EfW7naWO6k0EzQ3vFVOyTXyKe1IMzT8h
atmos25_9566.jpg,1EwUHzlyFXE4RgVK-QZcqctkW8W7Z69ML
atmos25_9567.jpg,1EhDTJ6jNpdVAe0qSqF7cvJpvdvR94Ymk
atmos25_9568.jpg,1EpWXpPZ3G7H6JCa_bMtffwPdyNr9nXJF
atmos25_9569.jpg,1EqFXVhF4Vr41mC09O0dnJVlD_c6IVC-B
atmos25_9570.jpg,1EzWJTaHTmSqw_RgrumSCk3wvKAt67UWJ
atmos25_9571.jpg,1WwzvDqCKjvmumo9RCcon-qHk5xTKnplk
atmos25_9572.jpg,1X6dnjX_xcvTIyMjjbKf1gJguc527Ra5Y
atmos25_9573.jpg,1X382uieY_rNA4S8K_iFPXLv7I_67lwOi
atmos25_9574.jpg,1X21K-UtnxkmU6v88Bw6KGp6aBemQT5gW
atmos25_9575.jpg,1X3GeQ0D4HNz8XiG37r3S-p7NEQA182OC
atmos25_9576.jpg,1X3KpipSoFnxoxUT0B8UMBeHcud3XED4r
atmos25_9577.jpg,1X9rfO6RrdEPtu_hFTn16H10jHWSwnqHr
atmos25_9578.jpg,1X8mueBFlODaPPHl62jPbLmfLECYLxsmD
atmos25_9579.jpg,1XAYCd2Gqb8zzuO6C9Nh9J_3Sq-ArqZ9D
atmos25_9580.jpg,1XKjoQC6DjBpUwh3z2ZKkivfIPFNXD5vk
atmos25_9581.jpg,1XChHwcRw56uAszlG31SyPkRVUIw5sMzf
atmos25_9582.jpg,1XFdJzDqWoVw28FIHwi9OQzbqU59bIJyt
atmos25_9583.jpg,1XCm3ZYSj_Tpfj0vqU6PUi_LFXGdWswyC
atmos25_9584.jpg,1XKCfMkRG0lMc0-zzwCfmnfoIME5rI9ep
atmos25_9585.jpg,1XM6lqvRTCkeZoSlXMeeXS8kK43Sz_uGM
atmos25_9586.jpg,1XPfCvdtRNzdj3ePeWPB3ffxb8hHVznPm
atmos25_9587.jpg,1XLLxhJH1FdBtuSha3a0m1PF13jcKuUsV
atmos25_9588.jpg,1Xa6Acn8JCvXI2-0a0bw63WhTGwrmByoR
atmos25_9589.jpg,1XZXPwveO3STgtV2SkLmRPYQN_lFQOyks
atmos25_9590.jpg,1XXTPoyL0abVM4iPvEaplCT9zNtFn89Zp
atmos25_9591.jpg,1XY7JHRS6RcDWZEgVjFLLqwlsSuJ3D-40
atmos25_9592.jpg,1XdahqHyyLZxijK5nyDYYn0UY0pv3lT9k
atmos25_9593.jpg,1XaaNaE3dWWHjjV3PGhsls1kEVxa9HQCo
atmos25_9594.jpg,1Xgeun-LYvmHcrR8zXTPpSlWTAWqVSy5Y
atmos25_9595.jpg,1XeD-4e1nibOPPqZzviiSYT44qAQjaCjk
atmos25_9596.jpg,1XnwOK1aqVlYCZo_SBy-6fNmO00-r8gqA
atmos25_9597.jpg,1Xnkm8F51Whs2TFi9x_ZAC2zCEtBkDgrs
atmos25_9598.jpg,1XnLKWRAzRvy1drQCO0yLP0lhep_n-2f0
atmos25_9599.jpg,1Xqn_8faXtZMh0lIFXe2ejbYuUkPoZqYj
atmos25_9600.jpg,1XpkNSkxwaPcWla54FIxC8OwPKRZXHi93
atmos25_9601.jpg,1Xr3gNdSpAeeVttBuPBiaRELmK2W1qV-c
atmos25_9602.jpg,1XrgWaiO4F_cmQXqJy2XfZgBivsBJD55O
atmos25_9603.jpg,1XtKOf7Zl0xDdW3CqaBxNnJbWeycqoZn1
atmos25_9604.jpg,1XuOFcyDoNDtHDlu3ElMcK5jI19AGgWjF
atmos25_9605.jpg,1Y-jEzWcIp38bWhZv-P5SxO9Mw3idbXMr
atmos25_9606.jpg,1XzgtbEaj1QLEVlCPOu4_NiThdAoFwCFO
atmos25_9607.jpg,1XtPzY6inE2BBWi-SmpBjDGN9HhYrGyWq
atmos25_9608.jpg,1Y5dr_2peoqEOFMrGoCCNKlvkbI7Y2qLL
atmos25_9609.jpg,1Y-0ppn5_sfgUas4vVr3MKWXRFLR6l9JE
atmos25_9610.jpg,1Y3AarXRz2dQ-ZJifdWvg4fmbEfwcl2-7
atmos25_9612.jpg,1Y7qp-_5CFbShim0j49XEqA0wNBZ2KWK2
atmos25_9613.jpg,1Y6Chbz1I_g2Myx-WSV9Xy3I_RDWE03ix
atmos25_9614.jpg,1Y9t3DJSl3XhmbX0VyB-fASsIHyYsS9Vd
atmos25_9615.jpg,1YBVHG6Q_P_9KRlaZTiasSJ0_gtBWzlns
atmos25_9616.jpg,1YGIOoOS1YjsO-wFc9ukjoIGHFTFEpoPX
atmos25_9617.jpg,1YGEyqDOtMo2nWIuVbpUC7LCdU8N4FcuF
atmos25_9618.jpg,1YHyvmY0-MXTcNq2HlHEXjXwzXK2084Pv
atmos25_9619.jpg,1YJ-8u7A0Hog3xFAlsGxx22WhDOvstbBb
atmos25_9620.jpg,1YJA-_-HlLSjKNrKokfh4cxaiTdfRlLeI
atmos25_9621.jpg,1YKZ0o7Z7hUtM1q4u9JYw4GmQIdHoUHfx
atmos25_9622.jpg,1YLytg5zUXx58z8i71FtZ5ek6UBOeIH-S
atmos25_9623.jpg,1YMxrj3eqIq4RPQwBMViA5HS7-tLjWFwk
atmos25_9624.jpg,1YKmAU5wIv8KJc9Eh9FAnjpVZVF6vVeFQ
atmos25_9625.jpg,1YLMpF-h4tvN_LljzTJxwfI3u-c4QDUgl
atmos25_9626.jpg,1YNeqqu_4MZzUBiOYjK_P-pYcTp33uLeG
atmos25_9627.jpg,1YQflCzRobMnKeeDAZJlcVWXnYNcXqTpk
atmos25_9628.jpg,1YPUcb84i2yRhvyx2wcZDJB7q2rRU_BhV
atmos25_9629.jpg,1YS-vKP-heD4VPsqt52DPnUbuQad1-Qc3
atmos25_9630.jpg,1YRverV6lAEWfysUt9MXhOm4o91gsFhnn
atmos25_9631.jpg,1YSTAxCewSOAB4BQ0LqkswVMTD1BLI6ta
atmos25_9632.jpg,1YWYq8YMO-eKXByL10LkqyVnySrHQANpN
atmos25_9633.jpg,1Y_P7nmFPEgoFscNBtDHKP7sBG3ZeuJG-
atmos25_9634.jpg,1YZOqSYCqjzKcNWEoIQmovlE-xav707Bm
atmos25_9635.jpg,1YdjErVF3_T_CO-pNIMZTme47t70MUJvr
atmos25_9636.jpg,1YcVb7z7AVGZ8w8UlakKe4e5s72Cqu6Yh
atmos25_9637.jpg,1YhB8h2h712yyr3BVy8l7Xlalj6vRwKs7
atmos25_9638.jpg,1YjWU4vQhC_R9yEztu8VEGc9i3VZz21vY
atmos25_9639.jpg,1Yl_Sz-ZeOUGyaepLap69F1ZfegCqMzrB
atmos25_9640.jpg,1YnBCz_SlZvyQvqMfh-OR8Qp_b3nDcT91
atmos25_9641.jpg,1YpbHJYBzoq5eYwz8Pzh5vxEimHMUm9dg
atmos25_9642.jpg,1Yr-0u6_xGyHkxBULBR16OZWknhuGqoc0
atmos25_9644.jpg,1YpuuD7Cmd0CBh0Y3caxjLl9LgaZFOZ1A
atmos25_9646.jpg,1YxPJQqRie76M37qED9eqmn6Zhw_tfwT7
atmos25_9647.jpg,1Yyn402h35sDjMR56bNWRU9Wzj5IqapgG
atmos25_9648.jpg,1Yyd4MRiQRK9ruDdtsgD1lDYOOlOU_ae3
atmos25_9653.jpg,1Z4eDs1gX3mDea9pmqac4Jf_wHg5mnJBj
atmos25_9654.jpg,1ZFFwUoN0lHarUq20GMTgYsArCj2w_v4N
atmos25_9658.jpg,1ZHF0BvxU4ULjf74TTlfFxvr42SpivlKs
atmos25_9659.jpg,1ZPyx4Yxs9bK32I-2yKSrWM2WshgLMl5y
atmos25_9662.jpg,1ZOHSnngqAS7bpl1KhLbNO1s5Kjofl-oG
atmos25_9663.jpg,1ZZ9mWSg2Se90OOyozCMO13OPsFYY88hk
atmos25_9665.jpg,1Zdy2WjZZAO9a-wwQ-CX-T-71adxW-rBm
atmos25_9669.jpg,1Zk_D5hhOc_31WAd816TMy7yLXWueWIIi
atmos25_9670.jpg,1ZkOi-prZTqsivg_OSasKFgvQgIAxSIPI
atmos25_9671.jpg,1ZoPFqwhlDBVp2DzwBnhGPPSJ_Msg_BFE
atmos25_9672.jpg,1_0JD8bvZXoBn3BpMekyiXjVuZZcI8a_B
atmos25_9673.jpg,1_0Glupa-eKWUJqgXjDRRqhf31nc8hg4j
atmos25_9674.jpg,1_-ms8j32lKzMrymEdhRa68dCPcgX0aqh
atmos25_9675.jpg,1_5RS0K7YyD-Ykz6csZ_V6qq_bJKNudcf
atmos25_9676.jpg,1_1z9qTscZn3KiL9n2N9WMRnsg2RYq_yR
atmos25_9677.jpg,1_9yxTUm2y03L9Dy_Dm1waDrWeYtq0MJd
atmos25_9678.jpg,1_1iNvhVeqhy5oHiFSdiieJh7mIBAkum4
atmos25_9679.jpg,1_6N5KMGzWHZxSbky_8_DmebACtiacU-A
atmos25_9680.jpg,1_8vILv519s67IqPFjZxHQtke_CczHSzi
atmos25_9681.jpg,1_B0kpj3E9D0RXoW6M287lk8W48RbkZey
atmos25_9682.jpg,1_E_OQRiHBM0rpLJl1t7GtncH5Uz1DZa3
atmos25_9683.jpg,1_IxCD9643TTW8GWuYpgdzOcqfxxeRaJZ
atmos25_9686.jpg,1_NJ32REOHJL72zfgIZSwaHPKIJu9N_tt
atmos25_9687.jpg,1_UCCogaZwlMDIJvmgPPBt1WpOZKs49Qz
atmos25_9688.jpg,1_SitVScqU0nee1ns4SXHCxuVuLgbFLpY
atmos25_9689.jpg,1_Uvpb_tnxUQ6LiboB5FThzKRTsoLh7pY
atmos25_9690.jpg,1_TYMaAAN9PDqssMHCoe-Ap5q70Q3ZVyq
atmos25_9691.jpg,1_b5MlpVapm8Vs3RrFpyCj0XnssWniuGa
atmos25_9692.jpg,1_eAzIs3LEELMgY_nP5IldK1ysCuERnfl
atmos25_9693.jpg,1_db-MtCGZZVxBvu6-Cij1fVl2ZPEEuEc
atmos25_9694.jpg,1_cfWClwRCbx7cMdbIRfoUeyjQyun-xLO
atmos25_9695.jpg,1_kvv8-gl_xaC43xcCmNb3_wXgjlzyqfF
atmos25_9696.jpg,1_jl-RY4dBv5YnEJWdNPm5E16tDlGwmGz
atmos25_9697.jpg,1_q-frPBrCGpPoI__fh6Q9bK5VxbdokdV
atmos25_9698.jpg,1_kgAn9rUOYy3qEl49Ey7d2OlKueUt1qx
atmos25_9699.jpg,1_hYtEOH3ajQGaosRPO0Q2HA9ZXEvOg9T
atmos25_9700.jpg,1_rJumdZqKJagSmeElDmmQWgVx4x11QKA
atmos25_9701.jpg,1_sciC3Nd9u3dr195NW1BNblDqZG4IwRb
atmos25_9702.jpg,1_utLgs77YarEajcY3u14V9avXKodXshl
atmos25_9703.jpg,1_ugarB-ZbAKLBbDY1WhtZ_GA3xxRgqSi
atmos25_9704.jpg,1_xN3_2IsERS-vjkOe3VoWrv7LhVNOJvz
atmos25_9705.jpg,1_yCoHAjdgpm4MsWoi9OEaDS2LF1Ry3Js
atmos25_9706.jpg,1_yuxTMt9SVi9oi1qunNtdKVdz8DCgwNI
atmos25_9708.jpg,1a6ImsrAATThX2IYyRZewFjMqv_H7EsHg
atmos25_9709.jpg,1aCKiJvPd68cYXMq6KM5qwBnMyrO1VVo8
atmos25_9712.jpg,1aILMqoCaPTNqRqi5C86ZOd2u5x-sroJL
atmos25_9713.jpg,1aQuT0FWu_PyMF02188_us4Sg-AcmT4rT
atmos25_9714.jpg,1aXWW3EtWbtXkABAf6XuBz2LYB4YsuFTy
atmos25_9715.jpg,1aXIfMWn-xF2BX9fk7lg56zOxhAlh9cNQ
atmos25_9719.jpg,1adBfKGIU22yUpsL5lLUEXk49X5jLXaeO
atmos25_9720.jpg,1aaF7_ijqd5A-Q8-GuvLsxsDabGQNnXgj
atmos25_9725.jpg,1ap9Tfy-4wT-4qD9_QVzgTBAKWB89Gqz8
atmos25_9733.jpg,1ayjFyAzUo6cOl-JQmi3KM815Ggt-XAEP
atmos25_9736.jpg,1b7aKKMLGjSUaISWvxQPCGXS3Yj7v7Itl
atmos25_9737.jpg,1b83VR30KRkxKZUjSNhhcCs25ttEHosdu
atmos25_9738.jpg,1b6nL1Me7X-V-NGMPO_5BwHvM5O1-rOXD
atmos25_9739.jpg,1b88zAneBVSNmuc-tFE_GqbqdrWuy2uoo
atmos25_9740.jpg,1bCMRTBlGe7UrPrhBaXWFZuE5_bQeXdGM
atmos25_9741.jpg,1bBg46C2lYsqkIhuD6UtZbu1z8-gQT-p8
atmos25_9743.jpg,1bJQSDivdvdj0dbyyw_PwyvEF5bVU_PlH
atmos25_9745.jpg,1bKyermTLK6fGfy5OyyGsrnwZTVMSy2Ff
atmos25_9746.jpg,1bOXwEp9R9Hil39Rhj2lznhNr0b9gL8tT
atmos25_9747.jpg,1bOgl3c_YYgGzHXPtaZ6CQzJNElAu7afC
atmos25_9748.jpg,1bR-EZKDS12olef3PWv6I4DGUtqqwcipx
atmos25_9749.jpg,1bTr_bJC7eRlurH51Of8GXI1cl-W5o40w
atmos25_9750.jpg,1bTTljpXd6ScUmacKsRw_IJXB6e_yqTlg
atmos25_9751.jpg,1biJocT-nMtuYzhO8NWR6D-EXltU8jOhG
atmos25_9752.jpg,1badTESxzUPQ5UAbcA77I9SZQWLlEp0NA
atmos25_9753.jpg,1bjy7Q6Uaq27JTT7hsd4LKEGFR0JCeXa0
atmos25_9754.jpg,1bkHA5MDvn5MwByqDEwFER19aaSHvdMyF
atmos25_9755.jpg,1bmqT1wXKAearv9dYD5QwwGfpDhUcRSs9
atmos25_9756.jpg,1bonWU6M40-W7KWTp5pIlSY_Rt7ULSaM9
atmos25_9757.jpg,1bp0XnNnjfHWR_RoaMbIM-QyOmJzAuTop
atmos25_9758.jpg,1bycdtTqieRX66Smu8KQWkwNHkSjT1ISY
atmos25_9759.jpg,1c3nZgaEaFfOUVk3bKnYy0tzj0GnazdPo
atmos25_9760.jpg,1c3uu1uzWvgFJzuXVboIMutJxlVM4eNwP
atmos25_9761.jpg,1c6g41B_eO642ifd6t8g-sGoa6kuWgsX2
atmos25_9762.jpg,1c83AmpXFkPKLg0wFSVQf1-Pk_oXN7QKE
atmos25_9763.jpg,1cFilVT9l1-FlSeq7IaHprVPuyLw3FTsz
atmos25_9764.jpg,1cC48kImjAqvBBe6_m4B4bgZXmp378rXm
atmos25_9765.jpg,1cJub8BBs1A2fsz9oCOvBu2iw9xKT429D
atmos25_9766.jpg,1cIsp-XVobzYbYHPMYqUYafghHEuwtFAI
atmos25_9767.jpg,1cMfSTahd71kqdw5ONnDsLOTKB7LiO6CZ
atmos25_9768.jpg,1cLvGexb0bsUpY3j4QYlDaFxc94MM-Jep
atmos25_9769.jpg,1cPI5HnfHI5g_lObuItDrVdGJtJ2f172r
atmos25_9770.jpg,1cPRBkPmANA2Rj4Vo4U-Yv8QTZNP07QFn
atmos25_9771.jpg,1cWVBHtfgireWjXDkvP1YeaSVPsOJvklT
atmos25_9772.jpg,1cS-q0Nz7gM3I4wUf_UQxMZNpi3rS_PW5
atmos25_9773.jpg,1cZapqO3voufr4Dz9ulFs-GE_4DsmGpKk
atmos25_9774.jpg,1ca4a_51bmGtLIZsVoj3uNEkGuDoLZ9UC
atmos25_9775.jpg,1cdX_PKy43Tel4jVUmYGIFT3KQ3p01HS3
atmos25_9776.jpg,1ceZYpUsuQ-OQpzfKSdVKiaAXRVThQpCJ
atmos25_9777.jpg,1cfdgFTN0OUf3MdDB8_MPH0dTDoX1Kw4M
atmos25_9778.jpg,1cgQuOF09uqe-RtLlSiV-1R2TD2wLpiLq
atmos25_9779.jpg,1cg0uPAN0L7488vQsKYRIAfZfAVcD3Fzu
atmos25_9780.jpg,1cjOeW1u53-Bzh7qUjUG1yPgJt1WPN5WL
atmos25_9781.jpg,1cihJp364tY3Nj74xMXooI-Ps3xr0QWa0
atmos25_9783.jpg,1cmsha4mYu7FHjaEQ2GAN3TUGc6WwdF54
atmos25_9784.jpg,1cpOmaCraBVxwYwGhBkzAPZxtTgE_u3Sq
atmos25_9786.jpg,1cq5RY5jIAoVpW76k4MOexDNLAbE815zo
atmos25_9787.jpg,1cs680TryeSf5XEABaqY9JL2NNopR3aZ7
atmos25_9788.jpg,1cuXBwaNvpAFWw0cCZZj-joDiHeM41mNh
atmos25_9789.jpg,1cvHAliCmZS4Ep9DGSCOHyYSTyJQCCt6S
atmos25_9790.jpg,1cwbUV4kfwbeSOdVNVLvn-vOkt6TubYDX
atmos25_9791.jpg,1d4dDaLYI6UM3znaytQAWTgSk8TR9qGOu
atmos25_9792.jpg,1d0UyUd8uPG7ZmlAaxTufikwbtONH9YV7
atmos25_9793.jpg,1d1xdVE7xDwk8bDJ1HosG-Pbk_wJai8qi
atmos25_9794.jpg,1d1lhLYrFSgSx34HBVKHjpeGdRXydczRB
atmos25_9795.jpg,1d53B1MwBtuO9zko8jOiX72ddwp8PVL6U
atmos25_9796.jpg,1d4z1uYsvDeCgv_ocS_AU8mnlncPkH-Ut
atmos25_9797.jpg,1d7SsU6JyxRC0nMTH3GMWb8JzjBQzwpyk
atmos25_9798.jpg,1dGSbDk4EXJaydnAN9FtNVa4LtMnIwkuf
atmos25_9799.jpg,1dCUZzBzKYlXTTQ01IwiNSF5jiVVOvgdZ
atmos25_9800.jpg,1dIQoi7MW4lKO9SZ-YYSvwh6A6XqvMZZj
atmos25_9801.jpg,1dHs6zEOckvnGa_muCz2oIIhAn8nGWBO6
atmos25_9802.jpg,1dITLWZ4lXKEs8tJoE7lQrO10EHl_UVGk
atmos25_9803.jpg,1dJtIn7Ih-xHyQfJzllT5HA3Z0nN28iQn
atmos25_9804.jpg,1dJIJQbmYW7XikHf0LWlQpzD8NXwdYjKb
atmos25_9806.jpg,1dK9nV86Y5vhd0vwklFEw3qJST5A7WIlQ
atmos25_9807.jpg,1dMIKqzDeyYQDtQC7NhIBb5bgDhy903lo
atmos25_9808.jpg,1dL8Hri4W_rRbR_d-Kx0PrvtqKywKJrDs
atmos25_9809.jpg,1dNMCOYWVsjO81k9jN4Gd6rzDeGNcOWwm
atmos25_9810.jpg,1dNOQ1Rp2SaRTrjrSmFDe2ucMfq3OmRq3
atmos25_9811.jpg,1dOAFZNiMsYH8JWldZXBoDcP_mHJC0MyI
atmos25_9812.jpg,1dP-XsvYV6a6KHIGnbnZm3oRgSqvVloWs
atmos25_9813.jpg,1dOi_uENwcLvsKTydUIZMxvUQCHyugoAy
atmos25_9814.jpg,1dSrRQ44MjafiU-ddzC3Mex7wPBIDIrO9
atmos25_9815.jpg,1dTr-k_2NxRwrhK7UqKAa0gLQx8Vuilsw
atmos25_9816.jpg,1dZzmt8-VRoK5la5xUQUcIJ85uInsYQys
atmos25_9817.jpg,1dd_WdIijO9neRkJc7-Oq-qkmhaYW4esk
atmos25_9818.jpg,1dbKXg7sZunFCCPQ2hSQeR5Y95aIe6nXC
atmos25_9819.jpg,1decKJnl959rXJ_pBhJXK8-rQrSJs6aUo
atmos25_9820.jpg,1di2dj7Vr9poTcJZlF2Kpvfm5gPa0itb3
atmos25_9821.jpg,1dePg_U6owMLJcjAEh3SUBXw6US_9IkTp
atmos25_9822.jpg,1dkJ9pxWG3H5XIug82kZwS-zEsy3JoBMO
atmos25_9823.jpg,1djQQloVt8qxKylUIJQ7McrOqpxdk7KLo
atmos25_9824.jpg,1dkOLegvx57vyJ4Hmx-S-19VSsoGLNZ_H
atmos25_9825.jpg,1dlPTF-9_kMST_1RKleZqLWe54wIwolVA
atmos25_9826.jpg,1doMJIGIzI6XAmtCETN_KhnuBv21TMWj9
atmos25_9827.jpg,1dpELk0zDPMuswMOVvfheYABnYlFwmOzy
atmos25_9828.jpg,1dqz0Nm3dUIAzg3cyvufdckppVtOav4i2
atmos25_9829.jpg,1dpgeniGalxe_Up9E5y7Weg2HfRRnz55b
atmos25_9830.jpg,1duiN7JU3JU_c4QNkVLWcLLd1ijUBLj0o
atmos25_9831.jpg,1drMEiUds8BG5FUpwLFuOsf55onVNuUgV
atmos25_9832.jpg,1drcrkGSgNnGPbkroffl-GxRaBLEYohPz
atmos25_9833.jpg,1dwzTqCgfcF7dhniDTnU8pM5Jzdex1mD6
atmos25_9834.jpg,1dy_GpA2SJSNu8jBE4mO9n3dBUaUi61i6
atmos25_9835.jpg,1e3S5fgjOkUQaQZcWXOeArGvF5jLDXCiU
atmos25_9836.jpg,1e4AP-OWYQA8wYjz_7CP2ZQGVfNDkMfBg
atmos25_9837.jpg,1e6hfmZMlogONVdpjmNQ-xGFlkfgB4791
atmos25_9838.jpg,1e5vFdc6p356wbhgJmg5qBpkGF0Y3JN4L
atmos25_9839.jpg,1e74QR8R_cMEJWXSE5iw0NGtlpoNt2QlM
atmos25_9840.jpg,1e74NPXUi0N92e22sQaLaTybEJEe1OKkC
atmos25_9841.jpg,1e9VUTHjFOOElEJEpKZalTZdgJhXUSn7F
atmos25_9842.jpg,1e99m4KewuUrokmU0Ia41Umm9qls-Dwl3
atmos25_9843.jpg,1eDRmQGuLVHDJbr4bFO6i7mqFTEfIcl_A
atmos25_9844.jpg,1eFCOI1IC-2_nzJXGR6dCe0WyeucuNU8G
atmos25_9845.jpg,1eH7vF6OXM1_SH7bfWD-VLLVkXqIoNLaR
atmos25_9846.jpg,1eKO_fW9Pe9eguJayNgLIy5BJoMayvJyS
atmos25_9847.jpg,1eLFNgm-Dm-mM1jorsVqflg9EfOC3A5i9
atmos25_9848.jpg,1eKPOkPOF_3ypAcdyy9aSndeUNjDbcENz
atmos25_9849.jpg,1ePpVfR6GCVFTU-6lHshoHej0Jq7s2Pb2
atmos25_9850.jpg,1eUL-rGsGBH4Wwy57P852rhpKleLoRl1N
atmos25_9851.jpg,1eWCXjtH2_6yMhb1lVp_1N1JqA7X8ynVr
atmos25_9852.jpg,1eWLWAuGnCMEosAu4ro7hvrwUTQDzwKKe
atmos25_9853.jpg,1eWpAhu02OPVBSOAnLDr_I6Guh4Kd3DYA
atmos25_9854.jpg,1eXtVcJroyJU93OQnjivZ22IzWmf5CNIn
atmos25_9855.jpg,1e_lt0TNVxHRhiHGqb73drFjzGVDIfym6
atmos25_9856.jpg,1eZ4in6Ifr7oDXCzR3CfUfgLdCtaTLaTd
atmos25_9857.jpg,1ebC_eyhz4rlAa0ZzlLgW64gs5trr6QM6
atmos25_9858.jpg,1ebBp5UK648esCng_5IvRC7alE2b5Pny0
atmos25_9859.jpg,1edDooAXZIUCckkUVndNt0Acsbro8NKk2
atmos25_9860.jpg,1eevx7eefTlNr9UFEW-YRjI0mLYUbeTd4
atmos25_9861.jpg,1eevIhLSHy7iwy2nftQKvEL2wlMPsWHDt
atmos25_9862.jpg,1eggcpAftU9XaFb-FNGK7_OLzKvUuH2sn
atmos25_9863.jpg,1eguZ0V18oPyWCUz0ShIHxj80ff53wHRs
atmos25_9864.jpg,1ejfPLhQSFtlqy1ru3y8N6OBn2VIpBPFB
atmos25_9865.jpg,1eh8H5xuNWo8hJYb76BnRgUlsf6YheTkN
atmos25_9866.jpg,1epb-JiR70b_pZwa-jApUe0SvyB2YQ50i
atmos25_9867.jpg,1elMsl9emA5cBWdMDe3lldkf_7co20hph
atmos25_9868.jpg,1epk0WdK7CQD7JD91tMr_PDiJd9d69HlK
atmos25_9869.jpg,1euGJR58LoTPEqKZLM25ZcnM8EAdE7aWz
atmos25_9870.jpg,1exrjK9ylr_-0YrVyOdmRtFXE_p0rOsFE
atmos25_9871.jpg,1exwbRbetDnHszCcHj4ACHMwN2WPLh0kW
atmos25_9872.jpg,1eyeRMvvb7WErX9B2MvVLfyUkjAySxUSh
atmos25_9873.jpg,1f-21NwhL98YwBQvYUGmpaGlY3Obcl2rQ
atmos25_9874.jpg,1f01jANVjrKsbXX0S1KtskJxYDs0HJB96
atmos25_9875.jpg,1f18dVDoEtf_p1wmt_k6re4OrY6KQ1hIT
atmos25_9876.jpg,1f35P9SDIL-EZkELlG7IhRd4Og1YeewGM
atmos25_9877.jpg,1f4kka7nvZNytgvAdP3La3weo_ybQrn48
atmos25_9878.jpg,1f5yhsB0U-tniG8BBZSShtA1rUKnQoY2A
atmos25_9879.jpg,1f6sjtKm-MciKrkx1FCel1mVxDp-NsYLJ
atmos25_9880.jpg,1f79B68B9bnXGd_J0Ommyu13RGiwbwnMJ
atmos25_9881.jpg,1f7WuMePPiLHQt3rn8F9s5LqOFncdE2JZ
atmos25_9882.jpg,1fA9orrReqEA_aGDZRGsSc3ZOcagS3jgk
atmos25_9883.jpg,1f9wosdBh3Ybymq9SQExKHiB_ySPMAQKa
atmos25_9884.jpg,1fCEzFxPhN8fp1IefYv-8gBYlfUWyIMR4
atmos25_9885.jpg,1fAN6qvFNVwTx0AHyhoSiMTqAKeY4YB0u
atmos25_9886.jpg,1fDYPDNNO4npx-3O5aZKZ9-P3lYBwfbGP
atmos25_9887.jpg,1fEB91fTbmVKK9uwVXRGss7q5E9spnyjq
atmos25_9888.jpg,1fFk_q8Z4HV9MyOkxiz4pCSMoXOTw1zgI
atmos25_9889.jpg,1fIFqnQRmP5z245QMuiVC0f3lrdnmFShZ
atmos25_9890.jpg,1fIiKTeScHNzRG9cfb8hAqBgMyJTvQgvU
atmos25_9891.jpg,1fMEgOg_Q_gegA2CWFu3aTZ8cMK4EzYSS
atmos25_9892.jpg,1fLOP5M6nF7VlsvDNvYJCDYOr3zUQTUH-
atmos25_9893.jpg,1fRGAbjSMAIY6avys-VjtHM7N1BD1IVdU
atmos25_9894.jpg,1fQQ6yZoBm6mVCIWMpRdfomxZGVlc_z96
atmos25_9895.jpg,1fSWYjcS_5psMcqdY8UcLwrVCRN3RAZDn
atmos25_9896.jpg,1fRMpknX_bZ3btZQFAcLkGgJuq5Fk884M
atmos25_9897.jpg,1fSziILQcRGSFftEnI4VgQztqUsfzrxTp
atmos25_9898.jpg,1fSe3qBLn0O5uuly6nHh6NzlsarsmZvwI
atmos25_9899.jpg,1fXz_ZwX41Ez_xQNGGmv5uCgsCBkUVDB2
atmos25_9900.jpg,1fW3YiWN5tQkKFVUwLUqPLu-XdQKn2V12
atmos25_9901.jpg,1fZmVV0Mk8ua3j8zo5RTzq4QWoCBF5QU8
atmos25_9902.jpg,1f_cMKxXUCOhmcWWrZM4AS1xFXRQzV-0U
atmos25_9903.jpg,1f_oPcXZ5sfnhcyxgd39pW5pkPcoyW3oS
atmos25_9904.jpg,1fcddgk0xkkPtKLtEi31toQ3DHgw5mojG
atmos25_9905.jpg,1f_yE-FolmrkUMtr4GqW1MYoYDBq2pIWl
atmos25_9906.jpg,1fe5B1XmBwpcgdiW-D3_7M1yb0wcD2XkH
atmos25_9910.jpg,1foDyy1azr_gkZ8zG7bH_AaT3Pz0gveeH
atmos25_9911.jpg,1fqcnFn2t5vsHqtJmiDTeLgVyjurC9g2S
atmos25_9912.jpg,1fqcDk0-hRQNB_4dN5V_8kim6X3su1CoZ
atmos25_9913.jpg,1frB0mjgR5m2RK0RZmfi-kwJKTHHrcgSJ
atmos25_9914.jpg,1fstAuO8VWwImHDzhRZKJgZEl5bdOjc6M
atmos25_9915.jpg,1fuqdDic3QNBplKnFSorrupOhHa0_y-Kj
atmos25_9916.jpg,1fuj4FidOzGiBlJJcTHaXiNDlaOF1xdz4
atmos25_9917.jpg,1fwraqu-5o3_oMLjxyeja39Y3CtCogCD5
atmos25_9918.jpg,1fx_7D6pmSLci_1GtOuJzA6bKpqV5szjl
atmos25_9919.jpg,1fyW0pcUgFO_EasJLlzfe0Ou-ryVATqw9
atmos25_9920.jpg,1g-v5vBSQbHCE0MdU4Uwbx5xwd6yqM3Sl
atmos25_9921.jpg,1g-Ph4kfDHs07aPoM-zjY-0jwqaDkdiCi
atmos25_9922.jpg,1g73iStjvxwdD7AUR92obaZvVXFdNTQ00
atmos25_9923.jpg,1g8CNF_82EI6gmv4e_G7oLTehFCYMs-b3
atmos25_9924.jpg,1gDCl5qF0FAet1QaDN-gjEUv8BKriIpDq
atmos25_9925.jpg,1g8c7ttCa5Qma_LF3pkzYNIz54hdKG4N0
atmos25_9926.jpg,1gISn9WRLds5JWX3jipi31IvQSPlhL0Fd
atmos25_9927.jpg,1gI7ErZwqVgb1l--g5CTg3uk-Dprkg6tM
atmos25_9928.jpg,1gIUzq2QgvoVLBMLLv1RvEBmOvpBrRFGt
atmos25_9929.jpg,1gVA5DRUZWGY9prW3w0DtFauw3dD-z6Yv
atmos25_9930.jpg,1gWZtymzINFDdxfIXuOVkflWEfaDnuJgH
atmos25_9931.jpg,1gVcJ9R8cbMCWk2SQ_uLRNIzjMwhSxGWg
atmos25_9932.jpg,1gaLV9jvXv7z4fKl5I9Xs4dvIEeaKc553
atmos25_9933.jpg,1gdQOHW8haH5n-B8LXpnOfM3hoaPy3Vf8
atmos25_9934.jpg,1giYsuTwFdIlfl-q5ZJS4u0tyHSVdu_oQ
atmos25_9935.jpg,1gdA_FUbLlQbGYWlf_SHR0sACMzXZ7Fh5
atmos25_9936.jpg,1gj0gb7yulxs9U430HRc-3Q18KL97cZoz
atmos25_9938.jpg,1gl5hZY4pn3LyFIHjtSBOMmO2i-IKop9T
atmos25_9939.jpg,1gm8OwZFRkdP2iQmpZ_-PWgrS4Q_HAAjB
atmos25_9941.jpg,1goR8Kn56tTi1_MNj_UoEzYXfFdVxv_M2
atmos25_9943.jpg,1gyTPFidhjpbCh3-tnrfGl6Y-226T_c1f
atmos25_9944.jpg,1gtm31Maj2HTzMABuEMp-8PKLrGaTkslc
atmos25_9945.jpg,1h505tT8vwbvVBLAJTrBX6eDYYxBbTKrL
atmos25_9946.jpg,1h6YYyvZdNOfcmvwAOvsY_EOAEzWHiIX4
atmos25_9947.jpg,1h6MduaoA67tTdPrPzW5yVSkVTIl7O8PN
atmos25_9948.jpg,1hEIrWnaQXeo1rq-D2ZMsL4X4Jrw2hT60
atmos25_9949.jpg,1hGxNLYUuTkn1L07W6-WOxvIbLk6bRjS-
atmos25_9950.jpg,1hBv8lk87lnygBX8YDGjgq2v4EyVZE5fh
atmos25_9951.jpg,1hK8MCyVaazzYsKQ1uFSauzfU-yABKsrC
atmos25_9952.jpg,1hN-4xQcn4f0Df2IKO1N763FE_fv188u7
atmos25_9953.jpg,1hViZwWVL7PkjNDl0aRjEMplireVs4FI0
atmos25_9954.jpg,1hRZaZhqVJw0cHoYGbapJzssc0e6yVkr5
atmos25_9955.jpg,1h_4HWimvEzb8qlSsepckzcWm59kT1aPZ
atmos25_9956.jpg,1hW0qmLLQwn1ql2m9KT899LUPWbLUhpoW
atmos25_9957.jpg,1hWJ7b5v2ImEoS1tcsBNloqQKnj2PTGs7
atmos25_9958.jpg,1hX3yRGtSSdkfeOzoRIAyRCzdYg-vZOHO
atmos25_9959.jpg,1h_wF-IOTJWW1Lk_gVu2Cyp9mXgAseklg
atmos25_9960.jpg,1hbmVPkBZWV7eYXTmHeWpIbuveoJCo9vR
atmos25_9961.jpg,1heQXysPWy7xeGxdiinOTAmmeuKZSp835
atmos25_9963.jpg,1hiVsTxOscBBQXl1zO_nlOUhLLr6zRiSi
atmos25_9965.jpg,1hn5AKs2cwkoAAIvWGiwLbU92rCXhIdsG
atmos25_9966.jpg,1hpoMJ6tw1XTf0Bfjuzfw_4vyYg1Q37IO
atmos25_9972.jpg,1hyZV9BMyweAP-whN8rhMzAeU3gox7MPR
atmos25_9977.jpg,1i6mjbhK_Yzc6txtszcqVLGKfCKjhCleO
atmos25_9978.jpg,1i3LiXwQNOxgHLuYQPZ_kqOZUGMo5658Y
atmos25_9979.jpg,1iA4X-NuNNpDlt-PKigr_tqJUV9bYgGN4
atmos25_9980.jpg,1iBo0liPWImg_6B4gXw9zTn6Yb79TeSt6
atmos25_9981.jpg,1iCXnpKclV--o4ZmGANfy9sxoIkCJeNt8
atmos25_9982.jpg,1iE043YepPBpvjdy8T5ondymuS-ReZevE
atmos25_9983.jpg,1iEEnnnhK_08BGWZ3EWL4rSPBzWVMS7f_
atmos25_9984.jpg,1iFdy7VO44M3IP_3RKMxC8b8l5UscmL71
atmos25_9985.jpg,1iFS-1nlLOV8lKFtCkIyE6DjYDqbOkPRg
atmos25_9986.jpg,1iFKa9W3BN47Bk8Q0U4Vf8Gwvw58WPOFB
atmos25_9987.jpg,1iHpubtzxKkKbARW9c7mE6WVlAtMhzZ4d
atmos25_9989.jpg,1iL7-4YhUbQVjQCLSwLBCYUn1tKTmsLwO
atmos25_9990.jpg,1iSRvwhIk5i4ymBad54_VKmxtIHl7PwmQ
atmos25_9991.jpg,1iUDhqwhMSrnTd1wQ0JPmUBCv04aLgW0G
atmos25_9992.jpg,1iQ3XkPo6Rs902eO7gioeYwbrseGrExT4
atmos25_9993.jpg,1ibr1zMfUkKwIUw7zTB3SDsTlB87vSW8p
atmos25_9994.jpg,1i_Jw-OPHJoYEr834UjkesKUBsFd7JJmf
atmos25_9995.jpg,1ie6HjIUSSq3QJsLc990nWyCT_fTljS9G
atmos25_9996.jpg,1igVsHipDdojHz0pJEN49S187RapmO7gX
atmos25_9997.jpg,1ifjvcPiQqWWuJEvRQgwpOIRGrRvVN0GW
atmos25_9998.jpg,1igYCNMv3q6SEGn6Kz8xKGpFmshbn1r2t
atmos25_9999.jpg,1igjZ6Z6AqXYrGMDutzkQBijp-ecUJ0t3
atmos25_10000.jpg,1ihJs6MpRvLUkd9Rq1Lsjf9TiyW2tIHZT
atmos25_10001.jpg,1ihdwJKU1jFX5gbdrwCL7XQhUvbpFoEY1
atmos25_10002.jpg,1iiNglaHjGeBDitJ5wlhisci4kWKGHT7u
atmos25_10003.jpg,1ijHeRN2js7JfkDHw9FVmbN_oYWtyS1C5
atmos25_10004.jpg,1ii-C4umyUUGZ4X-MnXoq3KpN4Wm_NYMa
atmos25_10005.jpg,1il89p-A2b-kb6w09iEOmyzocP1J_dB5A
atmos25_10006.jpg,1ijxD6FpdDrd2JpUpotUMPzCvimSlopn4
atmos25_10007.jpg,1imx7DeJr_DIiPZQ_rpmaz95RWxI_zuoL
atmos25_10008.jpg,1imI8yLP7ZEig43mF6HgxPjokafXFXkz3
atmos25_10009.jpg,1ip-CheiVmQ5zeZh21ouQqV0QaJmIGXsX
atmos25_10010.jpg,1irghMc5H3jwarPHHTuQrKhe5XPknMLqv
atmos25_10011.jpg,1irbFlLawGw8eP5WAJx5SVVIlBevnfYkX
atmos25_10012.jpg,1iuOUw6fA-Vx0J8M5aVtERtknFaSai-yd
atmos25_10013.jpg,1iwtRvqBM5f5jVQ6zBU2tkBU3PotDekds
atmos25_10014.jpg,1izHh343lBVcqNOblwZRXcM7gNcMpiNoM
atmos25_10015.jpg,1jA1WENWKScfGlWA2J83OIRIKpD0HOEAp
atmos25_10016.jpg,1jCfzK8F-cpxvAOzabPmIbilMZVemk5tL
atmos25_10017.jpg,1j5cZatBTZyA6H0efB1or-JMxcYs4bX2v
atmos25_10018.jpg,1jCiWslo-RQIUY6t41sHzBZ7s9vVb5Bb7
atmos25_10019.jpg,1jFtJenK-yJGnylaF_4J510FzBl_sBjdp
atmos25_10020.jpg,1jCzVkiNN8xNz1AIuyphxNz7BQLReKanw
atmos25_10021.jpg,1jIeV0qN1uDjSpoPsMpulWg2aH4eUUUQj
atmos25_10022.jpg,1jJ2E-IRHyCY8yY1n2jnN_Wp05c_bOySH
atmos25_10023.jpg,1jJkbZ-MrM6F5u_SUBVsOpXjluPG6gXEp
atmos25_10024.jpg,1jLXMkg5_1OvNahvYDw-QtJpsKB0rYm77
atmos25_10025.jpg,1jKIzy2zK5A7l3azR6W4x4M1dtp5-jWu3
atmos25_10026.jpg,1jOUVnGHx9bn8pVzcjP9VuLH8fPV3WUGy
atmos25_10027.jpg,1jMOuI0bsqQgrUOZpFb_0iKHnMxVc5-Bv
atmos25_10028.jpg,1jOhDVnl5dwth8GDknduShKdFIDSGTq9o
atmos25_10029.jpg,1jS6zICF2mauQ5e2ks49-RPBeKlvDjWTQ
atmos25_10030.jpg,1jSAvgq-ax0nHEhlukkxSXjBOn846_JjM
atmos25_10031.jpg,1jSj73PhrA4a9jpDzIFbkoG57KRfPT_fS
atmos25_10032.jpg,1jWJkssjtXSP7k3PjyFSjvgsaOOI88w58
atmos25_10033.jpg,1jUbw8sl02m7mgQo2Ku-iLSXLjyOVZ3AP
atmos25_10035.jpg,1jcp5cJlRhJeeDrW1y912BafIHdqFROqJ
atmos25_10037.jpg,1jexOU1xaDhOKbENpnWO-AzpRtYLYuh6y
atmos25_10038.jpg,1jgQH9vcM6OnYRlfOOD881DUSc73KEmUA
atmos25_10039.jpg,1jm2kp4Q8n4z_KkRfoW-9f5v-aJCvmhkc
atmos25_10040.jpg,1jlrkjiIFdHtKwxQ1tMVtiq3N02peY6x_
atmos25_10041.jpg,1jqOspNmE0ZK-wGw_XTR3sjNt7luGiec7
atmos25_10042.jpg,1joqolQqKz5duKrir0HcTAX1Cdn3-PUKx
atmos25_10043.jpg,1jsMNY3p3oH91E2QxEWFWJAhEq5-tMDof
atmos25_10044.jpg,1jtxSbdNwJ-5Dwywe6t5nsfrntngRosCj
atmos25_10045.jpg,1jw3zdx7wijGexrQd-LL5hKUJkVdFEz5-
atmos25_10046.jpg,1juFOOrdci3Pgs2dmsmjWDqOefB1MOkTk
atmos25_10047.jpg,1jw8DcELiB0wGQ_1sgURmsEwwHeOVjvmO
atmos25_10049.jpg,1jxrnNqX-hjl9WeD5EyVez5-3zQpnhPzT
atmos25_10050.jpg,1jybYwgjChwXB582iVknX1ChR5qjBgPBN
atmos25_10051.jpg,1jydRz2RBv-toOWD9QqbYQ7A2lRQj0EXr
atmos25_10052.jpg,1jzaesvDsUA4blTnRu9EooHAnePIBVUhj
atmos25_10053.jpg,1k9nGxq0VGvNNe9XCC85WEXNhB6Twwwsc
atmos25_10054.jpg,1k9rtIMAKgQXFi4kFY0hxycTFBf76Ll2B
atmos25_10055.jpg,1kDBb8XVyQ0SNmCQhkeRdrLju3NMPJ51E
atmos25_10056.jpg,1kEpIxBM6x8Q1qmEkPK4ftQF__nMBl2us
atmos25_10057.jpg,1kDqQFwTxC_PwZ4Ede1r88HMZp7K7Qua0
atmos25_10058.jpg,1kOUGK5P94AU-gHl0GKjw0COh7EygO_-P
atmos25_10059.jpg,1kGqEEr-DVGDBGvwsreJzmMX0qsgP_HJb
atmos25_10060.jpg,1kQW3hYXMl-uQzbeT9swvy5R8NVJ2xYzg
atmos25_10061.jpg,1kQeNbqFDyDdSvF7lRG2d2jjE351Y020G
atmos25_10062.jpg,1kU-awGV9EjyLnaVKGJY0j4DNGVZ6Z5Ec
atmos25_10063.jpg,1kTJmAV4gN6aIZX1HLOm9i5FFD2zioxlT
atmos25_10064.jpg,1kUQNavW9_vxfU5K0qfh2Ma5aX-tJ-mo4
atmos25_10066.jpg,1kVP5jsvC8MyV3yDa-P2E4xoC9RC9xsNU
atmos25_10067.jpg,1kZIdqobO-ZA5R578Hc_zMLz9wQRyxn-b
atmos25_10068.jpg,1kYBnrbb4hQe3SCjlXARtDMKr2Ts6G5jL
atmos25_10069.jpg,1kZWZtPRyVwFPhwGdJz3mmFgzzwTjLWZ4
atmos25_10070.jpg,1kcgGmE90gk9zrzG8R_KIFy4dK87AuyK2
atmos25_10071.jpg,1kevIIfchWFEbBkHPdb-QfU5W7MfgE2T0
atmos25_10072.jpg,1km-_IHPSd1wyUZy18NaNY8bjBK2z2G9s
atmos25_10073.jpg,1knSpPso1hC0ifiqZUqiarp8SVnz7TWXg
atmos25_10074.jpg,1kkzJWGrHOSwYTbJY17GcYAy1efWZRZks
atmos25_10075.jpg,1koGaHDeG6htfPFAZNtROtniUjRYpVbQ7
atmos25_10076.jpg,1kp9zCTrmnhXvmIneVU32eyOfvSzwDtR7
atmos25_10077.jpg,1koPO_NmRdc_ztFBnGmCbfRAeKsQI-2q0
atmos25_10078.jpg,1kqJJeiwO52jJ-eYLvLMSwxRIRoPF7G8Z
atmos25_10079.jpg,1kpRO2ygI-OQQ9t4ReUFF8kp024x93gQs
atmos25_10080.jpg,1kqt-ViXan2ttEDyncUbPDEbBm0LgXAOZ
atmos25_10081.jpg,1kqb66_S-EZCPYv9CUAIkkJDPC6uETdzh
atmos25_10082.jpg,1ksEc0IAciVu3bziwGQid_uaN8Th0IHsJ
atmos25_10083.jpg,1ksJaW720z3pl7pCqcM5D_jxaVy30qGjS
atmos25_10084.jpg,1kszKhJFeYgAWZILdgZ5rxyWMCP8v3yHx
atmos25_10085.jpg,1kuJpcyvcruBGTyf4_NnaYwItmYkz3Zly
atmos25_10086.jpg,1ktGF9muKupBf_XmrwEqj6w6UUIEQu8pW
atmos25_10087.jpg,1kzqXCnhSfrS9TQolk9WZFoCLF2oW14-A
atmos25_10088.jpg,1kxuSgJl_f6hQhOUW7sZ3PSKOmbINvsVu
atmos25_10089.jpg,1l-ujCf2WekQ6McuxZeFIHseOLcsGRD4W
atmos25_10090.jpg,1l0KhjggqechT7XJmAqGWnc4YuXiLzZ6y
atmos25_10091.jpg,1l30jtZ0ZRbahpcy15eOwsAT6PO3sG6O3
atmos25_10092.jpg,1l2PEKh0JeOh1kMkoYdBzo9SGIjmJ7ULg
atmos25_10093.jpg,1l5GZQZa5K_Vq_5senMucRIROVt1S2pnS
atmos25_10094.jpg,1l4aDQ9yGh60YTbHKQcIPg-XcGiMTNSZL
atmos25_10095.jpg,1lDBACRE8j_5IdZSQYv2dI_aO1ogZGnF1
atmos25_10096.jpg,1lDP_kzw4gffsM0NRpxYzhU_vRfP4jfMr
atmos25_10097.jpg,1lIR31Q0bFnGDCnEL7tWM671LHiwf-zx6
atmos25_10098.jpg,1lFlabTMOPPQ0FgEuHgtDT6Adi5-VV_rB
atmos25_10099.jpg,1lKhbhZ7EXsBSj132QSBZcpYb3yUw6rwi
atmos25_10100.jpg,1lMaPHzpbSJBwujEWvMCJ4ppJf6lbx4np
atmos25_10101.jpg,1lLh7-f1w7v4eclG2exmJkWcFgJeZv8ZM
atmos25_10102.jpg,1lR1I1eQ83eB9SRX_osE3cPEpaVqc2-Pa
atmos25_10104.jpg,1lVLp5XoLORv6Ze5nVAcIX-abpLlMO48x
atmos25_10105.jpg,1l_9umq8j3yb2HdEte5fQ2qV7Ur487lxJ
atmos25_10106.jpg,1le7VtLfSaGSIBNBVTrMLno16crYlAOsv
atmos25_10107.jpg,1lg8WnjjIokjmrHFU7GiCtUmXctdjREDs
atmos25_10108.jpg,1lgtS8pjugZoc6qlN1M2aIosLdH2tWUBh
atmos25_10109.jpg,1ljqECyPrPCpV5Mt6SVAzum8ObzHj9L0C
atmos25_10110.jpg,1lo4jQMLRxW8UP_8HhNViQkMDqr7Lrxtm
atmos25_10111.jpg,1lxhEBw35Iq7pdCEhnjS0_WW9F3rSerw-
atmos25_10112.jpg,1lyJ5bMoHB-MZfoIpD2Jt-UAvk3yYq2nr
atmos25_10113.jpg,1m-wMxRNlYfjYPtu8mhusdxeJDv3OQcGR
atmos25_10114.jpg,1m1W36QYRkLJ2JUXjzPXmWIvPQ_QCJepq
atmos25_10115.jpg,1m0VI218xY5HczpYZzpi5A5b0f5hkp8kV
atmos25_10116.jpg,1m1-LjxE83VqIFVDCVYTLBzibOmTmddlG
atmos25_10117.jpg,1m1iTx_gHvhVBk78Hdl7xLUD0lIkbo5iZ
atmos25_10118.jpg,1m6TYwHuoKChEB6zEbJ7vOqQqHOME67NU
atmos25_10119.jpg,1mBfp4c-9MMEsk1zVaB8cWf2pvuOuKfo2
atmos25_10120.jpg,1mAe4SQWlEVsb8sKyEnuF0O32AvREHeeF
atmos25_10121.jpg,1mDcIy7oH99AfVSLXNiHKeKyXPPjBo30l
atmos25_10122.jpg,1mCG_ysC2MDD_IxG63uDZ2FXn5Ss5QkIN
atmos25_10123.jpg,1mFk3W3ed-i-mjgzj3CpQYiD1z5bJzsGU
atmos25_10124.jpg,1mJGmVGfAn-KU3JRBjDpQXWsyelAS9Wuw
atmos25_10125.jpg,1mGySNDN9mYwU34EWPDJBECE60AbAiphT
atmos25_10126.jpg,1mLnkCSo41tIAVPSsQ7FHEgXI1kzPOPEX
atmos25_10127.jpg,1mLPQ8yUpqA2kdcDbjRUQ0FUaM_NkQlhr
atmos25_10128.jpg,1mNaXE4UsF9ecQT59Oiq3hBdZbOZsBSHm
atmos25_10129.jpg,1mMMePvSCfyV2daAEA_D90w1354aSnuLz
atmos25_10130.jpg,1mP4uyE4-MLl17dkXkL4NrSnmAOjLEuKp
atmos25_10131.jpg,1mR3MGEK7dMZS6PIpNtzhzgPiwS-YA4MA
atmos25_10132.jpg,1mRZ6N1jhYxWJOQegR630jUB9dEXbUnCh
atmos25_10133.jpg,1mPeHt-lvKAVUbw2DGUVCtqURr_ImxDAY
atmos25_10135.jpg,1mUa8rL6Txiso5HMhudf9JlRf1itoMtGE
atmos25_10136.jpg,1mWf1GDH0K7O5O_2hfE-F9rkycyCAJnWd
atmos25_10137.jpg,1mcpmI0NG0mn39RQO_fb_rOxhMz_4aSAm
atmos25_10138.jpg,1mbrVGGhc7ESXeyPrKMM-Si6gQuz5jU3M
atmos25_10139.jpg,1mnh7HXW-QHMMGeSHPIQsTjvjabCahLn1
atmos25_10140.jpg,1mlyRO8m_AuY8Wkm6wIGrHgASCPiOK-2Q
atmos25_10141.jpg,1mnxvJXs95FbcHhbKfUss2Y3E3DCRION9
atmos25_10142.jpg,1ms2UBYuWp6uqtPA4bzTlqjhHy3twz5_z
atmos25_10143.jpg,1muIEdvJlRtPHj7JSMEOcfD93nd82urtO
atmos25_10144.jpg,1mvQ715QjD9HFeEzZqb2pcJGai1w6Wy_Z
atmos25_10145.jpg,1mvNvBOQ7GvJfQyngWHFRqhK0BgjHMA4a
atmos25_10146.jpg,1mwuD1g7h2mk_xNt55G0WsWf19jPAiZCN
atmos25_10147.jpg,1n25_mmcKQAzvvlH8IUGz3FHTEl9zmI5L
atmos25_10148.jpg,1n1IYBdqIQ6DuT7Or51zF6mCATCBH5Bix
atmos25_10149.jpg,1n9vikyta4uxEK_82s66s8Hs0dktJiZ70
atmos25_10150.jpg,1n52iYXeeTACV_K623WYv1d4Yq6FCPC_p
atmos25_10151.jpg,1nDfHZE56HCFC_OlLqEmGteQ1CBU0PFVv
atmos25_10152.jpg,1nET00WHLE8ZrImgtgltzRgc_JjByyX2B
atmos25_10153.jpg,1nDSKuWwR2_a1KwVukeVgERiTmqGXUEKb
atmos25_10154.jpg,1nGzvn42CCEVoQ-8UOhUK48i4DlIP9M1U
atmos25_10155.jpg,1nH4P1TNjw4GgihUPq0lZtKnEC611A2U1
atmos25_10156.jpg,1nJuM2S1PKmTPoCEEa5wVdt5aDhFTHF2a
atmos25_10157.jpg,1nOS2_YAKYZ0EiMSw6qG0HPDDxVKwb7sS
atmos25_10158.jpg,1nOTgQdIs3UzwnpVSnOjKEKMNFyXpcNtf
atmos25_10159.jpg,1nP5kJVz_eSVN1xNNzhCxNMU4LRt6p32u
atmos25_10160.jpg,1nRYjisO8k82sikljKJe0QNhNOguzkIam
atmos25_10161.jpg,1nPc5wgoKIPfzZV42rUXOxQCEnCzy19hq
atmos25_10162.jpg,1nRq8GeuPvPh68tsKAulxis08TLN_lVNA
atmos25_10163.jpg,1nT3Ip9hGQvh7_ywjRIu6REsSKUF3zJ1s
atmos25_10164.jpg,1nUXZL1Ic6_Aghqp0moEK3kQREgjG0L1h
atmos25_10165.jpg,1nTmMcFCX7iigYLPFiky-F1hhplwT_15k
atmos25_10166.jpg,1nW4tDWECI79r6SeEvzLYjxQYxWW8yhs6
atmos25_10167.jpg,1nVKLVlAfK0wuJXs4L0GUtjsmTC1Pe3t6
atmos25_10168.jpg,1nZXK_3M4kaJkirwFr9dI9pnBHPIkOV6P
atmos25_10169.jpg,1nf70AWw7ci7HMKCAHHFo5d2-FDozVFj2
atmos25_10170.jpg,1nh5g9xi47Xpn_qvUO-Xsz9P7g9axhWwU
atmos25_10171.jpg,1ngVijgKZ8WoJCUEGe0wsHilvHvsR4K-a
atmos25_10172.jpg,1nrIRdS6Vso-5zA51_TQZHjo31oQqskcN
atmos25_10173.jpg,1ntsdaObdp6TDQNLqhprFZPvR5r5663yd
atmos25_10174.jpg,1nsnPhqvRMeoRgxhlqP_MdUMbLgMurg3m
atmos25_10175.jpg,1o0MT79xGlgW68D1Xg6BwyAOXn4IX7B5C
atmos25_10176.jpg,1o7HGJYIGV4vDO2xVKTBbd-VthwqdtDCj
atmos25_10177.jpg,1o6cytBnKKr4e_3QhF5Xuq2CZkQilJpQG
atmos25_10178.jpg,1o9P3Hhdclyj1143jkYgQJEtWHE-ir8KJ
atmos25_10179.jpg,1o9xO-W1Mp6W4XTxZE6Dwc65btWKxikND
atmos25_10180.jpg,1oB8PIUW8LfYQ0yqnoRrNSQMKMbScHfqd
atmos25_10181.jpg,1oBJJ1CLmNGclqnPsXVAfclNQyqe1Nb9T
atmos25_10182.jpg,1oBdgrO1xzK1GDJvXbWo20zXNiJ-laKeq
atmos25_10183.jpg,1oBz0E0ufg4i4W5eqlUtBhTwXXxJEyiUl
atmos25_10184.jpg,1oCkoIdhNPhNO8Cu6pppgL-E6HN54PeRz
atmos25_10185.jpg,1oDUb9pIkPLD7J_2LjRb8VMTFvEy-lytB
atmos25_10186.jpg,1oE6aoQyP4v4_2NLlQq7oEaQRH9-urQcr
atmos25_10187.jpg,1oHGIpM9EE93JexyvkDrtEM5Dg6qoQCue
atmos25_10188.jpg,1oEZ0AkviOAkEEv_KFL6gQZOL-dRwtMN5
atmos25_10189.jpg,1oJ8CIMKSJDF_kRy3JnEeEsh43Hl9xiOL
atmos25_10190.jpg,1NCT6wbc-Shf2njJMygq9yKtxU7PZr-gj
atmos25_10191.jpg,1NIvp2BJ3cbEaZPgVM1fiN8sd3mFN_DzI
atmos25_10192.jpg,1NClxrxnNL8-Idlk7BSdOxwRXmuNxHuno
atmos25_10193.jpg,1NIIi0IKTj8u8wWCrJHWbLEJuY_lDEpYf
atmos25_10194.jpg,1NG0Y006IAxyMBmLKW0JlLmlRX2N2rx1n
atmos25_10195.jpg,1N86gIWTijdwt0N-sZCrmTa3zUGKegyFS
atmos25_10196.jpg,1O-2bOq3DFYEO_HJBeQTAnRKbnj87AeHN
atmos25_10197.jpg,1O3d3a_4LSTUEZckaapE5kqRJ4cilt57P
atmos25_10198.jpg,1Nzu9FoMQyeTZn2zBLgMpRDUSKV4DeUJ8
atmos25_10199.jpg,1O9yw2dXr4RYbHcuUFz9mzBhno3tvvuGB
atmos25_10200.jpg,1OVYXGpVS1blpCBXNHpk1S6ONRnzGxkeo
atmos25_10201.jpg,1OVC6Y7r8ht53yaGE98hrfnKWlJWHy0TK
atmos25_10202.jpg,1OZU3yEKyajSSf8JmfX1SQ7bTwDXdQ-2E
atmos25_10203.jpg,1NAF9tIaCIcj6_AoFupE-eyWEmT_x0KRJ
atmos25_10204.jpg,1O3WQe1hdnRq6O4Ak4t4JSSGjKrYQO47k
atmos25_10205.jpg,1OZ5xyyRpvXd59zm16rtRc1pJsJySPg5o
atmos25_10207.jpg,1OqGH6csRCj-05TNqZHUE5UbxHtHny8wH
atmos25_10208.jpg,1OjGmkusRFLBhfbg7Q0MxPRGcWKKktXNz
atmos25_10209.jpg,1OQxt9MqTQD-0NBw53Y1V4cCoMvuhzSjk
atmos25_10210.jpg,1O6G-2YtGUdlZipULvftajnSYIOnRqdWp
atmos25_10211.jpg,1OtioAQdUJbzpFYzE7IHhK3Sr75OmHBzp
atmos25_10212.jpg,1Om_PNP_1dDtD7_Ywuvw3XsVZord2ApAi
atmos25_10213.jpg,1OTeYdBksQqFmqdXzLIZuwi4qp1nHyvsq
atmos25_10214.jpg,1PAUw7gqxD1fPzAQSWVbwls_B71x62utd
atmos25_10215.jpg,1Owt89O9nESgo_jDgYdj8F9HWclwEqnb5
atmos25_10216.jpg,1P6bVzBsp7dj8MDI6n3WDdby-8UO8fHqE
atmos25_10217.jpg,1O5msLQhQmdT2GB4r9C6nJsms07CKR_E7
atmos25_10218.jpg,1PBM3jr4Cext54OFuun_AiRCXncTf6fh5
atmos25_10219.jpg,1OfkO0mk9WnTk7l1XhdKbXYTl2FwsbwwR
atmos25_10220.jpg,1PDH-EpNSwi90SGZXbevuhd8Ts6otWvWs
atmos25_10221.jpg,1PWyhzDbN-8Ry1rS2_3fhE4trBSIyTCBY
atmos25_10222.jpg,1PFF3l6yZN-OlVDhSXHoj4R6eHQuq9EM8
atmos25_10223.jpg,1OkcouVORXp9WnfXZaI--R4ZStSKhDQbd
atmos25_10224.jpg,1PBtES8BW3r9PhFGK0iqC0SL63EwsqheQ
atmos25_10225.jpg,1PCJVUH4qbZppiuVBqSZMyuImY4aAzrb7
atmos25_10226.jpg,1OuriwibUlJl1_czTIbOj32u7pzARzLPm
atmos25_10227.jpg,1PsiZwD7RqLfgqsI44MVeuVsojGXPatXj
atmos25_10228.jpg,1PGH4pkctqzJ71uKv_H8NY1aBQJZZ6T-m
atmos25_10229.jpg,1OyzRhKLqRw2tutG-oR3lHbytYesYHZfi
atmos25_10230.jpg,1Pt-z1jNzz87k5cZGFxrKNDgoghD-2tuw
atmos25_10231.jpg,1O7Oet360F-4HjP3YfhHk08VG-c6yxF0c
atmos25_10232.jpg,1OYQNQd40bLWcYKXQvzNy3rIiKTzMPE0H
atmos25_10233.jpg,1OnuFy1wGu3TeeBIejQ8Sn-FLTok2-Yj2
atmos25_10234.jpg,1QLBR5RV1iJi6xogxRBDb5PN4mabLc6EY
atmos25_10235.jpg,1QK_JgPmy0LeDWgVmuHz-0e2jNkimN57s
atmos25_10236.jpg,1QQWr_CtcVW3ri8fakTC_tfHWa5ixCol4
atmos25_10237.jpg,1PKrI7BdBAYU4yae2mDkZ-xDe5boZG-IE
atmos25_10238.jpg,1Pf-tDpXaubNbLorICSHIBoZjMCD9UDSA
atmos25_10239.jpg,1PvnP3t3t8YnrWJoK3GYLErc7qaHPGM0u
atmos25_10240.jpg,1Qfl4AYW717qXGjA_OTh0nsnsYacQMxO8
atmos25_10241.jpg,1QfGotO5mui620d6ZHjRx8fqRNaWUBYWI
atmos25_10242.jpg,1QfciLdzAKI_bph-0qyJOZP5YM75fP93g
atmos25_10243.jpg,1RFlrGXS5hryiYlytZxmdZ9-A4AER9IPC
atmos25_10244.jpg,1QjIfs8cuZUPKhCirNanMtljM7kaEGhGl
atmos25_10246.jpg,1QiziZMZk9CVLoQ_8TSiapPZq_5z4DpYW
atmos25_10247.jpg,1RKxvdgob6OHx3aVPa3VHObH7vcYr-8g6
atmos25_10248.jpg,1Rk8YlafvMW1oMIBEl1RCLTgX2Bm9iswo
atmos25_10249.jpg,1QPjzpOUmNB1Kag2Fbud1V4caQjyS2aYO
atmos25_10250.jpg,1R1gUU9wY791WD4xlZRa89Rkh-FK2jTOR
atmos25_10251.jpg,1RXY3WIv5wjkhjG4lV6t8gTkjt92DU2Ds
atmos25_10252.jpg,1RLgJ5v1V5XOW9XVf1MZU2N5hcspA7v29
atmos25_10253.jpg,1RfKmStkkzQCDqQGFh_aJx-qMA4ZiCFng
atmos25_10254.jpg,1RKicAudCCOpYMPoTrJzPqKhAjJN6OaBR
atmos25_10255.jpg,1Rcmf4Km1kkyHS7rhplnyO7ek3_JIlUec
atmos25_10256.jpg,1RI-N3H1nCFck3X8pgfzC7yQISdiGBYem
atmos25_10257.jpg,1RW2Vajb1PRYIBTl8htAhnLsJgGSj9Uj1
atmos25_10258.jpg,1S8RTZ59FC61mpmpQeEFOcxx4_aC5RYci
atmos25_10259.jpg,1S_iMuA5kpi5GDQ-L97dxy25aPiK823Vv
atmos25_10260.jpg,1SAuNR69Ha-X7kdIARFTJLbo1ZeSIaOx5
atmos25_10261.jpg,1S8vU5KnULdcTwIH_jlFOeySVdNkK8o8T
atmos25_10262.jpg,1S_VUQc-A989_A1pLSEYlFMLBDxZX2rxJ
atmos25_10263.jpg,1T0fc2tzhMP14tUc7AOivl5kNXCzKHl1n
atmos25_10264.jpg,1S_KaEgub_mZxAyObP-IcO6l_v0psDV0A
atmos25_10265.jpg,1STM6C7xoacYnV8kmmzpMa4CUog-s6D-o
atmos25_10266.jpg,1TJlKbk6NuEN9VLzi6YUjLDpKwxx65goI
atmos25_10267.jpg,1SSs-lsOhUvjh8yEwJ-utNJpQ9Rz9NOL1
atmos25_10268.jpg,1SNj_KLgzjwJ6_P06XA7pE09SZKZDMpW8
atmos25_10269.jpg,1T0ZgoAhijIApVV9xC2WE-Z2S3l5QUJn-
atmos25_10270.jpg,1SgHyChm81Tp95y2xoXPzUE5aFv5PgEDp
atmos25_10271.jpg,1S_dDSNfu9s09Og42MJSYh3aRbJgJ-it4
atmos25_10272.jpg,1T4on9cZ26jypmygY2MtoccFXU8lgLrZ4
atmos25_10273.jpg,1TpQDQE_GV8_z3EH1ztVpnh2YtEF3VNd5
atmos25_10274.jpg,1TbKT7eebOaFshsiILzFUeaJHVAJntFic
atmos25_10275.jpg,1SrVvYtO7d6jfaLlfTFk_ls82xptmjMsH
atmos25_10276.jpg,1TGmVNr4OKV_hBy0lGEh3w65rNn4OCQlN
atmos25_10277.jpg,1TKi3UdJBnPknXWJZ0xlgznlHM3iVo4w9
atmos25_10278.jpg,1TTnfGhObGi-R9w8tUkULzOWx3Hv8kPVk
atmos25_10279.jpg,1SfLFOr4BbrnzvM_QGiGxaPzUK-qKwY5s
atmos25_10280.jpg,1Tt-FlBFZKQTlioAuDg1yUY_V_ScmsLZV
atmos25_10281.jpg,1TUHPFnV44WWVAyyAiDCpjccdRzhnB7Bm
atmos25_10282.jpg,1UHPQ6pb3hmEmwBKmP0nxTVl5y_3pwK0b
atmos25_10283.jpg,1UR0-YGL4wVvzdIC1gdQLMjZXmiyOZ2Bf
atmos25_10284.jpg,1Tg7tbnQpOnNtl7-MQp-jG2B5A2NQ0tFj
atmos25_10285.jpg,1Tsy7RW9mSm9tyktYwuC9T0H6lrHZuuUy
atmos25_10286.jpg,1TfFPVhKZQBSivcMR5PGsw_KHp64wP8Wr
atmos25_10287.jpg,1UY2CUHrd6iALu_SPbIn5XVlPjqRzbnwg
atmos25_10288.jpg,1UXkMXGFVXNi9bAtM732QCYtkKrjkxtvw
atmos25_10289.jpg,1UoZKylLdZWfa99RzhG_KT2JeuuNYVoMR
atmos25_10290.jpg,1U0AI5F2h9U5OTopFPxoFVitz8CSwhPSu
atmos25_10291.jpg,1TNYWebMTk6fYJVLx_4N9kPb3nj5IwCzR
atmos25_10292.jpg,1UlogBEN0O0-tigCP1AXzOly-4uDQv-bE
atmos25_10293.jpg,1TflawzMu92JZipkitUTQaDlQBZor8HaM
atmos25_10294.jpg,1TgXU8w7vp9IQqMx5tp_-wgQDP2pN5GEk
atmos25_10295.jpg,1V3rfdmmxp0Qh6QXswDgswdPtTWTQXNo6
atmos25_10296.jpg,1TKOI5OUv1JjgSK5idYd6aab7md6zJVjT
atmos25_10297.jpg,1VIUoUWGrkEVb_mnm4eir68WxwT6Cyg7r
atmos25_10298.jpg,1VKNoqBNvzIJVQ7_Uzgz8cu8UXILkJ0pd
atmos25_10299.jpg,1UeCs9hU0OchwEXsRwrr9l6WjR8LfdiNG
atmos25_10300.jpg,1Ua34tmneDIEp6tQNOsWwO9Oo4xAszMCj
atmos25_10301.jpg,1VD2b53n9HT3Rz0ZNqgPbaudsMe3G26lY
atmos25_10302.jpg,1Um9mj2MXUZiDx6UfYPU2uLdzOmLhtIVR
atmos25_10304.jpg,1VeG7eb1np9q33WMl3KEq04cTF6ZIFVb2
atmos25_10305.jpg,1VXqQ5t4SyMbmV8ZUYPxMfLHQu_Xm2q3m
atmos25_10306.jpg,1UaVNF6HA9dsC4y1hdPKbBD29oZmoMqDS
atmos25_10307.jpg,1W7dVUc4nZLnulb2J7EfNn_xNkRpNS4Su
atmos25_10308.jpg,1VmdznKsGiC8DuAQew6rTh0NDwSaKDSTa
atmos25_10309.jpg,1VRTZ7qHCeNaSmUm508UAwf6mwexm0KMg
atmos25_10310.jpg,1V7WDdS62L4sT2vJuHl2lXf-vn6n57nZd
atmos25_10311.jpg,1UIcE9R7j_tZcFW7RYQVu55EHKpFPP7Wu
atmos25_10312.jpg,1VYU_G53cIejAzWyaYf92iqLgBKt3JOgZ
atmos25_10313.jpg,1Vo7DwLjdNqM5x70_tdVuGFwH4E-ybGGq
atmos25_10314.jpg,1VCpIPdzwkDevz2zkdCz6PN2-tv73x8hT
atmos25_10315.jpg,1V4FyHLaZCz2OPBCe8_DD5QKEta6Wtx9u
atmos25_10316.jpg,1WNggxdn77KwJ5LIaw-lDXyGu_O14hQKk
atmos25_10317.jpg,1WF0ftiP0L4hYdrUIuQbejdP3WVTM3oVm
atmos25_10318.jpg,1VibgXeAI5P2uo5hNZRxz0BL3ITGN9KGz
atmos25_10319.jpg,1VyAai_n4DHukjGWKalloqX4P2cKtbgfT
atmos25_10320.jpg,1WjzxSt3OHmI_B12mCvtDqmjUHFiFAhwx
atmos25_10321.jpg,1Wdszdrqe6zd1tK4NFIYiHUseO216a2cm
atmos25_10322.jpg,1Vk_XtMIYEKw7NtkhBMGxrmMUqCUoqjih
atmos25_10323.jpg,1WmjLmg36Le9gLiTBrX2Uzgsa_0Az-SUr
atmos25_10324.jpg,1WT6V_ghbTvANw39Kf0xr42PsebJ4w5qP
atmos25_10325.jpg,1Wb1welphT_7VfzUeODZ0aDUFNXAXjcer
atmos25_10326.jpg,1WOfO_0fqDUlltBOy1iCtG1APYGjn6VaG
atmos25_10327.jpg,1WmmFX3uXsptx-RCzv65vLuGGweOXOtoX
atmos25_10328.jpg,1VHP1IWtjfTO8MA7f5VaZu6uGmGfOKJyA
atmos25_10329.jpg,1Wo-eNkRkBr75PXDR9dERm9fE0fHXA05K
atmos25_10331.jpg,1WcQMxiEBFt0H1UjUL08NZ2YsX8Q6M49s
atmos25_10332.jpg,1Vfq3K8Qr_roDOhLtaVxqV_KXN5U2X93P
atmos25_10333.jpg,1WCHgygaC-5AcfgHiNKbzJMAy7GUG-0E9
atmos25_10334.jpg,1WwHQJkuYUyNhrnB7TAAgDOxa4iOC6e1W
atmos25_10335.jpg,1XCNVizhw1Xw2ucG8kM3Dbq5aXydNeZUo
atmos25_10336.jpg,1XA2XQjRM9XlRPwMXGxBsmUurnNF1NYQx
atmos25_10337.jpg,1XRLcfEyMPaZZ_xamUpTWdryKB7ewOgWV
atmos25_10338.jpg,1XCCCGz22tJGfPIuX3kn9p_n-7Ikkn2Rw
atmos25_10339.jpg,1XRixqQ586lISGrnobhlBodiXlH815eHP
atmos25_10340.jpg,1XSDDrhOcd-G7kVBPKQz0krF1lv2D3yhn
atmos25_10341.jpg,1X7_Cgor-iGcthBZPRjNAK55WLhACIUzM
atmos25_10342.jpg,1XaEVk2cmBTNKxt7jXqjvxs-NT4QgSb4i
atmos25_10343.jpg,1X3w4mcKvaJowVRGKwCdBs1pc8NWrqww2
atmos25_10344.jpg,1WbH79ufCwUzvbeRU1wuGOaBJjRvWT4iO
atmos25_10345.jpg,1VX2TWS7hWp7uwOZDxrFmWn3v65EXec8I
atmos25_10346.jpg,1X7RNT5Wv5kOKNuxWrx6EexUUvfKm1r8z
atmos25_10347.jpg,1Woe52O5fJ2gVo3c9s5Eic_7ZZWfI4aDH
atmos25_10348.jpg,1YnbXFgw35aaU7hdkZV_oMFF6bL3FRaLD
atmos25_10350.jpg,1YVG_O3Vsk62JMuh6I8Tt_WRL5isQzE5Q
atmos25_10353.jpg,1Z3y76Bgj4US9pUTx7Lfd5U8M6ujzKmm5
atmos25_10354.jpg,1Xj4fCeudJkfZKZPE8L6MOURZJNT5ZlMX
atmos25_10355.jpg,1Y4hEzA_Kvj8uGhMxIlx5q2LwGj7aNwz4
atmos25_10357.jpg,1Y_NZ7bzYuyl6vdY_oBMMnhdQYBXRGT8J
atmos25_10358.jpg,1ZI0yWvpWewPFwPTQOWnUm9nOYLzC1Kb3
atmos25_10359.jpg,1ZJ0AuiGL8QdS7qSIatiQDTSEwGej_mZs
atmos25_10360.jpg,1ZgaWN1WIYZUc74wQCsHQeJtImRh2fke0
atmos25_10361.jpg,1Xgj1V3dIFJeOCbnLL2PZxnS9lFICehSt
atmos25_10362.jpg,1Zw5vY8MNbjfbGF3rY4xGGM5ZZ9-bzMSR
atmos25_10363.jpg,1ZNorHjTbWojpGR8zQoGL9dadRsjGEuEe
atmos25_10365.jpg,1ZsP8D1ilp4lyaerR1uO74lYAHJVHgsJB
atmos25_10371.jpg,1_Prl61EHjxH9aFA5LYCGWVpRYmoKIh6C
atmos25_10372.jpg,1ZxKVZmaFstaXDmdabbM-9rgtl3j7AB_0
atmos25_10373.jpg,1_KBN0ZKIDM2MnX-48VovaXZOJlld-jJ9
atmos25_10374.jpg,1ZsorpF_ltj5upCHnHRq-dyCfvqgSG_BC
atmos25_10375.jpg,1ZQtnOoe5ebZXzOe69KXbnhaVuwcu3BTK
atmos25_10376.jpg,1_aaMjRLTpZbffSYY5C4Afd93HUTPftCP
atmos25_10378.jpg,1_HYWzqk6j-mP6APwYe0vFP-iKq7DdJl5
atmos25_10379.jpg,1_2kTkNKhAiI32W6sdFZgrYKJcN40YPaU
atmos25_10381.jpg,1Zyt5EA_j7bhv-QtQCGKLLD9DFwjxXAIb
atmos25_10382.jpg,1_aTArGb-Se7w7wgW_2hBY8dD05wYT30F
atmos25_10383.jpg,1_XTkPUd9OEqIbhy6SoglXUUz4ApC0P2o
atmos25_10384.jpg,1_VtGT9hHf6ZocS4tpQAxjxKE3eBxv16N
atmos25_10385.jpg,1_Gj0fpCdblebdzIZoPa4fGP_hUAUTvj3
atmos25_10387.jpg,1_HXMeqpb_Yn5ZD4NLHiWQlVHVXqD-sNc
atmos25_10388.jpg,1_IEn5FbvCSbTJwxdQXb8ZjOm_O_c-Ali
atmos25_10389.jpg,1_fTMc1YBYUbRZwQ6n_6Tb8Sv5sDgNo-Z
atmos25_10390.jpg,1_txFDZT6Vy4oIiVoK7KJymTfwtzuFLgS
atmos25_10391.jpg,1_Z4JlwEw6X6R2OOiz5MvvOywOymQlg0e
atmos25_10392.jpg,1_qTFqp4ihO55CY9JM_hL9--W8SytTVne
atmos25_10394.jpg,1_Vy1arCiWTQL5mVQhAFAdfQPcqCLRjMh
atmos25_10395.jpg,1a0Nofm5jf0S5bCnKHliOlwp5MBjw2cE1
atmos25_10399.jpg,1_CEAFJlYMkcWdoMM_f3RAtbTQt8PoPzH
atmos25_10400.jpg,1aNNOd62y3xAowGOHWaEpPwdCOnrToroT
atmos25_10403.jpg,1akCjFc8Gd3cj6DYbc6rVl46pTf_OvkH6
atmos25_10405.jpg,1_Z3ahA_Pm9EUzpajcehXlsSlvVQHw5XB
atmos25_10407.jpg,1b6gqoNhP01IrqcoZXHDn4Ow4ZK1277ao
atmos25_10408.jpg,1a1kS4ee5FKoUKUWTFmU6jk019k-CQWf1
atmos25_10409.jpg,1bY3gocF2qCuh3r0OxtTX0JTROTjEADxX
atmos25_10410.jpg,1bV0AQ-UlAidcHJzMdMgXCuuERAwqnVjq
atmos25_10412.jpg,1a0veWE16VbtwxK33q4Ti-hxFNeDM0daw
atmos25_10413.jpg,1c-NsDyoYlG5Ihyw2pImZ5GkqRNj7f90M
atmos25_10414.jpg,1bNxhUsI92MvWs1o6su59-RGAn-8_gqMM
atmos25_10415.jpg,1bi_Np6hmlLhJCNSjRBft_B-YknanxGZv
atmos25_10417.jpg,1bNg9A6vh0_oLdDKnhoNI50XhEAYq84ov
atmos25_10418.jpg,1bS8i32LRfAWQXAwW4z3_WauDTVWe-jp5
atmos25_10419.jpg,1bx25z26u1JB-fPL49xIrIgH3MBer5hMQ
atmos25_10420.jpg,1_f-pGKGMuCB13ULK3lhsicAePeI1BRQM
atmos25_10421.jpg,1b2DhuxVICN5X1PkU8VuekSO5reGoDElL
atmos25_10422.jpg,1c2QU8HMvr6cDNH4AoH3tWdTuzaQMqSei
atmos25_10424.jpg,1c4ymwnSzNAi-tR7EAakXZvoBEEYpX9fN
atmos25_10425.jpg,1cZXNuL09yk5LDHyksjjISRk5huur44-X
atmos25_10426.jpg,1cBXzZoaULESuRpGjRcpy724DEc3OhBjM
atmos25_10427.jpg,1bNeyNPkIaf8lkF7ivzVG_hkew4ttO8Yf
atmos25_10429.jpg,1c38U67wec1yQrCb_yBHTMIVqWfAF-6eo
atmos25_10430.jpg,1bXmc__vLkIIy0DoOfEQx72NgCS_eL1TD
atmos25_10431.jpg,1c94czIjK0SP2-vEw59fzb65iDEfR-K85
atmos25_10432.jpg,1cHru8abNTCWgb0b73_v3pjSsrXnrwG2t
atmos25_10433.jpg,1cjT-8DMBZ6BskLehrJzDc6ifwaX6BZvF
atmos25_10434.jpg,1ck3HwJyl9uj4AwmzZt-ItKfFZ79UPT3u
atmos25_10435.jpg,1cQLNCbCcegd2qMON9gFTR0LDpLWRp11W
atmos25_10436.jpg,1dY6l57f3kgG84WP5smH3w9L5zwjtx0Iz
atmos25_10437.jpg,1daxYmmzzDQVi65zoSD5cqt6TGk-KXA2y
atmos25_10438.jpg,1d5JOgLASGWON48WHjC-siQ5HSOQZ_tA7
atmos25_10439.jpg,1byGeI2mVyAifnVG9ddGRTHwEo6rMzOwc
atmos25_10440.jpg,1d_7uUw-mZOUXFei8cUKF_q_GlG-HgZhA
atmos25_10441.jpg,1diIco3zO21_bDnolev67a9hNjBOQWjhC
atmos25_10442.jpg,1doNkpqNTEL2KNult7bo3SOZDlD4zMEiE
atmos25_10443.jpg,1e8QpkAH1ZIunfK16oWSsHYBnrbsmqEdd
atmos25_10444.jpg,1e8x7jkxriZe9F-jqSIdpgM7uBD3NPVBB
atmos25_10445.jpg,1ebxiurOEN-qvcU4MVaY2zc-nGGazIw67
atmos25_10446.jpg,1dNxWrfC__CMoCY1_TUU62BkrgsSkuALS
atmos25_10447.jpg,1eN3DrSZYpU9SEkG3hZj0NYFBsz-aK2--
atmos25_10448.jpg,1ebVJy4g-Ugx5Gnx3jLff3dpWAYxRFFfP
atmos25_10449.jpg,1ers6GLAEdr1SSEfoJwP2HpLMH_WDPltG
atmos25_10450.jpg,1eJhzqoDOtEGRwcBeU2ZEyuWNp7wEHb94
atmos25_10451.jpg,1eJmuI_Fm-mUMwN9pHKkop3FVAAGS1AXU
atmos25_10452.jpg,1f8b8jZh6asCobg21UkxNAAhxQeMdhtMU
atmos25_10453.jpg,1f1gUnwglzWG9GK7O2mljGJGPnd_N-6dg
atmos25_10454.jpg,1f7YzhwMojV8SukawpM9KKXv7swbHEd4Z
atmos25_10455.jpg,1fI4IQjrW6w56ep33DrYUkkp-CbYbtLTw
atmos25_10456.jpg,1f959Duf-qKB1e7llVmqnv9ijgZxLqyCI
atmos25_10457.jpg,1g0Zcib9cTEWY8LYNm5iiy2x_eTgsSYfV
atmos25_10458.jpg,1fJTsD_4wzPQ2Oefxf6lvdNFjb7S1uy1E
atmos25_10459.jpg,1fmaeud17VggJKajg05TuMZIlSuXhnYnO
atmos25_10460.jpg,1fox2Ipw8DalT4_U64EMvg_Qj2afTe2C9
atmos25_10461.jpg,1fpbkDu4ZR7ZrsgNodw3pRIC3NGzhjH89
atmos25_10462.jpg,1gMYW3MxpZK9XL6RmgelJQDqcHZNEHEp9
atmos25_10463.jpg,1gZ3QILiY7VHnoeNcBEJHVxJ1qVxIQ0Yh
atmos25_10464.jpg,1g3UJZQawE-h6mwplGVaCjQdRhEI2c-Fb
atmos25_10465.jpg,1gKHk77yOj_mWboIofDYYhowBB1rGSH10
atmos25_10466.jpg,1gH_3ojfxTE3jmtTFEyj1xMKMh0s5IoAI
atmos25_10467.jpg,1gExIPEWGzcUkHzCriEbeLvvffC2-yO0d
atmos25_10468.jpg,1ga5mAKgy-zyQ9NtDxJJBBgQcHpkU2ztJ
atmos25_10470.jpg,1hIvW3jqEV9aYXNA-q1eOoAMoc5HK5Dgf
atmos25_10471.jpg,1g1eQsqrkbPIX9vsIqE7YckqSxQCwilPB
atmos25_10472.jpg,1g-vAdrkYn8NfdHhRU4W_dDlYPFmirHxA
atmos25_10474.jpg,1gbuiPOMB7zYPXvAwqgZFQ5j3WMgZpJVS
atmos25_10475.jpg,1gd42K_GBAvTSCFokMZf5I6Yn7Hqx0ybs
atmos25_10476.jpg,1h-73x8w9Zl_m2zd0yKUtDjdnOs4wb_YF
atmos25_10477.jpg,1hJlH-FjYVfuHQcd7WXOsqN5AJqYluOZc
atmos25_10478.jpg,1gXupJqYSR_gro9te81jefkf64_d4QlNw
atmos25_10479.jpg,1h7zpZuBUnavDdLjCpmc3lW-8irOhuTi7
atmos25_10480.jpg,1hl7TN-8IENVhpnPeulA8VHEpb07jT25g
atmos25_10481.jpg,1hODtgh92hVYcxp3huR1fvly_0-PwJ8oZ
atmos25_10482.jpg,1h85SfBP74ogK97qIvUz6NgIjqfHGQgVu
atmos25_10483.jpg,1hl5YuQuWKak3TlcFznxRGgsk8a0sW2Ag
atmos25_10484.jpg,1hMLL6-2hSmK72rNKLGxTtNm1iS1XdmvR
atmos25_10485.jpg,1hbm4ZY0RgaByUAcWDDLIJAx5xxXwTcIk
atmos25_10486.jpg,1hbcrQovs3ncddwqO578V9Amh4Op3OlLg
atmos25_10487.jpg,1iBeKQoMpv1AGxs-FMQprfop9SE-gSgfs
atmos25_10488.jpg,1haN8uvM5Bg0INkgN-9cQzyDZ_I2vuVwX
atmos25_10489.jpg,1iPb48IyuLJCeLqy61zKXpXPMnrlObetI
atmos25_10490.jpg,1h-rF-ffp3zUDOVEm7SLR1Z-qKDTrT-oz
atmos25_10492.jpg,1hFZkyJrdhNpctng2_Xe0ST6fiUhaOAU5
atmos25_10493.jpg,1j-Qb2Bz3QHTqvnIpc0QWaXBSoP11e3_m
atmos25_10494.jpg,1ixbv_ThYhley4VJXKkYM7xfNQcRzcLJv
atmos25_10497.jpg,1j5IWrZSRF7zjcMO71IJPzIivxViV-BiI
atmos25_10498.jpg,1j2OJA0OMKae-Rh7sEyD-sbXoypAxZiMZ
atmos25_10499.jpg,1iz_eW4yIyHFRCg7KJ_0bYpzZzwR_tnFW
atmos25_10501.jpg,1jWW3Ew6XEPx_3nx_SyIrDHD6Tt8KmuWa
atmos25_10503.jpg,1k76r95v6rXDBwrU5BHVn3cfPF9-Fv1rZ
atmos25_10504.jpg,1k89TNpiea7xhw3itQukJ4jWfR3c-ngQJ
atmos25_10505.jpg,1k2-INc2S8ZcECPUumPgb_kvdjJPGSXyC
atmos25_10506.jpg,1j-VNQBHGT04laVh_5zBgqDNWEYTQ3dUt
atmos25_10507.jpg,1k-v16kpDBOFYGdR3sNvxzUhxOaLCmYJW
atmos25_10508.jpg,1kk-5gtzzErOjje7MzoB_u7O_PVBFscWy
atmos25_10509.jpg,1kBWzjr1yB6XUa58ZiVFtss3VcwvX42Ak
atmos25_10510.jpg,1k_qx5UqL0A8Plslvgn1E5f3jz0cycyzd
atmos25_10512.jpg,1kgQi79OJm7GNO4RXxtYBYMX9Bz1PEEpt
atmos25_10513.jpg,1kiAm6c3IZrHT2jwv53_QKjfv-RLeXkb1
atmos25_10514.jpg,1kGFqI2FpLmDTGqLy5H_Z7V39OVEHSOeU
atmos25_10515.jpg,1kwXq4ngB9NnESPq7JNs92XQbkSlw3Umf
atmos25_10516.jpg,1kkvpkFSehiu-uFckuuChcxBkkWLZp1XW
atmos25_10517.jpg,1l7F4Dsy8GdIhSk0lcCip-dlzupfXPRWQ
atmos25_10518.jpg,1kxUJVBQHeEIG90GQpB5t8A9Hy1piHRWg
atmos25_10519.jpg,1kuxzXww88pG_ICb9kzLgswnS8I0cyxvh
atmos25_10520.jpg,1lcohbynSuDdOlVdbsDuzRqfwi8uovE3c
atmos25_10521.jpg,1lSgfhgXXI_90HlspOwU_Vo1WwSfbHXuJ
atmos25_10522.jpg,1kvwOxbzG5OLle7A4E3OE3_q1U3s9fUVu
atmos25_10523.jpg,1lBiyeFZ_YVuO5-z5Fb1p_1DfP17m1eEr
atmos25_10524.jpg,1llFBiuKvsrLoo8L3Klvub7URGFXMDJt3
atmos25_10525.jpg,1l_sqx3XQ3zSGAjBbNQM0fUxP4zi-hHmb
atmos25_10526.jpg,1lb7OpGD9WYqiyRCwoGxKABV7OrPdyEyk
atmos25_10527.jpg,1lVKxfzqXBxdArY1bUYgQNfjOc0929bIB
atmos25_10528.jpg,1ldnOuORV8Z-oS4VXdBUzpmw8PLG086Y0
atmos25_10529.jpg,1lZXog9mZ8eoUWfVoZ8QBUgOJn9nBCYgp
atmos25_10530.jpg,1lh809z5LRv8aStodbXmnxOnlZttaQVB_
atmos25_10531.jpg,1m74JHYf1wO5qk68fDFa9OKP31NVZJwRb
atmos25_10532.jpg,1m2umXgn_nRnrMOLuWfHVBy3UXLPeXe9L
atmos25_10533.jpg,1m6PeH31gSCU_xhgSMnOOtSiTMsDw_RO3
atmos25_10534.jpg,1mPR7EgTVCBVzGOq30PZZrCsXwxWf1ZaV
atmos25_10535.jpg,1m7iL4icubU40nNLgWavCfoYENPufi-l6
atmos25_10536.jpg,1mX8SKuosL0QtdvOrigLCkq0ksfCd8UbL
atmos25_10537.jpg,1mDfWUkFKAEYXqhH-qCuOPnTP3Yhc3M30
atmos25_10538.jpg,1mvqjWEZKqx4-j_hNbcwbkOeA16sjdKwc
atmos25_10539.jpg,1lKWJDpwp7wYgqXYIW8EMU4lMseEtY_xz
atmos25_10540.jpg,1maTiMwbVmSY40PjU1PKryLaPNa0Yo4lp
atmos25_10541.jpg,1mqm3GuOf1RdS-Enk6jaurhNHE2TX3yjb
atmos25_10542.jpg,1lsjDAt9W7tFYoLoTjLsIBe-wCPiITH8z
atmos25_10543.jpg,1mupPNuhzN9Tu4UpvC8OSbrHoYDLIoQEy
atmos25_10544.jpg,1mvVfjYsAc9NnDfKM_TX1THdwlUt81kz9
atmos25_10545.jpg,1mshk6stEPUt3_SPx-m24UeyYA4LWdTwC
atmos25_10546.jpg,1mnvEf4y4vmxezkZLDeHbA2bmDiaTDmdK
atmos25_10548.jpg,1nOK6uLpnEYs7ZYrlhMS-szQu_HrDWEe3
atmos25_10549.jpg,1nNekUOFQbFdrvZuyXu7XmZWsY5WqR_sz
atmos25_10550.jpg,1mP-CPJJ2y3v18NG1iQlH__QQJr_DNjpH
atmos25_10551.jpg,1nFR1HSC5zNLQDw-2iKHbcOoMN0zRybz7
atmos25_10552.jpg,1nGDQW16zAxXiSsA0E7P02d2A7xYsE2Ec
atmos25_10553.jpg,1ngIO5_iAGEGWtRbbc1-M4RPFkqV9Zu95
atmos25_10554.jpg,1nGBAqKmlkhcqHcmQdq-s0HSe7XZYIZub
atmos25_10556.jpg,1n_yQOjED7O_Sk1c2eiaHFTAbtU0yJniM
atmos25_10557.jpg,1njrfYyQJHhXBsd9DVpnOxLZGC2kOVI8F
atmos25_10558.jpg,1niHbU7omCH7jtT-S8TEM16tZcghT5cAe
atmos25_10559.jpg,1nwuO7wQPaEXdCEq0eOPB4WdKnzRCcSbI
atmos25_10560.jpg,1ngAXd6ZGQZ_DoaCdELU0-0T74e4fNG4I
atmos25_10561.jpg,1o-nV4EsQjk_d1N-jKc4gZjRQgihm7ei5
atmos25_10562.jpg,1o48XkYEm19akVyAbLEpjFJVFxe4kroFq
atmos25_10563.jpg,1nb7xv6EcHrzwAfsHXEdvlepFMuXPfZom
atmos25_10564.jpg,1o9C3dEH36T5ZSWIUJjXt4YxAPI6BbVh1
atmos25_10565.jpg,1oBqnSgQ6xOPOvV-k0JztfL6UdJAegXWk
atmos25_10566.jpg,1nXGyKdIEICJX7X0b9RbokH9CEKlF2Ue1
atmos25_10567.jpg,1mx2N32acDatEh-IVgYvuN17DNdR3Nb-q
atmos25_10568.jpg,1o1fhMBShi1NN2wMejVgDeT3ZMwnfe8an
atmos25_10570.jpg,1o3q0Dl1rNwxyBV0cYZCuhEEzx-Qxb3l0
atmos25_10571.jpg,1NCHetHOgvfjF_z80h08EKdLV7sx5vnD7
atmos25_10572.jpg,1NAi9w9ldWzAfdRPrYkZFn65Q8bz5rLg1
atmos25_10573.jpg,1NCRMdMXHZZ-Tq_PXpXP0iaNqFzsqw_dL
atmos25_10574.jpg,1NCOS18XbA2wCOi3pbMcrYs5hHqVTmEI5
atmos25_10575.jpg,1NFEndZKDWdkuHMt3tTRBTOpkJ20IDEeI
atmos25_10576.jpg,1NEEDxZXsKewTgDK9wsQOB6P7_GhH5WoF
atmos25_10577.jpg,1NMpjrEwuzAhsVF2vIGvqp3u5ZTd2OYjM
atmos25_10578.jpg,1NLVwd90MP4jSBVhxza80AEu7qJ6CY4pB
atmos25_10579.jpg,1NN0m2N1HwCKm7gPXpKHQ8z2LopaYydIq
atmos25_10580.jpg,1NRwgduGSEAnNVOmsBH_mbpnpZOrNW9qQ
atmos25_10581.jpg,1NSMB_3mrBAW_v2rHLITE66GA9qqQCHHm
atmos25_10582.jpg,1NUt1KfCDAap6nrfcwCRi_dh-KSOA0bFS
atmos25_10583.jpg,1NTzdyOI_gybxaTK4DusEeg9GxQpNCE5S
atmos25_10584.jpg,1Nd8lQsFcvZwGbKXMRdFMQDkoFbnZA6Dc
atmos25_10585.jpg,1NVxorjuehZbHlPmaUdjfMQUbeVMP6v9P
atmos25_10586.jpg,1NiQWcuRe35M9lwOm3x-aC-Nt0AnpxkDL
atmos25_10587.jpg,1NgFnyEUKr8GKRyBDrBX30o9rsIk8VBTn
atmos25_10588.jpg,1NkWrb_AcYVBMaaJQF5e0bnilMltn_eBx
atmos25_10589.jpg,1NmFmDiGaGtkDbZLyF1m5_sxgWlhJVvuq
atmos25_10590.jpg,1NjVtl183qHi_9QCLI3j2J7X-VT2Va_YB
atmos25_10591.jpg,1NkniS1Kayv2UalkH2L7uQl8nii6vqfJm
atmos25_10592.jpg,1NrNa5BLPkTVMw5IM4Mto5qvOYvS3Vy7J
atmos25_10593.jpg,1NpyEAVaFCHLt4iQGfe2-EQUbhoZttpBu
atmos25_10594.jpg,1Nve60a_-dApkTyv8u1hnrUNAR1kZEKLE
atmos25_10595.jpg,1Nv5kNe-xBDvB31KLUPwZUbt7MqigvMgZ
atmos25_10596.jpg,1Nw4nd0Vs80y1SE_4L2Xi9jLpTY-GI5HA
atmos25_10597.jpg,1NvpUtcF-QVhQibtKyrRru0XNs6wMWEna
atmos25_10598.jpg,1Nxo39OvA5jzJo5oqVZn_T4vRIUBBciW9
atmos25_10599.jpg,1O1PpPguntrwvgJyXf8nDDMUyZBmU1MXT
atmos25_10600.jpg,1O6zRFHp7qxwHtcab4dCnzVDm15hNwPm6
atmos25_10601.jpg,1O6asOAjZ5VOPbiY2fS-ry6JP59hDG2hQ
atmos25_10602.jpg,1OGOiwSigHGTIvbhyCTn1SXIoElkSE-8l
atmos25_10603.jpg,1OCSfKZsq83eGuFjvPK35bI1D0fLt191R
atmos25_10604.jpg,1OIvedOtDQBBJ0rABcR94kXqOtw3T5hFO
atmos25_10605.jpg,1OHl6gjm8Q1jjPlnaz8x0dXNZ41uPhJui
atmos25_10606.jpg,1OKO1aURjl73bdjYXwFR09JfGb9qc9_FB
atmos25_10607.jpg,1OLvUAMnZkUu3YVRfzanvmCosrzRwVv66
atmos25_10608.jpg,1ONA_PO-6BM6WqiH_XTVwKmzqFUFZRtFp
atmos25_10609.jpg,1OOEMCmp6aRPjvUZ8soHfb37IV5Kp_ZNM
atmos25_10610.jpg,1OPNParExG6sD0v2-sc19kcVaCcdCDGZD
atmos25_10611.jpg,1OOk2XUrHLVt0BxsbvunxSQ02MilM8qoO
atmos25_10612.jpg,1OPpqWXQEZMdxbwwC9C0h_3O-LVmbE9Ak
atmos25_10613.jpg,1OQJYM6_VthcFNRKybrSVKK4dlEAL8x4M
atmos25_10614.jpg,1OQYVlt-WhhflQ09DmSeiP0ucER0BoU8C
atmos25_10615.jpg,1OS8kGuYm-hfTeDSW3NMGXWH5lKjzNrhw
atmos25_10616.jpg,1OTbAcpBwfVVPCY0-Z6nNfwyt6qKjzDD-
atmos25_10617.jpg,1OW0o1HHGJ_9F684z-2GSSw2gk8dD9yqe
atmos25_10618.jpg,1OfE-NGEKOJ3-jJNnSw96a45R5fAQK9NE
atmos25_10619.jpg,1Oh-3an5smAasDqauoliTSrjaYWygYiKr
atmos25_10620.jpg,1OjPweMLnuqmOzlA24UwUjPQ_i2H4q2i2
atmos25_10621.jpg,1OlqMWJUsARc2OW1waa82XjiUdCeCcgKz
atmos25_10622.jpg,1OtUZ9khWxX3Cq9vLuIauSIhs7ug9uCBm
atmos25_10623.jpg,1Ow8jdTOnE_WwLT-leVeCnFNFG--7JfQY
atmos25_10624.jpg,1OvcYQyTmjIOmY11Oeeghs1NiBpAXtTu8
atmos25_10625.jpg,1P3JlthFFjOlX3gNlPvrj5KoJZ7DTaWFa
atmos25_10626.jpg,1P30N3N71FLjiB3Eu3g9SkpUu2LJXtMz4
atmos25_10627.jpg,1P5yU72BP2_gCCP77vtW3k2_h_YrRTLpb
atmos25_10628.jpg,1P6EQwwtd71ZlGni-TY50Rag2XCCGMjIP
atmos25_10629.jpg,1P6SQPNJiIHpJ9VbC4vB6m58t1uxS7KLQ
atmos25_10630.jpg,1P6UggPwDqERZLAPiH1b1F9VH0c2JRUZk
atmos25_10632.jpg,1PBHzNe8JLBirfA0GM4QLbXX-oZayvTrR
atmos25_10633.jpg,1PAm8zMWr7eN-LYzOvETtzS1rfTxtYkss
atmos25_10634.jpg,1PCL7C_FwP0cxnH-HOe71UwiZzYJ_asJN
atmos25_10635.jpg,1POxpaKDLhgqcHB9OfK5whs4rvBmvgMRo
atmos25_10636.jpg,1PLrAxwpxKu_pEbM2XF00KuVwyjDWae9x
atmos25_10637.jpg,1PSPgodSO5ooQYxKOKcRfFf6HnADh7_P0
atmos25_10638.jpg,1PPc9ztwuG8LkTxGpmDvNFQRcVsLEWAhW
atmos25_10639.jpg,1PT0xOo90nHO7629soXIiFXUwLhaC2ds5
atmos25_10640.jpg,1PSlN-MHKD7kq27gm56wLem0QORvalGQm
atmos25_10641.jpg,1PTbA1YzC4MPrUYZCh6PEQiRBZ45i2EGV
atmos25_10642.jpg,1PUZsndjy6tizuZBt1b-qPKjV0CBsjdOb
atmos25_10643.jpg,1PVb2ozfg9wHrnSKrx49PXDnTtbSrGY_M
atmos25_10644.jpg,1PZj9P08JgG2U2ZbTb5Gf3CsGu4PWJ9gm
atmos25_10645.jpg,1PZkIlBxlu5CINDDSPddnDBo2YMEAsV5x
atmos25_10646.jpg,1PZwN_oYnYKeEfn56t0-zVRR3MSRnSdgB
atmos25_10647.jpg,1PbWn2XynLUJVuZDy-Jspa_DUG-IDETmO
atmos25_10649.jpg,1Pd9rzMM3yFhXk7b_I2wLTCeU450Qlcrn
atmos25_10650.jpg,1PcO9weFbQBGUv5-Fjr-iP7bFb9L1hHLS
atmos25_10651.jpg,1PeNLEZ3JTcuyb0etFdf1MqIdgnZKoc4t
atmos25_10653.jpg,1PoFby1aDarBh8wIPYuAxDaeGaNxWWa-L
atmos25_10654.jpg,1PpLqRCyWupsatDw8fab5dhYw1EqCbQAD
atmos25_10655.jpg,1Pr5tK9MT5N7YbtDBVKP6hM02pCJNbNSK
atmos25_10656.jpg,1Pu9johWtsoyt9Lp3iGk_Np7vGhypu_R2
atmos25_10657.jpg,1PuN4G7Efz4qJN5EdbOtL1oI5yqnxiu_l
atmos25_10658.jpg,1PvEaxsIt3AHBcCRQ8EmNHlN4xoiNnMBC
atmos25_10659.jpg,1PvSXBw76dIqvkz1ok7A4UTxqmKY3UMPl
atmos25_10660.jpg,1PwLzJ2AneY-e-ZPX3VhbNa4-n8z8p9Xf
atmos25_10661.jpg,1PxTMCy2x-GMnXTHE06w3tQxeSZw5xBqm
atmos25_10662.jpg,1PzAPmWQTTBXXnoCldqbP-EeYLcb9MS0Q
atmos25_10663.jpg,1PxaRmG-OdoMFXIF5NJlreXVde68jcL6-
atmos25_10665.jpg,1Q0WI8Zwk0XqHDRQOeUFjqjGEPnJV4lHD
atmos25_10666.jpg,1Q1BT3P-gyuDBtafe74Q5TkPu3K1CoTEm
atmos25_10667.jpg,1Q2u6TglqXNosEpZQ5yBSaQTCcWkMvPPO
atmos25_10668.jpg,1Q2YbMryn9l-FxRYTVULXHurCJekh-20P
atmos25_10669.jpg,1Q6xjnMLwdV1BXJBlVjaBJV-cFec14JsX
atmos25_10670.jpg,1Q9Kq3D6KyZnzZA5i1cQSH5d-S7itjY14
atmos25_10671.jpg,1QBqp8FAz8xi0AaMTULXbC4BO6r-KY7rs
atmos25_10672.jpg,1Q9TORiqn5W2I83EyH7O9sC_VbJGc-OwM
atmos25_10673.jpg,1QCCJJztn7oXym7qwkA6GxU7V3CMwl8iC
atmos25_10674.jpg,1QCHLVxW6JWnw3AVGhPDtQh8OVSr86X8C
atmos25_10675.jpg,1QFEGSVujUPMspUKcJaIHhMM6VdxF-1dG
atmos25_10676.jpg,1QCx3_EIEpl1OsxqerljQU0R8z7eOEkfG
atmos25_10677.jpg,1QI0NDgPHtxfNB5ZNf9qd4x5nIs2IYTsT
atmos25_10678.jpg,1QFT6HcyKNTP3LM3uuqWDfR7loT-pOqaB
atmos25_10679.jpg,1QOlewOQQkRQ_429DX7Nz32kGDpuaF_lr
atmos25_10680.jpg,1QOQD9lKQtOeP4qopjlb4YL5YvGkC7cpx
atmos25_10681.jpg,1QPKdb2kLmnzgAc5P0TKKWsq9zz2m3MZl
atmos25_10682.jpg,1QPC8dNKsUvnR9zcWOt5uJrpwxl8fSPxv
atmos25_10683.jpg,1QR8xTSrsfIE3MwJOmNmYhDS047_aeqDN
atmos25_10684.jpg,1QQgmJ1m8RYTIn429Wp-roj7uLtuOeRN3
atmos25_10685.jpg,1QRcnVqAQaWCNGDyE90g-dJ4Tmr7AGSfC
atmos25_10686.jpg,1QVNGI1FNGS3EVKvONKzakQbc0R3Vbthi
atmos25_10687.jpg,1QR_V1RlVZeQ90Q0aigSWVO5u0axS2NGn
atmos25_10688.jpg,1QSlTA1omfTLGrOREtmOUg8zfSB5k15_x
atmos25_10689.jpg,1QVvUKTjpv092tRZWQ0cFskOywPERdTdT
atmos25_10690.jpg,1QVZfwklqYRWIa6dkdh7Qkhka03BcNbJy
atmos25_10691.jpg,1QWusloGfGNsQeVmtjyt3GwAO423f1sma
atmos25_10692.jpg,1QWENWYiHGWv70qci8hgywxRGxotoiBfI
atmos25_10693.jpg,1QdxPouL0j6G8s0iIeqOj6f20eB2hkxWV
atmos25_10694.jpg,1Qe44bMUoW4Xnq47HepPjuzequU0doo21
atmos25_10695.jpg,1Q_fds3vmdMI4qVKZclADetoVGRB1qjGJ
atmos25_10696.jpg,1Qf5PLsCasEegLLyYLVkhcaUVZPlWJfUH
atmos25_10697.jpg,1QeIsV4zlW75qlH6r-zO-N0YnbKQBa0A0
atmos25_10698.jpg,1QglWAW_TbbKH19UDpCi645KalYSd0kR0
atmos25_10699.jpg,1QgJhIFjHXeT1rXf0nbgLw9aSjBU72TwG
atmos25_10700.jpg,1Qi5aMHEsUi72qnQCgNr_kwr2sZXFAtPd
atmos25_10701.jpg,1Qi9a2mGnM6b58zOhQtFUuMZfNxR813Ph
atmos25_10702.jpg,1Qs0RKqtGSLuLQxZi7qQcmREe6bOlJq9V
atmos25_10703.jpg,1QtfAlBcL5ccywZrs1rrUYnqOGlR7XoGM
atmos25_10704.jpg,1QvnpLZx0WZgie9qn-e-3PiwthrkE4L7o
atmos25_10705.jpg,1QtO439qr6g2NIXre9T58ij2cC2n0IrJo
atmos25_10706.jpg,1QtCHeFRymWBWCs8Ua7KuXmzurAXnFhq8
atmos25_10707.jpg,1Qx3Ns1IOXoqp5_9Dfvx5ZzypgEtVBvRt
atmos25_10708.jpg,1QynjrPZG85VXZ5NLBNq2Jr90hzm6eg2D
atmos25_10709.jpg,1QxxRnCIOYDJ5NLlk1SVCzDVRNGekxp3n
atmos25_10710.jpg,1R4A0iav3NTFFRGYtiFxtuTQ-VkHiKQv8
atmos25_10711.jpg,1R6EzZB9w5Het5eX4hJJQOj-sDvAXUi_-
atmos25_10712.jpg,1R58oa_7bnSC-U84DW9yUyR7DauO3pNWw
atmos25_10713.jpg,1R5LVwjvpfqvfJ4SMghUQVUjR7ipcynmy
atmos25_10714.jpg,1R7XXhmdDabtXxZrt3-GhS-Gu6csAlOb2
atmos25_10715.jpg,1R7LJ4rnzYXFLYlOuZl7STzVfyZcfNhbq
atmos25_10716.jpg,1RBolIpVbRBJLOtZCZwLGV-aL68yxNb1L
atmos25_10717.jpg,1RDiNfIW-0XH1Wacz70qrdzWHCLZ7NXNY
atmos25_10718.jpg,1RDUbTfLI4T2EWT2APyA6ZUGltheYyU-y
atmos25_10719.jpg,1RGtcvqNlOXh-eEkYq06FA9yCSnSrb3KR
atmos25_10720.jpg,1ROs6zrz--FQOVRHYaM8zjCF-jKGoSRFZ
atmos25_10721.jpg,1RStNTiM5WhkobIkTMOVAIBS0zRIzz0_L
atmos25_10722.jpg,1ROpDHT_tKYAZi458jIYmUHJiWztIbpM1
atmos25_10723.jpg,1RPVmBMPVDKoBrJ_Fzg5gPxWxGTNWNSc7
atmos25_10724.jpg,1RPozHXvJbtEsD__I-PWahhToMp2PDU6W
atmos25_10725.jpg,1RV4WuKE9dQ_fGMOaavqJISPSkmXXcVno
atmos25_10726.jpg,1RUdvTu_NJBWuCcY4vJxIZsJ7n9h9GINQ
atmos25_10727.jpg,1RVI4VdeGjtLJZEiMfGowwREUwQ2Y2sQt
atmos25_10728.jpg,1RTc3vt3tuwE3jdLvkXunt7mG_uCiJQup
atmos25_10729.jpg,1R_B8A9tQukVfkkRti6zbolEpeJjnX2MB
atmos25_10730.jpg,1RgNrwbUK3ShPXBVW2tMcVyz85EHUrlAh
atmos25_10731.jpg,1RcW3v1Eb5W5RYDNr2cDXOAHNZRZZ2c8e
atmos25_10732.jpg,1RZVcVAhBtaRcqjoULwl-tjiO-kLNr3Mc
atmos25_10733.jpg,1RcV3hwSDTbF9Kod4NC-zEy7n1mnLLHNM
atmos25_10734.jpg,1RfgmnkhOhy9Y0AUu7KUbIGlyqhzJDge2
atmos25_10735.jpg,1Rh_OnKb5DlDLLMwtzXqpsQgDjS2yshlG
atmos25_10736.jpg,1RjN3EW6lObCiovtH0Oi80IDMS1iykBsr
atmos25_10737.jpg,1RhxY4ADiHmnsS0_5ymTm8T_chStRRnK3
atmos25_10738.jpg,1RgzmRkhuLpjtpbOGpXrc_gcQgAZNseRR
atmos25_10739.jpg,1RgY0iOd8hVJT2Wb2zlpfxOw7fO0S5SM3
atmos25_10740.jpg,1Ri6VShks1RC9Ib7ily92egOId7sgVO5q
atmos25_10741.jpg,1RkTj97aOmbAUWiugAAWS258GpNa9kA3V
atmos25_10742.jpg,1RlkPF2pSl22wAKhaL3z_ejVMv5JzvT5o
atmos25_10743.jpg,1RwzxTVnvB1JCoqNLGUmNKXFr2mNnTmwH
atmos25_10744.jpg,1RpRVbrkySTr6R2TNi9DRatANGrgEE0Xh
atmos25_10745.jpg,1RmgN-tijgXa6bdMZkXTVz0k3LnCtWtKc
atmos25_10746.jpg,1S02YVrVCfUSEted8lgdc1-LnKTUAfF_F
atmos25_10747.jpg,1S2Ek2NFkiZ9DeRt4u9atLyWwbNCva2Ki
atmos25_10748.jpg,1RuzMw5MoyB0c2Y3GF40auig8FT8h9JfJ
atmos25_10749.jpg,1S1WX5XLzwwXAapEngd2xtQeMUKbbuMYY
atmos25_10750.jpg,1RyiqBLHxqh4mrQ4T-z114QbBw0rXE_Ah
atmos25_10751.jpg,1S1k4lxMASgSEoVtllTKmpG7POf5pRxEE
atmos25_10752.jpg,1S31yKgHIjOzRW7FRAvHebcn0a6bwj85w
atmos25_10753.jpg,1S2E3sQfEUUOthhoxdsKE0TBXcSGTyVcg
atmos25_10754.jpg,1S62rLYH9qbys0kJzYrSKPJCIMUush7Kd
atmos25_10755.jpg,1S6DrNYHQRvdlRregryk3HpZYwddPOdwb
atmos25_10756.jpg,1S882vMSVlqXCkF-wSyZ-Mp5w_K4Fmzm6
atmos25_10757.jpg,1SFD0FYvl6oOD7HPawQIflpB5iBC_-cJd
atmos25_10758.jpg,1SAWp7gOlbo7rdWW6CqXTUDDu9rCRTGo-
atmos25_10759.jpg,1S98G_EqsXXQ4eup9-idijTRlN0tSZJHR
atmos25_10760.jpg,1SDnaa5Dc5_qLpv8UHuZ_FqQg757F3PuR
atmos25_10761.jpg,1SDwwp2EULD9-U8_TDZuOAvs9p3VZnltC
atmos25_10762.jpg,1SG8OfrcGWasbwqq-tsSic5d8bv61-gxs
atmos25_10763.jpg,1SIEmlpwOqssaOKhBjxUg5b78ITghhFWq
atmos25_10764.jpg,1SHQbpmshwbZVXC9cmtKqf3P2XVVdbIQE
atmos25_10765.jpg,1SFJYu1cqgmPOyQvTuck3dSnBHLe6Xhas
atmos25_10766.jpg,1SKhc4-l07pzeYyRufdDs9ojEaZ78aNkX
atmos25_10767.jpg,1SIoeg6TG4-ztqQtl3FmsjZQ927wnTZUI
atmos25_10768.jpg,1SK41CTKYTlGmFPk2OBFGtUSIFgo4sH3W
atmos25_10769.jpg,1SLa6P3tby3SSggmMvohLTmCEjRrn_lpj
atmos25_10770.jpg,1SRpW0jDqGx_kBoGyqVSV75JLerMnggVF
atmos25_10771.jpg,1SVp2YbseRfCq-vsI_bDCzZtWxMDEay6l
atmos25_10772.jpg,1SZ5FWbQtmmmi72UhEiP4KpA9axY8uz8I
atmos25_10773.jpg,1STvV3GA83yMpi6yRywsF0zF1R-ZSKVLH
atmos25_10774.jpg,1SW6sN-M_RbCd_cW6dRQQns-p7i3778IQ
atmos25_10775.jpg,1SbDmYTJLaRAGvKyaHtkNJhfGoOhtHFfa
atmos25_10777.jpg,1Sdws-Vtu63riAP0PmmXXEG8ZGIzK32hK
atmos25_10778.jpg,1SgfsjrRs5Uc2gtWv77jJJaYZMoXeguTt
atmos25_10779.jpg,1SgRB0wd5UEACoF5fNjx9vXj5JrE_rzKZ
atmos25_10780.jpg,1SnwA2xqzCIHih4AZ9LS9TzWdlrV7XVq2
atmos25_10781.jpg,1SpUbl7LCJyxaj5LgWNMFVomP_mXT7mBg
atmos25_10782.jpg,1SpfZKK5TVDYNv7tfAEHOEk4IokxFGazZ
atmos25_10784.jpg,1SuL0NMeAkppXgNq7KxUYT95z-zoOR9iP
atmos25_10785.jpg,1SrhvUPPlVxEt2gR3YZD2JaYZCpzfYpFU
atmos25_10786.jpg,1SxYPycAG_fDO9lRG6wOxUr5RpQi1I5NQ
atmos25_10787.jpg,1Sz9eFDA1sT0L1tB8appIhUDb9ov-AZti
atmos25_10788.jpg,1SxoBteSqdvtBObC2pl_LJnUL-T8Rrl4t
atmos25_10789.jpg,1T0xZ_S4vcRd1EXwwIm8sdcofJrKPcS9h
atmos25_10790.jpg,1T2CAY8cy8vAT5Oj33zTElJH1J2ofP5wL
atmos25_10791.jpg,1T1UybkyrNyPaB_3aEmFyPZgIzSWPTMjo
atmos25_10792.jpg,1T3ugm0lc9r2c5eKUdvCo6CDMQVlFy3yA
atmos25_10793.jpg,1T2f1VfVy6vredMw_sIygRwg15lhEud3g
atmos25_10794.jpg,1THvZsyq5_QjhpGPq4zQ0GeQ4Hm7BGCUA
atmos25_10795.jpg,1THoDL6JSj4yggCqxgsDZRytFTuGZDSJc
atmos25_10796.jpg,1TOkdlkbjvooKQq0B0Qf5vxNjo3GDuzPt
atmos25_10797.jpg,1TNjmMgoZ8tLFH1HjL3Xozg6hriqGTp8m
atmos25_10798.jpg,1TQJ4vjt-sjTqi8nxhcSVJ3DLS8FCI6A8
atmos25_10799.jpg,1TP8TFNcfJkVi20fsNQBR8pRgJAHJAQpo
atmos25_10800.jpg,1TRu-0wkKR1peYhiWMw9l80V9_KlJhDRr
atmos25_10801.jpg,1TSdFIPpCVbhm1SKcZg5TEQdy9_2LX9ve
atmos25_10802.jpg,1TXm80HkWkvCmQVr2QW35gKI1kyFhoMVE
atmos25_10803.jpg,1TgTYvQkKqwaym_QAiUEqAkpudhtwwut8
atmos25_10804.jpg,1TlC0IM_d4Sfs0axhzjhJrNO2pPgkdL32
atmos25_10805.jpg,1Tsvs7IQuf1EX0OTESvxwU1SFaKDVx-Qy
atmos25_10806.jpg,1Tpg-gGPQuoBomw-AOkq2f5pMGnOK1xH7
atmos25_10807.jpg,1Tsktc1Qwjey_b5qlGoCnwREeI0pnGw0e
atmos25_10808.jpg,1TtPTmL9gL9EEAkq4KhK_lQ_kMTWJ6Vg9
atmos25_10809.jpg,1Tzfmurs6fbvmZprPTZK_C6CfQYXaq048
atmos25_10810.jpg,1TwRY5uV5Rjwwj6XbTwcVnX-BHzi6aipB
atmos25_10811.jpg,1U36m3TTL842XRgFyXfiTezF1mY6chqLS
atmos25_10812.jpg,1U5guDRHCbxTpZpbZ0zRINHN4id-bQ1dJ
atmos25_10813.jpg,1U8nNOLGRCGteTXqV6Pab4i2n-UnjzwVd
atmos25_10814.jpg,1UBZSVgdAA_7qUlJZ0J_hiySZ17HkLmSL
atmos25_10815.jpg,1U8OkAVvr3kPvoBk8ybqq5K1VfkHaMKeP
atmos25_10816.jpg,1UBsJ1-37KuVLBXBdRmWLwGyo53cqjXZe
atmos25_10817.jpg,1UKY3awhyzA-mnViQ1fi96iRBjce_9YKQ
atmos25_10818.jpg,1UJwHYit6E_wt-9usyY-Tn6zlQOGUeSF5
atmos25_10819.jpg,1UO3x_O6M5hoMulmjoPXqkEWFB1uF76yy
atmos25_10820.jpg,1ULhp1ltF3Kk0bnBdHiyhKv21UYlNgWBD
atmos25_10821.jpg,1UQE_i__tGYkzazvcmClhZ6cKSuMlIJsf
atmos25_10822.jpg,1UQLfZGAWzvJuJ9pf_OlpXvbb4_zpP1aj
atmos25_10823.jpg,1URlmNCxKsZl_YrccG-1A0sb7Ek5vgZ6s
atmos25_10824.jpg,1URIbrsPpxDMG0bmBKaogRii58ATksPhi
atmos25_10825.jpg,1UUx5VZDP1g1fkWpt7WNKjXvwNmz_l8bp
atmos25_10826.jpg,1UXJn6blI2siUFdSD2tUvdtLBKqgY_eB_
atmos25_10827.jpg,1UTACooGddT4zd0z_lllcoSKk2h_M4pgR
atmos25_10828.jpg,1UVEdnp53WedoyqtvweIKFdIrR-6InsSm
atmos25_10829.jpg,1U_NIVQJCIdA0GvbmdWcgistBXLNsrz0j
atmos25_10830.jpg,1Ub9cFZcenk4i4Z96uMT0eDdVm5JcQ_8d
atmos25_10831.jpg,1UgiY0KQmTY4ADPZTu6puH5hmzzQYayEQ
atmos25_10832.jpg,1UbRTbofCNlmkBbOC7lriJ7JXePkIGd4a
atmos25_10833.jpg,1UlHm4wi61iONo6y_UhCb1W-2ZQeXSPUZ
atmos25_10834.jpg,1UhABmcTgLBCZI-KXeWqh9Up9faWi38X4
atmos25_10835.jpg,1UmJuY7cBheh0YXiIJ0m_xETdKW7ePEJO
atmos25_10837.jpg,1UtCLKHqKk4C3MBZSuV_lNbMDtFWPWuiW
atmos25_10838.jpg,1UrR_t7oAirrKTtDqYwThVofSzCaUGMdZ
atmos25_10839.jpg,1UvqORRZ0737ZZIJ2VudnAL0ev9xlztPq
atmos25_10841.jpg,1Ux7ixsjteAoNWtPJ7O6QKxUwDbXvvURT
atmos25_10842.jpg,1UyOGcaAoU0vnPOfbGBIX34m7lCTCCsL1
atmos25_10843.jpg,1UzM5Y9Wb2pdOaMsBk7RmrRdD184gbHV4
atmos25_10844.jpg,1UyfnBA1KJifkiRHnR-S2SK_WPciactLM
atmos25_10845.jpg,1V-NIkmDfR7mKfNKN4aXysi-xmcV3JO0r
atmos25_10846.jpg,1V3VeG0AgDr9BKmn6RXBTZTpWZJLRLrGD
atmos25_10847.jpg,1VACBF0mSMrKd03TCxzcaOE1zS2DDmIOh
atmos25_10848.jpg,1VEGgqPAJHr8qL4Cb4C3NzhnTFG6tsUcO
atmos25_10849.jpg,1VErMf4cVJ6K0qTzfj8CUEtJuiOFVMdmq
atmos25_10850.jpg,1VMQDA35YPW9OUImiugUk-zC_5_e4HpNk
atmos25_10851.jpg,1VOGKprEA6W61gBVkKulrr4yWSlCrfVgZ
atmos25_10852.jpg,1VSzUPKMT3FZa52owOcxhy6M7jes9Y17I
atmos25_10853.jpg,1VVbcr9-hMA4QyZdzdn8XLiQqmFRglxfZ
atmos25_10854.jpg,1VVQTgjo8A-8xbkWFwu1h-JG27GrHUdrr
atmos25_10855.jpg,1VcAYCVqv2PV4TnjEkFYc7Skg_v45oiZh
atmos25_10856.jpg,1VZgMFwlA6zwx1VApI0rcWCBaWrouWU3g
atmos25_10857.jpg,1VetJrw0BUY1De8WnUUHbLGpkw2amu3c-
atmos25_10860.jpg,1VrOfqkzH61QmlCEbzPMrVQ09r7nG69jg
atmos25_10862.jpg,1VsNm3k9yu9d66cy_Bt89aMadPLAaU88i
atmos25_10863.jpg,1W0rpXh-WI1oS3QQjlPI1iZjghpG63ok9
atmos25_10864.jpg,1VsalRg763W1pEbSWBvkC97Dg2PtoeS9r
atmos25_10865.jpg,1W2kHQ39I-81n3YYstE5gbXeJX6Mdg-6W
atmos25_10866.jpg,1W7ihEV1meLGA2WLo8QT-jeywssLe9J75
atmos25_10867.jpg,1WEd2j6kPtfguXOpmtZkPp3AZnSdbWEU3
atmos25_10868.jpg,1WFYtrswTw_ZHVHNIpnne6uRbanS7Blc1
atmos25_10869.jpg,1WF5jphs88rif7Sa_a1otPQfx44ciaKZH
atmos25_10870.jpg,1WFyppE0JeSeEh6OjXUmkX0tLbLn8kxbE
atmos25_10871.jpg,1WLcvPkRMH6o-N2mIWJ_BJkjGfxGURlof
atmos25_10872.jpg,1WJE1m6cW7deS0C8pKjsMJals3xMomehj
atmos25_10873.jpg,1WOJj-lBnBm67QZU3mQ9MeCVwbeuQdOJx
atmos25_10874.jpg,1WTyWOaQf3PHf32zmELbcVZMVGiy7CSiP
atmos25_10875.jpg,1WV4L7rKv09EBNMRKu7yGZ99NSebXJp_0
atmos25_10876.jpg,1W_dOMwrR14gpQ6OzVDG27AKks71QbOzj
atmos25_10877.jpg,1WVDBHIZGE2qHWggfbJHptxRKkqgFkRRq
atmos25_10878.jpg,1WcmApalBHlyw1pUMrpQy0Rbw-sA0IGg_
atmos25_10879.jpg,1WfQEMGKi9NaUROTbu6MP_0VIJpXfI9ho
atmos25_10880.jpg,1WkeTGfMnQ24mi47Xc1bG2eIMZIEjt-ED
atmos25_10881.jpg,1WnZ_V72Mc4V8pT20jSDRMD_BcEQzqwsd
atmos25_10882.jpg,1WsB7HkVN7Fq2BuwISVAjxv9M83_8XSmh
atmos25_10883.jpg,1WqxY6-SrREw3a5tHc8QAhkqIpVDiqmOu
atmos25_10884.jpg,1Wqgrhq9HpzQy3DyJNK6gsVFKHM2M1lmD
atmos25_10885.jpg,1WptHFPPhBE0nCproTuxDVIyUU-kgyw92
atmos25_10886.jpg,1WskAmJaQr2mRech_PackzT_pMRAREdn3
atmos25_10887.jpg,1WtJe0chVZAgMq7QjUdmXRMLjOmoV6pXQ
atmos25_10888.jpg,1WuYRsHDow_tWUxfkspMlBn8U2lJZS7H4
atmos25_10889.jpg,No such file: /content/drive/MyDrive/Colab Notebooks/snap-sorter/Events/Day 0/Informal inaug/cam2/Sorted/DSC_8254.JPG
atmos25_10890.jpg,No such file: /content/drive/MyDrive/Colab Notebooks/snap-sorter/Events/Day 0/Informal inaug/cam2/Sorted/DSC_8513.JPG
atmos25_10891.jpg,No such file: /content/drive/MyDrive/Colab Notebooks/snap-sorter/Events/Day 0/Informal inaug/cam2/Sorted/DSC_9003.JPG
atmos25_10892.jpg,No such file: /content/drive/MyDrive/Colab Notebooks/snap-sorter/Events/Day 0/Informal inaug/cam2/Sorted/DSC_9518.JPG
atmos25_10893.jpg,1Zh126QOHnhB1rXbGNtXhNkemGu8-R_of
atmos25_10894.jpg,1ZpXSiI79r80OF0qA1UVxtIlbEyLH3GFJ
atmos25_10895.jpg,1ZfffskQHjxNBiHrdU7YIPUd2w-8FfJap
atmos25_10896.jpg,1ZrtXijWAl8bHsVH2SlesAwHqpGzeprA6
atmos25_10897.jpg,1ZzOwrUQjKH3mrf-6Fy4tJVyTjDa2q5e0
atmos25_10898.jpg,1_1cOOHz2Dvk4E3B3wQrDw0O-5WxS5BFj
atmos25_10899.jpg,1ZzGNh4O0ydUqJfsv0sPXWWoaGF56zz4s
atmos25_10900.jpg,1_HLhp1ThvheIhglsnPyXmx5Skp5Ut3V_
atmos25_10901.jpg,1_4CITOhbPjQOXxC5bxPBtk8KDsSNfzcK
atmos25_10902.jpg,1_Il1ESWj_CzAOel5IxSnDbXW_s9TgX9E
atmos25_10912.jpg,1a1ObVzcr3nZ2s57l5MfsZfoPCGgGe6N9
atmos25_10913.jpg,1_wYwJ7oCoOKLG7GeedtjWZqXZt3iAMkj
atmos25_10914.jpg,1a6ONkbIhgCGfhClJw7w1Iy0h0iaXzaBE
atmos25_10915.jpg,1aLZGanOfWkEoCEHzoujprXREFQTXoMeR
atmos25_10916.jpg,1aRhX6Ml9n3YCl4yCkkHrL_Aw4wlpQHoX
atmos25_10917.jpg,1aPdGfIsheaIuqP0dpPGqbcajNZVYQHKy
atmos25_10918.jpg,1alwtQHC7puom_OHG3hijX4k5l5eAnsQZ
atmos25_10919.jpg,1adQfC7CZbYT_yIGWG4IURjJy0AG438PO
atmos25_10920.jpg,1as8cQiTUpp6ACL2JP7A1yRdbQhfjbQzI
atmos25_10921.jpg,1b69VEWliGC5m8c13dC3xBNi0Z9aU8uH2
atmos25_10922.jpg,1ayoMhB53C-987KObE33J6diAme8xcfH7
atmos25_10923.jpg,1aqTQhhBDq0pnVU23Aa5AZmTUC9rQ5Dzx
atmos25_10924.jpg,1auy4gdtmhI2pDjn7zZMxsV3f1Sca15YH
atmos25_10925.jpg,1b8vylYUFuE-67gQOSjEm2RV-dWvOO8JY
atmos25_10926.jpg,1b2aJ59f2vuYOfpno3u0F9rqBESXD1-O_
atmos25_10927.jpg,1bM24VzWbKhUd9TaF3Kq6zEp_Z0a2c2IG
atmos25_10928.jpg,1bI5XprUNYdGTjha-j-W7L-rcemv0I2_6
atmos25_10929.jpg,1bDK7EkAVjoJWjo5FkYELFByDai6obTTk
atmos25_10930.jpg,1bUsme1lvYcfK5iIuh4NySWYkk9BNvU10
atmos25_10931.jpg,1bYtJ1LniZpPw00WF_ID1wD69BUCGKVKy
atmos25_10932.jpg,1bzM36aHg7jIIvQjhA_53PNE64pnxvjMZ
atmos25_10933.jpg,1bZ7jdZwAaqJ65pkApBfx9137toGGoXLu
atmos25_10934.jpg,1bxnTOTYBNpIJSfRmqpuoIKcpt7X2QpGA
atmos25_10935.jpg,1bfFErhcno0plc0lqX1tjGvB2tb-ob8B0
atmos25_10936.jpg,1cACTY5dqZ_i8CuKsk73HDUvrY_futvQo
atmos25_10937.jpg,1c87fCl8Ai1nTmbs-fEkHyl1NlVgDPRBH
atmos25_10938.jpg,1cCxjhU29Vblh48L7uE4Wzb6aLdYBqngW
atmos25_10939.jpg,1cAunN_VRHsMmfL653rcW2ZG9d0sIPGBU
atmos25_10940.jpg,1cJldWAf_sRw4hXkFS98O_uS5LCMuuYD0
atmos25_10941.jpg,1c2rGqbLmDyTS5fFrpmvRDzSQhzbGZX2p
atmos25_10942.jpg,1cY891qpwyrfJPYzaKsFCUQ3XnbzaSBrX
atmos25_10943.jpg,1cPbempM4CXPiHJoREPd9WCpfsX8uLhqb
atmos25_10944.jpg,1cWZnEbjzkkhIq-PEBPM8P0PgvISfM8-O
atmos25_10945.jpg,1cEsmWltmoqrY37kx44eI4PYH7hqBmSly
atmos25_10946.jpg,1ct-jUwJgpeQIEgm1qkG5x9RF2PYraUWr
atmos25_10947.jpg,1ciMyzWxmZLIm_DB5e9ctzuWzuHa0KzzE
atmos25_10948.jpg,1cdnT1wWT1k-PcUubeoaBQxmzmoEEG5nk
atmos25_10949.jpg,1cq2C-N8AoozbOoWF2kUWjAE-UN1koniJ
atmos25_10950.jpg,1ctWbTwzzl5ltwqYWqTXny8Zho4hMDShq
atmos25_10951.jpg,1d-DyzhhU-Kxx-QFzLDaz0eilyMG9XnLh
atmos25_10952.jpg,1dPUzathKiYEyJg2E_fVsfs4qNXdEXdMD
atmos25_10953.jpg,1dZSzzOo3ArV_D8HF5PSzlIHDDhdAVl8Q
atmos25_10954.jpg,1dWJBSx9oTqkbwQrO1WxytYEfSvQ1bccX
atmos25_10955.jpg,1dhySidZj2gCdLdGo_Qmf_wGelJaTzgbY
atmos25_10956.jpg,1dcs6xjocG72lrns2veJMdzegI6n8XB_c
atmos25_10957.jpg,1dc5gAzEi6TFN1rSE_rQ14H-32SNMqTTR
atmos25_10958.jpg,1dhJWvhJH7MTDkkNu8hM7c9DxVEOeZaRP
atmos25_10959.jpg,1dlZKrvD5o1GFQhdTQL4JTInLJPGVCpm_
atmos25_10960.jpg,1di6IBzK8Si7cZaLDkvvNm0__U-Z8v1vZ
atmos25_10961.jpg,1e0_wc89Gr2hoQCqJbdIfyTjLFzRnpGgW
atmos25_10962.jpg,1dqjU8grAF-OLwvcZeAhBYAxSjFjheNBW
atmos25_10963.jpg,1e94IbotgWy-2q6lGMCFA4EI08Ltxe3B_
atmos25_10964.jpg,1e5jQEKERAyUzdSMdhJH6-JNwv1sVoA-t
atmos25_10965.jpg,1eTlNLui-ylHeGjqIPp459ub1_XcO5GH1
atmos25_10966.jpg,1eN0RmmDJKr7ZMUirhxWGbXuCBTOfU9qA
atmos25_10967.jpg,1eEPPjYpj9Sn4_yVfKK24S_kQntl4R4po
atmos25_10968.jpg,1eZS7yKUBJ8HIS1sWfjE_4jZOw4H9CDnX
atmos25_10969.jpg,1eW4paSJSedcUlNmLhW7AUEL_pprFvO4Q
atmos25_10970.jpg,1e_QkzO_5jNprvlV6nGHv7JkYFDyDrR7O
atmos25_10971.jpg,1ekFIqwVMjujsnKpZoAGp10Rhd7e1abj5
atmos25_10972.jpg,1euGvarKEZoNlYqqODjSAvtl2LfB-nFNG
atmos25_10973.jpg,1exx8uJFZN5qK2SpbdIPIs6uC8yCjo3qb
atmos25_10974.jpg,1f44h5IvVrdIjfyNzXp8K9IRjoqitR6p3
atmos25_10975.jpg,1f9FF7Fwt-vu-i4FMhzrbcR-I80hoLaB3
atmos25_10976.jpg,1f6Uz2lF6uIJYs-ANJfgbzdfCBcwFHwFs
atmos25_10977.jpg,1f7gl5r06s9sVHgZD-xLBmj2xoL845YVo
atmos25_10978.jpg,1fCUq_DTj3MEW5-pK3hLZOl9htTHNbjo9
atmos25_10979.jpg,1fA7p9WX16rwiGhqRHcGTUnLIWiJgkL2u
atmos25_10980.jpg,1fE3MVi6RtTBsdLa7dG7wdyMlJn9jN0Y8
atmos25_10981.jpg,1fDOXADZnmavLmegwJgXf3uSkI8c-RuL3
atmos25_10982.jpg,1fKMX2YIpPatU6fh6LN4IYzAME2ABdLgo
atmos25_10983.jpg,1fJIErUKTw5bsxWY0R2ISadxLBRPDxcNP
atmos25_10984.jpg,1fJCTxgdOGf6H0bCHubCOT_LoW-By2xpe
atmos25_10985.jpg,1fN0Oq8JU2JinIhy53ltVm8lbEHz2R0kH
atmos25_10986.jpg,1fV_1BEW53Li_HNn-Rc8ahoJ_ceZxwZ3n
atmos25_10987.jpg,1fYKdPNUPAF63kRxDUHPndx0XfJzjDHA8
atmos25_10988.jpg,1foOVAQy2WPEeUu05mBJloAx1vNoiRUAZ
atmos25_10989.jpg,1ff1WeRo2YqZcEOZe8AKY3BPmdQT_Iog-
atmos25_10990.jpg,1fst-7jm_krWr0I2NSv5DuLHgfUtNmpgJ
atmos25_10991.jpg,1fu8XmhXZuTtL1iYW93YVowRB3_QGVA-H
atmos25_10992.jpg,1fynZlLfWPaMLDMtrmUrFQ0pULjhbFT5F
atmos25_10993.jpg,1fy5GKvBWqWZFxwdLjv8_pSzdu994VAqx
atmos25_10994.jpg,1g1w7LX3YEdRHgdNdfiwB730o5bcQfXZ9
atmos25_10995.jpg,1g20b3qblhwgi7drjzKlK5i2MAMaZU_8x
atmos25_10996.jpg,1g2XUJILlJukYy9hovRtZnhQhi3BHJpCt
atmos25_10997.jpg,1g7ccWJ3V66PXiEjY3vVNgj3sVpy8_CQj
atmos25_10998.jpg,1gArbNUSPfzfUMYjYofDhdh-oxGGxDs0m
atmos25_10999.jpg,1g310Nr0PC2x78MXUN5og0sZFOr_fX3zA
atmos25_11000.jpg,1gKVbeV0ThD8d7YfC87nU7VjEhRJ4EGdE
atmos25_11001.jpg,1g9nfbdESR3cS5kWM_efeoq6T4G_MwChM
atmos25_11002.jpg,1gB1XHdHldTgtccMAlEPBusSVbfazKD7A
atmos25_11003.jpg,1gdSlaYyRuuXCLcoQnLrJdD3vwl7QvUvh
atmos25_11004.jpg,1gaVbUcNQf4kIsvtZhlz7cmWbJrQ_pqDt
atmos25_11005.jpg,1gWG_a3zpoHUt5NqnLc2S6lwh1j7Xycvl
atmos25_11006.jpg,1gvGL8setKu42gu7fgzbAc5yLy9cx7TnL
atmos25_11007.jpg,1gj4OKyIzSh24-4Zn5FYt_iKVoe-q8Nb0
atmos25_11008.jpg,1h3i09UwFmFt1US84ri3qadTNa_rV_sa8
atmos25_11009.jpg,1hAUr_aVvvZ-IgeGw-OLMm8qx9yczsEXK
atmos25_11010.jpg,1hOO-nShLMuXTaZj_8GZNaWeUUPR8rTyg
atmos25_11011.jpg,1hIkP4HRoMOT48hA0DYSeWKXShT9fiSpI
atmos25_11012.jpg,1hYZeR-CJVpA2lsHZ2EOPCwNho_vcLGd9
atmos25_11013.jpg,1hbKtsQH9j77vDuAR8n_60aRLg8v1waeX
atmos25_11015.jpg,1hpD-Ehmx7HG3V6Xd5CDuWIC_yPg-apoj
atmos25_11016.jpg,1hlworpRXBQr3nSBCZifSx1iVtfpRU1nr
atmos25_11017.jpg,1i3XWaF39Ouo8WfSTEYK40zsRIftfV9U-
atmos25_11018.jpg,1hs9xWYWbtrP_O6Ni5ZgDQiJ133wMFOuZ
atmos25_11019.jpg,1i7mkXez6kWeRu67v-TJ1QN39VydrZ95e
atmos25_11020.jpg,1i5t2GYiwSwI8vIUVmT5J54EQ27jgs8nX
atmos25_11021.jpg,1iB1d1D8oHxU-X0j_s9e1DtfBmIE8SXwo
atmos25_11022.jpg,1iAyEVFxC_xcY59rOoinukrjtuFZbJMDD
atmos25_11023.jpg,1iYjwVVcwkEsmIV6HoFGqGA8FpAS4ZHHW
atmos25_11024.jpg,1iTUky_JWz0GrG6Tmo6Uli6v-Opc14Ng6
atmos25_11025.jpg,1iFpPbvZzGWvFREOdwqzC75CheVc3cunh
atmos25_11026.jpg,1ihXusFQEDRAI59GvwMrXm-4zncLD-AET
atmos25_11027.jpg,1im-MlwHZi5JdjSiCaD7gi3DcL-gapEXW
atmos25_11028.jpg,1ikIAij1gLeJdYkSvPLsrAir2wQgDiJOA
atmos25_11029.jpg,1ihd1fhEqokuySI4iTUVe6c1nldgONb6j
atmos25_11030.jpg,1iyU8MhgDUCCFS9B3tMUDX1Gixgpge3Fp
atmos25_11031.jpg,1jGK7sqWjSTbYd72PEY54aKV97ZC7c0TX
atmos25_11032.jpg,1jMItrd19gNFPGfKwsjllphQRAs5idRav
atmos25_11033.jpg,1jLS87qaTo0lW5leQrZ7aYzDWWKEBSG0w
atmos25_11034.jpg,1jg2l0VBbBiY4W3iQiPom09gHp_Ov-PZb
atmos25_11035.jpg,1jg0EBAD_1NyR4_4V1GiiNJQZlg5EJLQ8
atmos25_11036.jpg,1jMXzQQ1jHwm3radZkiYp7lRt622m-Dxh
atmos25_11037.jpg,1jo73WOpFM6ajawkGv7_1tVfYxfO5Gr6H
atmos25_11038.jpg,1jh_fgALWJ1Y2eApnfFbcXHB-QvlpwOec
atmos25_11039.jpg,1k64ipMUSA_Y0K_Ui8l1Msampyj52UTpj
atmos25_11040.jpg,1k4nwZg6wp0nJbUCOlaXA8rMLFudWLfNk
atmos25_11041.jpg,1kATo-lAOAfNBn3UvdoLq1Y_WVpplXL9K
atmos25_11042.jpg,1k90jF0p_-GZbORYcOCocIuJ3OGFBoeeS
atmos25_11043.jpg,1kG4AAznuw27rkzq8nHtPPGZoArfmexjW
atmos25_11044.jpg,1kUNGb9Tb1_8NVwenT_3SV-62zI2IPdf-
atmos25_11045.jpg,1kQfNmhucgjEanorMUbD3FG559uJGgviK
atmos25_11046.jpg,1kej0lZPphtkrAyXyNfgzA_f50H7fqjcY
atmos25_11047.jpg,1klJBS43BEsFF7p6XnOJ6HFKTfNqaT_w_
atmos25_11048.jpg,1kl9rJjvsK8dYU-6Bc4tK7qUtk6QPJ8Ml
atmos25_11049.jpg,1lI6tTzXp1RNRIZDYbyXfeCHx0Z13xvlH
atmos25_11050.jpg,1lCFK5eNRB7VLKyxoNw5__MvM-kyQSWdY
atmos25_11051.jpg,1lZiuXjauLpG6RM50w55WJzCoE6gwUMv1
atmos25_11052.jpg,1le78AaW3JzUc41g7R0Eu7qLi1g8XEU7g
atmos25_11053.jpg,1lSpCyqQ7ITf13RvTRM4HDAp_AoYIwXke
atmos25_11054.jpg,1lhfQIU5RO-9SBg6t8xyGQBguKoqDPRHw
atmos25_11055.jpg,1lhVmKr8u9wGQa4BKF2wcDuZojnh6oB4Q
atmos25_11056.jpg,1lvNqWoCKEHmB-KYKePkW-MBYMTJFqH11
atmos25_11057.jpg,1lhxcHfgvneMP55e9gv1uAfZr2Nx5pVtx
atmos25_11058.jpg,1m1zP_kxqQBaDFiGwqj2RZDh9lCOSxgrF
atmos25_11059.jpg,1m4lP4z7S5AHa5jBZfEmCSHdLNgbDNZ92
atmos25_11060.jpg,1m2BVNLEpeVV-Xe_QHOciRi41nT-xNK67
atmos25_11061.jpg,1mMEuFPUQv4E7oeJdR4VJ5lCbPUy5TCnH
atmos25_11062.jpg,1mKO0Y0GkvApVVwOq3QZYGEmb4aIXnONT
atmos25_11063.jpg,1mSMnYagGDgKV9-r9SRGA-RZaJm_lT0qg
atmos25_11064.jpg,1mPY2pOtLbFvbRXI1qKQpqfNbqmiU0dGv
atmos25_11065.jpg,1n0w0DK6af5fbzqDMmeq3g6PgYiPPW1BK
atmos25_11066.jpg,1n80WRQ7zRE2GzDdfS9YrL4iCI_osBUAQ
atmos25_11067.jpg,1n6N57ZE2T-YRLCBbu2Scw5VNrGTgVFdU
atmos25_11068.jpg,1n9k6kDVZ8J5sjOgau3N8cLXlit0wZttO
atmos25_11069.jpg,1nBybnESibJ6bSsvUVAJ32b3CxYPRxrY7
atmos25_11070.jpg,1nH7tX_SD5lZe9QfsnBHtdbAj2UJobV30
atmos25_11071.jpg,1nP439q6XlshTOD1kCNlzCXCcZSVEYHke
atmos25_11072.jpg,1nPGRpGLGzeCIvgmqTPOr4wzVAI6Wh51h
atmos25_11073.jpg,1ncczRcmNKqNs_KeQaA9FEAmDkHj9TMlt
atmos25_11074.jpg,1nbchxbZCk9N7DQ2q4kPzdG3kYr6Ys1Fm
atmos25_11075.jpg,1nmxZfJqjOGAtmMxywft3LYcvuxLK4nxo
atmos25_11076.jpg,1nnPLoh4rsg9SyKuVVwOTfRK3mzIyqM-U
atmos25_11077.jpg,1o0PavfeCasZjM0-BtoYsuvN6uOeZGwBN
atmos25_11078.jpg,1o7X-qohahMGLv1qh-uYlyKxLdDD7wllX
atmos25_11079.jpg,1o6SQczRQekPN9HnODfSCwKtD1e2bk2vG
atmos25_11080.jpg,1oBWKwvuO8SDsyN3JlpdKWJn0EzpF49rQ
atmos25_11081.jpg,1o9WkP_LHnkdvDWKbDcHTEGK1tUmaQNqr
atmos25_11082.jpg,1oLNKXR1gXr4TYfTwZB1CZtb0ZNCjQyJE
atmos25_11083.jpg,1oYKtMN1pr33cksJQsYH57lbppsogAPQK
atmos25_11084.jpg,1obzmodrUVYJPeRY3TKsrZuanJGmhqCSJ
atmos25_11085.jpg,1oiQfyqfPeOo6AbR5-I689is1Q1o9eX15
atmos25_11086.jpg,1oeThUL_Ued7Ib5gFo3UbcmMVWeTesP4y
atmos25_11087.jpg,1onNMNb6YqdDr2rkRc1K1TxGRxebov8iI
atmos25_11088.jpg,1omtyOrxSk72viE0Vw7A9fhiyOBtP2Bon
atmos25_11091.jpg,1osijsnqLfclTfZA0RW2QUwx7Xu-tBCWj
atmos25_11092.jpg,1pAQaxEFlSrkzSZAsqILV8Fuh7OHQ1YuU
atmos25_11093.jpg,1ozlYZub_EZmrQTK8bAnnuJ_Qd6FWV8J7
atmos25_11094.jpg,1ozG3Eeml73Hl7uP0q5WjkV8oJsNHnYZO
atmos25_11095.jpg,1pVWTr9WEUr4X2DbyS7ftKa5E4-r_jXRC
atmos25_11096.jpg,1pIVKtrcId8V-TJZl-Aw8oL7_rdO_dVA0
atmos25_11097.jpg,1pmpFHlQTwarpdRWM-kGVhFYLVcZ62FgH
atmos25_11098.jpg,1paYvWb6MRNelXLUVbkcvMdC6zz3iFUVc
atmos25_11099.jpg,1pYe6XgdgY89xBGaD7XncNO6szBAjYepy
atmos25_11100.jpg,1pqBtXt1QQ1GNAe1GAn9Aj9L1QKV8voaC
atmos25_11101.jpg,1pprNrC9FSIbnSYazDjTp_J7nYIWBW5rG
atmos25_11102.jpg,1pngRUsZD6j4xG_B-7fGyS4qHq1B4MMyf
atmos25_11103.jpg,1q7bOy_32Ttps6w2T4YvOpp3q718la80g
atmos25_11104.jpg,1puLmuJ8PKZXZPtEnvVZE2E3FNsZQ2up6
atmos25_11105.jpg,1qITHPWm8mgP425iLW6g7b-TgxZJ4SjqW
atmos25_11107.jpg,1qEtO7PSho2cl6hW9pHDmW7EPCQ3FaOkG
atmos25_11108.jpg,1qQO79kwyg4k-_Xha3E24ZeOi0GSCGGCy
atmos25_11109.jpg,1qMPRZdmQTLTB1so7gYPMjdYoXMrofwu-
atmos25_11110.jpg,1qbQLgYGLQOTVM8fjBBdPE_RBlA8-kKI9
atmos25_11111.jpg,1qtEWL-qZUCNHOPIYXRGagih5pBzaET0x
atmos25_11112.jpg,1qpLesiFG5LOW3kzWzmrwDRSSjH6n2AdJ
atmos25_11113.jpg,1r1LsoQIrgs5im9ifUeO29YrWGiZ02u4c
atmos25_11114.jpg,1r4AKqll07E2YWPuEKCqw3Mygt_lxJ_HN
atmos25_11115.jpg,1rEwBf8-uBs4FopCPCGe7xMn4YmGKRpat
atmos25_11116.jpg,1r71FCicjpdQnqXyM4t72jrtcaFJDW8Ia
atmos25_11117.jpg,1rHuGUY4kdEijKoRurRG2x_jkf4Q1zgLk
atmos25_11119.jpg,1rQjNF9DrZYsGhpxGIkZBoA9hoHp0RpO1
atmos25_11120.jpg,1rWoN0XRMcqJc-mQ6EOQFHiTQ7j3LlvMZ
atmos25_11121.jpg,1rWD3j3UqyCglqEsBxtZxOYIJb36NSw2D
atmos25_11122.jpg,1rfrPGN3pf2CUH5okr9DYAtAejYGrXd3F
atmos25_11123.jpg,1s6BQ8CECz01xIBDfzEpDrktQrLEsTs5p
atmos25_11124.jpg,1s0BT5KiW1gpciL0nvcMq-JGl45VeKJVO
atmos25_11125.jpg,1sGzhmqKgv0kb9nLtnbnhaNsRFCC0JoOh
atmos25_11126.jpg,1s_4HvV7itVq5Ay933v2Ib-ch6M0qVr9X
atmos25_11127.jpg,1sVCrFMdq_Jr2_hGongH9XQi9smleKZtl
atmos25_11128.jpg,1sjpQEBTG9NIu88wDplb15P-ljQVvMSpD
atmos25_11129.jpg,1sj0JsZztmGfxTx3Wmas0v9jfe_1RlE6B
atmos25_11130.jpg,1srCrbjiJajEj94jo5bloRLpcYD9D-oF9
atmos25_11131.jpg,1skachH8ITUwHvWLty5VyV1ituvL0O_05
atmos25_11132.jpg,1stwcjGxTV0RgyUc7KF1gKzf0Pj38jBoI
atmos25_11133.jpg,1t-myKYvAIt5ImQu7GfBpj3RGjeaVuMyr
atmos25_11134.jpg,1srkKb_0tlGnqfQvax5PqcLxdEbRi342v
atmos25_11135.jpg,1syVSYAk6xO1WgUAvdwSvoObeTjKGqP2M
atmos25_11136.jpg,1t94s7Cxvuqu_o7opdFzNjw8rWMN8TyCC
atmos25_11137.jpg,1t5KMJox2R4H8r0i5IjLPzCK4Mcucingi
atmos25_11138.jpg,1tCHHplMK5suQK8g0CGR3WEggN8uiZlLe
atmos25_11139.jpg,1tBcWBXQ3metLLj3xCBx65DYJMfefqPLW
atmos25_11140.jpg,1tOSOVrROXdUbqxKO0xNgzeUWWLo7FGol
atmos25_11141.jpg,1tEmhocZtILcNZfqi84IfmbRPDoRAQ7hf
atmos25_11142.jpg,1tTg67gaac5nxjZ1Q3s_QjeLkpEa39VAU
atmos25_11143.jpg,1tSLo4w8LG_i7QOKF_f0QXlKc8gOHGSM6
atmos25_11144.jpg,1tV3QY5lggyh_Fiqc6ErW_4eTrGLhGYqm
atmos25_11145.jpg,1tW6XKMYhou6ncFe2yIsl9-j3NhbRAYzF
atmos25_11146.jpg,1tb_2st0UA3RB4pqfyrZcIGy8ynDWqj48
atmos25_11147.jpg,1tZXJhK7yAazttFKt3b5I6Up4WtsiMdY7
atmos25_11148.jpg,1tfhY21497ZznYG1MJg_ICY2-fOJpBaNc
atmos25_11149.jpg,1tkQdsVfRTO2kj4vJ16qJZrHi7sRmECrI
atmos25_11150.jpg,1tiZLNXgCj42_cQY0hM-GP0Fjz-nGMDZ7
atmos25_11151.jpg,1tmCJkecUblqagzZnVmm8vykqREPOb1LL
atmos25_11152.jpg,1tluDL_z_tfeTGOWRvXIWAPpWV_phhKGI
atmos25_11153.jpg,1tzAu0ErKKoi2MgpCO_SW7s8LdHcplDJg
atmos25_11154.jpg,1u0HT9DbtIkwX_-hlVJmUvUw2zbtl7L4J
atmos25_11155.jpg,1tzYxGXi6Kud7MIE9Nr81B5-emSP8e4Su
atmos25_11156.jpg,1u0Mq9j2br0TeduM41nFqdFtQWw_OmHPH
atmos25_11157.jpg,1uU2NfwUQ8qs51gnxLtdyX1QMFNK9z2hT
atmos25_11158.jpg,1uPZ7-qCQBqLoFZuoS9bw49ouW1F-8dMn
atmos25_11159.jpg,1uYkqpJW6JbpP2lRxzJAtlX-O2gek3s0C
atmos25_11160.jpg,1uXx0b3ethI4aqxeCVMXhftkMQepIBhit
atmos25_11161.jpg,1umxn4q2YjzdY5FZRwXRbgwJ1uz08RPwo
atmos25_11162.jpg,1ufYSxxRKvzYaPXPe6nURip8gg_fveDng
atmos25_11163.jpg,1uvyv2IAcQoa0xgLZ9QnT5Rj5za9EXeqh
atmos25_11164.jpg,1uoDBhDpNsSSwYPt5lXTDLJksxUe_1W1T
atmos25_11165.jpg,1v-Y9ZCuKF7407Ai-M_yBUKKJcpHvEprM
atmos25_11166.jpg,1vENClN4Hvta-oT9AebtGcgSl2PB6tXRW
atmos25_11167.jpg,1vMlInBGxTlD8XZOIDk2xto664o1lS1RJ
atmos25_11168.jpg,1vHjBs3wOfYpd13yV6vYND7lQ9UpjT19G
atmos25_11169.jpg,1vQyHyoYJg9l7rts-4bO_kkWBYlIvQEa-
atmos25_11170.jpg,1vTIvmeCQ4WW8u7lzbZb1sM2DvGpFcGi_
atmos25_11171.jpg,1vXBotRLzTSb2jsE_f0JdBc8V8Z7cvGKR
atmos25_11172.jpg,1vceLJL_JDTiOPZjjUiZA9N55qy639QLQ
atmos25_11173.jpg,1vaZiFedE-tyh4vICre0j_objxQ11R9Z1
atmos25_11174.jpg,1veFv4M-er1-U2yu67t9cS-3B4fCdwe3R
atmos25_11175.jpg,1wEb4W0eSycUPCYlTiDtuxQurwS_jfp5K
atmos25_11176.jpg,1wKhKrXLIf8DB-8W2Fu3cIDnn9gE3raru
atmos25_11177.jpg,1wJUApLjuPZyoF9TqGe7fWqdTxOD_7ON9
atmos25_11178.jpg,1wV9V02HIosJ_K20lKPeqmxJh7F-dyYUV
atmos25_11179.jpg,1wThDz5ChOLvG2kA0I66UWaTqKii0c31N
atmos25_11180.jpg,1wRVIwKXtXYnu7xJUzdxrT0fyqeZ05XkD
atmos25_11181.jpg,1wpx8w7Um2fgC7jPl06i_Yn-OY_DpjZWm
atmos25_11182.jpg,1wkADlXQu4KQ-8C_058Ug7Ud4nVITVHSG
atmos25_11183.jpg,1x1iN12W_14cZKjzfWqw3Hwd8hfbYlG1n
atmos25_11184.jpg,1wqGotpM4WfRDcpmp9acHk0J0_-lPo7vA
atmos25_11185.jpg,1x9xyGSUMmRwsum3lom3gHl-1hWCzhHfP
atmos25_11186.jpg,1x2UUJf3jk4U6VKIlDmWvd2C3l3uU91QU
atmos25_11187.jpg,1xSJZGrRu7_Dyq6jr6MDT_w9fUvyOyj5A
atmos25_11188.jpg,1xHnYcvFyxgCjMcKxRR8CcqZJRx9hFR8C
atmos25_11189.jpg,1xTY3kAys12c1Iv08W-owIDX3tRz-4k4m
atmos25_11190.jpg,1y2AYh8-nqEZtXuPVuNb6t-cJNPc5t7Ff
atmos25_11191.jpg,1y0lQz7xW4j2CLgm2TrrGHaFrQmvaS1_b
atmos25_11192.jpg,1xoRnrB2OQ9OCTLbYggWxvnwobFS6-qTf
atmos25_11193.jpg,1yDmWdrTmwCsdp6bOXnNMspAVh47Y874F
atmos25_11194.jpg,1yCjj4wywDcX7JafBH5iECckAgw4ynRhy
atmos25_11195.jpg,1y4fcdNdeEg5FPJsdM6x3caOgYhJKUmxd
atmos25_11196.jpg,1yTCVx8wHpakB5vW4pBsLBWKuQVVrlfmr
atmos25_11197.jpg,1yV7k8RpN_r7xWyGIUjx94N-C64zlMZJ2
atmos25_11198.jpg,1yEn0qQZDKjGHMmlc4p9QlOlzTCNnzxz7
atmos25_11199.jpg,1yUoOZ_J9f8q2qW4uZh-Z-rc0FXo3ihQj
atmos25_11200.jpg,1yh3uReQjt1cgDcw6gNZFd3CbURGy8gvx
atmos25_11201.jpg,1yfWjYspOswHWwuHiM1nWWBs2r1pD-2L_
atmos25_11202.jpg,1yWdkBsuo_TcgdaF8fUN2Q-hhoGWuKfLf
atmos25_11203.jpg,1yrZu4geezUPOTHoD20XQOEkpmup05qiB
atmos25_11205.jpg,1z2SB006gNq72YrsNoZEzRZYSzuFSNYku
atmos25_11206.jpg,1ywG0uLLIy86Tg7Czpvr779MCc_ka4BMV
atmos25_11207.jpg,1z4TXLFl-sN--AYYeJfqPokJopR-rARlr
atmos25_11208.jpg,1z3rpyomOVlX4088FhKyOzmwKswVT96fG
atmos25_11209.jpg,1zPwEgeRk9jiqDkqdqTWMdnc_z8nJMdXt
atmos25_11210.jpg,1zETk80KwYjEMOwAsT_t5G8TJI7qDvh6F
atmos25_11211.jpg,1zTddmHpjooZovT5KB6NSl_90eNwMUzGc
atmos25_11212.jpg,1zjYHRpITg9xeMJ6kH_kXU-oe6imyqonP
atmos25_11213.jpg,1zQStSCqjSH_8GSROL8Uttit2RAUA9ifS
atmos25_11214.jpg,1zZ_W1_0j1itGt7M_EdE2nulyvEhVCzdC
atmos25_11215.jpg,1znoTlRd_Rjttb0YB8q6dQGrEytUGH7AI
atmos25_11218.jpg,1VpifwR1d3aPf1xu51hU-ExsYgPM343oI
atmos25_11220.jpg,1GQphnnr6MQuQjm_hXbm1aqJgz6oi7O86
atmos25_11221.jpg,1Wg7pB2DI0SDonmgY22FIHfNcx_RY3_WO
atmos25_11222.jpg,1VgdKO0X12PYxC11hkJCStiiD17_8rPnP
atmos25_11223.jpg,17zsOutmv94QPjnLZ648sFHVbDKNVcPx6
atmos25_11224.jpg,1dPt2iWWxoDTkTK2Bb8BV4v7TtkEHaITO
atmos25_11225.jpg,1J7roDInDzY1AplAt7Q3z2mCWFNNxe5TG
atmos25_11226.jpg,1-1Vu1EeaX--fdZQbjhw5CHTyalb0BLM4
atmos25_11227.jpg,1-0uBsp2CMw0oLC2MbYrxtEJz6Sy4gI5f
atmos25_11228.jpg,1-3xV4mvsMVQ8bVrZ3pHwRRs175d6M3ke
atmos25_11229.jpg,1-3DAzEyN0n17pj9nYo8QcZRuf4yd0x5T
atmos25_11230.jpg,1-AMgq2jEvw5HcchAcDJLzX5ps0xKvfb7
atmos25_11231.jpg,1-8X5lOqkLNquV9tyurefykg96WZdYqKc
atmos25_11232.jpg,1-FgB5OZ-alEB9_iZihvoH-INKxtVarV-
atmos25_11233.jpg,1-Awv7BQMPTraVMhZ2woNWtlhcTCWVR7W
atmos25_11234.jpg,1-IHBVe2a4EXA2V1eaFVj6fz-03iim_9Y
atmos25_11235.jpg,1-IoNJN8COapVWqPUmM9VP1PPRqRFy289
atmos25_11236.jpg,1-MzFd_BcnXKPP0Gd-6SqktZmFSmH-X1E
atmos25_11237.jpg,1-O98gKIVMcVVIFnxzivDAC1zJr9c5Ruo
atmos25_11238.jpg,1-Naje2vUBBmjri2SwnhIWf4O90BaO_0Z
atmos25_11239.jpg,1-PG9ta7otRAHhjvpolE8TgF5EYd1Q1m3
atmos25_11240.jpg,1-PKKn1Ixxj07dxruRCiGat3NiYQH-O7c
atmos25_11241.jpg,1-R4WKzGwWi4Yajqq7uaFJrbkb0mA8_sa
atmos25_11242.jpg,1-PszN3VNc53LPKBTTMsyBuOig2aY17xP
atmos25_11246.jpg,1-RbbhFOeFpg831lvyYTWZ00b5h08k2pw
atmos25_11247.jpg,1-RZJ52tzjpGwEE8u0RPB69knGVQsbtGf
atmos25_11248.jpg,1-dTsdpHSxoRCky0qcNXxuDovvtdtT7z2
atmos25_11249.jpg,1-WT19xj_Ho19ASW7vNnoOgF-sn7gBfXL
atmos25_11250.jpg,1-iGKWvaqc3YERTRYgm54vVUbHrjzE1c-
atmos25_11251.jpg,1-i5MCgydycnkwMKSxBM5JFJE-N5_F0Hu
atmos25_11252.jpg,1-neOoeSfoUMmMBtSh2XVEt33LOuKwuS_
atmos25_11253.jpg,1-nCcxbX37NH2TzOr53Y-2KKjzdNVeG1B
atmos25_11254.jpg,1-j8EvpKXt4GLX_RumJMSTMw38lraEmaR
atmos25_11255.jpg,1-qm62HwZmBlVn_FbswQbzZn1dC5N37MR
atmos25_11256.jpg,1-icaKweNR0KQwqCfJp0veIlCvShSzy2q
atmos25_11257.jpg,1-pwu8xzMLelulKp5_LQgo9CvLSunYlcU
atmos25_11258.jpg,1-t1i3R6dcOKVACuwBG_ImgoYyHRDGrZ8
atmos25_11259.jpg,1-sdZ7kzD032uewX1oUU7Fyvw7OIwUBl5
atmos25_11260.jpg,1-sdyXd6eho3a7jTTFTo_8xvl4zrEqEiC
atmos25_11261.jpg,1-xhRe3o024KMfoxZCC5bX_wgUZaa0pN9
atmos25_11262.jpg,1-qrpKpOcAPmqbNGW6M5j6N2edSV7S7G_
atmos25_11263.jpg,1-xFgl372QEx7IwHJapvgQtkT8j_2Oxzo
atmos25_11264.jpg,1-w0u1tagyrDh7W7MMimr1qjgZjqSOmty
atmos25_11265.jpg,1-uFH1cYsCmo0yKGgpDMyXD991Sfayxiv
atmos25_11266.jpg,10-e29ekeo7jwAC2snfq1yzT-MPrtWhO-
atmos25_11267.jpg,1-yaSTo4H-a0HduCLfDPFkjh69488ZV-Y
atmos25_11268.jpg,1-yOldmVHSxTUEO8xU8WtnQYNVSswWgxT
atmos25_11269.jpg,102kTtpeYeJ3BZx7DYr0UJSXa7SAUrQkE
atmos25_11270.jpg,102SQ6swjkLJ_8APj8R8h3f3zEMZwxiFN
atmos25_11273.jpg,109ie56dF4_YV-IHHWlb-5yoF8CEnRoUI
atmos25_11274.jpg,109CGI4GJDMqCNfOaXrtk3hvXDuzL9h9T
atmos25_11275.jpg,104Q0dCSzmC5W01GG-VjIv7JZlJwlhv8D
atmos25_11276.jpg,106DsR7wMoCYtZMKQlkppe6HcesPKrplX
atmos25_11277.jpg,10FrmTnsyariGEibZNAOTHZHdae2Te9gA
atmos25_11278.jpg,10DPsjkKMV3PJzhKjYa2S3FqNwZh4AxbS
atmos25_11279.jpg,10D7PGUFcMOYJb2lOikgIoiCZtOLAAO3T
atmos25_11280.jpg,10A0R6vkOYZD1_hsUalgRhOfP3OJ3E3M-
atmos25_11281.jpg,10HssdOyciRcjyOoe6ZnY9jl5TTU4IxhG
atmos25_11282.jpg,10HdtpZhyQw0M18ZbhLw45OAHYxlievY5
atmos25_11283.jpg,10HRfd_dbGInIQ8Mg58WE-wpIX0nN80xH
atmos25_11284.jpg,10MYFejwsUsJ4c7aDwi-uXpSfKN8BEfzQ
atmos25_11286.jpg,10QKftbtFPfg7eobl1pXVT6B2acvx_myB
atmos25_11287.jpg,10PR0lNdtuLBcfCPCn6cmHo0yeXoHvx1V
atmos25_11288.jpg,10Hv8bwwjbkZ0lLR_SsVEEu6tD2kBHRAx
atmos25_11289.jpg,10NmCYYyMpFuIlIWp5ATC5__51mX3qB0h
atmos25_11290.jpg,10UouaQtqrzLTYP-hfz2xvRADjrUbY2Cr
atmos25_11291.jpg,10TD92vG82EHNEUMUIlpWD20ZjkyPpqkL
atmos25_11292.jpg,10RPS0_pZlVY6j-orDPyxSBunn06y76nP
atmos25_11293.jpg,10QMgammgR8f72l7AynF0OhqCUjUvvVHu
atmos25_11294.jpg,10YdvPZcJgZFomo1nhX6pV_JAwjHcRmrV
atmos25_11295.jpg,10X2HMlZNXAzoR0FSYguxcpugTKtrXIj9
atmos25_11296.jpg,10V2aZMAd_1ljdM0Li1t8ZcxmxEauEAyX
atmos25_11298.jpg,10bT_oAaWUY58BCO1mrnAmYZ77RuqRcjB
atmos25_11299.jpg,10ZfFEH_Dqn_KO4jBE6OqhJ3f6JdRvP7m
atmos25_11300.jpg,10ZLmry0YW6EkVL-HIQ9N0ZBeQPrXsG2B
atmos25_11301.jpg,10g7ij5vHdpk_4RTdLeJvYa5OrGhn7KoW
atmos25_11302.jpg,10dgmuWeFfZ_-VTjA7nY6OkjWPMCSYvD3
atmos25_11303.jpg,10dUgcf04bSTyaOn0JWgC8r7h1W6yCwUe
atmos25_11304.jpg,10i_vLCQhnDzdqK_lV1327XbTwbnywCd_
atmos25_11305.jpg,10hao41ldzREDWe_7EAWRTOdG__9qZ5uJ
atmos25_11306.jpg,10kFV9tULC6TcwH6HKRiflA4YbQP0p0jh
atmos25_11307.jpg,10jkO0dswy1ZidIstN4zpiGpArL3MPF7p
atmos25_11308.jpg,10oAPxYOqWii4X0ptWeBPzXXGPDEsaVz1
atmos25_11309.jpg,10knvWhrxQlyMW6BgPNb-hKuHFXt3EkYX
atmos25_11310.jpg,10ky6KO0CKrlWuXlTV40bHl23IpH48Wne
atmos25_11311.jpg,10qduq_VzlGfLPn_XM_PBWcJda6dUsykU
atmos25_11312.jpg,10pZlVFuhwYnh1WRpIcKhnKZ-UNyLuNqN
atmos25_11313.jpg,10p6JOwVdb75sMEJ_qAiEzBjD-twL1quC
atmos25_11314.jpg,10p51-eo5EPMYcSy-y0hYmRXQ601paLrZ
atmos25_11315.jpg,10syCSTmx8mlxhRRV6M1OhjMwtFXphxtT
atmos25_11316.jpg,10rrJg7LFZNQ-8-Nqdvccxrz5d8TzG1UA
atmos25_11318.jpg,10quxIiJkoCZBU0DioriFT6QX9MbDMwbD
atmos25_11319.jpg,10uMxVze4llhNIbLxYjcfc9ZasMpzvu9X
atmos25_11322.jpg,10t1oSen2iyXpsKSt_tc52PgzTxCuuHGI
atmos25_11323.jpg,10xOUDQBd7xUwlnvrIxhjy7FLgRPeMoMa
atmos25_11324.jpg,10x2zDGPfd-dFcGbDxZt_fQT7NBhcuRsc
atmos25_11325.jpg,10uv7Ft3srFXWkCO5aVuijF8jHLcNIjE4
atmos25_11326.jpg,10zSiDE_P1pVryVOW21wlyrXF8aTon5Uv
atmos25_11327.jpg,10znBGYiTjDjSLUGd5PJP9-U5-3uoaiTp
atmos25_11328.jpg,10yU4b0djgcSVqFPMhCHPcEUZAyY1bZon
atmos25_11329.jpg,1105JchmD42EqNLnyyENX67YbAbMFiF16
atmos25_11330.jpg,10zq8OOpHGvkDCN7iwG3QsgzQ6iyR1UW3
atmos25_11331.jpg,11-xCHioZOfDMdhHOPplfbY1jVNYrz92g
atmos25_11332.jpg,113FUA0L32TVSboqoSiEGH1m2fl0naBac
atmos25_11333.jpg,112SMjYILcGLn_gvFDewVpBXCWsPJWCB6
atmos25_11334.jpg,111LMga5KKy1SEWbZVqgM_-CwvUWwNk-a
atmos25_11335.jpg,1105mUdnF0zWoS_JxGwUdPXIfG8mt5R1d
atmos25_11336.jpg,115c2H_Ab7J7eeq89sEJw9VQfwrc1UcJG
atmos25_11337.jpg,114XVflSjvlHNv6LXv4u91K9TxuzzQnoM
atmos25_11338.jpg,114SEPPP1p4gqLp54IUr_2R5_AF-wKYxp
atmos25_11339.jpg,113Ig_30ddm4i0H0cNq5HbfoQETW-2v5a
atmos25_11340.jpg,11EjqQVcRJAAdoGAKR2-QAzTKE3SEJl5x
atmos25_11341.jpg,11CGKhKHg5duYMXK9pqXWQHsTPe6oCcGl
atmos25_11342.jpg,1182zXAL92IBSPTSe77w3OQ7PfxcgsF80
atmos25_11343.jpg,117hqVodlH-KO5srsZkltKYfX1C0POweD
atmos25_11344.jpg,11KSp0Te8gdSemiIYFX7WpveBS5o2Ef2J
atmos25_11345.jpg,11IcUNZ-mDO2ZVMyQ0HSlyLKtwszR_Ou0
atmos25_11346.jpg,11Fb2Gbt2GT4iNrNbLscwp_t3Dtng9Zpr
atmos25_11347.jpg,11FU-fR-XF2HqQgGGjNLf8xJgQfNbnO74
atmos25_11349.jpg,11MSTlC0uhqSTJKLaUBNyoqoaD4bENU82
atmos25_11350.jpg,11MRGd08LKvLTgbJG0SRz_d3V33CwxN8i
atmos25_11351.jpg,11SdxsrVtg6VVSM_QnVtqKwkahP7zUkFi
atmos25_11352.jpg,11L-dL0RVg1rT1eIrCNow-WKcBlQwIuF3
atmos25_11353.jpg,11S0Gr5t-KcBhcciWx5QSaBwiJKGn9otz
atmos25_11354.jpg,11O7Jzj7AgC-64hJbpSt9oRzoefPfNw27
atmos25_11355.jpg,11NXzGx3XUVuPhqJuvIL0qN8nC9DmDXvy
atmos25_11356.jpg,11Va4AJBkpimvStHg6hlQVrCNNE09fn8V
atmos25_11357.jpg,11Ud2Eym6IJ4LgnTe4GgPGvFvR_fICnjf
atmos25_11358.jpg,11T6efMdaacsum1Jnbmr8YPMPUb36jwlM
atmos25_11359.jpg,11T_ehq8cls26LD7QKSwhJeLXHSsZygio
atmos25_11360.jpg,11avJtV3zF0bLjV3ZvX4wU9LmmVyCTGqA
atmos25_11361.jpg,11_4Kzdb7qSVIKOEx6baSKncsGs8rgoq1
atmos25_11362.jpg,11Wj4gK-3GmtgOl6Y6RhxCgUrh4l547ey
atmos25_11363.jpg,11WJGJ36V_bT9Io8l5n6hLoyfr-nS7hnt
atmos25_11364.jpg,11fX0Ogq14EB-QtsjBT-ezB2kAdN0pVu5
atmos25_11365.jpg,11hCzcnQAbal0VdbsF8HcHM2Iz9gEiToO
atmos25_11366.jpg,11h3VFPjhIxX7M80H4GxkBF12BFOLE0Nw
atmos25_11367.jpg,11jpXwT6l_I6fc0Ho645qd8WyGFnmq7ZJ
atmos25_11369.jpg,11l69sC_CisHzQKTm-c_Amg0QwT9sNeuZ
atmos25_11370.jpg,11kjMb7XTjAwiim6hYHonHYlaT_UPHbpF
atmos25_11371.jpg,11otuhbzneuyJL6loQJ70GnxrvbGfVjpx
atmos25_11372.jpg,11o8UtVi9r7fLkgoUrJ3aMd8S_O8u6Dq3
atmos25_11373.jpg,11sk8HPbKd6SRdj7fTBhBMaet4QfY9Dg8
atmos25_11374.jpg,11qAB11Vu0dDr9n7a4HKhQUtyZMbmzejO
atmos25_11375.jpg,11w1zqHDHubXDnnirkfTJTFKXWGUp0YNo
atmos25_11376.jpg,11tHCFw7zXmVlqA9PP2gPFKQuLfB_7ma2
atmos25_11377.jpg,11xvhGI9fi8lbsqLWeeukEK8Uf0H6rbnr
atmos25_11378.jpg,11wUJP5CY_UgBRzYUeVneLThI5YyZG0Fz
atmos25_11379.jpg,11yeboGsyKcAXf5O0HWyJvyD64wEy_BTv
atmos25_11380.jpg,11yMiT3NIvA7ud_lW1ASt3hcNZE6HKL4Q
atmos25_11381.jpg,11z7cMjZbuBJV7Ms4wvAUeRmdEitLA7fa
atmos25_11382.jpg,11youFWaumhokvCpllDi_3tI-iPTh3IR0
atmos25_11383.jpg,12-Y5s61DvQ-W3e5xC9vDTyd9rHb3ZC4E
atmos25_11384.jpg,11zgxCOzqNaq7aBpfQdTG8jIG2h40cI8q
atmos25_11385.jpg,121FafDPKGkXRixe3ozhrQ5UnbOe4gdEB
atmos25_11386.jpg,120UV7HvGFpWrGAF5ivBg8ys4ZEz3BNpP
atmos25_11388.jpg,121iiWankbmG0gHLxqJT1pt9DHS4SrZ09
atmos25_11390.jpg,124ca6vwH_qUg53IMsIgw4cCX66X5HHy3
atmos25_11391.jpg,12AjQzHnuYRDsS_3LeYHtVapsZETupvCP
atmos25_11392.jpg,127h3NS1rnNGlJAjwwDD6S1lZwrjPJIx6
atmos25_11394.jpg,12Bw6ITEd8TtCY54jrKwYUBI8D3oW2aSI
atmos25_11395.jpg,12I_4_ykVzjLeph1nWbTw5_kLdPIVmsZG
atmos25_11396.jpg,12HVzA-TmcJYaFCaq5ZVkM600YVdG2pN2
atmos25_11397.jpg,12JY0cYtFqx-IZYJ-SU4041xghqCeSRCA
atmos25_11398.jpg,12J1GPpMgJSdL1fLTzoBeGkWIH_2jnekU
atmos25_11399.jpg,12Qy58YiqUAn60p5erfGc4nkFzG-lkEe5
atmos25_11400.jpg,12QDLk1mh31aOzUG6_tMiFJm53W7RGksw
atmos25_11401.jpg,12TCBR15KuDgFzBvPxTe4QCYG_9L8PqpB
atmos25_11402.jpg,12RmKOF1V8xW44maRD7khGoowwVAiqQtd
atmos25_11403.jpg,12VkVPRmSSdudXAeoTVMUUDHchfhPxl7z
atmos25_11404.jpg,12VEqU7i4dv01WFygvcdOzZ6BxgC2uv58
atmos25_11405.jpg,12WwaQjr_QgqhbOpVixQk2gsnu8H5t3es
atmos25_11406.jpg,12VmMtGF8ByKG9TF8u5xJt4pE7yx6shF3
atmos25_11407.jpg,12ZGAVWQrscxUMAA4syx8qEXOeXPwpgm6
atmos25_11408.jpg,12Y-AIw_A0_dqd94gApouPzOAdN_vHPQy
atmos25_11409.jpg,12dTsPpRlkl5u2gjCuYYvOjI0xcpDnTN6
atmos25_11410.jpg,12bBCC6ftHfJj5dpFfGEe6Lkcp6Oc8Q3m
atmos25_11411.jpg,12hRQABiKBhHRBWcSDqR6nKwfwHZHeE_k
atmos25_11412.jpg,12eEQWK9QNiyInpzYHWSlMy2RiJWPy00J
atmos25_11413.jpg,12in9gOG6NWKtRWQnk-JIAN_iWmTPmV7V
atmos25_11414.jpg,12iCo316G9xzakV8KLkapyRpiX1PHBYok
atmos25_11415.jpg,12kNZV5Q7SsItZGtIivvV4dofJJJekxNg
atmos25_11416.jpg,12jhUfosF1w0QebJcaG_pr_u5wNWt6YPt
atmos25_11417.jpg,12mdT32AHZGOdezcciYqAdcXucuxoSejN
atmos25_11418.jpg,12mRBl2z80sg3QuY2D4MIlbCDgGW6hxPW
atmos25_11419.jpg,12ojNYixHdNvn-yp-mvGcnZQCAnzGENkS
atmos25_11420.jpg,12oGzgYsNGVvffERjWLRsIMNu1Ux4cOa4
atmos25_11421.jpg,12uO2oes5c_cUZaQ3LPqUngM06ZkClDwt
atmos25_11422.jpg,12qQVjsI5C9jgh4mmFaG-cF1w44fSKaJ-
atmos25_11423.jpg,12vbhA-RkC2849vYwiBXXeQ1twaj1EW0I
atmos25_11424.jpg,12wKRZf3EV_RdmbVIXUR9j3fiJE7cjFiA
atmos25_11425.jpg,12veqJ-XDhw2giYZ63ksGSpGlkrl2_rZM
atmos25_11426.jpg,12ycxnp7lEX-uIxtcr8jgs6PKEvF82VTq
atmos25_11427.jpg,12xln0ASN9E8fYuozyf4IfiN6wSQfcvq5
atmos25_11428.jpg,12zD7ZW65taPjzIYL5NucOJAvHbAexlmo
atmos25_11429.jpg,13-S5AzVyeH2aJLsIq44XDhGrqMvzY7KN
atmos25_11430.jpg,12ynD9d8TKOKoBoHmJtCRzALkPVcjUMdx
atmos25_11431.jpg,12ztoUhFXUA57p90tbOY-tVuHg-DUw39X
atmos25_11432.jpg,133sDnh4VfllG22twYLhpKDNzf4RvZpQy
atmos25_11433.jpg,131s6xIcigm9egzCb0zb03y4bTmDsMP-H
atmos25_11434.jpg,134mQdP6RWBXVkofCYSoybtHD17VTLdXJ
atmos25_11435.jpg,1348ZWq2R3IHHKGQO4nBcy1OYHFwsPEX8
atmos25_11436.jpg,137AiGNgWCejK0qwj9Tz--XWUS1A3hVEy
atmos25_11437.jpg,136fD9wqdAn79-A1hENp5crJFMqRd5kYG
atmos25_11438.jpg,13863rp9iKQZggswGTQqXQnpe0tW_7o1f
atmos25_11439.jpg,137B8jzFK1dimeusmw7A0oGgFrwW8KUid
atmos25_11440.jpg,138ypCkvapr9gcSl0NzHPx8tnvYCSzM8i
atmos25_11441.jpg,13CoBZ80ch4G7dtb56eXv7aBRvs2UF2EN
atmos25_11442.jpg,138ZXZS2Rc-M6mUan_LFKBBftZAljVREj
atmos25_11443.jpg,13BgFhwlUI7lHjxc31GKaOhkSp3OwVZnA
atmos25_11444.jpg,13EPm1lDswskZxertNYm3CLdAhz6ydSuC
atmos25_11445.jpg,13DVDOeI4GIJF9aQ3wpxseydaR7GW88IV
atmos25_11446.jpg,13EcHf9cPwwGCEFRmZrwuelrFjdw4nQnu
atmos25_11447.jpg,13EWLDUPvWVJtjzxcIeeKJn6zau01H0XC
atmos25_11448.jpg,13JvT_GLozrWa_HYo0DwRLJjLwqs49NHQ
atmos25_11449.jpg,13FywcBcDMVU9z3jYY4_hUgidoil96dcw
atmos25_11450.jpg,13LOsPVrQ-UwZpVe2RkJ5UEz2rRz3oKbv
atmos25_11451.jpg,13KovJDNlsueZabcl4yJSHRB6usyHuFWj
atmos25_11452.jpg,13OByo43vLktaQx7xFjSirGNQlWHSAYN5
atmos25_11453.jpg,13MjIR_1LeMtFm6Is5BntT4DOCPfwlCZ1
atmos25_11454.jpg,13RAr9QBOdbBa7xkDE6CQ4SMdg2kaUKLx
atmos25_11455.jpg,13QY7tMW6Tu0D3if7Uul9bfhNJRk-IQNs
atmos25_11456.jpg,13RpwMr_od5vcKRZc9uwrQ5c9YgYeGCj9
atmos25_11457.jpg,13RC-kzJrowpY1tiWC5h46o7r3rnZ-lEO
atmos25_11458.jpg,13X39in7l-2OPsQzffm65tiFSsB8liw_Z
atmos25_11459.jpg,13WR7u6g1TqciOmDmfKXNUmlEEXdMIrT9
atmos25_11460.jpg,13bLWjtb16G6kQ4wU-RBNbi1l4p3EvdRc
atmos25_11461.jpg,13YFcrMLINQ-YjAdqqUSRjPSYz7D8bUWI
atmos25_11462.jpg,13cCPo5OpbPBmpTZVPugqSXQjR4_4bTvh
atmos25_11463.jpg,13c-xIkCEUdC4y-VHMGPrKCKKy6OdR2XZ
atmos25_11464.jpg,13gcc9gNyayXRZeSujrnCherWoePYSFgT
atmos25_11465.jpg,13eWAoEyi4bV0XLHC2Aqs5Mw2BYUBupdz
atmos25_11466.jpg,13iRZMH6U3r7kr4DbQxP9VQyjDBZSVsEi
atmos25_11467.jpg,13jFkEp0j-SzT980VylmknUCE3WzQbU-N
atmos25_11468.jpg,13lJeq5egOyJrSP-G-cfeRF-wi0cwjcGL
atmos25_11469.jpg,13jtdjXV8kGHYByLPMf-1eNFTJVOMaOFs
atmos25_11470.jpg,13otJXyF2HG9AE-srwK3mkLCtilBSa_Tr
atmos25_11471.jpg,13oTXaxSqR66vSf2fdve3zCkKITP-HZub
atmos25_11472.jpg,13rEhVAuaPJ94iEvy3_w4QGI4b4xiSc5w
atmos25_11473.jpg,13pdS6c6TAG82vAjHkeDHu9rejee75wih
atmos25_11474.jpg,13seYgNNe382O9KJXK5mjxHG38kh7GAKl
atmos25_11475.jpg,13rPIxpCOD9_yKTn_R8S4Tfp5NC23UZkJ
atmos25_11476.jpg,13wBa7Quge-2dQW8p3n0kvxrZ2ELhEeN3
atmos25_11477.jpg,13viwYjIr_sg0itHAqeqlUbCHHIXMKsxc
atmos25_11478.jpg,13xoUmsAkA27yNWqs-QOdmYA4AIUFjAyu
atmos25_11479.jpg,13xdOIIvful1xJVa9TuxKpUGhRv3KIATR
atmos25_11480.jpg,148AMR-iESxZZ3FD4UWc0izXHdyZpfVQq
atmos25_11481.jpg,142-2xMOOHZV3-2wUYQLKrNglD39PUzgN
atmos25_11482.jpg,143_KxLERhjWbMDGPDmOsZPA6bUq35d_z
atmos25_11483.jpg,143e8vedXbXNNgSa8uNRHsOAtGVXarv0A
atmos25_11484.jpg,14Ghj0eWiO9qvuiO3m9AaoyELtIM4-tfV
atmos25_11485.jpg,14C_BtG_kaz7320FCJU-UACAL8YUjiOLt
atmos25_11486.jpg,14B4tEehJsms-6GGGjSea4igZDVexCsxC
atmos25_11487.jpg,14EAt4x2qggm33ceCjZr8iCdO7ENks5jr
atmos25_11488.jpg,14HMq22Xdk8u1vxK0qW5-F0zitmDhytvd
atmos25_11489.jpg,14LRRj9L8JpfUNElItmkwwZxMfmYv7e0a
atmos25_11490.jpg,14HAZeYz-9A3tJrCOzRas1vAjUtBR7vFH
atmos25_11491.jpg,14K20dtkzVzY23KfYAgVVIUSK7vCyGSTL
atmos25_11492.jpg,14MaSffZ4oPF5_eXbWMa4scnM54-qEqOJ
atmos25_11493.jpg,14SWWAnvy1E2Z1f8IdQXoM8sdjNqyLpMY
atmos25_11494.jpg,14LtgFPCevx0WodC3p6uqlSR9GVlGrEeA
atmos25_11495.jpg,14VKtPuZYvW_Mbh_jCF7-mL7IrltDUx-y
atmos25_11496.jpg,14UNMsW74zQ6U0fsjU2qVootgWwkg456S
atmos25_11497.jpg,14Z9KeTb3LFXV5fG4RoIipwUepqNIYH9V
atmos25_11499.jpg,14QodAT9_J1ark2FPlwvHkmfMiCZFxQJ1
atmos25_11500.jpg,14c5g8y1_N4jv_D3EbOQ4q5IaNSxpkjfz
atmos25_11501.jpg,14cAcqlaqsQnWwF6X4-ZiYJx_E4GQzwlP
atmos25_11502.jpg,14cnQLMHQdirOyoSCpCaUply7QhrED_xE
atmos25_11503.jpg,14dfJgT89_8Iqw4T3oSLJ2S6hp0HmjJ8S
atmos25_11504.jpg,14aF3sh4b6x3_o9LAFY5DD5GBOsTCqs22
atmos25_11505.jpg,14fkblS8zIuH96Uvz7eXpQIWxs9mUx8PE
atmos25_11506.jpg,14i16eXqIh1h7l3wYFjGY9NqaoFr35P-E
atmos25_11507.jpg,14d4AYWg_vIYzmgzj4a_AUB8MntdJIFnr
atmos25_11508.jpg,14gKJ88ZVGPjut3A6ussMU652iR54UG-W
atmos25_11509.jpg,14nhjNdqCLv7udwIGWmCsBrSoVT6fZsvy
atmos25_11510.jpg,14gs5ikEZevgNCdB3BLrh4_3BPFncrEYm
atmos25_11511.jpg,14nPE-mNHksdVMqswp3dcuDStHJqJkr4R
atmos25_11512.jpg,14qibuL9y3ultuvkPuFZggLykfzhCVxHH
atmos25_11513.jpg,14oTobqwBW9v11Vgt9OqfwoGAmQdstWOz
atmos25_11514.jpg,14tB8H_K-q2WSXz4BZTXMSo0cYAZ29AFF
atmos25_11515.jpg,14rE6Bxdbv_K6RdIQdTKdj-Um2BEg22tX
atmos25_11516.jpg,14y8RJhF9X3Zz_4Rurp84AMAh2s1-Vsp7
atmos25_11517.jpg,14ut12KgQ1bjqB6KimtdwpOkugmBaQ9mZ
atmos25_11518.jpg,14v8ofLSHNPsfYo9jTDNP_LWy4d9hEakq
atmos25_11519.jpg,150MUHSgmSjOCPB4l_fsfXLBanx_wqScS
atmos25_11520.jpg,157DdLqE-6BteHTffjCC58u2JbW2k6qVb
atmos25_11521.jpg,1529-KDbzzYeSTz-RpZbW-mgVXVBM5BXH
atmos25_11522.jpg,15-jKdnj-mAdN5v-ZGoMMZeZk5f_rtP1s
atmos25_11523.jpg,152Szz-UsCNQJY4JmJvs1xQaar3BJWq_w
atmos25_11524.jpg,152xJsEw827awlK36ZlLaYVvIf9LTkm31
atmos25_11525.jpg,159O9hfFXTE0MskxmF9MRVlGXmv6vToqC
atmos25_11526.jpg,1585zmH3UFYCAg2kn5fVeJwSqurX5omaB
atmos25_11527.jpg,15C-0eoZ4qdW7ClNrcp9NcYLtyw3EPkMS
atmos25_11528.jpg,15BggbfPx5fYy7A93TmxAT8reVeNqU5_L
atmos25_11529.jpg,15F5iqubI7L3rsXxrfdhhT7eGW0fm38sz
atmos25_11530.jpg,15FK_kb5TBY5u1Uu-CDGTxYx8mChEKYDn
atmos25_11531.jpg,15CgcBTb-9lAwHpH8r1XKzuRNMBbhsSvR
atmos25_11532.jpg,15FGtT86O4qxKptnOPyTv8E5fE3C78zPw
atmos25_11533.jpg,15GVI5CcPCtHDN4BzgSLEy0pejfOKo8PF
atmos25_11534.jpg,15GRyydQIZlDC_CsOHNJoKlmTeTYGga47
atmos25_11535.jpg,15HIwg9yvEe65L86TP-TUV-b6vXvTs_YF
atmos25_11536.jpg,15IFA745e50FKnlwoWEfI6AO0QrlSSH74
atmos25_11537.jpg,15HRcCOItNbUn-fmMCqYJyLhJx00RLkY7
atmos25_11538.jpg,15Mcn9SUq1b6PtlYML-KegIJ_3Z06py-q
atmos25_11539.jpg,15OnzhXXZ1pmp5hiO28aXhN-4jEuH94iR
atmos25_11540.jpg,15RfRtnmnetd3lIM-Kx4lgH7s8SvjujTG
atmos25_11541.jpg,15MeDs44NIoldmruYVnswSPnP1jyXzmYB
atmos25_11542.jpg,15PZfEph7Q_Hp2BAqepPvAHuKz1yi25rm
atmos25_11543.jpg,15OJefDSkiikFMtnhXcNDOmzwIUpMAL3g
atmos25_11544.jpg,15RJQ0uExTRuuHG4tNUZ46vGiNVF5Z7q4
atmos25_11545.jpg,15VNDiwG2Pvk3hZJC__j0u98ez8JHkWXl
atmos25_11546.jpg,15SJgUtnZnmZY2GJSpybgAuCIAb5I_VM_
atmos25_11547.jpg,15_ILdE7zKMJXREXKoHweiN849anXAJoW
atmos25_11548.jpg,15Xz9A-OpOAm-julAda9WN4X1DnRL3yqG
atmos25_11549.jpg,15annyjX1YdXogO-_jdJmmj_-o5vYEVxI
atmos25_11550.jpg,15p6r5lmbjac9UExJf5xisQG-K7eEkTcX
atmos25_11551.jpg,15c84uWInrFqrNALx9_inr8zixW9svqKG
atmos25_11552.jpg,15YTE7QeOMRBvvmYeGG3L6CRJpPQpLpe7
atmos25_11553.jpg,15bNL5r9DvTFjbj4PGiYDUl1Do-DORFP4
atmos25_11554.jpg,15jKitnKsBTTaD7TOCbZthA999Auta7zR
atmos25_11555.jpg,15y5Yh60eSP49_swCjAktT1IHk5_Yx-iz
atmos25_11556.jpg,15idf6a92T75dXS2562O4hy4VSp35DdsK
atmos25_11557.jpg,15vM92ll_2RlEA5qIPpUn6JYh8-W2g_f9
atmos25_11558.jpg,15uUElP7cN5N2lcrUBcMrMLHbjbLRlzSs
atmos25_11559.jpg,15ru9yRxftHKVCv5F4Yio_hif0u6wHGBu
atmos25_11560.jpg,16-n-NhLcS7iRf1okBZlAAMB8owgQSCkZ
atmos25_11561.jpg,15y1S7tdvmcgeNxhqciFx39pP6F575pW0
atmos25_11562.jpg,15x3mP3lYJ_YhIoOFu6j6uwpsjvGfXEUl
atmos25_11563.jpg,16-Q2NQapIZ2R1tUvr74eQL_YNq4PiPAq
atmos25_11564.jpg,160DzVykIqSvc1QwAybXql0cJ2rgSsutY
atmos25_11565.jpg,1601eiSJqGwdxydGHJH-FmI_qzl5O89Md
atmos25_11566.jpg,164XZ1mWD0emPRm7W6zqyjuh21_kHhB9I
atmos25_11567.jpg,161BgFkkQJ0pHN8vyq_0CHeU5_sKK3MhD
atmos25_11568.jpg,1669VPIvXnC5Hu3_9PUdQNnhbf8RzVlO7
atmos25_11569.jpg,165HBaOdlKKMkkDAEdkzj0EdcGbbObnnO
atmos25_11570.jpg,169EXWOIN1gmAlflxNHDZZT01Rs0IlH8h
atmos25_11571.jpg,168bGZKd9iQjh2a8Jr7Ecw8OdqEYG2Bhg
atmos25_11572.jpg,169LQgv_2_93Mjs2UF2CGRE__xiBiXecj
atmos25_11573.jpg,169IieBb9rm2GQGA5v4EQMohgmkBPpMRF
atmos25_11574.jpg,169iXGuxlqLJ_O3OlUJ00C4EnbDdnLKNA
atmos25_11575.jpg,169P6YApKZiU_DAhBfJ7q_GfD8vIfFbbt
atmos25_11576.jpg,16BVugxllnYAW39reBRRPXOYOu34Ka7Us
atmos25_11577.jpg,16AMOM-DGVmyIznJOffkMg_vfllVhh2gh
atmos25_11578.jpg,16CNM97cbsmdoCcVGAcPO_hQZ4RpMzoC5
atmos25_11579.jpg,16D8D46li5ZQrUx1yJWCcbGwuFWCCfCte
atmos25_11580.jpg,16HBNHfqe0kEQONJTz2NFJ_q8ftypL0Go
atmos25_11581.jpg,16EpCYP-xB7eoJ6abvwqo7zzqGudlFsuh
atmos25_11582.jpg,16OTZBCLXxaLbS5GijFk09TSxRlQDfLii
atmos25_11583.jpg,16Kifl-UB0ERSjlxHBCryR3dwdXomhxHA
atmos25_11584.jpg,16Qbuq7vkqlL0Yrah5GQ6iBb95rnIIDN6
atmos25_11585.jpg,16P-0RPOoFlB7ER0s6dFJG9AhMT1Zv3Ai
atmos25_11586.jpg,16SSUTTxfzLQE-LSVxyZaU2Zn9iPPEvlp
atmos25_11587.jpg,16SD141AorLAXYOdtZpLM_V5X45GJjQIu
atmos25_11588.jpg,16RFBsvtyBiw0TgQUuSGQpzC1He0W2a9v
atmos25_11589.jpg,16RDKITEq-9g9QTWk-ryKa_509Z00sHGf
atmos25_11590.jpg,16Xsr7sLylQamsuf1jlmfP2PNZES0nfoR
atmos25_11591.jpg,16WvsQ0p2WlRZajU-6sTkOfsRf2FPAu13
atmos25_11592.jpg,16Wq89Cv1BnHYbwgSnJPJDOdH1zgFfB2c
atmos25_11593.jpg,16Ud13w4vbLNNDxGIRvjhHQzMR9jvlXep
atmos25_11594.jpg,16dRn_UxDEEmTi8qc6nsYqOFG6akwLnYU
atmos25_11595.jpg,16cwMRumVrFFqnchqfHW4mbTccfYgzOy8
atmos25_11597.jpg,16Yr00HbvDfzG1En1Pth1cphTL1_4Y59X
atmos25_11598.jpg,16hMRq161okKoctPmgZ-kpgfV_wcvOR40
atmos25_11599.jpg,16hAnZQqdyf4COSqXb0YHI9Ikz8N1j9sF
atmos25_11600.jpg,16qFaqImT5FpmRuqiL05e0VCPgC8bNljI
atmos25_11601.jpg,16glRhENml00BspYyTLJQxHSk2jy5llFa
atmos25_11602.jpg,16eSovWbJKNNIl6hgTLWHYIFpiMD0Ok8n
atmos25_11603.jpg,16leTAe2dPD378Wm8TliqTi6zEGuuKz-s
atmos25_11604.jpg,16kIQIvJ3YMjJXzs7lNUYRRZE33gBTXmH
atmos25_11605.jpg,16hNekYkVHVajgMRh5-fG5tZDy2EMQt1A
atmos25_11606.jpg,16rHs7BhNAeWm_Bgv26z-UHfbWBjrq91w
atmos25_11607.jpg,16qywYHLCxkWcijTQujs1GAUxoQO8Az7s
atmos25_11608.jpg,16uffSUw-8cvdYQpkmhvnfqOEemk9MTEG
atmos25_11609.jpg,16udjzbE44Qu5Y7oGFJYdZ7h5DJR8fMub
atmos25_11611.jpg,16wHx8Bn-vAHepnt-r2jqes2s4UNHsm__
atmos25_11612.jpg,16zKyIvD8HtqUnyDe8_TZJXWYufBLKJCN
atmos25_11613.jpg,16yCXrcDIQrTybXbYcZ84yPWjDJsBvqYu
atmos25_11614.jpg,17-7FqjIPc_5S5JIgABBrjo_Gl4HETtdA
atmos25_11615.jpg,16zYUQDiTPn2WUkXlgGyWOnf-hYMip8RE
atmos25_11616.jpg,17-u0lOaCGBCL2roFv9yLWPdDh-FGSxz9
atmos25_11617.jpg,17-fqfeszpJBBW-hAOgqQjiH0Nl6ZhDBo
atmos25_11618.jpg,177Dtjiyinu-dZAMyrRAchdSGlg8TDJoM
atmos25_11619.jpg,175ngiLzgRO7ZFipnHm9L7JGcif2PmA0B
atmos25_11620.jpg,1OrYKLvNtnNsP7T2aSkuDhfLQ5oSM09Zf
atmos25_11621.jpg,1hKAZv7fTkdpxOD7vmKqatKFUZlJq-liN
atmos25_11622.jpg,1idFtWjzv-n3LIq9dnakrRjDIbvvLp6WP
atmos25_11623.jpg,1hLqIdb8k72oREt2yU9s0AvivhV7YNp3L
atmos25_11624.jpg,1jzy5LH418FOjsfDBuWTRsZmsGra1ODyF
atmos25_11625.jpg,1if5LENMJKn2bFPV1g56fT8ugZZZ3HA8_
atmos25_11626.jpg,1l-40r7Sz2tcrvSwGdN68hVXWpfqDgIf_
atmos25_11627.jpg,1g4xmPhdryC_hqbjQS2t3pDmvbqCjdk9T
atmos25_11628.jpg,1mY7w6AqPBo4nRTQdXhMThTEP1auwUh5r
atmos25_11629.jpg,1mxXD6xxTFBu2cZMviWBRIFf0sdhixCWV
atmos25_11630.jpg,1k05h_q_gF0-46DhMELV-ihX0KaUql3_t
atmos25_11631.jpg,1mZcLqxeLtBeYZ9P4f7V-GnNK7HUUPFho
atmos25_11632.jpg,1mrB0C7E8e_5Lq5iiuMEbJME9mFnbPk-3
atmos25_11633.jpg,1qLTSnd59UbcUsvBkaTOw3Ku0mcCXy28C
atmos25_11634.jpg,1q5yFZZF1Jsx-S5iGkaGsqUbqb60bd1cC
atmos25_11635.jpg,1qxoW8xzHim_up8gtTp9Bnh03jr0WQADF
atmos25_11636.jpg,1n-pesf6wGsWRUfm_--E_YbM7fFw-6w7o
atmos25_11637.jpg,1oFhL1fnFC8X8tq3bCHq7WaOKjH9TSfMU
atmos25_11638.jpg,1py8Cf8QLBvLjCNfmEONCcqJ3W0dYniDF
atmos25_11639.jpg,1r14nOnap3LvZCNsEaTVDuEL-0ErJ0HMK
atmos25_11640.jpg,1pwQH8bFv88HbodNOFw0ART7sAc8iztHX
atmos25_11641.jpg,1rDvcRUkm9wuQyBunBbN1cr1x1DjrSPOS
atmos25_11642.jpg,1rQYhCB9ATI6LPUum5AFKvteR8kfSg68g
atmos25_11643.jpg,1oOZhryMOY84jW4wPlGOOysASfWygQqUN
atmos25_11644.jpg,1qutxm4lRkhNrMCnHoDGQsszFJGO6gKom
atmos25_11645.jpg,1qwRo43yCGe9KdOKbmpSxNJAYip4du_3o
atmos25_11646.jpg,1nP8t-JpMZULVP8Ishr_UZ_gqDlsTz1-h
atmos25_11647.jpg,1pOMNT280d1g76ftB9yj9FZ917j99h8sM
atmos25_11648.jpg,1qv-d93vYWZqmQ6y9STcsaR_RmFMo1F-t
atmos25_11649.jpg,1rhRhLOqNcb6Olvm6g7pl-6r1-wnCiZaI
atmos25_11650.jpg,1rhLGoLg9SInXCxVb0Hy07hGbaA7QgO6H
atmos25_11651.jpg,1-3T9QOswLs7hV-IE-k9jQKTC0eesqp0S
atmos25_11652.jpg,1-1IXUB_OCEp_8oKIFDPFXBqCd87tRMX0
atmos25_11653.jpg,1z59ooibvwjtnf4vTVtQeercNIVRUOwJE
atmos25_11654.jpg,1zGTVDiMM6TlsbCj18E59abFKVdhJSa0t
atmos25_11655.jpg,104SHW0ztXLXGWwlNGBeLkjWtuXsyTwiR
atmos25_11656.jpg,100Vm4ZyUm94noBBuawo7jcj4D4zSVDXO
atmos25_11657.jpg,11VzbPIv1mc2mTFV8rtJQtreMa4801KtK
atmos25_11658.jpg,11Bwnsyf6NMdwkTdRaHS8-BvHxUgqw7KI
atmos25_11659.jpg,133_ZnlM89mTY8_ezVSTchIdtJBgCfJso
atmos25_11660.jpg,13OAVuoLIwJGIMTN_h9jQPVhKlXXoxu8w
atmos25_11661.jpg,13O0f3gLbVRL9G5L0gTJ0AwrvIBuMwVgR
atmos25_11662.jpg,11HicCw0-kRX43mAWSgnAb_abROsN6Oys
atmos25_11663.jpg,13qolSpje_eWkmRtimTWHHdXP7UeUbsmj
atmos25_11664.jpg,132RSD4a3gxZ403IJ7fny6ug5TSqK_xYe
atmos25_11665.jpg,13qoVwnytD67OKOSPhVPOkXvkaesrpV03
atmos25_11666.jpg,15n_IbXtEtJT8DV5d1QoZYg1u9OL_bjMQ
atmos25_11667.jpg,15kfFrBkK6VMWOOKV3NMGg-XX0ukiqbsn
atmos25_11668.jpg,15aGWHXPdALD4LcySNJ-KIP5CS2x_GxlL
atmos25_11669.jpg,15_m8Gm_or-6MpWNqJLCeYDw2CkTUWRxj
atmos25_11670.jpg,14OIQ1zVHhFhaiPTZb5QjRUF9MlgLsOCD
atmos25_11671.jpg,15GmLxYqtDApkVJrGZkIH70_6yQsNBACq
atmos25_11672.jpg,17OFEsjpZ0drhIOoQph7cQN7Zwmrw2cjB
atmos25_11673.jpg,17_KqMGQicIEg0-IgTK4H9PdsjN8tlfuT
atmos25_11674.jpg,17TmJtmbVfLwyv3Kz0cM5uA65FtUd4Q8M
atmos25_11675.jpg,14HJ8pBGRXhSRNHRIv5-pgMr5zNqZls97
atmos25_11676.jpg,19hTslh2URzxCr3PnmKobGXQdfnKyU2_g
atmos25_11677.jpg,19cUIWSduQa9U8wvC0eXwORoA0zj2tK3A
atmos25_11678.jpg,18DYvqqpBUxzZdTsmXDc7o7rPodilXHZf
atmos25_11679.jpg,18hlLapFOu8m3OvUYiIpE8-bHNAZt4JxO
atmos25_11680.jpg,17b4t0pf-bxGRWC2C1wJ1oOLGY1MbzecD
atmos25_11681.jpg,1A_TKJ-xqpPU--MJW-KEXnK9B4ztw5yzA
atmos25_11682.jpg,1BlzvOa84p6lc0RCrUO1rLtLBDwJD-zpB
atmos25_11683.jpg,18l2hNRTebykyYdGE-rDa81fgrojDzyto
atmos25_11684.jpg,1Ac5gPVmkQuXOwStXS8Z2V-Get5TO_qk_
atmos25_11685.jpg,1B_8e4jSL_EiANQqV5CEWWpxGRczpn4EL
atmos25_11686.jpg,18E2IafodoAR-kRYYuH24gkSnfdC7NIG7
atmos25_11687.jpg,1A2QcgnyqSFwgfcJY6Pi_8jQ1QdJArlw2
atmos25_11688.jpg,1Bthp4GUp5LgcholrF4C2pYznxbG-ayfg
atmos25_11689.jpg,1BYZ8glZ1hib9etYl6aJ4S02foyaIp5Nh
atmos25_11690.jpg,1BRSTGba8DSOakcF2R3PgB-_afqQ7VHND
atmos25_11691.jpg,17w9LWm25zNcCULnH4EFGBGxz3lxFujA1
atmos25_11692.jpg,1DSG_sz5cS3QsZPuijTx1TLVjZHJNYkQe
atmos25_11693.jpg,1CKsTifMzyKs8pwgxT_JsXgLfuKatltw6
atmos25_11694.jpg,1E158fN8l5YiIg7Z2dMYOmBVM8GjCvgSG
atmos25_11696.jpg,1Dkz9kTCDnqmiZoMPh3MxVp4LS4DJQBtw
atmos25_11697.jpg,1DRSQnJnKapojveqIH3nrazcSZg8FZ4os
atmos25_11698.jpg,1BAErsrM8Iw9IFYRLhqGR_0LeQ2kajkxd
atmos25_11699.jpg,1DyDlrjw4860M1Yx1LYAGlEaondIs2UpY
atmos25_11700.jpg,1EfMeN7xFurj_9Ak-fjiZx8hLsf3U5MiM
atmos25_11701.jpg,1D70itmlKqcL972P9vsdL5N3L-QlQ_fEP
atmos25_11703.jpg,19KrlqnrWJkUpbryg7-EC5wjUg_i0qd9s
atmos25_11704.jpg,1E1US15zFdhxNI2gnFz_a0Ld5G-ww9Hn2
atmos25_11705.jpg,1ELkz4ljUexRiskJ2Pod5j_Fg1m-B5e8K
atmos25_11706.jpg,1BWGEwdkohwvMaT8vKxugdFqLRvLo9Ubs
atmos25_11707.jpg,1FequijQ_Bw_FlghknT3vdJL-bII44I3C
atmos25_11708.jpg,1F5Ydb-KO-xbhCZen3BBxUWhXJy1nN1Vz
atmos25_11709.jpg,1G-g2nJ1Ng0Q633kcpDCOvOWvxzXbl7e5
atmos25_11711.jpg,1GtBHR2KwSxC0hFAoVHbKAJ3O33peJ7KU
atmos25_11712.jpg,1HZIySpAsCyqErjoNBedXYQOlM5OCod2g
atmos25_11713.jpg,1GvjvHCvHMMwdI6q1m17J3ZL77zcmUhHT
atmos25_11714.jpg,1EsnoUS2iJ_KziO9h23YelRle6w8A1t3D
atmos25_11715.jpg,1FndhRsSnJFv4EhDgWfqNuNBMAuiNjo_F
atmos25_11716.jpg,1AViqbJDsR_5RZ0IvlEvp4W5Br4Z5DHwH
atmos25_11717.jpg,1G7-Y3B6WK3xG_ZK1HippxLL6iSbIopQK
atmos25_11718.jpg,1HYegCejU6M_IACqoOaoiKhyhc89gKdaq
atmos25_11719.jpg,1I-DeNDSCmlmEGQ6UoY3PV3ypjVgJ1XO_
atmos25_11720.jpg,1Ht26cGdhwJEBedj6N3Ga7JPhfQCujMlA
atmos25_11721.jpg,1I3Gk53OHFfi2edfFWzXqfGnjtlpNmV_6
atmos25_11722.jpg,1IjuIlNyv5zyEv3RI_s8a5PYnIhdVWGXG
atmos25_11723.jpg,1HxVq_CaEeA0ZQpqsqLoapcENF0udzKDa
atmos25_11724.jpg,1IeBEBlAjeyxnK81imflq45cljpo0LLfs
atmos25_11725.jpg,1EdZ7QJDk7OE74pKTuI3NTgUKtOCVdEf4
atmos25_11726.jpg,1GgvKvZVmJR9rHrEN89NeXnuMHtcFSJPP
atmos25_11727.jpg,1G4DQg7LfcKyfqXNGgsdDuAc8XIBjjSzd
atmos25_11728.jpg,1IUWRjHQ5Kxas1zOszf_xz8kCiLSMl2ew
atmos25_11729.jpg,1IDeVHvoaq31ZNxntCe71X-LjBjvXUi-6
atmos25_11730.jpg,1HKGqkfHfCAOdyQxMwbUbfWgUaxjSO5ZX
atmos25_11731.jpg,1FFtvu21toG3BRGjnMlE4ELdk8KgmhPcS
atmos25_11732.jpg,1KEOuaRSx8hSkg5J0vyuhbZK0rVQQUphV
atmos25_11733.jpg,1JlCsG-0miDLhdjKkbDpcdw1VSD5Y5NMY
atmos25_11734.jpg,1JmmWV4fdWv0CzO63vaLyZU-HuaP_TfKD
atmos25_11735.jpg,1JbFu1A-ppfmGHJmiBVjeZFWbx4kPMVZR
atmos25_11736.jpg,1JVa8-nJmweCAe0o8GyzPAU4AnA6GZSaT
atmos25_11737.jpg,1N-bxjA8uUuhFbMl3L0kINGkXCcnbCDH4
atmos25_11738.jpg,1LYzVINwwYMMR-aF_rQ7Hi_2LganFJ5X1
atmos25_11739.jpg,1Kg9GIWG9vnHBflKbLGIsNYbnQNsJL72y
atmos25_11740.jpg,1LFSnl-sMM5vMkcSO55BaAc3bbQH3EY3N
atmos25_11741.jpg,1M0PmeFjQVS-DOkJzHS3Wn9JB-oL1lrXh
atmos25_11742.jpg,1PZ-QFOQdu28o7yCyFeMptlzYjIISflF1
atmos25_11743.jpg,1MO5WLLp_txww1Sj4xxlv3rSscU4cuHXi
atmos25_11746.jpg,1LyXhUiOre_nGKWV-65vhCcg-ww0TPSNj
atmos25_11748.jpg,1OV4Ytg4JL-eD23bWH6BSCDvyCcI9oYmH
atmos25_11749.jpg,1MMy44WiFGU7jbEMN6DFLLCtYYh1k-CGz
atmos25_11750.jpg,1Qo374KpiOD_ZuBYsF4_zNRwmBA_5hx9f
atmos25_11751.jpg,1S12uX3UHIGhKgv5ovfa-JZNEtqq0mDRT
atmos25_11752.jpg,1S0lVvlkgwFlGUc9cP4tOEA2nstdILTI5
atmos25_11753.jpg,1QlksVIS1gvA6Ouu-RMw4DnOebQr1XH3v
atmos25_11754.jpg,1QXhdlr6C3jqiT9GJYhbm_EIOS0X8LDgq
atmos25_11755.jpg,1RyNGqAr9iKoUhEXs_fCF8xzsc_aDcSe_
atmos25_11756.jpg,1QMcN72I4Mm2HWe1V0p8MkhXCyqqZd1UU
atmos25_11757.jpg,1RpG6OQF836nFRWKsjTHuT7V5iOkDarRy
atmos25_11758.jpg,1Rx3XYGDzx79ldE5rG6JdgK85CMv1_QOM
atmos25_11759.jpg,1RxTlmXHMzsPVs5KusAaiDvLzF1r-m_4B
atmos25_11760.jpg,1SsNV3HhgRICmdSdgZgqPsWtYctWxSJF-
atmos25_11763.jpg,1Jc4cKESriF5SLgEMSlR-U134Jt31UTNw
atmos25_11764.jpg,1W6mmRWg0k5QasNMHSARYvXsEobvGDUcA
atmos25_11765.jpg,1VFjigM9IYMqPyf7jGg2kBok1ioxhfeDr
atmos25_11766.jpg,1W6Jp3BkKGjWiaBRYv2P5Ch1YGv4ZEszn
atmos25_11767.jpg,1Vd4cDN7uEL6zRaLGzV8OHrQq4LjDdkWl
atmos25_11768.jpg,1WA9ZizXEEQoMJbLdoGsyGAPncq3CXLw7
atmos25_11770.jpg,1XplgOs_BrOpQwoGLNnwczG859zb79pWc
atmos25_11771.jpg,1Xbcfg1pDBaop0fC_GNegeQzSlKLfDvUc
atmos25_11775.jpg,1YNSOVIdilxNtQ9BiawEqlhUU67MV1LM5
atmos25_11776.jpg,1_j04cDoR27lNyKntyw2UO5gSyMAy5OKE
atmos25_11777.jpg,1aLU1Sr90GJYp1vM4Bj1wvXd2yqtMH4U7
atmos25_11778.jpg,1Y58fOw54TB-_fQj3a03IhE9astgDPpXZ
atmos25_11779.jpg,1aJ8d5MKWLML-nwA5btwHhQjHCVs8XGxU
atmos25_11780.jpg,1Z8grDEKLiKvQNYwhOdvcL6emQfwwK5A0
atmos25_11781.jpg,1bPQ77sOh1W1LKTNqO5uwLHITWXFD7SKZ
atmos25_11782.jpg,1aPRD8OGid5WkMjjvXwKithj1Bh54vM-F
atmos25_11783.jpg,1a2ePANyIm0qGuh_Of2PtudRhBVcDhi6j
atmos25_11784.jpg,1dEY23b8g8mj2jG7WQQ0HY5gMTtazt7k9
atmos25_11785.jpg,1dRbYF6UGbOJcJd3KSDd8RnECLLCU5WB2
atmos25_11786.jpg,1aAXZvUdHZjQA1uzRBGPbxWQ5BfVOr7bF
atmos25_11788.jpg,1WEsKj7XmG3aWHxUFTVqGXrwEnGswIJyG
atmos25_11789.jpg,1bXb59gUbN_Qcuh53p3j10ypyPivXLD1y
atmos25_11790.jpg,1cyJD3AlPA5E8OHD03w1dRZFGtR-YkCoR
atmos25_11791.jpg,1fN5Z2CAqNcxY59rFVfT8XRZz2fRjjC8v
atmos25_11792.jpg,1hGYfK-wp8kg7dq3IrHAJej9gUf2s_AEg
atmos25_11793.jpg,1dF8QcpFuR1AcecvZMJdXVnicHtXcbaAT
atmos25_11794.jpg,1hRVJVUFNBGepNtI4PEgmo5cHUT3neAzo
atmos25_11795.jpg,1kF-rwvMs63GngFkvu3d1YL_1KlYnTh0G
atmos25_11796.jpg,1kfKh3gG4MiCVc4omPQ2WI61bDz-fRx-E
atmos25_11797.jpg,1fR0DGF1ZtDAj6a9UdvZci7gOaRA1lMGL
atmos25_11798.jpg,1j4usG1VSfL35gymLuiycat6pYJmOHo2t
atmos25_11799.jpg,1jzsPet-21gEM19tyIE3EhQVyT5GyXIHj
atmos25_11800.jpg,1jBJkEQazHX0y-fGWjVI7EoMqtMPLJGCZ
atmos25_11801.jpg,1jFOMXOmZWWuhpnossNqFEAXku19BjCSO
atmos25_11802.jpg,1miXh2gNfZBSWecL_8TfzEXgVZ3HEI6Wz
atmos25_11803.jpg,1m1xgvCGEv1KWoQL9s5Ip5_t88Y1bzlE0
atmos25_11804.jpg,1mmCvDtW2m_HdOrm0AN8z4wuumo2XjvTy
atmos25_11805.jpg,1nQsTTf2LmaPhHXKblQDiMleS0IQNSaZx
atmos25_11806.jpg,1mBwiP58Sw3e6YBlqC6b9OdMXhSxVhYkN
atmos25_11807.jpg,1nR0o4AC4xZ0xEki2mGKle9t3OxClHFct
atmos25_11808.jpg,1m12QKWesd4L0WFbN9mbPtIIg6Sq8HPGu
atmos25_11809.jpg,1mlbttKUQl4J8TfHlUBbcpUwSQTwzaxqy
atmos25_11810.jpg,1jxP840tsWlok3RP4WXe9a8EwFJ9NKgVp
atmos25_11811.jpg,1m5w_bKXiVY1jLvBl5I3Aa3FBER3f0-NN
atmos25_11812.jpg,1nagcEX_e7G_GsXJOcwWUj_4CMfr53_M8
atmos25_11813.jpg,1mfkwStVhkgQzHS2rA5pJg9P8kw1QPrEX
atmos25_11814.jpg,1nWqoibpthOvIYA1VBIi1Uq_xTsamNedA
atmos25_11815.jpg,1nzZ1QQN6VpvwvXCpSnNwvOikfeqsJ5T8
atmos25_11816.jpg,1np37IcDMGnBusNe5gj0wH4_dsRY6PQ55
atmos25_11817.jpg,1nxvipVBAbIZc3v62LlOaYjfxNy9ppLGg
atmos25_11818.jpg,1qUU88gb8-gkTd-qxTP0k20_6X3rScS3q
atmos25_11819.jpg,1l1GvsUhg7ubueI3E45ZgaNem68rYJQb6
atmos25_11820.jpg,1qPXdUkU9S0vCt-hPMW3KhznIcsRdszIm
atmos25_11821.jpg,1mc5bjWfChK4ZFxXsJiwVRFruVrHovm49
atmos25_11822.jpg,1r8HhBVO18fjGB80LQcCoiPwmVQXCUgky
atmos25_11823.jpg,1l9SxtGLKl3Nn0KXdV43uKMV6-PqOgWc-
atmos25_11824.jpg,1pUsy-wxiqXpwsm3hMBo4CyxzzOKlxrtl
atmos25_11826.jpg,1m_FjGW_lo91yr7Cy_8zvjpJ5JEXCdnKZ
atmos25_11827.jpg,1rKFkGxFwc1rhlRgrBzPtVNYNnjS3GA59
atmos25_11828.jpg,1rPmyzGfWeSkFOe9wJMG9vokM8RiUQGzE
atmos25_11829.jpg,1rpIHm0RRd-belM_GMOTzoMceW3aXNXme
atmos25_11830.jpg,1r5UHedWmRz_wkZOaLL870pi9kXNs_SMm
atmos25_11831.jpg,1rvupBC6w0ms3-TpuDjD_NoG-A4OTpP-h
atmos25_11833.jpg,1kJaYSv2qSRhSxH35yAYxGPfg-PWi2FDN
atmos25_11834.jpg,1sT4u14ORrBv3sEg28KTHbfxGcx0tPOlf
atmos25_11835.jpg,1qfO72YskVKZ1J8bY0pjR_SehRi1nuwqg
atmos25_11836.jpg,1sf_WhOpMfx3G2aXe_q8kKc9XrKZYkJ7C
atmos25_11837.jpg,1qRLkUs67fMiYGrWrX4dHmQUU6-0MGq-F
atmos25_11838.jpg,1rKzb7krV6d4F0Hih_vYurG6a0mOkT-3e
atmos25_11839.jpg,1n3y1fKnLu31y_BsbarrKaAMAbowF4f2m
atmos25_11840.jpg,1ty7lDwBAXBg093wQwL7kfbrQJGCWCEue
atmos25_11841.jpg,1retqadzrVd5O0UoUeCDxPuI7wUVMAlzl
atmos25_11842.jpg,1ra_dfGLTSvBgNFcUHrK2W-UW8DETYNVH
atmos25_11843.jpg,1tWVpBNZeoXJK_SeolN-H7JxnlrX6zmRF
atmos25_11844.jpg,1uqNO7oXgD9qSlojqBBaePvqZAzRAZ6cQ
atmos25_11845.jpg,1vC7uJkz2F1aL1U4Nwc0092LoYAxMWUcS
atmos25_11846.jpg,1u9oc8Zy2KOVNWOMfUNHG3eYWDXRtWkwg
atmos25_11847.jpg,1v3Z4bN_GoKfMgbLDy-pyygp9_37-Divr
atmos25_11848.jpg,1va9qUlha9S_5HLlY7wzaXoRyAUHYHW40
atmos25_11849.jpg,1vDuRI2iBx7LSmBEdTPT35hcfAwR_TbV2
atmos25_11850.jpg,1uM7G7IqnKhDqnYq8Hg1V2RilGnytwDHM
atmos25_11851.jpg,1tcPkfej33NGfb6_qRzE3uQ3sONbvzVc8
atmos25_11852.jpg,1w2YEaki-RCQ6n9XyMncEFzdZwT3GaMpp
atmos25_11853.jpg,1wYLyZ40SD3LIOj_rzsR0qEu9GrJLa55d
atmos25_11854.jpg,1vycV3UYFKjy1yMus9nol_tLbbinAiBEY
atmos25_11855.jpg,1vhf4P3reWezKeJXWlseBpBo5hf40azZR
atmos25_11856.jpg,1wh4U1wvJCNjfRq3QlXUhfb1fKK6OD6O9
atmos25_11857.jpg,1v2z5oWfj5rEKlFG2_8h8pwiCE_Y3r1_j
atmos25_11858.jpg,1wB4M6twEt3TcGVB3XX4dHr4LDRY1BNDp
atmos25_11859.jpg,1vSnIEkyhk-LWUrzMMwxJUJgx54r-vazl
atmos25_11860.jpg,1tU8o72MNgN1TGe9CVRDVSxzCdCsMeUh4
atmos25_11861.jpg,1xdKYPIn0XunMjodxn9mxuljoy1vY7bhQ
atmos25_11862.jpg,1xTgO65HBPt-ehWLIyVZN_UFi0j8l1eBg
atmos25_11863.jpg,1seJxeyP_HDnA_uNj2Os3wYC_5_MEc3s1
atmos25_11864.jpg,1vMuvcEHzmj3vXQGO6qDnwLmqIQK7GkdX
atmos25_11865.jpg,1xX6m0-5tqyBjwfolq11g1Gcx3bPTS7xt
atmos25_11866.jpg,1-4ymu3MEI4HeY-AxQja9ogTN-2dyewxK
atmos25_11867.jpg,1-3yFhj31gq3whdb1YC5HEZW_aXbRP8Pc
atmos25_11868.jpg,1-Wz5oT0ludOwVSXgkQ7dXW3vUdHYDCSq
atmos25_11869.jpg,1-XMCzxbzsWa9ky7dE7CQiJONK3xKE7HU
atmos25_11870.jpg,11h1arh65Z4fiJ2jEqjsZyRzqFETfGUtq
atmos25_11871.jpg,1iW2CBQ0CsrPKsZwwYYgkiAtVLOBBeMxI
atmos25_11872.jpg,1i3x7gTd_1Wg2axz_Ms3vUjGaLCPUlZ3p
atmos25_11873.jpg,1gm4UmeEY24lyIjiMvrJ20ReHGSK1YQVV
atmos25_11874.jpg,1gfbYcyZ6fEXm9v-sLGJqGnzMGBeqVrBV
atmos25_11875.jpg,1g4KFKVu5iB9OiGGglkF1VakWlCSQ_kK7
atmos25_11876.jpg,1gAKSfLbe-E1JLGzGSoOF4aDq9wQywuGZ
atmos25_11878.jpg,1gpOCnyqaKrG2pjuFSxq9WRgy8XOegXI5
atmos25_11879.jpg,1gN-xH4CG265C8IBJvA185oFo1dIAB04o
atmos25_11880.jpg,1i8ouzejarHNwhmVyC01-SFbguPImINzN
atmos25_11881.jpg,1hvLFNAv3mnonT2fdzurBPotEWq5cil-Z
atmos25_11882.jpg,1hutfBZUvVeJrrkU4B6kXod0fCYW1aVzr
atmos25_11883.jpg,1glxUtrfwB6hMJKQgQ0mNo3Vrb8skjeSt
atmos25_11884.jpg,1i-nqzFNAgOz2Jbj3BD3Ra5PyBSwvXhom
atmos25_11885.jpg,1ew--282OTnoDNGVEYER8Afz2tgezhGty
atmos25_11886.jpg,1eJ7d8e35i1rRevB3jdzN-sqmmkTFbwM3
atmos25_11887.jpg,1eTKCVqVfegKdODWB4Gc3kcVNOJXuKrrJ
atmos25_11888.jpg,1eZZ4bJWP3wViHwN6Ddrai9QX4ozwcQw0
atmos25_11889.jpg,1eXvuUAJmU2ojmCdRkTskuCZFWwY5ahmm
atmos25_11890.jpg,1er09CMuAayZRJGIQ3pimfsgpKpUY988I
atmos25_11891.jpg,1f77T5csmwsgRn-tY2nDFtSNibb9WbhqD
atmos25_11892.jpg,1f3UVNO7RnAhRO7leZjSxiVwl9U8K7BX9
atmos25_11893.jpg,1dYnjQ9uLWwugzhJBJzEpN0GklfRy7uCf
atmos25_11894.jpg,1ddOVildcbw9t3uYKlPh-edEqrvZlrijV
atmos25_11895.jpg,1da6hhShLbjxNnQbF82OgTzIpOZoXZioO
atmos25_11896.jpg,1dfYHKQG9u4YCZqc99xjttDtnX9xR2Jvp
atmos25_11897.jpg,1dfjq8LbNwbnqj90K6F-J6a-d9P_OuFm-
atmos25_11898.jpg,1ddz_QSmCcCWzPM7BVorKPwYfH6osFMC5
atmos25_11899.jpg,1dro1KsMznuSx0q9RUmkbxITJhckDb3kK
atmos25_11900.jpg,1e-DiiJLytvnwbr6Cg044FM_DLujs51bu
atmos25_11901.jpg,1druSYuwSGCgftekBYQzv5O0_bWk2R059
atmos25_11902.jpg,1eB9JRbP61OAHF3bxW61AEZTW2g0VOH3M
atmos25_11903.jpg,1eFD9ym0TDMdq9nPnQ3Kgqu_3w7N5RGnS
atmos25_11904.jpg,1e2bx21fT4J2jYbXjcszgXpD7VsliaYgb
atmos25_11905.jpg,1eBYJw9BSSRPj0nw6l6Eyb-OU2hYMQHWa
atmos25_11906.jpg,1eXf28xPCVjcvVRsCsdEmT9UzKcwHo02L
atmos25_11907.jpg,1eWiIMBLu5jeuH7aD2t7FQxAZJykU1Di7
atmos25_11908.jpg,1fEYjXA1v65ErkvzXBkNJ2D1fN9VUN0Ra
atmos25_11909.jpg,1fA8t3KvE2en1jN_JjeD-QUbC8dMyv4m2
atmos25_11910.jpg,1fHlBgJC2Wc7jnLG0762GG92lW6LFiwN1
atmos25_11911.jpg,1fFM-d_zWjJSqRzBlVr6sQC0Id4v06iu4
atmos25_11912.jpg,1fLX4WsdIou5U3R2_WlTC9A8mBohourfw
atmos25_11913.jpg,1fP2GPFuqlZqG8u7yiciKrwMGCstjT0v0
atmos25_11914.jpg,1fc4HpkL2fUQp4YpvwpNBh4MoIYrIbCz_
atmos25_11915.jpg,1fYNOxawHbhonsTGKCzHX8pWrtI0vRQ9Y
atmos25_11916.jpg,1fdjoKuGDdHoUOhmS-Vh1FIYApDIes1Ds
atmos25_11917.jpg,1fpCOyi0YYJXaEDwYaa_aL-vKZsdJGUIQ
atmos25_11918.jpg,1fdKcoZIS0m74Kz0VL_omMk2vR7lL-AWb
atmos25_11919.jpg,1feRnnkPxZfJl7blYhHePiT14eBZgHDmI
atmos25_11920.jpg,1g3uU7g2ZU4U08yywhOrLROhY_Lnb16lk
atmos25_11921.jpg,1g3mZIft0dnUdmyR5iDKYhZy7xsC3v0xk
atmos25_11922.jpg,1g9DQ_OvD0GD97XPUjuHed3xF3PRYJBtR
atmos25_11923.jpg,1gE5jI3e91Ykpf_a_gKW2PAKPViR9Xl87
atmos25_11924.jpg,1gAggqYYAH6nfaBZjCM89GHmydtnrfgxN
atmos25_11925.jpg,1gMR8dqmF9g1Gsw_Jk44hOBHxFysyhijU
atmos25_11926.jpg,1gKrbtNaZovn7_zWY1QOVj80WJn2KNRZR
atmos25_11927.jpg,1gnOhPwmodi-U4XIw30kfjRt0KKYGgLyf
atmos25_11928.jpg,1gzMQyd8ajLgQL-6PUoxpU1QuHSpOkk3X
atmos25_11929.jpg,1h6Gud_Wu4HfB7_p6tv6v4rLkUZeFZmys
atmos25_11930.jpg,1guXaTQo79TJYGG-b321KwyRdztiOCuB4
atmos25_11931.jpg,1h1xkTbez9CsjXcalsCEuKehOb7wB-g8Q
atmos25_11932.jpg,1hJ9xfSoJ9r2PH-2NPvaPJvooedss0OE9
atmos25_11933.jpg,1hFwwxId-EvrB2-SccLLVNnS2B6xguuzI
atmos25_11934.jpg,1hPsXg2G4QgOamqtWdf19AwBiP-QJDAw2
atmos25_11935.jpg,1hMcuRbpd-1vNEfptT6WzvizhAsptRb9M
atmos25_11936.jpg,1hX0kePnPAAVOIyzBlymG7WzZWnvNyi8Q
atmos25_11937.jpg,1hTKG4IKZRDbrHkhQLcfNFp_Nv8IlWbdK
atmos25_11938.jpg,1hYNpGKCSmObMxUrMGTpRE7H0CAkZwgFm
atmos25_11939.jpg,1hXTsaSJXFKdLqMIsBB4JUh-p1KswMXqZ
atmos25_11940.jpg,1haHk_SCCDmJjW3nxVoUS7Xk0dKozT6oV
atmos25_11941.jpg,1hY_T66erUGkhxIs-2FzUIcs6U2ywhnZy
atmos25_11942.jpg,1hfgn1p8UZsrvPVq7K5i40_gS5eYIusQH
atmos25_11943.jpg,1hfE7vH9CxMKvlOpbYnadJjzP3eaNwyic
atmos25_11944.jpg,1hkRqMxgAf5aeNgr8QTH38WAqCCM_lJSt
atmos25_11945.jpg,1hkBXsiT24_LoeLuopHR2fqlauidRfG82
atmos25_11946.jpg,1huW7i-bNKzG5IC5-XDeVUuXsgjKhXZZL
atmos25_11947.jpg,1hpzGbR-MV1cio56PT7gNZgNZaM-0tiOa
atmos25_11948.jpg,1iKBAD5m4-jjx0QA3vdaM3hd7NkTIFDkW
atmos25_11949.jpg,1iljyzA0wAdUvffMnhBI9sgJ3zJs-TpPX
atmos25_11950.jpg,1ikeQOf2kuz8S9Q0tZ12ZG_GSQgbk4khd
atmos25_11951.jpg,1ivG83ppc8jMUo6V7cCfDkg11aoL96tIx
atmos25_11952.jpg,1injJn1CpTOTXbQOTeWCy3KAkGkUhKpFJ
atmos25_11953.jpg,1io8ZDAuY4OKbz1LoaqPuV84fk59HhjQG
atmos25_11954.jpg,1iux66VrxhUnSlg5B8HTKVfelDebBEsdU
atmos25_11955.jpg,1iwWTN7PiqPFj5zy_F62jQnwFmNjI_nAW
atmos25_11956.jpg,1iwQn1WKdW7DatBlxk_RxTX_4srSa_r0L
atmos25_11957.jpg,1j9mVUnPAgmys0ybbyXdGC_E2U5HsceOJ
atmos25_11958.jpg,1jC_8FTyrLPk3VGh3tJmkrQZMVyMAS7Zu
atmos25_11959.jpg,1jAmXjekm9sOS9YbkmTGO3SVbmAX9Xwvk
atmos25_11960.jpg,1j9IMlzWfS1t8UljWtPsW-Lzf84OQ9AA2
atmos25_11961.jpg,1jRtVxhQe5HJIdhwxCKd1H5iEAlUbZ5Pl
atmos25_11962.jpg,1jPTHGwYzNhs3WEMEkbScVdLsrW7Zh1vH
atmos25_11963.jpg,1jVZo8CdgCZlD9Yi53C3GJwW91NQV7gz6
atmos25_11964.jpg,1jUNCrRULGiN_lU4jkdkDwxguUYueGSRk
atmos25_11965.jpg,1jgwfQkZBbfXskj1dkU0-2ZHOXyh0zdOI
atmos25_11966.jpg,1jWeYcWs5CcwbDy5qQL8sPrv36cLgaepP
atmos25_11967.jpg,1jtiZyFwSP5vnC7QfrINCJDG2Kvzs7jgB
atmos25_11968.jpg,1ji8CwU1qykEI9s9aK-23K77uuxn7juNp
atmos25_11969.jpg,1kJiwAmwD3qRtgGsDXQrnGOD9EBz96j7t
atmos25_11970.jpg,1k1BiKccNo0EKsWM-KEh3ef8AyQIHisKQ
atmos25_11971.jpg,1kZJq4xPHLNHDfVIq4Gwe1jA6AwcxAFKs
atmos25_11972.jpg,1kj8KuxSq1e0dnY5XUZIrsgLClrj8q-W0
atmos25_11973.jpg,1kuJuaXGTrMa7ce_5zHfms7t22kJ8OUid
atmos25_11974.jpg,1l2HZ5Ji3L-xp1KZcIXd4KPP91NAS_hOp
atmos25_11975.jpg,1l4d3gcnB9t83GgP-aIAO1VV7ACxR5h3V
atmos25_11976.jpg,1lAhJh4F46ZKiSdIeFH4dqPhyUHT4dS7h
atmos25_11977.jpg,1lAKjyn09zjznGKqPM51Yc0AJFpwmRMr7
atmos25_11978.jpg,1lOyErcrONnMZfuMyhWdpaPPQZbVhNUFP
atmos25_11979.jpg,1lEEoBt1l_XvEBCeYQEopRmNjt6D3ZATc
atmos25_11980.jpg,1lU7-UQeL4Kr5DMuAOpP471zYFy5Yqn7L
atmos25_11981.jpg,1lTDM1qWT1xarXUmzDNkeHuhHbGeWQiKz
atmos25_11982.jpg,1lV_p0HYbbtZhsizK9c4tk0zukS1hDD0V
atmos25_11983.jpg,1lZ7lPCjyFbpdm0EBOJ7Ev4V2dN6FoekF
atmos25_11984.jpg,1lURRaLC-Ap4S6f7snASWpeO0w5vjIvjR
atmos25_11985.jpg,1lXTWLN2XKEf85UEvUV-UUeLZe7EgDjQF
atmos25_11986.jpg,1l_NUpPeXrdGticnf7qeejIwl1rcnDXxi
atmos25_11987.jpg,1lZJ40M2mgLH8lZyWM93oEPjDuGAsb3A5
atmos25_11988.jpg,1lbORey5asASAfCIbKxN4oTbBpGvzy31R
atmos25_11989.jpg,1lbEdmbFzSxaJaqEwswaUO-UW8yKNuiOQ
atmos25_11990.jpg,1m1CDB4RwT5pith3BWl_goksm3G9npGju
atmos25_11991.jpg,1ljt4O131zCZVetw2LNySKc-NFRv3bFVV
atmos25_11992.jpg,1lpi5v6zXL9RajM01Srvpm7X1pTgF2Jsr
atmos25_11993.jpg,1m0M5HLPNvcFWlAoR9C3nwiqJdJQ4R6ST
atmos25_11994.jpg,1m98_1lee1_DA87g36S3HP_194Yr3CxSZ
atmos25_11995.jpg,1mMYDAJ2NBe5_X1PnqA6Vl-caBZhtq5sY
atmos25_11996.jpg,1m4UkdsijCwxnnJKD5D4glXof6o8aUsg1
atmos25_11997.jpg,1mHQkscAr3ebjYtvkEjpr08KYq3vwNq48
atmos25_11998.jpg,1mRYoxbwASTAY1rp5Vt0b1CO9RLfJw-QE
atmos25_11999.jpg,1mOTpLIA-natth2qcScSi9rmDov9lJqna
atmos25_12000.jpg,1mkF7C5_ZrAleSEQXd5Jx1Q3ZmCmLAfKZ
atmos25_12001.jpg,1maP__x8i1G-KXkhyQF8GOWXdGjU5kbqW
atmos25_12002.jpg,1moGXE_L3FusQTVXctzc5VnAmkBwxoh8k
atmos25_12003.jpg,1n3DS6YAwVduq3iijvBYuZcvT4gQuvl5K
atmos25_12004.jpg,1n0paNK0O5URCyj87zj55txsJSRxvzK_g
atmos25_12005.jpg,1n8A4tecVvMJcYmPuFBpSJSo3-P_nQ12e
atmos25_12006.jpg,1nNmw8vMGxFHUw_v7WlJjY3zXtDG_smV7
atmos25_12007.jpg,1nUReKfwkwyyTjA56lQCLUrOf9-Dz5sq-
atmos25_12008.jpg,1ndm3dkGA8OHE8AbzG4y7iLb_3UdsT6zE
atmos25_12009.jpg,1ngtlvA9rMkO7ygIX1-OxJunTmDE6AeUO
atmos25_12010.jpg,1ni0KXxQ6p3F3km-likPBgFroAv-QzXWa
atmos25_12011.jpg,1nowT0f3k4MDZ-AOi2BjRp-FZ2HOcrash
atmos25_12012.jpg,1nzmsxu9Jp2ZorkRvJuXRqyWeGT-SfJbt
atmos25_12013.jpg,1nk8Iy0Kft5Uckz36K-X7v03GEeeJlq0Z
atmos25_12014.jpg,1o87UqMfnopxF6s2pixV4H5p04HD4xjxK
atmos25_12015.jpg,1nrNQHLoMekBg6EGST3LFSwd-_qr17mNV
atmos25_12016.jpg,1o9M5L_sjAnGrrZ9wCzJ0rn7lzcHmxJHj
atmos25_12017.jpg,1o78DJ7pPqjPoWBGeFA22LEOKm5FR2w5Y
atmos25_12018.jpg,1o8C-1hNFG_9ag-5Bl8ajbeoSX4gautx_
atmos25_12019.jpg,1oYbkZMcUXHesApw76rAC3PIUjd0IWVv3
atmos25_12020.jpg,1oTiGKCCrC25cmTGW1CrXq8A9mdIMC5EK
atmos25_12021.jpg,1oe3US7FjAK1XHovxOk16A0Ke__HVDMZu
atmos25_12022.jpg,1oaFnjeHfIeY56YZmHC_8AJMHlvRMIz2r
atmos25_12023.jpg,1osY9e892HxMOOt1Xnol6Phpzc4B5m3dC
atmos25_12024.jpg,1ohPRp2q8msbAZy6eX7lsEALT6wtlbwkg
atmos25_12025.jpg,1p-4o7CO9mQy8kSkpuXqUSUyiQ5C5siJY
atmos25_12026.jpg,1p-1rT8AK_R8OP4A9fWfkdijV1ZZOVVl0
atmos25_12027.jpg,1p8pxKP5qYZG66g06VTlr-oga393tWR1Z
atmos25_12028.jpg,1pTbXhWtlu4wz5XHEU7T5K6bmv6sDMfjw
atmos25_12029.jpg,1pl4NdAoSB6swCjiibIxdX8oBLCW1eqkQ
atmos25_12030.jpg,1pbsMdcDmoqfa7h-2ueTk8E5RDPDMyAjL
atmos25_12031.jpg,1pg45Z3qbs63_buVT0GtvLtFBtSoIb_ue
atmos25_12032.jpg,1pmHwTBJzbHG1D-2R0CusOek8Mxua0C1E
atmos25_12033.jpg,1poXxp7Dw4OUncIxtQw9xzVzuyUAl-zMQ
atmos25_12034.jpg,1qSzBr27GfkPdLYc44VWkWa-8Pm7S7oqd
atmos25_12035.jpg,1qSb5ZO6kh1DDm80vq2tPYaofX5I34Q_q
atmos25_12036.jpg,1qXZkFBjBT6_oknQVz6wxoDM1ctHQP2Yp
atmos25_12037.jpg,1qXblGZmJqmjKOXnEFzvIBDeldP1prqfL
atmos25_12038.jpg,1qaWWVE10ft8ksky0lMxK-jh5Yz3_jDKz
atmos25_12039.jpg,1qfzSA8hNs2juppr_Uc9WDqfgUqkvq-PO
atmos25_12040.jpg,1qYqi3EVa6nAj2pY6YpUaLhR0eMpTRi27
atmos25_12041.jpg,1qcQYnOOk3hYO78HxoiLaMS5Ah26200SV
atmos25_12042.jpg,1qknJ2ZlH1uM6Dm0HDBx1Yhu6iFTe_XM5
atmos25_12043.jpg,1qqu56CIaBKgU_L3hth_RqoQ8d8XH-THx
atmos25_12044.jpg,1qj3b3AG7SD9oSeKxiK9ZkKsS1YTwnfKd
atmos25_12045.jpg,1qw15HWjspZKg4OQsNaYxm7__o4eL1UQE
atmos25_12046.jpg,1qvEj8jS_V6sK8GFk2voa0ZIVkGkk_E2v
atmos25_12047.jpg,1rWk-sQvx4lJ7Efq4p6JWtyC1rBG3dN7p
atmos25_12048.jpg,1rShTFbZusofCG6VcDl4zYI1SGad-etqP
atmos25_12049.jpg,1rZ6ZKLbqM9dgScmjhSYS6kPp0gsXwiFj
atmos25_12050.jpg,1rZ-ypp-qaorB7a8SOJu5oFlBst-8tpji
atmos25_12051.jpg,1rcHUmzrdqp5SaXv2Qd2JLHXZ65Q69K5n
atmos25_12052.jpg,1r_Ld4y0gbcCr0oidMcg8KoT4OLq-ucls
atmos25_12053.jpg,1riKdfUinU_2Mu6sw91LqZ3fidyUngK0g
atmos25_12054.jpg,1rjzNEBsyY3pFWHUNosDAjAEfx2Xr76WN
atmos25_12055.jpg,1rjcGqvuWnYCEgsc47_ZI73-jN92iyLpD
atmos25_12056.jpg,1rji0Wo4mXpOR8PF8XjXE3xJyWPZPVGHV
atmos25_12057.jpg,1rn_R_GDWP3U_T-TDhZXTTDYUEVKqe5Uk
atmos25_12058.jpg,1rmOtxDllN5xUFNcknpAY_FYQpDQeUULk
atmos25_12059.jpg,1rtYglupWHd-OXAaKY3g4paQjQZeF4RAm
atmos25_12060.jpg,1rpYisaFab2jOfrPKqGOaomv7UFhc1HZB
atmos25_12061.jpg,1ru_SP3bSl6nNUvItBDzvcrnMXkD2dJRC
atmos25_12062.jpg,1ruESnZUxRvUb3wIQcmjn0I5wQ-slWg1k
atmos25_12063.jpg,1rvwTi-w9aJjkeSIYZoJ3PK0bMNYz-Kah
atmos25_12064.jpg,1s0MkV2H4JBgKEkJ-06a4-mzWavwVA1DT
atmos25_12065.jpg,1s9nwVCAas-3qpdx-NSOdGIwl3hbMGycs
atmos25_12066.jpg,1s0nNj60sMMUkNdh2_Bhno2CqQuJfMLzd
atmos25_12067.jpg,1sGzUJDHmnCVGfzxahRPXEEZ7gaMhJYgt
atmos25_12068.jpg,1sL3TmJzsVILcdwKy5qefCsZu6Jhwm06y
atmos25_12069.jpg,1sFK61obmagHj150IVa4nUXgOEbEGKjNJ
atmos25_12070.jpg,1sS235NZphFD46Qo6EzzF2Bg-Kwhy0diR
atmos25_12071.jpg,1sRLJkGVx2DaO1dajqj0PM5ZuH5Vv0m5W
atmos25_12072.jpg,1sU_-lvFvRaJs0W2_nWZPoT2yP5L2QqwB
atmos25_12073.jpg,1sS8M-mPWijdC-wx_Vbpb2Vv0PcU0lBx2
atmos25_12074.jpg,1skA87wg6QD7hc7lb1KLKoN8l-ci0iReU
atmos25_12075.jpg,1t6mZiGUaGlFmJ2TxfkGm543y4-cYDR66
atmos25_12076.jpg,1t-GTcPXLreMjyBeUm_MlYfTjxmjcXedT
atmos25_12077.jpg,1tEYsWgXDJGqlH8nri2YBXvbkqPILaE1v
atmos25_12078.jpg,1tE_02Fvy3xeJrIHyJz_Tm4-RBywgtDwf
atmos25_12079.jpg,1tFNA6Dgw8SY_jnl3oP0c0PsnA2Zp0c-a
atmos25_12080.jpg,1tRpb3XUL-ETXUgM8HILcfrhiIYBlGgen
atmos25_12081.jpg,1tOCbDwOb4rB5q1UKMafz2OxLPYocEBoq
atmos25_12082.jpg,1tf4aFafGMV8SlyP1Cw6zxt-Ubd2i_AdT
atmos25_12083.jpg,1tv_ZTsF8VbPYVd4GCwcID4T6Nj9_AQE5
atmos25_12084.jpg,1tdDK4dfuBmRvU0UvUZnUVxXpU5TGuh1U
atmos25_12085.jpg,1u2nyZldYvsoLLh8o9wkcoRMByekt-XUh
atmos25_12086.jpg,1tviTqDCN3cRhscVld1UELeB8xK632MmO
atmos25_12087.jpg,1u2uMFFsCSpDAht16fUwvP9UogboqsHEj
atmos25_12088.jpg,1u4mE73pzJ4_VKP_g2FbO65Ss8owPMEwQ
atmos25_12089.jpg,1u4hLv30n7zStLwLfrTbmkdVj8_H1zK6Q
atmos25_12090.jpg,1uMekEl3jeUW3ncKSSd-W7fHtAj0wJ6bG
atmos25_12091.jpg,1u8WcAWh2bRwJdmYBM-WgPGmTdbPm7tlG
atmos25_12092.jpg,1uIYm8Dz4HQBy2-6_KGxUCqCD1VGhHRB1
atmos25_12093.jpg,1uNb3QfdWZbYf196rHiRUIoATT5VcJWzu
atmos25_12094.jpg,1uRp0Y6tMNldBgpBU_Lbeumj2dFRBU0Tq
atmos25_12095.jpg,1uaqI22wpMHYyYoruUH-mj4bERPSr7gzb
atmos25_12096.jpg,1ui7cvVDRDXHxOTkKnQAcL0glXJtY572f
atmos25_12097.jpg,1ufDHBOAwlp5FgKzhVqxwBcifXeDgsW-c
atmos25_12098.jpg,1urAuhqfHrOKE_tEBr5ehcdEBEl-3N1ww
atmos25_12099.jpg,1ulX69CRhwpyyURMs37VqSzyif9sQPA9j
atmos25_12100.jpg,1uxfoI-NNoI1_kUOEJtIFWjucWj7gxQSj
atmos25_12101.jpg,1uwjhw8pxVZmW0THpOwU-cNXwsvmv1jZR
atmos25_12102.jpg,1v3qAeEQZ2AeQo7TccX0k3ymfs3PKdVQe
atmos25_12103.jpg,1v2ZsKfz7dHhROXxbWbQSddtXYoY3PSTX
atmos25_12104.jpg,1vFebOs2DQ2FXfRYiD6OGGWGHOw4JmS5D
atmos25_12105.jpg,1v3xRLTiMDsz10EEwWyUhNosRCzSzE-Rd
atmos25_12106.jpg,1vHiukHsOncMMKqvfEzWolSHUiDPi-ezd
atmos25_12107.jpg,1vIL2mSXOHJkICUBODDWPN8Ty3KPIO2-a
atmos25_12108.jpg,1vLvydYr245a48H-4vhhu2fM-nmuH8LhJ
atmos25_12109.jpg,1vK8WzEqUFbFKPjTs-sPB88oerIPr1j3W
atmos25_12110.jpg,1vUc9l2WoV4ym46WRFJUvk35bl0n2d67f
atmos25_12111.jpg,1vPcTjQFgMeghuoyy_Pse8Ocr7ncMTCKB
atmos25_12112.jpg,1vue6tD1L9UzdfzW9s0Qycd3HY6zjc57G
atmos25_12113.jpg,1vhYeuqt6q0ToV98yPBSHh7GBX8ADNPpP
atmos25_12114.jpg,1vxhurPvCqO4nacyzY0K9xWKVfNlmUDIi
atmos25_12115.jpg,1vvxa13wRZewk1sK-QmAhQLhZwpUyJCH7
atmos25_12116.jpg,1w8VJusBHDQHD00E7SRwbUwSly08eqXWy
atmos25_12117.jpg,1w66ouhrcAzCyfow2dgM7RPjf5D0vSqp-
atmos25_12118.jpg,1w_66UGhy3w8PLV0T0aZV478qLnZ7Gnyd
atmos25_12119.jpg,1wKAhVClqGrCW7LKYbpWra2DPz-gCq-DN
atmos25_12120.jpg,1wisUiQNlcVQHGqwrOIg7CAGiKACf8f_q
atmos25_12121.jpg,1wdIQzdwY9tSlrz6JZCYVgr72N0MuvvKO
atmos25_12122.jpg,1wtfZmwHAfw_eu-QZDImqDwCreazm6lpj
atmos25_12123.jpg,1wjqVhzoIkPnIu0mv9nzslqKAk4aPQMON
atmos25_12124.jpg,1x8AMLA4pV-k7wHtxLkeNvvljkGDv_Ggw
atmos25_12125.jpg,1x14PZQFkXPdgifwicGo7RLvBdUhEXVlk
atmos25_12126.jpg,1xDAkLrV_uamgbKG6KKDH0zwpIO78m1qJ
atmos25_12127.jpg,1xAdYV9u-oodX9BROBMBCnZd5KkAS9yJV
atmos25_12128.jpg,1xN1l7g_ngQNWVz89ZsDKUzNmP5tmf5bU
atmos25_12129.jpg,1xL4OQ1saQKg1iBQ6SA4DVmvQi5LT4aJs
atmos25_12130.jpg,1xVfVy6NADyQkCpz49ZjAxZbEpkc-2lZB
atmos25_12131.jpg,1xPjPuA1Txij_KiVvs8jvtdB53qob4R8x
atmos25_12132.jpg,1xbae6wRvDTML9xuM-BJTWm1kvN569__X
atmos25_12133.jpg,1xXr4D4oAR8wKAfHpG-NuAFTMb-cb_jne
atmos25_12134.jpg,1xgTw-GFafXbEhrds6Me1Zb6uIOjOPbAs
atmos25_12135.jpg,1xcxTxCkqGOnZp12AYijeb__EHmzLwo6S
atmos25_12136.jpg,1xle-iGBo4aEHQsjBfH-1CCRtgYWZcqiW
atmos25_12137.jpg,1xmtCCPj3_g4VZk0Q3f-NcuH3UrFELzk2
atmos25_12138.jpg,1xupDJDbK6jHekhAVNm4YvokQstytp_iK
atmos25_12139.jpg,1xrV7s5rAMEHYpxqJ5Rre_ZWyY66Cvkw-
atmos25_12140.jpg,1xwNlTg_PPTIJJPmnvrfGPMiSOf4EU_Zg
atmos25_12141.jpg,1xwNCUf5awyUC-FbuXWSkWKAZ976f8JWD
atmos25_12142.jpg,1xv1LFjAjujL1Gp1E3E5QsBBkhNk-ZURK
atmos25_12143.jpg,1y2jxllB8p-JgdZOQqNy6cfuCoKtcFpOa
atmos25_12144.jpg,1xyThBQx8rZKErARLuD-waxNiB_mwunkX
atmos25_12146.jpg,1y3PKXw5U4Jb6E3lkcJLnrQKgKSbB5Nyx
atmos25_12147.jpg,1yJHP4Lc8EwXeL-5F84ZDtK9cEZqWEvOZ
atmos25_12149.jpg,1yK_Ou0QBi3mCpKOyncfXjVx2Xvzp7iUo
atmos25_12150.jpg,1yKT4phEhyoWsRL0_T_uH5L_Wm4Rnpuy-
atmos25_12151.jpg,1yfhlkk9u2Qnk9cHi3OP4IKsgOuEzg2bH
atmos25_12152.jpg,1yW46ggC8XwKDH1kN4vlmQb4IvhjAqLym
atmos25_12153.jpg,1ynaNow1EdUxhD3E-mEVH0AmHtn596F2p
atmos25_12154.jpg,1yiSlHMbRMbv47G0KSqbVneoD4SFiexG0
atmos25_12155.jpg,1yy0TytLc8jOnQeRJB4j2rz1TxUnETZaR
atmos25_12156.jpg,1yqxdygQP46-ODDqhKidMMryJWdTYLlcV
atmos25_12157.jpg,1zPstahw8yTwnIRGjD9eDqDFl2XUjMS4f
atmos25_12158.jpg,1zIHHnd0go2iVJ5SadDvvqBhvJG5sDAY6
atmos25_12159.jpg,1zZZNRus7rUXXIlc-fDBu46d-wHeIVcJe
atmos25_12160.jpg,1zULIIdU4pSLCpY--FMw8aWylkRvWiMdH
atmos25_12161.jpg,1zd3MrJg4v9fKkBv2lLJitvXQ7w5wo6LH
atmos25_12162.jpg,1zj7abikkslVHO8d4kUR8BtKqc6CApPns
atmos25_12163.jpg,1zcuYbYgdnJ1kbyEVRkelUwJgZb7COJDr
atmos25_12164.jpg,1zgbevof_hhc1ciAFc2X0_dNsoGjfuJZR
atmos25_12165.jpg,1zz3Pth2YcXsAzDUw1Oov0YD8y9BRy6dK
atmos25_12166.jpg,1zqG5ZJcdX8oOijBSNVDHzgIeJ8QFUSxm
atmos25_12167.jpg,1UD9Yn2pJmuTGc_8UlMOhB2fSa6hk1g2V
atmos25_12168.jpg,1R8czMY-jEbqZ_brYpLSdFDtayjIgrln7
atmos25_12169.jpg,1-BENSVJJTrvcbD0n3Kpix1NJTMF6iLsC
atmos25_12170.jpg,1-9Yut8OoN-yE3oC6n4HfO4ROhuic3C3h
atmos25_12171.jpg,1-FlkdftigM1AU0e1l95dnKf6c7DVX7H_
atmos25_12172.jpg,1-BfXYIGrBNeaxybgq1tcl5yBBjzwB7kz
atmos25_12173.jpg,1-b0yR5rbfXabhNioekXgCPVG_xwNn4eT
atmos25_12174.jpg,1-Ih4OQQrjoKtr7nQeV7iwBUVMSc_04-p
atmos25_12175.jpg,1-fuVBc3sHqp8BdEVBjGRrcBVkY1lVAAh
atmos25_12176.jpg,1-fLGq3dGKrEpNsEMZzMWKr6k1tkn6ZrI
atmos25_12177.jpg,1-tlBNELgCYZI8cldokg9RZAKA9rXOp7y
atmos25_12178.jpg,1-i_12P6gy9uZa8YwinSilUcEOgJY92xf
atmos25_12179.jpg,10ARwXFudcfO1Kirv3bVBa1jwoGCJb34q
atmos25_12180.jpg,10AAuu5YxTZVSK-gL6fuv4dJcDmjyAZxO
atmos25_12181.jpg,10DJ0tWp79HRPV63w05URYq9NNiNr9L86
atmos25_12182.jpg,10AUJ8nrMrTAgl-xZjOZ5-ViHp91l6A7P
atmos25_12183.jpg,10FvM1uZaxA_N2amBWcjG3lJBg_TFhcnR
atmos25_12184.jpg,10FLqv9DFYlpWMqvIRBP-JVP3FZOy7uel
atmos25_12185.jpg,10VCHDWPOapaQyjhihcQT09kgZVzp2IOM
atmos25_12186.jpg,10KWLN6DD7zdFHDDRGKkbyg5Ug0tBlObc
atmos25_12187.jpg,10gZ9jDNsslOGohUY7qQm4a6H21oTKMJq
atmos25_12188.jpg,10c1lB1jonrsdW4LEg6QKmlnoZcFNcdpI
atmos25_12189.jpg,10kH4rH1Cr1nH1xNff6o_lU3hB-WS7JS9
atmos25_12190.jpg,10j3biEu-b4Y5iQyJ2PCM6lDem59lGVco
atmos25_12191.jpg,10rDnqHYCBcXjDcwTSvKtAS78anFmlPXt
atmos25_12192.jpg,10kogqJoyzIa8XYVHQmqqyhspdPEYEv6I
atmos25_12193.jpg,10wM-onNAzVbPmNUXKAqSapFfyU9FDGCK
atmos25_12194.jpg,10vHI_8JJdFUuZs7U6H-2E7C9H3XQYDKw
atmos25_12195.jpg,10z6TrdUMcl_HtDrZ_JnhgLjEni0kvvKu
atmos25_12196.jpg,10xzhNhrCfTxqibW2pt8xDAn5QubClN4R
atmos25_12197.jpg,110FnjVnAN0t8_m2GeWGRiW0JSpCFxAHl
atmos25_12198.jpg,11BOvUHVljdEX8T5Blv9ICb1coV_PN_tF
atmos25_12199.jpg,11L1kL5q4ltF9w7G37zRAt-gqJD7Umtew
atmos25_12200.jpg,11QeYYUIVIlDKSUNkont8HLrjAqvkF0yR
atmos25_12201.jpg,11JyW_aJuXZufUBnckPGqXEuHG5YkjVyM
atmos25_12202.jpg,11O1UIpemWc0E6EiKzoCd3q_Z4myRZcSA
atmos25_12203.jpg,11T6Pr3caVDaKIGex6yPvp_3Gtja_m9HL
atmos25_12204.jpg,11REyPq6aalzBKn1GQHKZpdFIut0bp0f9
atmos25_12205.jpg,11W31aeEAFSktJxp-776msRzM8qa0jX9l
atmos25_12206.jpg,11TIcvrYSHi3xFjMb1ExoDaJlqAOVAbQ1
atmos25_12207.jpg,11WBdxe1UL4R6kpLQP5k0YgTlXUAJOiB1
atmos25_12208.jpg,11YCjEr-Pj4Jbpi7AptGphubFR8o-0ZeJ
atmos25_12209.jpg,11WYQheNHSRo7nOeaSjzUEpdOgjFADwXs
atmos25_12210.jpg,11ivR1M_8LRjyUtlEXk8Tbkxxtnh1bfNu
atmos25_12211.jpg,11c6t7jhFk73LQg0WVpdO4l1mEfGSjIF1
atmos25_12212.jpg,11kNmNS7PgiOrAHzILnGy9T57-c06NzHI
atmos25_12213.jpg,11rCTunIgT632FezaAW_yBKbwNr2_iO4l
atmos25_12214.jpg,128QUYhyjVzEOyHpDimKCXbd4RvZeKaQ3
atmos25_12215.jpg,123q47gQyzJjlMfRsZ3HIfUcjHxc_XxEC
atmos25_12216.jpg,123Oc_efrjYa4xYwJpMUVGrtIMG0nmJDj
atmos25_12217.jpg,126-8iKH1saCXkXaWAlpQ3-bMnuCGdxto
atmos25_12218.jpg,127llallgtaxOyQibB2VKNcV9mkIXYqwA
atmos25_12219.jpg,127w8LJ6y85HafY1ZWicpMSxdj1qNw-y-
atmos25_12220.jpg,129HCfDxhtbRmcWNR6mnhRs13SBcf5PjT
atmos25_12221.jpg,12DKNJclu1MlLw0_E1_MAYQKgKQu3Ruwc
atmos25_12222.jpg,12La5Ttrd989KVopyTwmpdkfSKVs53W_3
atmos25_12223.jpg,12OcbCuI-TC2ZXHufy8n7lzyJ5bXG-cF4
atmos25_12224.jpg,12fYQO5hbgntBAKqmetASlLNwkZY8VxsM
atmos25_12225.jpg,12q4SL3dMUS1QxKZQisGE67gNQ4OuaV6x
atmos25_12226.jpg,12zEKChIkxwvrhcerAZ-F7Kuzvc_pyOg5
atmos25_12227.jpg,12gbkG4HpBBAGAyVi6tq1NxPZpAfvRGeH
atmos25_12228.jpg,12XGPa8TvviDL2NgbsYkoy4K5urEux4_P
atmos25_12229.jpg,12oVGNC_cjf1XPYeltVgbei7BHqrDDvoY
atmos25_12230.jpg,13D2Uruad5eZfSuSCjHwiSOslvnOnu3ho
atmos25_12231.jpg,138nPzB4_20Pbuivgm0WnHaW8aybuqYIF
atmos25_12232.jpg,13PL-oK8EdcDfLxh7L_i2Z-lcgh9Qk2ns
atmos25_12233.jpg,13ZJjFvgLfLm1MUfqds6hbYeMP6wnD21g
atmos25_12234.jpg,13SQ0TEC5SXwT7aYLSRqnJHw1I_dKl8Mu
atmos25_12235.jpg,13Or_SgcqYdF3JgEKEVArn-XYLP2MLXV5
atmos25_12236.jpg,13Q5eJzAhvD2Z2NnTZKKn3colZBHzL7lH
atmos25_12237.jpg,13VXU2su0DRX2aB-fSr5-dV9n8pn1NVs3
atmos25_12238.jpg,13lwZSWUZ9zYCz4DbgzNgiWLP7M56-JXz
atmos25_12239.jpg,13_Xpn7eZxmo2I63gs6x64Gy9cAr_O0Ju
atmos25_12240.jpg,13z94UNHT6W3w5Gx-7f_huKgQRvXrYmyX
atmos25_12241.jpg,13qyaR0vCZE2fxP0h3T4ido_9JGqO7Kx5
atmos25_12242.jpg,14-FiuJKtTVTHxB1eywKGuBVPgQhebaOv
atmos25_12243.jpg,13uia69s9KsRElaQyj959CrXq4iksAHEs
atmos25_12244.jpg,13zESERN4WaQBHfCpHn7gdmY9u-3h_IyD
atmos25_12245.jpg,1477ceA2eH8gHZRpV6SIFNsGrFRsuaCtx
atmos25_12246.jpg,1423wcT8QNmZd10tlnSgUCoX4oOeysHSm
atmos25_12247.jpg,149C1onuVCpV-cBis7IILs1MuZKX7yrbY
atmos25_12248.jpg,148j5fMKQw5-L-_SXoC6IP4y2rKTF5zLc
atmos25_12249.jpg,14DrSaPHQhpMr3hRxD8GaXq7jYZfcqbRv
atmos25_12250.jpg,14EwQBPwe-nAtJs7nFIm6cn-k_D6-Zep9
atmos25_12251.jpg,14C_eSijxNRyd4W0O8HU8f-e7rrsYrxlv
atmos25_12252.jpg,14EJK8q6C9kSkd-Cv2ZvfqRQr4g1axOQI
atmos25_12253.jpg,14dxfjZFK5HmHNrg5QfztcVVLWtSKIkKJ
atmos25_12254.jpg,14iqR00IKHYgLGYCBvNFLq8LN5za6W18t
atmos25_12255.jpg,14_n8Dl1jzM-RR0PQpWSHqcaZSIvrEAh_
atmos25_12256.jpg,14_lD7DcrH_Vml-ndsmRtnMYL7wUDyMuz
atmos25_12257.jpg,14qm_jSs_gti5m7zAVaDCuhZZ60c6erFY
atmos25_12258.jpg,14rSEHKMAUiZyq9XS7egG2nunCBRFSr1b
atmos25_12260.jpg,14tBBGfYbRK555kPQwylOYI_sxEFW47I8
atmos25_12261.jpg,14zSyCtGvEXRygUrSCcY-tRq6IoviAgq5
atmos25_12262.jpg,153YLQUO6Ise4r8nFxMRCvXjSbpzBfG33
atmos25_12263.jpg,15EUUj3o_mMktZDrhUXiVSJoif52N3oo5
atmos25_12264.jpg,15X5_1Bjwyn1DgfMxO3yk9i-ExX5dHI_u
atmos25_12265.jpg,15HZEa_LAyv9yeGWMw3r886OsDaTbISdd
atmos25_12266.jpg,15wUSR0mmH2Umxu3B0Hs5fc-lMBYHDAh2
atmos25_12267.jpg,165o2C63W9qGfk3RAaIsrM_CaHbJJ6492
atmos25_12268.jpg,15s_bNdyfdiUuooDm1_gMS0-JQl5B4CHh
atmos25_12269.jpg,163LBCCuCjFPVuAvQ9PGdwwIg9QKC8F6P
atmos25_12270.jpg,16Bth-k1Gn-CadhWM14FAkTQyTIb2KWQF
atmos25_12271.jpg,16Bb5TGz0c5mrYVVRBIkEInu6XfGBrrlE
atmos25_12272.jpg,16UpiMRnwMss77Fp6FKcTryvY7J3xcl9w
atmos25_12273.jpg,16PkQUCqLWEalEvmSxc-qb1VsZRS830-Y
atmos25_12274.jpg,16Fj8zg8KFPaUyWHtRdKIGtXSKNql9RGO
atmos25_12275.jpg,16fiF0Z1n5tXMYR1nTzVzEqpXp4MKPp9h
atmos25_12276.jpg,16c2DezlnLIJDkoS4rLmMswuo-wEzzH28
atmos25_12277.jpg,16eF-NpzoahBclRL5v7whS_3WyP3LfsLo
atmos25_12278.jpg,16pkv1dxyGYPuRhXvD4zLZAnj80y0Wb2x
atmos25_12279.jpg,16oT_ZICcmO4bQ-R8SxWCk2oHeWBCuRhR
atmos25_12280.jpg,16kNVAj-sRk6Q-xI_tFnWWrXarFV2X0eB
atmos25_12281.jpg,16qJPstR2oanDWmWcDgD4bGJjMArLMT6W
atmos25_12282.jpg,16uSCM5GDtDaWpYUJloPaPh2R4kYLRezW
atmos25_12283.jpg,171Emy5c2o00f5_PxsU7Xq9sVQV40QMdz
atmos25_12284.jpg,16yo4L4CoLOVmDsn46O2_KP7cLlFRiMQ0
atmos25_12285.jpg,171Tg0N7WIS1y3FTrVyCsLeTVivGCvGeE
atmos25_12286.jpg,16wnTpM79N1YW4t1Vep70-xF29u-DukXN
atmos25_12287.jpg,176i7Sj266pWyE0DEosuHUJK-OooMYoLo
atmos25_12288.jpg,17ACvqhLcRyhk9o6Ye1tfgV_IA5TpJyqf
atmos25_12289.jpg,179rQNYLUcdPo97lK9PE9_qzCI7wRwst5
atmos25_12290.jpg,17J1E4QSrk629zcRgY_ppeWybke-wY0nw
atmos25_12291.jpg,17IIlgVtUhaMTeHRqMgFHnJFsF8cCxmbN
atmos25_12292.jpg,17guYCgwQ7WJl6kPYNhf3Q_i41CDN5Wgg
atmos25_12293.jpg,17pKBcT58IYDEZ-p4OCYjOae0hZ4tz0zv
atmos25_12294.jpg,17dT4DtngcnhLOnrX-G-n6UaavDTBmx3i
atmos25_12295.jpg,17olMSqhgKlGFqAkDwEgjwaljQVewSt97
atmos25_12296.jpg,17vauq7s9FgRhw5AXQuKzNBuQBCDBpBWS
atmos25_12297.jpg,17xd6FVUxyDwNzMj_SJjqPBqn71moBh_m
atmos25_12298.jpg,17qt6LseGifxxKrt9Js2HBfA_3aUjAlwr
atmos25_12299.jpg,188loiN_6fEDEzpHWhs_jhsFkHb9CE-5U
atmos25_12300.jpg,183wSa-19v7_Btlvxnl82ISHXX1cpLYZT
atmos25_12301.jpg,18OmpkffcOLSXCWrlC9dbPfCUTcSqsAeL
atmos25_12302.jpg,18PNaLkeVZ6m1EX60knPVcr14Yp9Jqx0I
atmos25_12303.jpg,18TjtqBiK7XJK-BIisI1SviyYt0hvIC4w
atmos25_12304.jpg,18W-Kln7T7FKFdOC7iQiE7cLLwNvgcI-h
atmos25_12305.jpg,18cdA7X-EVrX-ZueBMDmkzGaPGPpiHvf1
atmos25_12306.jpg,18WMrXGVAeNTB8MdM285VNSY-aAKgA2R9
atmos25_12307.jpg,18dUymtlhoN3TBSuPvyKO-f43l1fJBg3t
atmos25_12308.jpg,18srK0ufIj0btKEWReOojU2xoNxgBdfhd
atmos25_12309.jpg,1909O2pT-F_OBemM1fh4mn3eJZmCT5BuD
atmos25_12310.jpg,193sKQKCKphaf2q1VmbmYpzBA9qXuhCll
atmos25_12311.jpg,191u481KzZU5aKpPVlUo8kwuIg8n26vx9
atmos25_12312.jpg,18z64jNz-kVEY_f0HLOYystQRJrivJ-jp
atmos25_12313.jpg,19A_Z-o74_p7mrHg1KN-TKRywEX05XGLr
atmos25_12314.jpg,19Q2DxhLYwmNW-3szUrGEsjPzd8jWuAZH
atmos25_12315.jpg,195DzxU_xIKNSQ_aVpnTXngSqp2DYxvhE
atmos25_12316.jpg,19b1RNaOXSFK0ITGx0GF_UC4ctira2NTs
atmos25_12318.jpg,19llVVHea1Ngt2lVw6c_GxZbs2aIxyhrX
atmos25_12319.jpg,19o6Dm8CLXq7gO20_J0J227JqrjSgX0bq
atmos25_12320.jpg,19rAML27z9keMb4ZmVS0hSQzrv67_ckXO
atmos25_12321.jpg,19rPjj3Kzg9CeIcSoVQWvJGSDBNunln_H
atmos25_12322.jpg,1A3YcHd4YJrQvH-slLotsvmlLLdK3ewQg
atmos25_12323.jpg,1A3fLviSeiJP_qxjWzGeXMr2wmImJxCHQ
atmos25_12324.jpg,1A9Lsciq3N_Vg6dLyJh5rl7HfQEjkvwcy
atmos25_12325.jpg,1A6Ueu4v1dTA5d-pFBZUy17YexKOWCJsT
atmos25_12326.jpg,1AGxz0FB_ftGeGuphV7cwQbKvFe0LD087
atmos25_12327.jpg,1AKi-RDkbYGCEn4k-gN2lKTuf3u-VbbIf
atmos25_12328.jpg,1ARU1fEAKp0CMhpc-fo_QuoqXa61dyPF7
atmos25_12329.jpg,1AYi5rtT0Zl13ngZDG4XuVwZKPzr0_x2A
atmos25_12330.jpg,1AXqvClPBUFnTvWtM8YXG_F9SUikrBAjX
atmos25_12331.jpg,1AoPwN7cMmoXg54jwGKSRPlHpwXF91JQT
atmos25_12332.jpg,1B9Cgw1kIqJoNGBTzGr2Vi9dpYRVX5EPW
atmos25_12333.jpg,1B8ETnUmd9GiYfpH9RBlBOaqrht42cNES
atmos25_12334.jpg,1BQErDFRDGLLB0EvOEQmppgxHeRPsVhgo
atmos25_12335.jpg,1BEA8FPYcyUfgaXpjry4Bug_R_hqM5rvz
atmos25_12336.jpg,1Bq-A5mOcdN2m_fjFhfrqqVQ4iQ9DTpKk
atmos25_12337.jpg,1Bq2spkryuN_Vl5C8Grs6W770DKcF2gfo
atmos25_12338.jpg,1C2hyUtNKzOYAjzYjbTCvViLLlPzgFnLe
atmos25_12339.jpg,1BxX45Mw6xI47lUwemZFryD9uwgoZ7rAB
atmos25_12340.jpg,1CGzc_1rd4iI3ssikpkqo1HjHibJ7NhNs
atmos25_12341.jpg,1CJL-d8Nec_9m-GSgO8DGdmEA_-f8cQoT
atmos25_12342.jpg,1C4nLhZPhyc6gfMUNtE4RmDKRzgqTrd6w
atmos25_12343.jpg,1CNMClBuWytbPKmgP6HTanN_yvMk79B1X
atmos25_12344.jpg,1CLUSH0JkNDfQQWibNuwuahWJS7Kb19rJ
atmos25_12345.jpg,1CcWM9npCFukVWtHFXZVcMH5AcmMIdutv
atmos25_12346.jpg,1CoyVI9l4TXGwskhNf-4hOnkPyW61uOfv
atmos25_12347.jpg,1ChWIuahpDf9-GTIjqHh-d2DxquOi53AU
atmos25_12348.jpg,1DX7UMQWyB0F65oCeQ777y5sOTgymOIiI
atmos25_12349.jpg,1DZHGiy8dc6MsCGzus8ZY6ozF406AnWZv
atmos25_12350.jpg,1D_ooXxmooHOU8atAogV9W6VRJDDNNMSh
atmos25_12351.jpg,1DiVoby9LHpQiPNUEPjSmLBwqx46HMiDB
atmos25_12352.jpg,1ECnKp7GRINnA6MBcTFMjjob887UDHkte
atmos25_12353.jpg,1EDL8aJf_qdoRP-fUwiMz-MElQXHRi_-n
atmos25_12354.jpg,1EEV65FsLEPYo9ZmBnclusCErbdyDHCU0
atmos25_12355.jpg,1E5cB7HEMTLks0r06xadWCzsTb_BDpoCP
atmos25_12356.jpg,1EL7SCJKnXPoEFeSB5qF6vTe5jNy9gWDy
atmos25_12357.jpg,1EK8GO9lZkZM8s9PpKCQiXe7bCckocsOm
atmos25_12358.jpg,1EX_FWAlt26vsHdFOsJKEEShElTapz5ZD
atmos25_12359.jpg,1EQt-pf5LR7oCasl48tGvFM8L9bRE-BPa
atmos25_12360.jpg,1Ep7whbaRzrXfxVlH8gUCFZdT7pozUdZm
atmos25_12361.jpg,1EogF5M77velIkYKWLD4stV-lq4sJM8Ih
atmos25_12362.jpg,1EutyZFmqGD7PCMMA6JcU6ZlgM25e7_GY
atmos25_12363.jpg,1EyGzBGGEDA5gxUGzREeFoOlr3RwuDl4S
atmos25_12364.jpg,1F4wnSvZKuUkeKDyIVSPYAovkveSbxmt_
atmos25_12365.jpg,1F7SLDiYeVyNlstTmIrmIfPaI8rehSfCX
atmos25_12366.jpg,1FX4TNsHUe3WEXy5iYixLhnmz6u3T31-i
atmos25_12367.jpg,1FVWzv1gk9trGjtmG-9caJP5ihUZ0XNPK
atmos25_12368.jpg,1FoEVxhUQ9lvStChAh0du0ObwtEuvg5zB
atmos25_12369.jpg,1GDqqJ3RR8kdKXqdms5-H7uVHjo2V4JyN
atmos25_12370.jpg,1GBQkn0vaksjAAviFNSEB3QnBhyRYAr7r
atmos25_12371.jpg,1G7gxZnGD9P5LNk3vedjftcdh3OcLqca3
atmos25_12372.jpg,1GFY3nbak5BAe5e1tbAdw3ElLyPcnT7WD
atmos25_12373.jpg,1GEkhBKUsw5rXP45g1kzFxrtNrIp78eC4
atmos25_12374.jpg,1GRkkyLoHtjMvsur9-h00_Y39FNeBDqoX
atmos25_12375.jpg,1GFmxv2cAYaqne5HH6CF_stD7cERdSTfU
atmos25_12376.jpg,1GUMO_StLFDAueRPQNahyfgs5vnEA6DJR
atmos25_12377.jpg,1GVZfsYICIe4PLNWWSzNDGIZM3cQlsk4Y
atmos25_12378.jpg,1GYTFoyXyU5PSaQF23kDVJLj49nvQmCsq
atmos25_12379.jpg,1GcvfM9VgPSu90LesvJyxQnrljdFH_R2D
atmos25_12380.jpg,1GsZ3kxvT6A9UU-OtRIWLldOWTnVkdC8U
atmos25_12381.jpg,1HEexx1ITcdsL3mC5u19h5LAU7pkab9JH
atmos25_12382.jpg,1H6x0SV561B4ZZNFBpSLFCSN9_iir3SyU
atmos25_12383.jpg,1HJBGrDQGfz04h0ay0LPtW9yce5kHZxWR
atmos25_12384.jpg,1HJp_WIMmdCyCqEdfhTUAn9V2obaDuMBx
atmos25_12385.jpg,1HR2GlLWQfCFoiLSawTaRPV-HyK7VC-Jm
atmos25_12386.jpg,1Hc6K1TEvPc9P2u5uA4S3XFPz3QWlo7Fm
atmos25_12387.jpg,1HadhsedlXFgtLwjmvIjnq2on6efWXmry
atmos25_12388.jpg,1Hcgi_uCEEzQL5MlX_G-C1o4wHpWBt0WJ
atmos25_12390.jpg,1HdrE40akskkXpffVcSDvjYJiMJNoX8es
atmos25_12391.jpg,1HnA_wwiWpM2oJYinBcEpanQB6Lb1kzKT
atmos25_12392.jpg,1HsOZzBI0hvFqr-gaAAuEqiAIxqxrDBWV
atmos25_12393.jpg,1HuehxQ_BfnOQNDum4wN8YBwJx1l2XLV4
atmos25_12394.jpg,1I23wjwaOAYORvTRtR0Rl-Az4TPk56ln-
atmos25_12395.jpg,1I0RX1GQbU5A-ZS5nAx8j_j7g2FvPVIU0
atmos25_12396.jpg,1IIjeR0cmeSKvFptQ5UEVbJNQ4SpjgUlA
atmos25_12397.jpg,1IJ5KKQMOMIOa5GknmK6dR1ij0DLDy7IL
atmos25_12398.jpg,1I_mulrdsV9Z15q9LExhq4C65DkQLRe8L
atmos25_12399.jpg,1IdscsHUCiC0B7P4Q3lcrqYv_w6H6hQQA
atmos25_12401.jpg,1IrNzFAIERZ5DLnj3UhhdjyKCXXGz4Szm
atmos25_12402.jpg,1Im0itsFjB-6sRSKQhlgoPNYgJajdfeMJ
atmos25_12403.jpg,1Il1ZRC8z92th-QzbPXw0VnpI8bzu-BuU
atmos25_12404.jpg,1J0bgARTYrrQ7hVEATtbi1FhLntHU1o54
atmos25_12405.jpg,1J-JOxCjJpGQg0rSxQm4w5K-edqOrdnaC
atmos25_12406.jpg,1J4AooPZ3mS4kgx0BJRUhsmryha_BndX4
atmos25_12407.jpg,1JJwAIKnDYGpk3WfSCwC0F3s6q4Rl0MlS
atmos25_12408.jpg,1JO8Yg9epBZb7TBREiobQaks9c8iH-RKK
atmos25_12409.jpg,1JQg1reB6mMQNuJV1pk-wuWB14ojoowoD
atmos25_12410.jpg,1JPH2Hj-BCdJMdcYAOOforjMr_qdDygzO
atmos25_12411.jpg,1J_glqcQe-3b9gWzgl9rl9Fz0O5QtTgwk
atmos25_12412.jpg,1JYhoXq6RrDpVrGA8RjMi3ewzw5JYKaJa
atmos25_12413.jpg,1JdYpE4Gf7dyIEzV01jHr5K-Q8sUvCjMo
atmos25_12414.jpg,1JgFd74sQL_tSLNEmX8PTGaBc7QQR_E0K
atmos25_12415.jpg,1JjbIjAf4ivxVOeGR5mzdDv-yxuDADnZi
atmos25_12416.jpg,1Jn0GBaPkft5lSPY944CMkzze9VthYvXe
atmos25_12417.jpg,1K4-M4auW9vw0SCuXjHJch6wuetJ6_IlR
atmos25_12418.jpg,1JogaBv1KnRsOAfFRxe5w-nnYJUw7PEJQ
atmos25_12419.jpg,1KAAdmrrXiacQUP7RqfJWYujkhf7sxyHR
atmos25_12420.jpg,1KVm3-l28gydPtF5p7Ltrp42B95QfWEFN
atmos25_12421.jpg,1KNRVPO9ScVYMSwVjVrl0F24yGQZZDB7K
atmos25_12422.jpg,1KR-mt5ZBuf-yfiyl5k_DP59lIBa3Yw7D
atmos25_12423.jpg,1Kaxp5ICUeliGsISxGp4LEJwHoFnDEQNN
atmos25_12424.jpg,1K_A_j0mILG10DI0YpRgS6-k4vJ6KMn_M
atmos25_12425.jpg,1KbrA_5SZ5nDPTlY22nCleI1GABs_7oc4
atmos25_12426.jpg,1Kv9dVAVRvvkLuF1_kcMQ8GPZX35bPqVf
atmos25_12427.jpg,1KrVzG6hojIfE6gXv-hR_iVb878aiJ5iu
atmos25_12428.jpg,1L5MqTi3Npt7lyUBIexOJbwC9OlVFBKI3
atmos25_12429.jpg,1L-iWn4aRMImlFyUXD0xn8pQAyHk0JkfX
atmos25_12430.jpg,1KzGJbc5_7oQDbYqRFWtwlhlVLNHnbvLN
atmos25_12431.jpg,1LGZ4GviDONFuJOf_Gle2Qbi-8xWo-NhR
atmos25_12432.jpg,1LHoantBq2YRg36lT6U-fhYXY4C37amU5
atmos25_12433.jpg,1LOrL9Y3FgWMMFkxE0p1OBt2YE12ltH0O
atmos25_12434.jpg,1LMk6i_Cq9pR1ChbduHu0ZSO8f9WuaMMb
atmos25_12435.jpg,1LWGFNU7HlJytLh7HvNZa4L6BJjW2DFDq
atmos25_12436.jpg,1LPjwk3h6Ck2IKm3o6pZbLsPID38KN-WN
atmos25_12437.jpg,1LbQbHN7SHGwFjJj5yyqCM-eYzfaY2Prb
atmos25_12438.jpg,1LdJ2qqUiOIK2mBm7fMbWQx_bi56KMP9K
atmos25_12439.jpg,1Llua0xe-jpmpPjtSa1RqsrHcWznATEWK
atmos25_12440.jpg,1LgZt39g-iXhp4bAUFe7nz76drV93k1MH
atmos25_12441.jpg,1Lv3CQtpCf5eGzmXFNhgpT93LqJseo4oU
atmos25_12442.jpg,1LpsARtlXC1UXSllEumMLRMxHL3r5SUWD
atmos25_12443.jpg,1M9rgm9JGva2LqqCztklqlOSkor8JpSvM
atmos25_12444.jpg,1M4rFMcBd55_CO6R1fjEL-k1R1i52vhsE
atmos25_12445.jpg,1MLJcjslcTku5nLeAQXm2P2YLAT1eXuWh
atmos25_12446.jpg,1MAQJC_q7DtA6iVuOHovM9AlPX61Zfhjo
atmos25_12447.jpg,1MTO4Uctm9s7XF6V8DDB6XlCDhyTqny_y
atmos25_12448.jpg,1MVYhzIbSEFxCpq4NT0wsU010UbVx7bRt
atmos25_12449.jpg,1MV6gvxsgbF70FRQmdLLRlyfp3gtcoQNW
atmos25_12450.jpg,1M_y7xNNDjG_CriOSzgILkYvaaJSclwcT
atmos25_12451.jpg,1MXlCvgcW3G9TOJPmp_rLRI1ZBd64GECp
atmos25_12452.jpg,1MuG1LPcyFhLt9QckqT1HGWQT53XMJAQe
atmos25_12453.jpg,1MzwV44Mn7UAZJNCMDLWCMJX4pkus2-bR
atmos25_12454.jpg,1MfflV-mT8LyxsWXtVsHUEQdpsOQlyh29
atmos25_12455.jpg,1N6opLAnh8fIbFrnwIoj6CmyfpcVpD-gz
atmos25_12456.jpg,1N0eYxx8YuHOnN1ehXacg-3_jvFJYN5Go
atmos25_12458.jpg,1N7AdwvkW4Y8RHV6XBOBtFMkE6T3HYnbz
atmos25_12459.jpg,1NH31-uiE84lYXdfzBjrzkhikiOiCkirK
atmos25_12460.jpg,1NSZWQ-3gH7F2Kkpni1pbRynoG3HN_1Ua
atmos25_12461.jpg,1NK9TYXp7W0wbOoJjkbRntgk94VDUkg8Y
atmos25_12462.jpg,1NOCSLVfE3dPR0drp8gJnbjXd2FoUgOhu
atmos25_12463.jpg,1NfxD-9toQcxypVjyGdqACShtrkReplvu
atmos25_12464.jpg,1NcFMDORJCubtVxEK2Z9fP6iHYhPdfFPo
atmos25_12465.jpg,1NkFNRMv6p3c7pMCyGvPwWvUcY-nRLXIB
atmos25_12466.jpg,1Ng0C21KMsIJQaQerAX7azBUPxZ4H3POx
atmos25_12467.jpg,1NgYN_S-__wCACeAGlxKIWyVje8MIpYnP
atmos25_12468.jpg,1Nh18pfZTaU-X7RftVO8jBuL9YtSlr-o2
atmos25_12469.jpg,1OB2bJgj9KMZQVO-O8lbBCCHbK5Eemecb
atmos25_12470.jpg,1O02LBEyzURii6xuKXVCBQ1NCZgasmtMm
atmos25_12472.jpg,1OIfyY2_Ef_uEOGowdHwrOAmMT3_Tl7f3
atmos25_12473.jpg,1O7zP_E1kmurPLstAciiV1VEIg2p0a4fo
atmos25_12474.jpg,1OKdXbYlGZ5TagdGI3JejOaDftohu0gCs
atmos25_12475.jpg,1OCeFEJ3xl3jgJBj-ovrq2h6Ar1oVrsRN
atmos25_12476.jpg,1OJQy_nuOH70AoL75vypgf_KvXduchTRQ
atmos25_12477.jpg,1OWW_tDmnL_kVcYAnqf7zkqfYNPXxMcPB
atmos25_12478.jpg,1On0Pn1eQe_3Jul4eVR6SkZER-DaQfCXP
atmos25_12479.jpg,1OsjfgntGfCoYGjQMUmukgYMVuiNfO-8b
atmos25_12481.jpg,1PLOc9pdgXtLcbAS6_wYk_EgFgGU2bW4N
atmos25_12485.jpg,1PQv7Vq4FcTdp8RyI0A5SNezL-RRXYeOQ
atmos25_12488.jpg,1PU0Fh2pdV1LQLs3mBdIRBe675HOO1JhA
atmos25_12489.jpg,1PkH30On0tE5nlyQcAmpzXTgySVtomI4a
atmos25_12490.jpg,1PqPy-JY0_IRxel0cDbKWHnfFs9SBIZcq
atmos25_12491.jpg,1PbYe-wz5OhchXYr-M6yUCUz_lQFJ5Got
atmos25_12492.jpg,1PmpjlLChlyWMQWusgc3-xpw5KWO3nK5S
atmos25_12493.jpg,1PxafeTZINQXhZ3g-pk0h1_HwmwzOeezX
atmos25_12494.jpg,1Px2rLIbVPPaS6eqJHJW8jvdqn8XaKQmG
atmos25_12495.jpg,1Pz4l_QqYWGa5YDAQ2tWH-d5pOiymqLWs
atmos25_12496.jpg,1Q51ioKWpMh6ZVVpJv2LIaAhOwLCo7gXS
atmos25_12497.jpg,1Q0DQnzGL5e3hVe8ttqdfldJfIxeC6wgy
atmos25_12498.jpg,1Q6ZS0nb43Qp8ltw8vuKAMxAvKpi25mTe
atmos25_12499.jpg,1Q61NpKckWbDYC7NPcGM9Dvf8YG3VJId3
atmos25_12500.jpg,1QITvNUxvSWFHX8ipSqxsU4WDWgBOD1JO
atmos25_12501.jpg,1QA91oYB7S6L_cG-_PtL57foUvQOtL7bD
atmos25_12502.jpg,1QC3oQtaDRocJlFryKWXS7Qpa492kPnS9
atmos25_12503.jpg,1Q9dKFEcx8bBf_OZosElq_Nz-tTdz6XYM
atmos25_12504.jpg,1QJY_DmvYUq_Hnj4b7HV-RKzSYE2nZSiX
atmos25_12505.jpg,1QlcpEG887RG951eRH61d_LVoaMfhXnfh
atmos25_12506.jpg,1QXdcSLuesUkQkug-xxq6uMtp7k7HQ48W
atmos25_12507.jpg,1R7dFXP3cvrtwfxhWJHwkB1QoE52Rhdmb
atmos25_12508.jpg,1RALCAX7XAgg2SCnrya27GakqVFi5mfV8
atmos25_12509.jpg,1RJAfD9CfeMBhm78U2K5XoRbjwG6nBKF1
atmos25_12510.jpg,1RK18LLDkcTFib3ODUlw-ulSxOK7Rp3D6
atmos25_12511.jpg,1RFhhiOzJISN5invJun2BNim8RBfdYeLu
atmos25_12512.jpg,1R-c-UtI9CLu_8TDXeLRlgGm00qKTtdjI
atmos25_12513.jpg,1RMOGSDCWn0xK-xtiYhuQJAX4oMc3-txO
atmos25_12514.jpg,1RT-ECaVpVYg3qW-4XowHllYXUsiAKdqe
atmos25_12515.jpg,1Rhcy43lgF7XbxSh7Jv0g8GmgEHlolmxW
atmos25_12516.jpg,1RhwaNbRN8M44B8aLWUwYXGQ1--NX6_Q9
atmos25_12517.jpg,1RW5HRSVhUC-OYizejevxHNkGYil-x3rf
atmos25_12518.jpg,1RoUJ1k97qz4YZ7qKM7Ao7n7678R5W9Ql
atmos25_12519.jpg,1S7uJgDlS11kuMTkWzSKxr-eVCP6MlAc3
atmos25_12520.jpg,1SCfoQvF2zXfkq3Lr_omg-U3GgH07mH8z
atmos25_12521.jpg,1SADFevH4NsiF0lIiRVzOBeWO2-YiEAXe
atmos25_12522.jpg,1SFTQDhQY454NHJKPZd4Qp4a19zbC8UPq
atmos25_12523.jpg,1SF-BP_KXW2B1J4rnErylHBKw1NL6270A
atmos25_12524.jpg,1SJL6kb6Outlu8ItLXqjGO98SJT9H85si
atmos25_12525.jpg,1SJPylrsHGK1xrMhbSivdFurdSLN12uab
atmos25_12526.jpg,1SLzTOMT9QmXNnaO66ljjy2L7TzeBGG3F
atmos25_12527.jpg,1Se0YM2E3mMSmZlQkcGb1dawK8fgc3Wc0
atmos25_12528.jpg,1SN7SDSLGQr6rP-7N2seehS9EQjWSHYgP
atmos25_12529.jpg,1SNWSbMSUqMbWHmwE7PSmjrS5b67ONLmT
atmos25_12530.jpg,1SbPORA0zW3FjOzbdYJLc1_pS8bURyMGO
atmos25_12531.jpg,1SdEmIIoy-Nd_c7RHMKMphUSduF6GREhz
atmos25_12532.jpg,1SUESZvzGBQqJMU0HozWLluAx6g1Q0cXF
atmos25_12533.jpg,1Sd0vaTQEOdZBQ6pSuojQC-9znytsrsqk
atmos25_12535.jpg,1Sii9ZAJnkhBdRBmSbSvaPoPJpPSwCCF2
atmos25_12536.jpg,1SlbjBClZgjH2a4kVF71LyW26sOZB5dOp
atmos25_12539.jpg,1SppJiJhqXwNEbG9IdiK-8xvvmrDw_P_U
atmos25_12541.jpg,1TBwEeua13PJSNZy2UpDynLmEACEoVI5Q
atmos25_12543.jpg,1T5y2hQUjv4YtIYRLftmKrF7itVA6miav
atmos25_12544.jpg,1TFfW15PzfHF3hHHGHTIlsvInMLiFWzAa
atmos25_12545.jpg,1TGJFVt0PZCLIvg2fr7T-naKR4wJ9VSnR
atmos25_12547.jpg,1TDmto--CcUq5mU0hVRIO_mUQHyIB65p3
atmos25_12552.jpg,1TtDelwwVNvCmISpE7n-VuyzvtRAVEYoY
atmos25_12553.jpg,1TnpEWSWSqNDrLvngNtbTcN3FyVZnvPSx
atmos25_12555.jpg,1TuWcMjFDG3VcIfYnkAxBLXhjRLBNAdp0
atmos25_12557.jpg,1U-Otpo9_aM1Efv7PEjIohcZSBRHaq9q0
atmos25_12559.jpg,1TwYyiRzJGmmkqzLzXqkb36N8OEcO3NAK
atmos25_12562.jpg,1UHvAviMRwBbtVRGP8s43FPqkSDj4_JWg
atmos25_12564.jpg,1UJMQmeQyG4k8c5YXIYEtj-FDUmxnCM8n
atmos25_12565.jpg,1UgSNAAIjtlo5VCMyb7p0pgRplhJUg0TC
atmos25_12566.jpg,1UfcNSeNujitCau-uV0TuQPqfX81-0iMh
atmos25_12567.jpg,1UtQ3HORPi000di485IjbQnqyhaMfJJrO
atmos25_12568.jpg,1UqlvTvXs5SGUAdeZjZ5vziNLCoUaXFp0
atmos25_12569.jpg,1V9GcFVjCSue0t9HH1_g5FhION12y21sK
atmos25_12570.jpg,1V3-wOnle-lm5jCChcM-Xhp2egIkoHAdg
atmos25_12571.jpg,1VJJzn1_fIwLO7UYye4M9IVKfoEVG78Uj
atmos25_12572.jpg,1VTXDkfta9PVMqZuVy1Jo4duQwQ2BvpZe
atmos25_12573.jpg,1Vcv5shze0PdVFr_OulMjvUplSkGCqyFw
atmos25_12574.jpg,1Vjpo-TuoiJSzmZzw3-G2FpMCurqZBGIA
atmos25_12575.jpg,1Vh0zEMcBE2HI1J_McAaCCH98zekvFNNf
atmos25_12576.jpg,1VoW6upnHGnzzon5R-em7NdKC7AupaRWj
atmos25_12577.jpg,1VqHBSimMchbhp10nK4tvZB48oPBAKAnf
atmos25_12578.jpg,1W0nDs8dDfvrqExPGp4j8lOaLrrkvVRIS
atmos25_12579.jpg,1VsjAmcTCVvMGXhH8lO-6ru6sVdiM3lwZ
atmos25_12580.jpg,1WWKgm9WMk18_n80Su2FstUHAjyV2pCO9
atmos25_12581.jpg,1WS9dQUpNjPHNT8x2cV-f8D9mPuTazLys
atmos25_12582.jpg,1Wc8Pucv65uZbjtJC5f5QZwYzZYGF-yrO
atmos25_12583.jpg,1Wda-NeYIV0ZKqVm3UVAE9XY7-odqeahs
atmos25_12585.jpg,1WfwCqhxCtzq1zIs652n0Yat5j4bi0h2s
atmos25_12586.jpg,1WosdJxgL0Yp5ComlX6PXVznSuEoxk3hU
atmos25_12588.jpg,1WjugZkKCyB12y2Nc0Jj-klRFvMT2lxuR
atmos25_12589.jpg,1XBTsUhRpAADSmqJgR1j9jA6pUH6JHrF1
atmos25_12590.jpg,1XDkxOC2fRPTNd04Wv3UO-CDLw-VKcgdb
atmos25_12593.jpg,1XGFlW9eVXK19j1lN7B4jGQq5k0_TAFo8
atmos25_12596.jpg,1Xuv-tzLEGxHnNxdsZrCe3PtAkHp-arbZ
atmos25_12599.jpg,1XxWLEHrW0iukl2D21wrdNAibYrQcZQiJ
atmos25_12606.jpg,1YJ71Adxf0d9u7dM8XrRQW3H5UyFyiUg0
atmos25_12608.jpg,1YPi5wWkzasVGcVSw3hVnxSb1BK0KKql6
atmos25_12612.jpg,1YUXqwIoDiXAZD2bmq_8qx5FiNcww4B1l
atmos25_12614.jpg,1YlgK-DkWDYL8K_m-df7WWLJsUDUD4iqM
atmos25_12615.jpg,1YoXeUAYEaCKfTsV62BIMEM-E0LrBlfkn
atmos25_12616.jpg,1Yrh96YQgkaMpi66fvQgZtbgV-TuiBxKs
atmos25_12619.jpg,1Y_lisyAEXnsoBYNrtesYXnLuB1uBn9iD
atmos25_12621.jpg,1Z4NFIGHV7aA0stoUEotix4lZZMRRg02D
atmos25_12622.jpg,1Yp7GVYyJznIKGigB_zfgBKHKM6UpAPJu
atmos25_12623.jpg,1YseaKqWshPcuJOfgn2rstaOAEqmiFk0Z
atmos25_12624.jpg,1ZG4pR8n1uPToIIIW18uEGqYq9PDUIIJF
atmos25_12625.jpg,1ZTw-ewXRI9jFhxSVzFRNh7gKWLJIwdzZ
atmos25_12626.jpg,1ZV_I33Wvxxn6eelgt1iWGyp7NQwl-mUf
atmos25_12627.jpg,1ZVEFMQUiAB1FzPaJSJ43-xrBU7kGk-Ig
atmos25_12628.jpg,1B0WRmht6ZRptvQdcRdtGS7ro54Jq6Jso
atmos25_12629.jpg,1N7yoZUyEhNv9O26tw8evZIOnGvXuvqVj
atmos25_12630.jpg,17FPNzwwXXR5BWhJmEKvPBZk9sU14xm--
atmos25_12631.jpg,18UFpjmayt5351mMgrAetsl1Y-wxNNiHh
atmos25_12632.jpg,1UKKS9MZ9cC-eQDvcUkUnCIOjmyu4sY3I
atmos25_12633.jpg,1t6gxZwIdvrBx3hUVlNY31qiujv2ulADr
atmos25_12634.jpg,17RsYCXnJBQIs5-bA2Xippv_IsKTS0ORu
atmos25_12635.jpg,1_-Br-XGgSVQOtPU6nD-BMrZpOiSapa58
atmos25_12636.jpg,1ab9JBLySUcYNXjOGSZoUlBr6tRZ7l3SC
atmos25_12637.jpg,1n5rTgxpo2oT86svrHEydqAQPH6pXIv8d
atmos25_12638.jpg,1AS37eWETw5PXS1l2-5E8waVkp9LYw5kv
atmos25_12639.jpg,15-_P0YaIkXm0RdrnjGuwZycrnz1R7BJ8
atmos25_12640.jpg,1xQgT8lLdDG4GxYlmaN5v90hctnG1WzsV
atmos25_12641.jpg,1a95Fdzvx-4OJljUOwMjF1uwdjfbQkvSZ
atmos25_12642.jpg,1wXnd8KLs_U68CMksc-If1ng7t1VcVNWL
atmos25_12643.jpg,10WgRHGQ-FCGdGwbrRjbG_HjVOM5WFEZS
atmos25_12644.jpg,1IW54LFkoMGZBZBlP0uaoMaWOsHHWNwY2
atmos25_12645.jpg,1YI1d7EPfANwxOVXeRpwMsppMyGQ-vyLQ
atmos25_12646.jpg,1-gAEQrpM7F2yahrzM5h7ScrF1-dERYA3
atmos25_12647.jpg,1jI48kFZZxv7MKMS4Yl0eR-z5W-hsDj2k
atmos25_12648.jpg,12TcHPQwe52DIvKRyDXaMMDaikOkI9z7L
atmos25_12649.jpg,19bFXYvvj0SxmTayESKldNvSVZwYPe-P-
atmos25_12650.jpg,1A2AVweV1CWBanEY9ZN2xshUulURE7uzU
atmos25_12651.jpg,1ymrHoQjrVC01jBpt9nS0SQ4aSzHEpimW
atmos25_12652.jpg,146Ob8nYL03PkayLi0p5orqCUy8Q4XIOX
atmos25_12653.jpg,1zlyH5Qr96pq75yatuGu9wIpZ87DPEKs8
atmos25_12654.jpg,14qpFLvXqy_KnmqByL4ImmL8oQfQQPuc5
atmos25_12655.jpg,15HPfjKknHPAwoj86i4Ejdx40cgtz-_OL
atmos25_12658.jpg,15Sbp8Q1uuHqi7w4TQk025QsMeo87Q3s0
atmos25_12659.jpg,15S0Rd714ow8N4MypBdjKDDYu5heo5CYY
atmos25_12660.jpg,15cLH_zLuylviDarwFHE1V3wStEmrZ0NK
atmos25_12661.jpg,15idPgYhQQ1gMXBQQrW1RXmEpteBI6zhC
atmos25_12662.jpg,15n7Eabg5y7R8_9Ob0jh-6QVC3mTHpQUl
atmos25_12663.jpg,15ktCZOGA6D5iKfMbJJfCT9IMbaXvg_mg
atmos25_12664.jpg,15pwUiuXsN2O0vL_FJ-qMWnmarC7NcSq9
atmos25_12666.jpg,15x2m43E6WKi3O_TWlqh4ud9LtXIwS0Nc
atmos25_12667.jpg,15zNc3DvBbo2g1RhjDqZbuwvC94jjhLiW
atmos25_12668.jpg,16002p7v3ryDLpG_-ej4ULdA6GNISgysB
atmos25_12669.jpg,165eapfrfogxxKjFKVFXTFZxUDB6uaJBB
atmos25_12670.jpg,16F_84shkJF9KhH8mbQJNUkZteKCmegiv
atmos25_12671.jpg,168Q_yYEabusNVOXqrXc_2qpkC5p0bxRl
atmos25_12672.jpg,16GnwVQPS8qinGisKQJSTVHTMpI6zXa5k
atmos25_12673.jpg,16Ikr-ZBYZU4Nq2c4Cd4fAqzxvdL8gzuE
atmos25_12674.jpg,16XH6wTHNFbs-MtWRV9i-Asgv20OV7NYq
atmos25_12675.jpg,16MksWb4sZUxtM8o7oZkjGROx584onvb-
atmos25_12676.jpg,16pwkSAJnBM7z6UU4ZInz2xNwvjoLK9eh
atmos25_12677.jpg,16giJnF_eMdvT-GMrS9NKHZw7NTCwx051
atmos25_12678.jpg,179OaQVUL1eIMb1-rYbqR8Pawe5damzbJ
atmos25_12679.jpg,171nq9nh9bUrPGOTAdZJ1Unoq5mqNKZQT
atmos25_12680.jpg,17I2X17bX-foCG9i7tWYFJF2oP_RG84cx
atmos25_12681.jpg,17Es876NYZNjUx7NZ18-1aZVi-t-SpBdm
atmos25_12682.jpg,17lyngVOng6woYuVxwN46O0_PldFEa975
atmos25_12683.jpg,17hPgzsLVvkutOh_S0ksjNowJEijzCi3Q
atmos25_12684.jpg,17pgkbU2Zoydo7an5ah_PQGYcy9Lw-7hN
atmos25_12686.jpg,17yXmzbtyxWKYFlEZ9Moq1nsGyIxpnxUR
atmos25_12688.jpg,181gk773l5-tX0KucgFBfMMH2ohSKwf-z
atmos25_12690.jpg,18TNlXtvsjtRkOFvJufqeHmas8nk9AMps
atmos25_12691.jpg,18_3NAOohSRQBAjUcnyYhTfdWGVWj_xqU
atmos25_12692.jpg,18OUhR15-cUBhsMCQ0F8kIMUwGrSuSROY
atmos25_12693.jpg,18TX-Mc-_zAzNF9tU11rFjl0wTTz4Hm1H
atmos25_12694.jpg,18dRMUoOKJhps1drgyNR64OhQnQbB1-ye
atmos25_12695.jpg,18a2eg39dGm2zYH5yQOslA7J7Lw_QIphw
atmos25_12696.jpg,18ogA8FkeQjQjAjNs-7BkbjLZhEyL_gyb
atmos25_12697.jpg,18e7qyTFMYqs5KZV21r4a7GpbbBK0wZiX
atmos25_12698.jpg,18wFgd9fiZlPMHuV_-lVGyRQzJUWiH6kV
atmos25_12699.jpg,18pY5O1fcKvsntPJ_ulMccLrd3FYAaMKX
atmos25_12700.jpg,1914qY0mTuGD2h2tE-gpyOCtHDSpHsR8B
atmos25_12701.jpg,190aKRcWyyPiScDttDejJAnyjn8HEcv4D
atmos25_12702.jpg,193DJDcauoK-nJrH3DvV1325a7QHhhq9B
atmos25_12703.jpg,195EvRAXG8yh6ur1QejlDm7SDpnuZv5GH
atmos25_12704.jpg,19GgNEX_nrBdi1WVo1wNF5vz2JUfUJ-ko
atmos25_12705.jpg,19OpEY6_zvL1NYEW-rBl53wsREv0jNQiZ
atmos25_12706.jpg,19SLKS7tP20Atj9gOZdKSy665itppUtxN
atmos25_12707.jpg,19nlcrhMGhNFG_mKvUtBKUV1FdtQmL2AD
atmos25_12708.jpg,19s60lHf3B1xF6igIQ_DJ1hfmCv5s4r3A
atmos25_12709.jpg,1A-FjKutjVbraRhrcaY7z7vYv_VSDlNTA
atmos25_12710.jpg,1A-Hm8VCxQ-TnDpWuFE1eZcU436YvPyZS
atmos25_12711.jpg,1A1K4YgngzXbSN-Ak0MUlKQfVb6Opddui
atmos25_12712.jpg,1A-cPUatXFBKwuli1pj447sai9rMjUPtW
atmos25_12713.jpg,1AAX_XAbmkeHnQUvz2zpAeQciRya9-dFu
atmos25_12714.jpg,1A7zKoFsj0eciMZpT1W0kI5_SY9--0YN2
atmos25_12715.jpg,1AGS0QBiFZbFPfmLduDEr_wsWbcbHq5Uw
atmos25_12716.jpg,1AFmvqYuI1AxLtQTi7LF5TaQ_dxWXMxjW
atmos25_12717.jpg,1AOhg8nHcfnkXJb-HUwBDCOyZHSQ8dfUc
atmos25_12718.jpg,1ANwc_Yepz0G03ofS8w0TimUUw1tL5fKB
atmos25_12719.jpg,1APr3eXrM8nvZMLxiPuaJ3NeTdHck5pCM
atmos25_12720.jpg,1ARW__i1gjsOJwrP_x_xO5qmGJsKMDMxG
atmos25_12721.jpg,1ASfncvNjF3T9sBwLtjZfP65wZzkiGji2
atmos25_12722.jpg,1AVhMpDglsW-JDrXVvoQWaFxcV6ZGaIHO
atmos25_12723.jpg,1AVgyIGxqIewo9xs16yLyi65mDdb8VIU1
atmos25_12724.jpg,1AfXt7zxXK6fTZaOUnZb_6VCOULSq8xjq
atmos25_12725.jpg,1ArSd5OrhmMVC1kmoSuArTssBYObY-v6P
atmos25_12726.jpg,1Al_NKSBjap0wRIJecvvW4pVWkrWQCwjT
atmos25_12728.jpg,1B-wdyVUc41QCy6AZ8c2R-QJtbYoOiPCT
atmos25_12729.jpg,1AyOjkvH5bpaKzbUIFnQHD-qCHu-9f_93
atmos25_12730.jpg,1BGVSMcyI3fp20P0hmsEEOaoJsjTNRBWl
atmos25_12731.jpg,1BDvTsS7kGAPjd129-JSMkm06CE3l3kPf
atmos25_12733.jpg,1BS6B7vgue88BcDAeqCIFbQdEtjXaM0Wk
atmos25_12734.jpg,1BNswOH-1YaVvvpW_9u1rpUeAJqmg3k37
atmos25_12735.jpg,1BY2Ij0bwMLNz3G_M1FFPcpJpdlxsdahU
atmos25_12736.jpg,1BX3Oc1JWKpGuFXY4FMUL9DCKRX0HWdyk
atmos25_12737.jpg,1BgDuqtRf9J0CxCfoaRJ_4SwXn_-cEpC1
atmos25_12738.jpg,1C27SD5lriFBjYJTCg4fSQjyGhqSwCXYK
atmos25_12739.jpg,1C4X3b_QqInmtX4lZVD1gnevGiblUK8aw
atmos25_12740.jpg,1C3FkKMOMJlEx42Few6QTkJGq-aeYT1NH
atmos25_12741.jpg,1CYJz-ZDUTwPa2Pfv66hU3V_pc7TT4dED
atmos25_12742.jpg,1CYAfg79kS6Qo_NNNvhOjGcSYvi-qOiym
atmos25_12743.jpg,1CnSkidIEmkZ2wLcr25mwPChfUmxkjnkV
atmos25_12744.jpg,1ChtfxvQdhmOmobKT-pRoJ7Std1Lb32sG
atmos25_12745.jpg,1D0LVPH1YT8CST4-iO-cb-P_RjpzZOIFG
atmos25_12746.jpg,1DEQfmKx7xNPO__zjRoEW0EwbURD7Vlec
atmos25_12747.jpg,1DELoAoeZ3OwcQjsmkMVIBV4c1IHNjjzi
atmos25_12748.jpg,1D_61MK34MEnhfqUCPZ2UA6aII1wohIr2
atmos25_12749.jpg,1DZkB2Si_WwTOsiRLq8zTPjrg5m6JvC15
atmos25_12750.jpg,1DdFXKPIk7VPtXHe2X8DdSaCx2byO7IPH
atmos25_12751.jpg,1DbFW4vrOncXzhuxvuT-fEzUXvWxwUM57
atmos25_12752.jpg,1DjtYz5XEqA5JqeYi_AOl5TqRIXatIelU
atmos25_12753.jpg,1DnzKTHVTAx6tNcZzgclQ_ZbaE1PFWMqX
atmos25_12754.jpg,1DxsCVYiXGXVCtbWT8xQH4CGpHXwFyHee
atmos25_12755.jpg,1E4drCRUZqxYBgN9AooYXqBkVq7GCwlnQ
atmos25_12756.jpg,1EKgdLD8vJoP0YPy8ak4jWlTzUtR-Er-g
atmos25_12757.jpg,1E6Ojz8T65Nfa_x1YGes48DYxHK1xQ0Zw
atmos25_12758.jpg,1EDatUjaLB9_Dga9nj1X6WqDnxa4syAHN
atmos25_12759.jpg,1ELzcxHIm32Ol92hKrEB027bXH0n-5Hkf
atmos25_12760.jpg,1EJ995tly5nIp9dLMZ-hX452oNCNuJJ_k
atmos25_12761.jpg,1ERh6HP6200MYg_ryfVJG5tRosYP5jURj
atmos25_12762.jpg,1E_sN1TUorzWAgaEKLEyHorXypIZ1ATWU
atmos25_12763.jpg,1EtHMwyAZSuBtiloXDnqfI020EfEMpj1D
atmos25_12764.jpg,1EtgYSHgBAMoz3dbRrJKF-iXOd0Y7d8DY
atmos25_12765.jpg,1Euih2sBeyluwkZh7JSY36QpjK0hUrcqV
atmos25_12766.jpg,1F6jc7Jdl1Y5dk8VpmFl6Rxukg9if9FbV
atmos25_12767.jpg,1F8uYLqIGu7fkHR7odUvzaPs0Lxbz9pJv
atmos25_12768.jpg,1F8GQagFaRZ4MpGN0amwPnCtkaEhKFke1
atmos25_12769.jpg,1FB287mNpj0qXs7-7xCPEbiyggfms1G5g
atmos25_12770.jpg,1FQEnRlzLqpfLj5JF1NbF4hZ2JG-B3jqL
atmos25_12771.jpg,1FXK1ZTJPmaTsKzMr86Lwd3aK-izu-AGS
atmos25_12772.jpg,1FWub6-ujh5xsGy30BsHl5qx7azn4ESFa
atmos25_12773.jpg,1FtCz1NEjYnYmwAVEzIFhDorZFxb6BPtB
atmos25_12774.jpg,1FviOQw1FJn6MJDzx8MZJ6p4Z4pSmuT9M
atmos25_12775.jpg,1Fz65D5wM8KTqxtmNULMSsDMpaZWTkLes
atmos25_12776.jpg,1Fz6thV5A831qof78avKTKaeBGaGiyeDj
atmos25_12777.jpg,1G971AMQPyjxBpyHMSMWeflct4LBwm3pp
atmos25_12778.jpg,1G9XoHtUOOHTGDkX3skxHDuTX85yUI1hk
atmos25_12779.jpg,1GHk7KuKsF_TB0bw9QBo-0L7sc4fuvTDJ
atmos25_12780.jpg,1GRH00EfLAUXioYGe29vkxVMPk6fMLw3p
atmos25_12781.jpg,1GY3OEkR9c7HbyoD9YKiYLyGuLtqMBvl_
atmos25_12782.jpg,1GU60TVkoE_Q-c740DUWAGrG6OJplJhNp
atmos25_12783.jpg,1GRVs1-6YIGBNiRPXXde61DRerMcVBkAl
atmos25_12784.jpg,1GKKRQgWRn1ungVe9tRkBbPVzQ5UyUzQf
atmos25_12785.jpg,1GViFtBE1iURol0bgAiM8gfFKtkTeJtxI
atmos25_12786.jpg,1GjNsXv53zxEJl3FPeW16-AvPwu_lvE64
atmos25_12787.jpg,1GfPt3tr6Usxrmbfu6B9SbnIsnuwZFjrW
atmos25_12788.jpg,1Gq1xn0Adh07Z2XUUjwuQhSdFvB4sl9Q1
atmos25_12789.jpg,1Gh8XnYEAzLMjWNpM36-0WNtFp5sZD7yQ
atmos25_12790.jpg,1Gjva7Sdw74KuD5dht8LXRbBcvHhGpAuC
atmos25_12791.jpg,1GwywsQLCc6sKEectddgGuw8smgo2e-9r
atmos25_12792.jpg,1GyTN3N469g7ddd7exE95cvETDZ2dqJRN
atmos25_12793.jpg,1GyrTyrxVtqDA_YYr-Hwznb9GCgb6hxQv
atmos25_12794.jpg,1H6S60vr8mONXJKCMHXdW_5OvZLOMOdqL
atmos25_12795.jpg,1H-Dfku8UN74cFeWOBOO8KtOvD6HvvSig
atmos25_12796.jpg,1HI4YXmpQU2aEQOKJdCFE_ms2uMFlhVMr
atmos25_12797.jpg,1HQTQLe327qhw9LoAVPof9ELsLJ2Gu32M
atmos25_12798.jpg,1Hu6FYM0EfGEUfBrtG7qijsv6QttQ1W9K
atmos25_12801.jpg,1I69ncwhcii8FtAs30soJHy6OcN74Q58v
atmos25_12802.jpg,1IB1vwd9jy-_W857iJBlJa79VF9EzWD25
atmos25_12803.jpg,1I9RPTJCVwBaPncccKzp6x56n_N21mL8i
atmos25_12804.jpg,1IGLk6i44Ac2J7fXS3-5_DICX2_OYBGoD
atmos25_12805.jpg,1IRJQ9dajk-0AULoUnscLuS2kSc0amlsx
atmos25_12806.jpg,1INv9yWCqMNPtRVrISaBr30hL6boMURhf
atmos25_12807.jpg,1IaITkKdNaQ4CpxdYKcj4EOLoszOE2vR5
atmos25_12808.jpg,1It16AJksSlBaZQncKiCUUfo1kFTQTB79
atmos25_12809.jpg,1JIwWuOX3Fnq_XW31E9Xgibv1r9R-yu3Y
atmos25_12810.jpg,1JW-zBQpz1RrZyRTIn8l--F7S98-D0zPc
atmos25_12811.jpg,1J7waNBjfFHo7SGPWeiL7tZc4F-XuOG0W
atmos25_12812.jpg,1JNvzcA9sydqWKgkXi7K5yVivFUUxd5Ja
atmos25_12813.jpg,1JfT7A5jbqEw4OdOxX26PkcDCEpHp8JMX
atmos25_12814.jpg,1Jafv2YtdEAf4u_1rSazoNgwkuzeoeLGT
atmos25_12817.jpg,1JqA-WMu_f9QiZBxBiVmmwp6MOK3xTMx5
atmos25_12818.jpg,1K1mQUiA4-fYu5-yWOglDrmcynVrzKMU6
atmos25_12819.jpg,1JykqIXJ00MEEgVGs0akNqjESfCYWYB1o
atmos25_12820.jpg,1KE9RJUMPiHsVBKhHp4t3X2DJPr9EKKrU
atmos25_12821.jpg,1KDoLIfuaAuKqx2v9FWb93gWILRTxvM6B
atmos25_12822.jpg,1K9owIDxZ061s9fdWVMV3u5vz8Ie0NT0k
atmos25_12823.jpg,1KSTRIeCc_qL4gmL5DwTN5dkQKbndHmGk
atmos25_12824.jpg,1KSy5R2V-Tzag7FVIeXHG5nbsTMG3KCuI
atmos25_12825.jpg,1KXnVgsT9nbiZWNsR2TkTbmlWUapkm_l3
atmos25_12826.jpg,1KkaZ5fjo_PIjQeESDkQZ7BtvJ904KaNT
atmos25_12827.jpg,1KlwzXuMvFHNrKxwZQzvy9VmrAr34n-Rf
atmos25_12828.jpg,1Kx1SbXu5ZKVyiJWQrUTh1IR7n2a3NwgG
atmos25_12829.jpg,1Kw_Zu7I0oLI83uvFZY2dIOq9m0uG-l6v
atmos25_12830.jpg,1L6epOjq9Rg3E7biKgQbZm1A5i_T7eA_i
atmos25_12831.jpg,1KpQ4BlWgnSQD1aCy1N_tw_MgndSEl2Jz
atmos25_12832.jpg,1LFfpoaBqeVsVspSBQc5Z_7eatrTVGY0m
atmos25_12833.jpg,1L6UO5QztHRInnqubrMORM07Sbbhsqe2o
atmos25_12834.jpg,1LCW80nu0M87_0vcQ3F7ZQD_AUtbPpqDr
atmos25_12835.jpg,1LOytSjoPXs99ty_aZenPxtFGmtonKaef
atmos25_12836.jpg,1LRQiJv2Yf7vWWjgicSqI5Y__xpiBO1ia
atmos25_12837.jpg,1M109DwkQfyFeIvT4-w7cu0HclQFCG77Q
atmos25_12838.jpg,1LWy68OknPJUosQ87EcXqLyZOBETRROTY
atmos25_12839.jpg,1LhTHKdOuh5eugac5fOo3-mJBI8nWRa4a
atmos25_12840.jpg,1MD7bnGFrPz8uGkmQga1a-2BOSx_wdP_t
atmos25_12841.jpg,1MEJISmMYcvSlwA6K6_dn53BXZhcuKHZj
atmos25_12842.jpg,1MBY8ZlRtABp82ftLiI9S-KVOR297nfk8
atmos25_12843.jpg,1MMmpGMLQuDuv6B8G4baluiabbTyoNUuS
atmos25_12844.jpg,1MWmDeE5GBYGJX-PaGu4dZ5stVRLFi8Xr
atmos25_12845.jpg,1MLTCk9avEhKYyHMkeuhHFAxqcQm_2MFC
atmos25_12846.jpg,1Mu3ceAQ3A7c99ivCTXFcJCXrcxRkUzsl
atmos25_12847.jpg,1MaUAfYtikTzrrUPKoz-pqlqmDI1qqhH4
atmos25_12848.jpg,1MV5jFcoelRFuXJAwj3tk6IyB5-Ia-oZo
atmos25_12849.jpg,1MhuS_pxzbNZmnarmoYogDLzHjQC-ZonA
atmos25_12850.jpg,1MbghyMKkntqNCnfex8AMzmjaUqzhbZEf
atmos25_12851.jpg,1NEEkDzC1ioUUKVg6ivULnfrmKgKckAHI
atmos25_12852.jpg,1NV6WBtDjbSsBKqUfj9-mE86aABseobd_
atmos25_12853.jpg,1N_4RLfKFNQ09T0Ovu9Ztj-P7RDQZIneq
atmos25_12854.jpg,1Ncpz1qazvm-Y01AkuIP3PG_iAqHiICUs
atmos25_12855.jpg,1NgIElw5bqew3ZehLkZjIAQv1FNyN9HWd
atmos25_12856.jpg,1N_IxT9BgiYeq2tZTVxl010yU0gzmJ6ee
atmos25_12857.jpg,1NzhszcQi1c6QG4-gstapz11SAwT_4kDB
atmos25_12858.jpg,1N_bIx7DujOCNxlrUtCRZqRdUafnEZ2L3
atmos25_12859.jpg,1NrvLmCfWyeik1PETFLBua_kOrloksvvG
atmos25_12860.jpg,1O7ol_UOMgEuh7vuyOtr_pNrVcRB1JyZk
atmos25_12861.jpg,1OWtC4XJmaO-PMFTRT7PRT4gjShLUac_i
atmos25_12862.jpg,1OgnEh-NIIdrj_g3UwVbV9aY5Vva2XEiV
atmos25_12863.jpg,1OvxxnenM-7NKqBVZeIfzftKbsW_yQGMO
atmos25_12864.jpg,1P85HjY1LLt2I6fmLMW863MsVJUt1kha8
atmos25_12865.jpg,1P9CWd15JQ7m0yuAoGAoUJsAUe0NaT_m7
atmos25_12866.jpg,1Ok-e84d-KYO09icnifIbkSJNXa53POj_
atmos25_12867.jpg,1OvRO02LH5nBG4qNLJcbIowXv8KHM88PX
atmos25_12868.jpg,1PWtc00HNO1_rn0yYq-4L_Mw7ZAGZh6Fn
atmos25_12869.jpg,1PZY8yVs5oeUPY7lHFxbtLwc4s6rMlq1k
atmos25_12870.jpg,1PjadqxOg6NSReAfOmR3mMBdukOg9l2ML
atmos25_12871.jpg,1Q95SuVXP3wAtaIWUwEiWf5zu-4YiiDfB
atmos25_12872.jpg,1PujCml2oWUFhgwOp2nB-TLhyfYixFmz-
atmos25_12873.jpg,1Pm3fINPMmxZriWYZLIsMWMlpc0mSSh8V
atmos25_12874.jpg,1QEA1BUBt8K96ckGEr1cDT61SoJ8BHpJF
atmos25_12875.jpg,1QA0bMjADUGwRNZKSeoXEmdk7Z0iHtqyl
atmos25_12876.jpg,1QNnvLtGgjR61n05WxgWtCJJ-xtnjL3E6
atmos25_12877.jpg,1Qv6Hxy2R8Jba3eNkywKjh3hF9czEWAHU
atmos25_12878.jpg,1Qk-x8oSdittz1OjhIMHQHN3TYnSObvoY
atmos25_12879.jpg,1Qi91P-aX_eSSjE1vOsiULhd4fpbthy1e
atmos25_12880.jpg,1QrJq4NK6lFbZxAIjlELWKhqeFt-21LWS
atmos25_12881.jpg,1QelTdrKD7Iq9HGLPLy4kBIpNA-5SkEAV
atmos25_12882.jpg,1QfHG8TTJYdxOS_ybTWEzMv_rVnSxniVq
atmos25_12883.jpg,1RJmB_z71j4I3a12R6dEkJxV6Ub5ghe4n
atmos25_12884.jpg,1RJwTJEqDFuvmhJ6rFf0wqvnkLNyyXnY7
atmos25_12885.jpg,1RTpj8eZx0n15G-KTxedZ_669Cm_VNdNF
atmos25_12886.jpg,1RQe-j9YON9AN7hki87qUVI6aoM4BymKe
atmos25_12887.jpg,1RWJqoTVFW7WLPtg1BvQgSteLvtQEjjjp
atmos25_12888.jpg,1R_82wttzh7ZTinshkORmFwAatHcH_Jt9
atmos25_12890.jpg,1S7lw2Vz978TcdB3MegCtXBrEPsUiPxoL
atmos25_12891.jpg,1SKQR4KMX86AY-CwKLPOZnyJHLeb5Su_G
atmos25_12892.jpg,1SLXr1btMgvCVLjtQf2wFVvNYlXC82CUK
atmos25_12893.jpg,1SY857Q7u6DX3XxA2f9HjZ7-R0oj_hGgg
atmos25_12894.jpg,1Smo2IEj7dHWwkafb_StywLQ-ZXLVqU-E
atmos25_12895.jpg,1S_LwRxkDHcR6-nfD760j_KVH4SgWrlpG
atmos25_12896.jpg,1SfQjcaEA4GPWcIWYLnLYptlWwdXI0dOm
atmos25_12897.jpg,1T1D2pZBH3ugzG1HbAm_sqwVh1dspw-sv
atmos25_12898.jpg,1StxAwQ5MVHM91Jckacu-6l_-KR4_SyOV
atmos25_12899.jpg,1TApr4lZ3qABHl4xCdSYeGmJNOtBTeYjf
atmos25_12900.jpg,1T4EKBumEcWe1y3nIaKvlebSnwx8l6mKZ
atmos25_12901.jpg,1SvHQYujRqFcc-md-KbjEFJFv2aSP4Mfy
atmos25_12902.jpg,1TDWNmXfcjVNTXSNRDIjJklqV6M5NDrjF
atmos25_12903.jpg,1TIsm2zbbVgP5o-PtYxznDD5KrUr68G9B
atmos25_12904.jpg,1TOKi4ioeF18ahy6wBzvCCunsxNiSrQd2
atmos25_12905.jpg,1TI5wo1pmcgR5oQdNCZyF7hXQbEpvItNM
atmos25_12906.jpg,1TTyKoTopI9Jfcdj6VKCdeDk9-jMV4rO8
atmos25_12907.jpg,1TdVuRe7sU72ZMH9u_CXCHnugEFWPohG1
atmos25_12908.jpg,1TkTfxJ6ONW7Woei_xyu6svs5wXZJ4ZXQ
atmos25_12909.jpg,1Tq8A-8atoqpTUsdYPR8xSrhgTUcO8X_Z
atmos25_12910.jpg,1TyWHySZga1Hn2MsRwH6EAJG44z9KpgNG
atmos25_12911.jpg,1TuG7u6B4ZDPbdkgCGwjTbzzbHes5UpSt
atmos25_12912.jpg,1U9y4d4NgPBdMk31VP4X7ajIJx1jXRQU6
atmos25_12913.jpg,1UNeaMX9OVXDn6wP_S47B746JFN5_Mf3j
atmos25_12914.jpg,1UAcGSy9UgCOtlM_YxfFvYXY6EMP4klit
atmos25_12915.jpg,1UL3kXadRFK6XTVQIYKccbp_rOHosNXCr
atmos25_12916.jpg,1Ud4UIbxmSSvZTkZ-QuqgwdM1az2caK9u
atmos25_12917.jpg,1Urs5iIYwohcaKMmQez7M5USMaWdsmlHi
atmos25_12918.jpg,1Uwr1FQ2TguJdehfPdTjDRZHG-ZdlH8SQ
atmos25_12919.jpg,15BUqw3heqmaYprzpSyQ5ZAQYotK0NiKY
atmos25_12920.jpg,17Dsrrb26xg4Rxqasxofmiamqv50M23rN
atmos25_12922.jpg,16s75ejDGsnC4oKhXK6XflXOqq43LnSHK
atmos25_12923.jpg,15z8uFfAd8ExCMqia_DQ6Sug0A3cqd2Wr
atmos25_12924.jpg,17ED7RUq_eMbCf-nMSd3Zxe1DpubAUrjZ
atmos25_12925.jpg,16b-pcRb-4faz3tIn6S5lHTyu7bOnj-vJ
atmos25_12926.jpg,16vcSb3Wh1Z3RNFZo27Ju7LZZQMxEDQEB
atmos25_12927.jpg,16XTgpmASW2pzE3LVonfXH5-UII8un16J
atmos25_12928.jpg,16eJGilUUpV9HCel2x6nWcR4GcO1WwQd_
atmos25_12929.jpg,18zHH9bnbLIevTeY89u1wLlGVlN9Xo5EF
atmos25_12930.jpg,17TLmzq98byHReo5rY-spjqUpzZ2VEMOr
atmos25_12931.jpg,19Be38c2RT7ThhieyaxMSPA1ahErzhIhK
atmos25_12932.jpg,19AbzYaCaTj5EzFymRhyC6fShsXU4UqV1
atmos25_12934.jpg,165kNJ-rB0IU5SctTPcaNDU5vDxjPWPaT
atmos25_12935.jpg,19t3WZuqmtLpiUXHCY-CibXzuJd8MOEfM
atmos25_12936.jpg,19xzIyzjA-gw56OD2xf6bwUT4OOU5dm5C
atmos25_12937.jpg,19IWTsQNorwE24qQ4roiZUpzNVJxa1ado
atmos25_12938.jpg,19_rRkz9aeUqLPilc2G5HHHXqaAu9ZcWJ
atmos25_12939.jpg,1AbLEB82X-IjOP2yEV1fWXIKs7Bfrr8e_
atmos25_12940.jpg,1ANt_Z7SmcaeXym6v9vZ0bwdIwZ8cN1lM
atmos25_12941.jpg,1AKSdrLONMqv3bYD6Q1qBm-FswjwNHtp6
atmos25_12942.jpg,1AWyshXYcKgc1ulOArWC85s_Ndq6_uSuh
atmos25_12943.jpg,1AxGi8b5StdR_ouwAQ3NUGVquRloml1FA
atmos25_12944.jpg,18wMG-ZawbuWjAUdbFJIDcOxhrhliJhmU
atmos25_12945.jpg,1ArxYOSL2SFNKxC1HrR8h37a9cIXbPt12
atmos25_12947.jpg,19xSasRqV72fiJ2w8U3SJJc-jIJq28Uee
atmos25_12948.jpg,1AxAwktXWo6a3-2MYBk24s9WTPXFabDD-
atmos25_12949.jpg,1C1iV1mxuyPgrJD830xL4f50kcd-F2Wd6
atmos25_12950.jpg,1E4K0mcumlSugosElQDOJ8Ji6DAMolRBJ
atmos25_12951.jpg,1CfAHU_96P9TZ2FrOHmaffF45uH-tkYlK
atmos25_12952.jpg,1CQhKGLUc6PWmv7Bdh624Beu_nyM0ESuz
atmos25_12953.jpg,1B3so8MJQWqLm1nhPXsLuhTVXc8YCdvC0
atmos25_12954.jpg,1D1OPZqQJrPXgaMuz7iNX0wszkyvUp-7a
atmos25_12955.jpg,1A6NF7pvYBXQC10z5afparWfS894E2jbW
atmos25_12956.jpg,1992oDBsxTkHFhKluObrEOobEGHWnhJeA
atmos25_12957.jpg,1EuMAVt16IYY7hmid4k1RCrAk7pPiWmHn
atmos25_12958.jpg,1FMiqc_dRt7igT-QOolsIvF0WMV7cWf4z
atmos25_12959.jpg,1Esn6kDOCzH0mnDZhVYtuaNJ-R1O7GwLp
atmos25_12960.jpg,1FK5sVa1OcWz_sdxHdWpWugHutf23Z4BD
atmos25_12961.jpg,1DDdJW9w6GkGVKJ3-gjMW5ORXvidedBEV
atmos25_12962.jpg,1GDSuAdhFvnT5vIZVz4FemaNt7dAUAYaA
atmos25_12963.jpg,1C4wGD3ovF-wA8c8b6-Ug70_kDfflqKUL
atmos25_12964.jpg,1FIGLLcMCJdwMjf03bkeJsCqBN3FJXvpi
atmos25_12965.jpg,1FP1WXJTYKt-5-sCdvqCD8Q79HPF8mdHm
atmos25_12966.jpg,1C0SVDlco-PwAW61USHIksy3xP-SgIpPa
atmos25_12967.jpg,1EptxPWfKRzxUJQuAxqoSizfpVXQ0labZ
atmos25_12968.jpg,1GJakRG1rgF92jOK_LTmA9YvjVOsQPkO_
atmos25_12969.jpg,1G0JC34Xxy7lr1bWXenea-6NXrFfT4-k5
atmos25_12970.jpg,1G5LS6xzjE3Q2onKWO0fMn1FdA5v6Jd_M
atmos25_12971.jpg,1FZMp8pbxS9B6tYTJrnNm3L5FP49H0Iyu
atmos25_12972.jpg,1HRWUak-gKcALEtbiXlfu6lPz_OhiwMMh
atmos25_12973.jpg,1Fz3wPV9RXBWCbqbKGLVE_hSvoeJYjMKf
atmos25_12974.jpg,1HoV73uu6pZRNJpW8GH5sM_s5xSZbLmht
atmos25_12975.jpg,1Dv88K21VzFkCNLdz2lwymsn-a3L3-a0w
atmos25_12976.jpg,1GyJa_22WYyY7v87LzWC-RysH4nhuQV7J
atmos25_12978.jpg,1ASALJ0p5ZOnya8oH31rIbw6Vc53FUKeB
atmos25_12979.jpg,1H_TJM0V0aIdl5CS-GjQXxlbfLT3ShL2O
atmos25_12980.jpg,1IGIh8gs4HK4LXV9czTXBbTrmDhWgUaM_
atmos25_12981.jpg,1G4_SMqHGeA4PBIO4ICSQkcfNlhDy_sie
atmos25_12982.jpg,1KaM-Vmcg7iUONgd_odPS-Jtkva_pXgyY
atmos25_12983.jpg,1HOKnsVvTruFpBChka9sdHLH90UfzULia
atmos25_12984.jpg,1KRJgzeAZcqvrSsr6fV_rtAn3ojziyE4W
atmos25_12985.jpg,1Ic47CSGEbIezQvhNkOff7TRqoFXelqAf
atmos25_12986.jpg,1HdeLaJaWjBU4HKCrGYt9Lje_fhEincDs
atmos25_12987.jpg,1Gw02nmCCEF79x_a9NP9EyZXsANU0b_u2
atmos25_12988.jpg,1KgdH1gMSt6MArJWUDWCuNm-DuJs_dD-K
atmos25_12989.jpg,1M3xnmyoxdCeJegmIxRnufFNya-sIZqql
atmos25_12990.jpg,1LGcck4pKHtxynJ_xe5GSBKtjK4aJxGsb
atmos25_12991.jpg,1KekR8qcQ77tjkIAkD0rxOod4CWEKYyKG
atmos25_12992.jpg,1MKv6iYBLtxb0Pn22JGvt6F9ip1yM_0Ui
atmos25_12993.jpg,1N8ROpUJIChgF7j_5IpDHGnnhUpyx_FlV
atmos25_12994.jpg,1NBuwCrxiep34GodIYRT3qaPEB0j1273Q
atmos25_12995.jpg,1MHLHuLwN_LNpqi0nS5zH7uxFytrHEuq0
atmos25_12996.jpg,1MwzxS-4TtLdXDNxBnk0aAY5g9fPfUI-h
atmos25_12997.jpg,1L_qDIv4M15WHpOMzg4rGpgf015mHbPi0
atmos25_12998.jpg,1KVNwT2Yq3I5SZI1emHQ-g3UJ6j-hBLCI
atmos25_12999.jpg,1N7CgiSoIRJ5KuL6J-FDXGH2msKAZBGCj
atmos25_13000.jpg,1N29wab3B9WiQgNkjAz1U-ajVBYDjs5Zr
atmos25_13001.jpg,1LUc0K6a0RZwoWdW4OHB4sKF27r4HIuDF
atmos25_13002.jpg,1LaBnShZuEKJHIImVA-Qhxvy37ymCtBrh
atmos25_13003.jpg,1KU-mUOX6evg1fYUs7vxY8WDgeW02GvEQ
atmos25_13004.jpg,1FN_QAouBQplsLeY-L0nmOz-vv9NeGzH-
atmos25_13005.jpg,1HU5h3YXS5sQ8aOcLITC5qmZbo7qMCd6L
atmos25_13006.jpg,1MAr6-QJoiVMsOAvGQMEACbreMKIDrd1T
atmos25_13007.jpg,1NM4rX2RMa4Fr3LyiF5ga5BnaBnA976eD
atmos25_13008.jpg,1ORAqE_svhjAb4RRCFAz9UMpV-V1mfjK6
atmos25_13009.jpg,1O5vjPA_KZ0L6O5xT7VJYW1UKbLah-zxV
atmos25_13010.jpg,1GCL2tQD7vZ5En2-txU1s-YZzO7pUgzrz
atmos25_13011.jpg,1Mz4E0zh9heEsssjGJT4t78VbO5tIrHxv
atmos25_13012.jpg,1ORcHJfiQw7pji6mZgeKEtwPSzy3rkx30
atmos25_13013.jpg,1Nb8u865iGOqgQo-ZiD9HxhIQdwV3rhwH
atmos25_13014.jpg,1OBoZ0m-4jQkBfHEU3cAKWMrkiQk91q8c
atmos25_13015.jpg,1O4Fc4suN-NKLHAkHaRURkKakXdNFG3Me
atmos25_13016.jpg,1ORl4TwHRWDCZBw58NHeuwYj1HiaNdO2v
atmos25_13017.jpg,1PdXir4dhYDeX9EA9NTfhHmUmkmtqTPmn
atmos25_13018.jpg,1P6RG1_AusXhs5Q01GdjY-NEz09P1V2Xf
atmos25_13019.jpg,1OYbRwduFd7hXLYYAm3QfrANNePsn3fLc
atmos25_13020.jpg,1Ocklh-_tGDDBTEvlZggKpDF4o7UJn0sH
atmos25_13021.jpg,1PYvUT_MYaKUMKs6rfamgiRBnH56wyNft
atmos25_13022.jpg,1OFlzAwwoh3fcuO0btXxJ83G90APdz4La
atmos25_13023.jpg,1PGlsxXpT59CCQIxxW3Q5nMf6e2m5bk45
atmos25_13024.jpg,1QcgWjQqd1C17VfQ63mEOJJtdl21xRzxm
atmos25_13025.jpg,1Q9QFbPnXy5sQjoEtSq01xPHEqUrnnorv
atmos25_13026.jpg,1PdB7Xkb7WQ7k3RMvU_h4guoM0uXHS59-
atmos25_13027.jpg,1QIbckuLCJn18lMJJMCBiJOSBPoJVW2GM
atmos25_13028.jpg,1OEcLE0B-8TOD3UgHCTAzOF3ddEtC2adK
atmos25_13029.jpg,1QXqI27x9s7yXIcoxSh-wqhcGZ4Hpp4VT
atmos25_13030.jpg,1QdnvIdDKWnxeRgPnkUokf7ZzJpWL65U2
atmos25_13031.jpg,1QIgHzIPUhKSvz-PgdY-mdnBt6c1vXfC8
atmos25_13032.jpg,1R5tRd8AXi0VvZq5-Vmn-886hSU8mB1mO
atmos25_13033.jpg,1Qd_y1u-0GgBNoNu_EvdzFqo6N7KgZESx
atmos25_13034.jpg,1QG-DW0QbpRZfb72ApOOAt7zi2nZvtk2s
atmos25_13035.jpg,1R6xhRCb99PHzrUyHlyTuqZACc2Ysiwzs
atmos25_13036.jpg,1OWDoi7nJprC1RjtGXab0oyNFCT44-ukX
atmos25_13038.jpg,1SPgtYDKhigXGnRd4K4-EDqOjYrkXa8YU
atmos25_13039.jpg,1RKglPiECgJSbXY77qHePe9iBPTZissbE
atmos25_13040.jpg,1SB7eR28YL6mRN6ShW8PGXpdxUJpygw1a
atmos25_13041.jpg,1Sx5wAk3l4KOJ2zsp7NFRt3p31A5kaNXh
atmos25_13042.jpg,1TF5Drejy5TkOzuFT6ZOOUukWSviYGWP9
atmos25_13043.jpg,1LqMeHlqq4gGaV3BfUr-Yvq5_pGRvjF19
atmos25_13044.jpg,1ST5JWgkyAC5LfB4ThE_gqfASZf-2ar8g
atmos25_13045.jpg,1POGEAeYD24DXQn0t4Fj7-k-zTNu9jum_
atmos25_13046.jpg,1SWll0YM3MkSqpYEPA6OqYRmGqNPR84Im
atmos25_13047.jpg,1SM9GNfJv0sDv5dcPFy1NhHsrWAwyATGV
atmos25_13048.jpg,1R457veQp18pBUc1DVREgURyCN5fnOkIm
atmos25_13050.jpg,1TUAA5JNO1UYeyZLOuW3QM40U9dtaUyv7
atmos25_13051.jpg,1PbVDzpnWzVxdRZRFsqDvFxPvqj3wMhDA
atmos25_13052.jpg,1Uq5ZZ2dtSt-turgfR0x0xc8k55L2oJRd
atmos25_13053.jpg,1UGVr8Sco_rcnSrEHVFvJPXVbWc1O9Xne
atmos25_13054.jpg,1U_t9U5MFWwB2xItU8b0HpRNIXJy1P3dS
atmos25_13055.jpg,1TVFdFAXRxZDX5LFLpct6QEqe_KWORbYi
atmos25_13056.jpg,1Tdjo1YtEv5XlJ8fZx0c9S8pl3YSDUdDD
atmos25_13057.jpg,1Uw4q_-Omcr9I4fUXEO98Taqbnjnhb95v
atmos25_13058.jpg,1UqKBYXMHknQ3RZ9bxMZjRb7lCrQ2mdOz
atmos25_13059.jpg,1V15RHfdYkvVn9zSH6-3_LJKh-0V2Dzic
atmos25_13060.jpg,1NF_ghO5jHwC4uMnlEK43w-rO-eMz1_rF
atmos25_13061.jpg,1Uam6Fo-ox1NsQUxnI-eUd-6cu4RAI5Hu
atmos25_13062.jpg,1UXZrWPtJYxiuR92aj4QUrXPXYhSnBxLl
atmos25_13063.jpg,1DUz-ysBO02upqTFaDJRNU7PHtPx5pnc8
atmos25_13064.jpg,1DUsfwkOzXI2IXJIxxR4g17m1OQ51vf27
atmos25_13065.jpg,1DW-Jr-U2NUkwQ7azLA8TYJue2XWDgaOG
atmos25_13066.jpg,1DVoY3WMNVgZ7_pkWC-2Kp7p7wXhHPcG2
atmos25_13067.jpg,1DXa6OT_oqaRIOhnh35p8wVXcXdqB6hTN
atmos25_13068.jpg,1DWIU9gPVbVMYYFa2E-HAByZZ_lF6MmSw
atmos25_13069.jpg,1DZjXx3ANmGxxslz8W5HDUV8UvpNPJRQj
atmos25_13070.jpg,1DZSpLZbLrNAI0auD3NzALG5v2LHudVXC
atmos25_13071.jpg,1DXmDYDh6IY12zsx4u1TxGLHQy8FigLiW
atmos25_13072.jpg,1D_tiwp_OaWTXwspaZvQN1joHiIh2VCtx
atmos25_13074.jpg,1DZl5pihknhN1HnaVIfx4H2hzO9JEf0TN
atmos25_13075.jpg,1Dc_gvgJKD77ZO-hrEixzWVRtT4e0xv14
atmos25_13076.jpg,1Daz535l78vvxWBT0F8NOF_PMJn0uiYDA
atmos25_13077.jpg,1DaVBAHMGJsdTEX7w5373ScicwyzWRK41
atmos25_13078.jpg,1Dfe9QjbTglzticEiD7Siv2haJgzFk0Nx
atmos25_13079.jpg,1DfYwGOe-s-zfqrBZ02gRk2s6oImz9Dx8
atmos25_13080.jpg,1DjXbiDDrEg94U7L-vofPbJhIht-Mb04I
atmos25_13081.jpg,1DgGp4CEiHymVexnkPe93Naq2AoDz0FfU
atmos25_13083.jpg,1Djt1fWBUFFVyDZ_kIr4KqFY4LNTLDGlD
atmos25_13085.jpg,1Dkwt5AS2gS5-cwOiF_Vid-W6rfS6Vsvv
atmos25_13086.jpg,1DqdW0-TZZSosg6mTz1iW6k3L1gWzDasx
atmos25_13087.jpg,1DnRwnB7t98E8gPkw-FZVtReqPvDmx3uQ
atmos25_13088.jpg,1DsPoJNcNy29z55bU0RGPetoHwlRXzHKg
atmos25_13089.jpg,1DsKuhq0rU_mzc3OzYiOTchXUe1cA2MyD
atmos25_13090.jpg,1DuVdF6VzriX-tsu0BhsgilvyWLC053mU
atmos25_13092.jpg,1Dxq8yO0FB1sV5NDV99fsB6s7QYvDwcfC
atmos25_13093.jpg,1Duwm1GO4149HqVXnWiic8tfZBrzFSR7w
atmos25_13094.jpg,1E-AA3l2YVjhv66qzCvLceYV9GOce2U9E
atmos25_13096.jpg,1E2A_OT4OJVVo-W5yUJpqFg-9hwLdv_uU
atmos25_13097.jpg,1E-VppIEreg52QDcHCiLeySWP066ykRXN
atmos25_13098.jpg,1E4swG1z7UDQbYZ-1jaeZCaISxBcsHhrc
atmos25_13099.jpg,1E2cSOOGb9PmrSwZ61WHE6--uXmGAVZIk
atmos25_13100.jpg,1E7TciCpiz0dlzNqo18uW7Br4tGcT-3SX
atmos25_13101.jpg,1E658OyaTKymvgutTqxZZRIzJjYRHSrRY
atmos25_13102.jpg,1EBK9cnJLDH-WlBxpZ4Qbu8y3LVdfzobJ
atmos25_13103.jpg,1EDR7YJExsEy_kpwoc0lwX-8Mzy6oLshK
atmos25_13104.jpg,1E8iJDAr65nm5r39Guh7aTbuy0vpnMqho
atmos25_13105.jpg,1ECTEB-M5jJM8JWx5FSOcqI-qpVuNOrPU
atmos25_13106.jpg,1EG-FhbRcYZZWIofwPgLxZ13LNFqtn2FY
atmos25_13107.jpg,1EDd_uQsm-f2pUUk7dCjXwgmCXfyT22KJ
atmos25_13108.jpg,1EHU1dpDvpWCtoRGL1LaVQS2MJmQRtgpx
atmos25_13109.jpg,1EGGMgZYXa2iHG87qqt2qazviDCEVllfX
atmos25_13110.jpg,1EOgwT2zb43HkWb_sPfSRodk-svTlBCeo
atmos25_13111.jpg,1ELBiW8bsXKtDX7eJYt0b93bwqVoPg5Sm
atmos25_13112.jpg,1EQ4L0ZLljHEHQE961GzDtFa1mY_5Kp80
atmos25_13113.jpg,1EPXIyjt16ZkOUKV1m_d9MQ--kv-MxYUe
atmos25_13114.jpg,1ERDD6O22fOCpIkSywAlFi6T-FfWRSwCt
atmos25_13115.jpg,1EQd2f3ZTiHl4OOutrgEr5jF8SbcynCRy
atmos25_13116.jpg,1ESzw8gsRTFuaIKDbFPzoa1MhqUZ9TD3P
atmos25_13119.jpg,1EURIeQWZzkucniESFa0CySIXZbPXjwIR
atmos25_13120.jpg,1EYmeO8d6QrIi0SvTxOC3b_YLJ1SAqtJg
atmos25_13121.jpg,1DRAthVP-6OIuY2h86Abnj0m4c8nngy1Y
atmos25_13122.jpg,1EXnzYf8y23jtKTjH0ADC0jguRTOUuKaT
atmos25_13124.jpg,1EZSQ9ExN3d7sKxGy_od61sC6MiuQELv6
atmos25_13125.jpg,1EZDtOwYYylGXgJx5PotumwE0DlQimhlj
atmos25_13126.jpg,1EdRCiEeUNpHLHfE7CZSWgMPIHWqYqOEc
atmos25_13127.jpg,1Ed1wgw6P9nkHCu4CSeVDLFkhiQWStmAp
atmos25_13128.jpg,1E_yarhAfAXl7HfWRQdkRXoB_iLLhKwkq
atmos25_13129.jpg,1Ejz9gZdAeOqTexv4Q8jRHySMWkApUNSC
atmos25_13130.jpg,1EimKJkjVKoLsQG6Lkkbmj_tKvbDobhZk
atmos25_13131.jpg,1EflHgS7jo3BXGRVtp5CuDW9plHrWoGQt
atmos25_13132.jpg,1EqdqEktx9rM8-GsPmsgGY0sI0Jac1Ody
atmos25_13133.jpg,1EkIwwgI-ClGGfBc36mCoCz3fyeFRdDvE
atmos25_13134.jpg,1Ek6AezZtlYTZB_qhv-pqmjR-EFd_obNF
atmos25_13135.jpg,1EvhCMGqf7GMSfxYaL1PHF0ERJCsYOHjh
atmos25_13136.jpg,1EtxXaQ-D3M-okVy63vQ6VoNow3aiKYPe
atmos25_13137.jpg,1EtiOACgEofiW2btBuHLB8pjFbpQKgjD_
atmos25_13138.jpg,1F3xrQ8B3Ee7FCOtGfSra-19mLsLv2-dv
atmos25_13139.jpg,1F1adzI6GG3VKO1ay6tSgd9nBWV_R7HDa
atmos25_13140.jpg,1Ex117aa6jyxtbbQVxAYI3QEAI9-YXy2b
atmos25_13141.jpg,1F6ZMjeuds72S_ZwVvtnopQLGoGDJ12wP
atmos25_13142.jpg,1F62qfTtA0_VJuJWrL4G3YcVueEKtPZwn
atmos25_13143.jpg,1F4_KrAA8lly7yUxD7K40q0G9-JEkY-Wr
atmos25_13144.jpg,1FE7Anx17lI3YAxzHtEW3ablxnQSDkEUR
atmos25_13145.jpg,1FDfT5z9ebXmytaPFxbPeufue545PDV-H
atmos25_13146.jpg,1F6zanfATfUn2heb-PgCuyFvxG7us0mBO
atmos25_13147.jpg,1FKS_UkDI9MPNMCvEuzesZnpBu6-FTrcI
atmos25_13150.jpg,1FM8SjWaDLzim0RMFFTEThdr6L3oRg2tm
atmos25_13151.jpg,1FLQzpzqJKsA9kpwiU5OUMuPNT6FB2cDM
atmos25_13152.jpg,1FLANLxRZF5MiBnIIZ-qnmZgRSWiq4ck_
atmos25_13153.jpg,1FMnFU63UOxxjiCVRB1i81Di6X7qnH3Qe
atmos25_13156.jpg,1FR4Oon4Tr830ueDHd_WtlhgJjw8ZAj4a
atmos25_13157.jpg,1FMpDIaYrXbbO0qfaBu0RgM47UH4cTt41
atmos25_13158.jpg,1FVrkaeR-39oX4u-cdQFDYJ7AouBFK6HD
atmos25_13159.jpg,1FUvWLWOiKLded4sPW7Ai4wATauLQ8OCz
atmos25_13160.jpg,1FZ51NTCD29PIxxLw2oNx-gMy4mwB4knk
atmos25_13163.jpg,1F_-2xtZ6h-2AP32tIQGdzcAfN-6j50PM
atmos25_13164.jpg,1Fd7xQneAf8WsXXucCHfH7r-CaRZGJFfF
atmos25_13165.jpg,1F_dyXNO0t3Q4qoy0sMcmO-4keldyyDRt
atmos25_13166.jpg,1Feha6TVJwJl1Vs3llopwgHxkoQQEJ-PS
atmos25_13167.jpg,1Fdr8ULVafTO85aS5ZxkmD30n21BJSLFD
atmos25_13168.jpg,1FgfnmVyHI3xbbPuvm1excyzUMsxH3-aQ
atmos25_13169.jpg,1FgIeQKZ_OkdJmIF5qn93C5KUC7aqsi7r
atmos25_13170.jpg,1FiZZWKc5aMyOA6B3XFQ1lBT3Db4XDgXt
atmos25_13171.jpg,1Fgmq1RJHYQemBtsaIlChZYGojY2vfUz_
atmos25_13172.jpg,1FmzvBCYEbJiEjbdvAuxAax1uG8UxGMVD
atmos25_13173.jpg,1Fj6wFN2iN21cmccJRIjI-zXUKaKQoYRM
atmos25_13175.jpg,1FoMfW-41takHcaQxIaiFcqV2Jg3pJf9a
atmos25_13176.jpg,1FseNBjHjrKla1waVq1ZTLNA3HrlT9Zsh
atmos25_13177.jpg,1FqaoTJj65jwaABLmRZUn9awxfzCnsPs0
atmos25_13178.jpg,1FwGFnbShGZONvsu8zxXvbN0TXOQA9d2L
atmos25_13179.jpg,1FsmtQxwcTntgFqxBWYzZH2stkxbMvKAg
atmos25_13180.jpg,1FwpnkwiomJonxzwDLUe9OecSS5RLFmka
atmos25_13182.jpg,1FwIgHigHblU-Q6Ej-JVzu4O-42_1zdKN
atmos25_13184.jpg,1FzpR5TzFaN5DdvRKThaAQYDQGzD7mZfn
atmos25_13185.jpg,1G1NHgkpITheXUGBgv0UeUseve36RIq4d
atmos25_13186.jpg,1G1JxtsAJTIoT9E3VpHUIzJzCWnlwuCDT
atmos25_13187.jpg,1G1DMd03rPGfpIkU8ni535BEizQU868JG
atmos25_13188.jpg,1G4fhyA71h3L0_EChyVsgwEgrhDIbypdH
atmos25_13189.jpg,1G2H6OiLG55SD1gKbJj0bJNbUkmzd0cju
atmos25_13190.jpg,1GANTTnVYkZ01JsDySmTurZ9dssw7zKyA
atmos25_13191.jpg,1G1bOmEN-voOXiEVYSyHdznqRLsxCdW5s
atmos25_13192.jpg,1G6TLO5SLTNrgskoc2WrgdekrrSTHov78
atmos25_13193.jpg,1G5qlBW1wbncGd6tlY3Zot3Dnvz2RWE-3
atmos25_13194.jpg,1GI2KKeaen4i47Wxtij-dleXRTDRqTdU5
atmos25_13195.jpg,1GEPeVDmcPamS7-Je4_rMez8hb2-_vCen
atmos25_13196.jpg,1GCRoGVV9xgCjdZx5uc54FNhiIE5FaUQX
atmos25_13197.jpg,1GLeLPeTeoJHGjN9uBgixn7M6EHYpaM5p
atmos25_13198.jpg,1GLEpxsjQyckex-VyUkGhP5_fj4H3iJxi
atmos25_13199.jpg,1GIYabx5r_7TwGJOLF6N-Q_AtenbdLW_u
atmos25_13200.jpg,1GOM68RoQvax1YAu832CDCrAP8-1vV82S
atmos25_13201.jpg,1GNDl0z0FzUKAM5lPqmsoSzVKct_NQTzi
atmos25_13202.jpg,1GOpHqlYbJVRiPlc3IJ-7Ph2WksLxy_Wz
atmos25_13203.jpg,1GOUWIOOk0YFtWlSNlIFDxlIPrjgXDheX
atmos25_13204.jpg,1GXhlKtBZ50maZrz_ISk-6p9_LZj-pV0U
atmos25_13205.jpg,1GXScZZU9uRG411BTqmjxCi4Xx0eKpa0o
atmos25_13206.jpg,1GWqXGZ7snDHpICxy5FNTlQNGVFv7LJO5
atmos25_13207.jpg,1GY1J738iEahgUXyTyPSvmylmRaG8ZNJ_
atmos25_13208.jpg,1GXsknSwmhg0bN47LifbwVvo2KSL4mY9t
atmos25_13209.jpg,1GZg7yMW7KVphgpXUcNWoNsVpHE4JG-_L
atmos25_13210.jpg,1GYyNInVuYTD8Tjg9Yk90ySxcVysv9WAM
atmos25_13211.jpg,1Gebg9IBYd85Q1mnZrEGqzFrA4s-OFkDK
atmos25_13212.jpg,1EYX5CBmV9wqYTaOyRY_oh8uO7Hh-d7Lo
atmos25_13213.jpg,1ZCYj5VdL9kQiFDQp3Z3CkHFoKTjiXkcv
atmos25_13214.jpg,1_q8SIKvFJU3DFkLwXgFVGyU_GK7DF2qA
atmos25_13215.jpg,1Yh0VP19noS0qo10gNL52gXFkrRkNgFyB
atmos25_13216.jpg,1Lf8vqsypQJjsJibYRB5plyHh6e49usnl
atmos25_13217.jpg,1HzWyho6oxUGP6S7gAc_tIlw-U-bBR1ug
atmos25_13218.jpg,107FiDFfzpmGveEU42Ma3L0HymiMJDe_G
atmos25_13219.jpg,1WpEO45mj3ZWEB1mgPevVXtOLiVvvTvxa
atmos25_13221.jpg,1AN8oKOLTuIJOJH5a_Z4wm7xkNOtYC_zs
atmos25_13223.jpg,16J-fHJEgY8NQr0gQKlx7ugDUabc8YWAf
atmos25_13224.jpg,14aKso_WRcLdVq-6vmlJTNY4OhRQu_vJC
atmos25_13225.jpg,17XeN2zwDLKd1N6Ige-OEdCftxRPBtqAJ
atmos25_13226.jpg,1sdyXrozXk3700qIEES3D_TtO_g5TaoRg
atmos25_13227.jpg,1QlIRhr4sVENPPRlLJ5AbLans__h0VWCr
atmos25_13228.jpg,1IQEE8mwtCct4y2SGAItECXkdEDlDCCsC
atmos25_13229.jpg,1W3hCFfdryJPXmdjxMlkJc5QZQA-xOBco
atmos25_13230.jpg,1Bwy4EriRjvSIx0_OOv2F5lqD4Pgv23t2
atmos25_13231.jpg,1WtOfSJe6EIfbRJ8mg890S0AgF-BOIhD3
atmos25_13232.jpg,1BY4-W3ZtDPzZasPkP6V3Fip1Lu3AimEP
atmos25_13233.jpg,19CpsOmFcgBSeGt73EvwLq14cqLqf5sMy
atmos25_13234.jpg,1bia0_WFQ5yCJTgTrOWu12BYnPJQosk_P
atmos25_13236.jpg,1HvCV3P7BhV3vIRDvFkAa6jNhRQvmzHFz
atmos25_13237.jpg,1wbD0ILQRmmhn8y6nZuSwZeyuWRJ06mw7
atmos25_13238.jpg,1lfS7Sz4ML_--8jCLWjjlpFgOazIWNRVR
atmos25_13239.jpg,1ml85HP4FRV6YpB4oMdjTy0OgEOhwn6_w
atmos25_13240.jpg,1Oyylz5c5TQmDFHsbBeocQrWmauOQ1fFk
atmos25_13241.jpg,1yFhMjpn7DApLzDnEX_hVZpL7Pjl7cQ8F
atmos25_13242.jpg,1XYp7_iAi8y4XASi2R86aKldUxOiJ1Jhf
atmos25_13244.jpg,1vi8xORUvo7jMSEgmMIDNqlMGp5Ipurmh
atmos25_13245.jpg,1WHpCcpVc1DZpR6gdpQIIiaJk2x9t1qHz
atmos25_13246.jpg,1mB8t3QvyoEO6hhSEo0ym9E1gCNb8VFDP
atmos25_13247.jpg,1vP-_YeqUgfEfD5FOF6MP1M7UG1rIZghm
atmos25_13248.jpg,133Egvj0JyCvlgaLxOPfhsd_I2z-eFzlX
atmos25_13249.jpg,1VDlbs7_au2ELDjKG1mv0igRfH_g184NF
atmos25_13250.jpg,1dAw_4BacGTC2MOuOXGm-f0hkFkrEZEVK
atmos25_13251.jpg,1CzSqKzjGWwoaOa7VjfSQJki3PYXd8iOh
atmos25_13252.jpg,1ggUgCBRhkB3puUX9phXlVJPSnCEGRER1
atmos25_13253.jpg,1UaWiGkrSSIW_lb_-hufonq2GZV9rY0Gz
atmos25_13254.jpg,1HJvy9ld36k135k2SCjl5q9fx3_cTDJA1
atmos25_13255.jpg,1mccwiLlLXx3qCJVpu2Qic7gEZxPUCKfc
atmos25_13256.jpg,1WKql5XZy0Mx3XkyBwHTsx-gSFryrikgW
atmos25_13257.jpg,10Vhpe_XQSl_gN2GlBQAjU5_X4l3CKYsp
atmos25_13258.jpg,1n_fJZONJ1oFqsogkfCIUeXRw_odXhnyP
atmos25_13259.jpg,1wp0iXXCfL_PxGMVzjwW4LTQb0R47ThHa
atmos25_13260.jpg,1xzTws2J17wh4jbK9W02IH7x31DpOMZHs
atmos25_13261.jpg,1pgWH6gZTGWEbYzqFPJ9TTCm3aqgebmFO
atmos25_13262.jpg,1HPDwpdd1XSWS1vdhLi4BGA-34k0m3K4Q
atmos25_13263.jpg,1huCYfsv8Hvl4SWotwAP7D-iXSN6P_cSX
atmos25_13264.jpg,1NTrGk4vJh_dF_9u2ixnpOuAS_Kq3AOAs
atmos25_13265.jpg,1EvCtw95qEeTq6c09BoWWkg2-JkUpNafo
atmos25_13266.jpg,15_Q5A0qdp_MdL_848UdQk3pj-9KzXul0
atmos25_13267.jpg,1DczStQsEiD9EI2uaGlNCoBindQC7s9E5
atmos25_13268.jpg,1ySAglPWJaOsC0gZQviH480md_leGq9vN
atmos25_13269.jpg,1CicIBIzRLA5ySNCxN_eJSqa_7WtR6dyu
atmos25_13270.jpg,1stcIjgy07d1dgHfD2Mm_noHDJSmzodBq
atmos25_13271.jpg,19oiGlX22eOzlJQKiDRCMmavmsm6-apUq
atmos25_13272.jpg,1mNgLXaEABWBCDFYObUlLhPzvpYd4YXbB
atmos25_13273.jpg,1aKD8On0dE4fxvFYKqqKJfliaoyHEoi6a
atmos25_13275.jpg,1G9SQmokU4uMHsPJpVSnCXKJ28fvFoSkS
atmos25_13276.jpg,1oikVFzDt4d8mMFK5BOK1Isu6pv6t26AL
atmos25_13278.jpg,1HRCJlSJQfRvP4lAx6nrRyxZbFjHVpBxF
atmos25_13279.jpg,1p80wbUp_naqfz7lasNKqQvU859DPbA-t
atmos25_13280.jpg,1We84eoEWnAd2mCd7oUEr3hUN88qbmllM
atmos25_13282.jpg,1v65DFhlN81H9r5_J2Xf1Ejb1d3_DLYyT
atmos25_13283.jpg,1_V-anHwmEBYFLoiuJHbHGoW0fWihkEmA
atmos25_13284.jpg,1MYsJU8SdxG-wFXJwRYPoGO9koPf0eHCk
atmos25_13285.jpg,1po74gl54ryK5JzqqyCqAcU09ZkQjahSl
atmos25_13286.jpg,1TyaS7bXrEnn4rKW39GlYtB9LeaKBPLQU
atmos25_13287.jpg,1riGhjrdiNQzr1vrvsDunIS0ed9HIfhM3
atmos25_13288.jpg,1emvHQVCfhfGsexqV819vlV2c4RjjaUNn
atmos25_13290.jpg,1tkStGpaKe8-U-0VtNTvPUU6bbuaU42i-
atmos25_13291.jpg,18R_dOoGEQfsJUiNSYVvY1iTJtA5zp4jb
atmos25_13292.jpg,14NChzcIq7YPwUZ9ahx8gMXGdTjWWPbdi
atmos25_13293.jpg,1HTyOMC3a9KgoTUacBzZVT7-6UFA-9vaF
atmos25_13294.jpg,1JBUx2lt8Zu3Kkpq_pQump2bj0yVs8B0i
atmos25_13295.jpg,1y10GMSGa85TS6PRNpsAPMu1P_B8aNPBg
atmos25_13296.jpg,1BBBZJCDY_km1GGBvj4g4I2FpLxre0eTa
atmos25_13297.jpg,1O1V8t8hY3BuqwsWqpnOX-yql9oA21HHJ
